solid OpenSCAD_Model
  facet normal 0.999465 0.0327206 0
    outer loop
      vertex 42.5 0 7.1
      vertex 42.409 2.77963 -0.5
      vertex 42.409 2.77963 7.1
    endloop
  endfacet
  facet normal 0.999465 0.0327206 0
    outer loop
      vertex 42.409 2.77963 -0.5
      vertex 42.5 0 7.1
      vertex 42.5 0 -0.5
    endloop
  endfacet
  facet normal -0.999465 0.0327206 0
    outer loop
      vertex -42.5 0 -0.5
      vertex -42.409 2.77963 7.1
      vertex -42.409 2.77963 -0.5
    endloop
  endfacet
  facet normal -0.999465 0.0327206 0
    outer loop
      vertex -42.409 2.77963 7.1
      vertex -42.5 0 -0.5
      vertex -42.5 0 7.1
    endloop
  endfacet
  facet normal 0.0327206 0.999465 -0
    outer loop
      vertex 2.77963 42.409 -0.5
      vertex 0 42.5 7.1
      vertex 2.77963 42.409 7.1
    endloop
  endfacet
  facet normal 0.0327206 0.999465 0
    outer loop
      vertex 0 42.5 7.1
      vertex 2.77963 42.409 -0.5
      vertex 0 42.5 -0.5
    endloop
  endfacet
  facet normal 0.729849 0.683609 0
    outer loop
      vertex 31.9532 28.0222 7.1
      vertex 30.052 30.052 -0.5
      vertex 30.052 30.052 7.1
    endloop
  endfacet
  facet normal 0.729849 0.683609 0
    outer loop
      vertex 30.052 30.052 -0.5
      vertex 31.9532 28.0222 7.1
      vertex 31.9532 28.0222 -0.5
    endloop
  endfacet
  facet normal -0.683609 0.729849 0
    outer loop
      vertex -28.0222 31.9532 -0.5
      vertex -30.052 30.052 7.1
      vertex -28.0222 31.9532 7.1
    endloop
  endfacet
  facet normal -0.683609 0.729849 0
    outer loop
      vertex -30.052 30.052 7.1
      vertex -28.0222 31.9532 -0.5
      vertex -30.052 30.052 -0.5
    endloop
  endfacet
  facet normal -0.973871 -0.227102 0
    outer loop
      vertex -41.0518 -10.9998 -0.5
      vertex -41.6834 -8.29134 7.1
      vertex -41.6834 -8.29134 -0.5
    endloop
  endfacet
  facet normal -0.973871 -0.227102 0
    outer loop
      vertex -41.6834 -8.29134 7.1
      vertex -41.0518 -10.9998 -0.5
      vertex -41.0518 -10.9998 7.1
    endloop
  endfacet
  facet normal 0.910867 0.4127 0
    outer loop
      vertex 39.2649 16.264 7.1
      vertex 38.1171 18.7973 -0.5
      vertex 38.1171 18.7973 7.1
    endloop
  endfacet
  facet normal 0.910867 0.4127 0
    outer loop
      vertex 38.1171 18.7973 -0.5
      vertex 39.2649 16.264 7.1
      vertex 39.2649 16.264 -0.5
    endloop
  endfacet
  facet normal 0.4127 0.910867 -0
    outer loop
      vertex 18.7973 38.1171 -0.5
      vertex 16.264 39.2649 7.1
      vertex 18.7973 38.1171 7.1
    endloop
  endfacet
  facet normal 0.4127 0.910867 0
    outer loop
      vertex 16.264 39.2649 7.1
      vertex 18.7973 38.1171 -0.5
      vertex 16.264 39.2649 -0.5
    endloop
  endfacet
  facet normal -0.849202 0.528068 0
    outer loop
      vertex -36.8061 21.25 -0.5
      vertex -35.3375 23.6117 7.1
      vertex -35.3375 23.6117 -0.5
    endloop
  endfacet
  facet normal -0.849202 0.528068 0
    outer loop
      vertex -35.3375 23.6117 7.1
      vertex -36.8061 21.25 -0.5
      vertex -36.8061 21.25 7.1
    endloop
  endfacet
  facet normal -0.812846 0.582479 0
    outer loop
      vertex -35.3375 23.6117 -0.5
      vertex -33.7175 25.8724 7.1
      vertex -33.7175 25.8724 -0.5
    endloop
  endfacet
  facet normal -0.812846 0.582479 0
    outer loop
      vertex -33.7175 25.8724 7.1
      vertex -35.3375 23.6117 -0.5
      vertex -35.3375 23.6117 7.1
    endloop
  endfacet
  facet normal -0.634394 0.77301 0
    outer loop
      vertex -25.8724 33.7175 -0.5
      vertex -28.0222 31.9532 7.1
      vertex -25.8724 33.7175 7.1
    endloop
  endfacet
  facet normal -0.634394 0.77301 0
    outer loop
      vertex -28.0222 31.9532 7.1
      vertex -25.8724 33.7175 -0.5
      vertex -28.0222 31.9532 -0.5
    endloop
  endfacet
  facet normal -0.098018 0.995185 0
    outer loop
      vertex -2.77963 42.409 -0.5
      vertex -5.54736 42.1364 7.1
      vertex -2.77963 42.409 7.1
    endloop
  endfacet
  facet normal -0.098018 0.995185 0
    outer loop
      vertex -5.54736 42.1364 7.1
      vertex -2.77963 42.409 -0.5
      vertex -5.54736 42.1364 -0.5
    endloop
  endfacet
  facet normal 0.849202 -0.528068 0
    outer loop
      vertex 35.3375 -23.6117 7.1
      vertex 36.8061 -21.25 -0.5
      vertex 36.8061 -21.25 7.1
    endloop
  endfacet
  facet normal 0.849202 -0.528068 0
    outer loop
      vertex 36.8061 -21.25 -0.5
      vertex 35.3375 -23.6117 7.1
      vertex 35.3375 -23.6117 -0.5
    endloop
  endfacet
  facet normal 0.227102 -0.973871 0
    outer loop
      vertex 8.29134 -41.6834 -0.5
      vertex 10.9998 -41.0518 7.1
      vertex 8.29134 -41.6834 7.1
    endloop
  endfacet
  facet normal 0.227102 -0.973871 0
    outer loop
      vertex 10.9998 -41.0518 7.1
      vertex 8.29134 -41.6834 -0.5
      vertex 10.9998 -41.0518 -0.5
    endloop
  endfacet
  facet normal 0.634394 -0.77301 0
    outer loop
      vertex 25.8724 -33.7175 -0.5
      vertex 28.0222 -31.9532 7.1
      vertex 25.8724 -33.7175 7.1
    endloop
  endfacet
  facet normal 0.634394 -0.77301 0
    outer loop
      vertex 28.0222 -31.9532 7.1
      vertex 25.8724 -33.7175 -0.5
      vertex 28.0222 -31.9532 -0.5
    endloop
  endfacet
  facet normal -0.352242 -0.935909 0
    outer loop
      vertex -16.264 -39.2649 -0.5
      vertex -13.6612 -40.2445 7.1
      vertex -16.264 -39.2649 7.1
    endloop
  endfacet
  facet normal -0.352242 -0.935909 -0
    outer loop
      vertex -13.6612 -40.2445 7.1
      vertex -16.264 -39.2649 -0.5
      vertex -13.6612 -40.2445 -0.5
    endloop
  endfacet
  facet normal -0.812846 -0.582479 0
    outer loop
      vertex -33.7175 -25.8724 -0.5
      vertex -35.3375 -23.6117 7.1
      vertex -35.3375 -23.6117 -0.5
    endloop
  endfacet
  facet normal -0.812846 -0.582479 0
    outer loop
      vertex -35.3375 -23.6117 7.1
      vertex -33.7175 -25.8724 -0.5
      vertex -33.7175 -25.8724 7.1
    endloop
  endfacet
  facet normal 0 0 -1
    outer loop
      vertex 32.5 0 -0.5
      vertex 42.5 0 -0.5
      vertex 42.409 -2.77963 -0.5
    endloop
  endfacet
  facet normal 0 0 -1
    outer loop
      vertex 32.4304 -2.1256 -0.5
      vertex 42.409 -2.77963 -0.5
      vertex 42.1364 -5.54736 -0.5
    endloop
  endfacet
  facet normal 0 0 -1
    outer loop
      vertex 42.5 0 -0.5
      vertex 32.5 0 -0.5
      vertex 42.409 2.77963 -0.5
    endloop
  endfacet
  facet normal 0 0 -1
    outer loop
      vertex 32.222 -4.2421 -0.5
      vertex 42.1364 -5.54736 -0.5
      vertex 41.6834 -8.29134 -0.5
    endloop
  endfacet
  facet normal 0 0 -1
    outer loop
      vertex 32.4304 2.1256 -0.5
      vertex 42.409 2.77963 -0.5
      vertex 32.5 0 -0.5
    endloop
  endfacet
  facet normal 0 0 -1
    outer loop
      vertex 31.8755 -6.34044 -0.5
      vertex 41.6834 -8.29134 -0.5
      vertex 41.0518 -10.9998 -0.5
    endloop
  endfacet
  facet normal -0 0 -1
    outer loop
      vertex 42.409 2.77963 -0.5
      vertex 32.4304 2.1256 -0.5
      vertex 42.1364 5.54736 -0.5
    endloop
  endfacet
  facet normal 0 0 -1
    outer loop
      vertex 31.3926 -8.41162 -0.5
      vertex 41.0518 -10.9998 -0.5
      vertex 40.2445 -13.6612 -0.5
    endloop
  endfacet
  facet normal 0 0 -1
    outer loop
      vertex 32.222 4.2421 -0.5
      vertex 42.1364 5.54736 -0.5
      vertex 32.4304 2.1256 -0.5
    endloop
  endfacet
  facet normal 0 0 -1
    outer loop
      vertex 30.7752 -10.4468 -0.5
      vertex 40.2445 -13.6612 -0.5
      vertex 39.2649 -16.264 -0.5
    endloop
  endfacet
  facet normal -0 0 -1
    outer loop
      vertex 42.1364 5.54736 -0.5
      vertex 32.222 4.2421 -0.5
      vertex 41.6834 8.29134 -0.5
    endloop
  endfacet
  facet normal 0 0 -1
    outer loop
      vertex 30.0261 -12.4372 -0.5
      vertex 39.2649 -16.264 -0.5
      vertex 38.1171 -18.7973 -0.5
    endloop
  endfacet
  facet normal 0 0 -1
    outer loop
      vertex 31.8755 6.34044 -0.5
      vertex 41.6834 8.29134 -0.5
      vertex 32.222 4.2421 -0.5
    endloop
  endfacet
  facet normal 0 0 -1
    outer loop
      vertex 29.1484 -14.3744 -0.5
      vertex 38.1171 -18.7973 -0.5
      vertex 36.8061 -21.25 -0.5
    endloop
  endfacet
  facet normal -0 0 -1
    outer loop
      vertex 41.6834 8.29134 -0.5
      vertex 31.8755 6.34044 -0.5
      vertex 41.0518 10.9998 -0.5
    endloop
  endfacet
  facet normal 0 0 -1
    outer loop
      vertex 28.1458 -16.25 -0.5
      vertex 36.8061 -21.25 -0.5
      vertex 35.3375 -23.6117 -0.5
    endloop
  endfacet
  facet normal 0 0 -1
    outer loop
      vertex 31.3926 8.41162 -0.5
      vertex 41.0518 10.9998 -0.5
      vertex 31.8755 6.34044 -0.5
    endloop
  endfacet
  facet normal 0 0 -1
    outer loop
      vertex 27.0228 -18.056 -0.5
      vertex 35.3375 -23.6117 -0.5
      vertex 33.7175 -25.8724 -0.5
    endloop
  endfacet
  facet normal -0 0 -1
    outer loop
      vertex 41.0518 10.9998 -0.5
      vertex 31.3926 8.41162 -0.5
      vertex 40.2445 13.6612 -0.5
    endloop
  endfacet
  facet normal 0 0 -1
    outer loop
      vertex 30.7752 10.4468 -0.5
      vertex 40.2445 13.6612 -0.5
      vertex 31.3926 8.41162 -0.5
    endloop
  endfacet
  facet normal 0 0 -1
    outer loop
      vertex 42.409 -2.77963 -0.5
      vertex 32.4304 -2.1256 -0.5
      vertex 32.5 0 -0.5
    endloop
  endfacet
  facet normal 0 0 -1
    outer loop
      vertex 42.1364 -5.54736 -0.5
      vertex 32.222 -4.2421 -0.5
      vertex 32.4304 -2.1256 -0.5
    endloop
  endfacet
  facet normal 0 0 -1
    outer loop
      vertex 25.784 -19.7847 -0.5
      vertex 33.7175 -25.8724 -0.5
      vertex 31.9532 -28.0222 -0.5
    endloop
  endfacet
  facet normal 0 0 -1
    outer loop
      vertex 41.6834 -8.29134 -0.5
      vertex 31.8755 -6.34044 -0.5
      vertex 32.222 -4.2421 -0.5
    endloop
  endfacet
  facet normal 0 0 -1
    outer loop
      vertex 41.0518 -10.9998 -0.5
      vertex 31.3926 -8.41162 -0.5
      vertex 31.8755 -6.34044 -0.5
    endloop
  endfacet
  facet normal 0 0 -1
    outer loop
      vertex 40.2445 -13.6612 -0.5
      vertex 30.7752 -10.4468 -0.5
      vertex 31.3926 -8.41162 -0.5
    endloop
  endfacet
  facet normal 0 0 -1
    outer loop
      vertex 24.4348 -21.4287 -0.5
      vertex 31.9532 -28.0222 -0.5
      vertex 30.052 -30.052 -0.5
    endloop
  endfacet
  facet normal 0 0 -1
    outer loop
      vertex 39.2649 -16.264 -0.5
      vertex 30.0261 -12.4372 -0.5
      vertex 30.7752 -10.4468 -0.5
    endloop
  endfacet
  facet normal 0 0 -1
    outer loop
      vertex 38.1171 -18.7973 -0.5
      vertex 29.1484 -14.3744 -0.5
      vertex 30.0261 -12.4372 -0.5
    endloop
  endfacet
  facet normal 0 0 -1
    outer loop
      vertex 36.8061 -21.25 -0.5
      vertex 28.1458 -16.25 -0.5
      vertex 29.1484 -14.3744 -0.5
    endloop
  endfacet
  facet normal 0 0 -1
    outer loop
      vertex 22.981 -22.981 -0.5
      vertex 30.052 -30.052 -0.5
      vertex 28.0222 -31.9532 -0.5
    endloop
  endfacet
  facet normal 0 0 -1
    outer loop
      vertex 35.3375 -23.6117 -0.5
      vertex 27.0228 -18.056 -0.5
      vertex 28.1458 -16.25 -0.5
    endloop
  endfacet
  facet normal 0 0 -1
    outer loop
      vertex 21.4287 -24.4348 -0.5
      vertex 28.0222 -31.9532 -0.5
      vertex 25.8724 -33.7175 -0.5
    endloop
  endfacet
  facet normal 0 0 -1
    outer loop
      vertex 33.7175 -25.8724 -0.5
      vertex 25.784 -19.7847 -0.5
      vertex 27.0228 -18.056 -0.5
    endloop
  endfacet
  facet normal 0 0 -1
    outer loop
      vertex 31.9532 -28.0222 -0.5
      vertex 24.4348 -21.4287 -0.5
      vertex 25.784 -19.7847 -0.5
    endloop
  endfacet
  facet normal 0 0 -1
    outer loop
      vertex 19.7847 -25.784 -0.5
      vertex 25.8724 -33.7175 -0.5
      vertex 23.6117 -35.3375 -0.5
    endloop
  endfacet
  facet normal 0 0 -1
    outer loop
      vertex 30.052 -30.052 -0.5
      vertex 22.981 -22.981 -0.5
      vertex 24.4348 -21.4287 -0.5
    endloop
  endfacet
  facet normal 0 0 -1
    outer loop
      vertex 28.0222 -31.9532 -0.5
      vertex 21.4287 -24.4348 -0.5
      vertex 22.981 -22.981 -0.5
    endloop
  endfacet
  facet normal 0 0 -1
    outer loop
      vertex 18.056 -27.0228 -0.5
      vertex 23.6117 -35.3375 -0.5
      vertex 21.25 -36.8061 -0.5
    endloop
  endfacet
  facet normal 0 0 -1
    outer loop
      vertex 25.8724 -33.7175 -0.5
      vertex 19.7847 -25.784 -0.5
      vertex 21.4287 -24.4348 -0.5
    endloop
  endfacet
  facet normal 0 0 -1
    outer loop
      vertex 16.25 -28.1458 -0.5
      vertex 21.25 -36.8061 -0.5
      vertex 18.7973 -38.1171 -0.5
    endloop
  endfacet
  facet normal 0 0 -1
    outer loop
      vertex 23.6117 -35.3375 -0.5
      vertex 18.056 -27.0228 -0.5
      vertex 19.7847 -25.784 -0.5
    endloop
  endfacet
  facet normal 0 0 -1
    outer loop
      vertex 14.3744 -29.1484 -0.5
      vertex 18.7973 -38.1171 -0.5
      vertex 16.264 -39.2649 -0.5
    endloop
  endfacet
  facet normal 0 0 -1
    outer loop
      vertex 21.25 -36.8061 -0.5
      vertex 16.25 -28.1458 -0.5
      vertex 18.056 -27.0228 -0.5
    endloop
  endfacet
  facet normal 0 0 -1
    outer loop
      vertex 18.7973 -38.1171 -0.5
      vertex 14.3744 -29.1484 -0.5
      vertex 16.25 -28.1458 -0.5
    endloop
  endfacet
  facet normal 0 0 -1
    outer loop
      vertex 12.4372 -30.0261 -0.5
      vertex 16.264 -39.2649 -0.5
      vertex 13.6612 -40.2445 -0.5
    endloop
  endfacet
  facet normal 0 0 -1
    outer loop
      vertex 16.264 -39.2649 -0.5
      vertex 12.4372 -30.0261 -0.5
      vertex 14.3744 -29.1484 -0.5
    endloop
  endfacet
  facet normal 0 0 -1
    outer loop
      vertex 10.4468 -30.7752 -0.5
      vertex 13.6612 -40.2445 -0.5
      vertex 10.9998 -41.0518 -0.5
    endloop
  endfacet
  facet normal 0 0 -1
    outer loop
      vertex 13.6612 -40.2445 -0.5
      vertex 10.4468 -30.7752 -0.5
      vertex 12.4372 -30.0261 -0.5
    endloop
  endfacet
  facet normal 0 0 -1
    outer loop
      vertex 10.9998 -41.0518 -0.5
      vertex 8.41162 -31.3926 -0.5
      vertex 10.4468 -30.7752 -0.5
    endloop
  endfacet
  facet normal 0 0 -1
    outer loop
      vertex 8.29134 -41.6834 -0.5
      vertex 8.41162 -31.3926 -0.5
      vertex 10.9998 -41.0518 -0.5
    endloop
  endfacet
  facet normal 0 0 -1
    outer loop
      vertex 8.29134 -41.6834 -0.5
      vertex 6.34044 -31.8755 -0.5
      vertex 8.41162 -31.3926 -0.5
    endloop
  endfacet
  facet normal 0 0 -1
    outer loop
      vertex 5.54736 -42.1364 -0.5
      vertex 6.34044 -31.8755 -0.5
      vertex 8.29134 -41.6834 -0.5
    endloop
  endfacet
  facet normal 0 0 -1
    outer loop
      vertex 5.54736 -42.1364 -0.5
      vertex 4.2421 -32.222 -0.5
      vertex 6.34044 -31.8755 -0.5
    endloop
  endfacet
  facet normal 0 0 -1
    outer loop
      vertex 2.77963 -42.409 -0.5
      vertex 4.2421 -32.222 -0.5
      vertex 5.54736 -42.1364 -0.5
    endloop
  endfacet
  facet normal 0 0 -1
    outer loop
      vertex 2.77963 -42.409 -0.5
      vertex 2.1256 -32.4304 -0.5
      vertex 4.2421 -32.222 -0.5
    endloop
  endfacet
  facet normal 0 0 -1
    outer loop
      vertex 0 -42.5 -0.5
      vertex 2.1256 -32.4304 -0.5
      vertex 2.77963 -42.409 -0.5
    endloop
  endfacet
  facet normal 0 0 -1
    outer loop
      vertex 0 -42.5 -0.5
      vertex 0 -32.5 -0.5
      vertex 2.1256 -32.4304 -0.5
    endloop
  endfacet
  facet normal 0 0 -1
    outer loop
      vertex 0 -42.5 -0.5
      vertex -2.1256 -32.4304 -0.5
      vertex 0 -32.5 -0.5
    endloop
  endfacet
  facet normal 0 0 -1
    outer loop
      vertex -2.77963 -42.409 -0.5
      vertex -2.1256 -32.4304 -0.5
      vertex 0 -42.5 -0.5
    endloop
  endfacet
  facet normal 0 0 -1
    outer loop
      vertex -2.77963 -42.409 -0.5
      vertex -4.2421 -32.222 -0.5
      vertex -2.1256 -32.4304 -0.5
    endloop
  endfacet
  facet normal 0 0 -1
    outer loop
      vertex -5.54736 -42.1364 -0.5
      vertex -4.2421 -32.222 -0.5
      vertex -2.77963 -42.409 -0.5
    endloop
  endfacet
  facet normal 0 0 -1
    outer loop
      vertex -5.54736 -42.1364 -0.5
      vertex -6.34044 -31.8755 -0.5
      vertex -4.2421 -32.222 -0.5
    endloop
  endfacet
  facet normal 0 0 -1
    outer loop
      vertex -8.29134 -41.6834 -0.5
      vertex -6.34044 -31.8755 -0.5
      vertex -5.54736 -42.1364 -0.5
    endloop
  endfacet
  facet normal 0 0 -1
    outer loop
      vertex -8.29134 -41.6834 -0.5
      vertex -8.41162 -31.3926 -0.5
      vertex -6.34044 -31.8755 -0.5
    endloop
  endfacet
  facet normal 0 0 -1
    outer loop
      vertex -10.9998 -41.0518 -0.5
      vertex -8.41162 -31.3926 -0.5
      vertex -8.29134 -41.6834 -0.5
    endloop
  endfacet
  facet normal -0 0 -1
    outer loop
      vertex -8.41162 -31.3926 -0.5
      vertex -10.9998 -41.0518 -0.5
      vertex -10.4468 -30.7752 -0.5
    endloop
  endfacet
  facet normal 0 0 -1
    outer loop
      vertex -13.6612 -40.2445 -0.5
      vertex -10.4468 -30.7752 -0.5
      vertex -10.9998 -41.0518 -0.5
    endloop
  endfacet
  facet normal -0 0 -1
    outer loop
      vertex -10.4468 -30.7752 -0.5
      vertex -13.6612 -40.2445 -0.5
      vertex -12.4372 -30.0261 -0.5
    endloop
  endfacet
  facet normal 0 0 -1
    outer loop
      vertex -16.264 -39.2649 -0.5
      vertex -12.4372 -30.0261 -0.5
      vertex -13.6612 -40.2445 -0.5
    endloop
  endfacet
  facet normal -0 0 -1
    outer loop
      vertex -12.4372 -30.0261 -0.5
      vertex -16.264 -39.2649 -0.5
      vertex -14.3744 -29.1484 -0.5
    endloop
  endfacet
  facet normal 0 0 -1
    outer loop
      vertex -18.7973 -38.1171 -0.5
      vertex -14.3744 -29.1484 -0.5
      vertex -16.264 -39.2649 -0.5
    endloop
  endfacet
  facet normal -0 0 -1
    outer loop
      vertex -14.3744 -29.1484 -0.5
      vertex -18.7973 -38.1171 -0.5
      vertex -16.25 -28.1458 -0.5
    endloop
  endfacet
  facet normal 0 0 -1
    outer loop
      vertex -21.25 -36.8061 -0.5
      vertex -16.25 -28.1458 -0.5
      vertex -18.7973 -38.1171 -0.5
    endloop
  endfacet
  facet normal -0 0 -1
    outer loop
      vertex -16.25 -28.1458 -0.5
      vertex -21.25 -36.8061 -0.5
      vertex -18.056 -27.0228 -0.5
    endloop
  endfacet
  facet normal 0 0 -1
    outer loop
      vertex -23.6117 -35.3375 -0.5
      vertex -18.056 -27.0228 -0.5
      vertex -21.25 -36.8061 -0.5
    endloop
  endfacet
  facet normal -0 0 -1
    outer loop
      vertex -18.056 -27.0228 -0.5
      vertex -23.6117 -35.3375 -0.5
      vertex -19.7847 -25.784 -0.5
    endloop
  endfacet
  facet normal 0 0 -1
    outer loop
      vertex -25.8724 -33.7175 -0.5
      vertex -19.7847 -25.784 -0.5
      vertex -23.6117 -35.3375 -0.5
    endloop
  endfacet
  facet normal -0 0 -1
    outer loop
      vertex -19.7847 -25.784 -0.5
      vertex -25.8724 -33.7175 -0.5
      vertex -21.4287 -24.4348 -0.5
    endloop
  endfacet
  facet normal 0 0 -1
    outer loop
      vertex -28.0222 -31.9532 -0.5
      vertex -21.4287 -24.4348 -0.5
      vertex -25.8724 -33.7175 -0.5
    endloop
  endfacet
  facet normal -0 0 -1
    outer loop
      vertex -21.4287 -24.4348 -0.5
      vertex -28.0222 -31.9532 -0.5
      vertex -22.981 -22.981 -0.5
    endloop
  endfacet
  facet normal 0 0 -1
    outer loop
      vertex -30.052 -30.052 -0.5
      vertex -22.981 -22.981 -0.5
      vertex -28.0222 -31.9532 -0.5
    endloop
  endfacet
  facet normal -0 0 -1
    outer loop
      vertex -22.981 -22.981 -0.5
      vertex -30.052 -30.052 -0.5
      vertex -24.4348 -21.4287 -0.5
    endloop
  endfacet
  facet normal 0 0 -1
    outer loop
      vertex -31.9532 -28.0222 -0.5
      vertex -24.4348 -21.4287 -0.5
      vertex -30.052 -30.052 -0.5
    endloop
  endfacet
  facet normal -0 0 -1
    outer loop
      vertex -24.4348 -21.4287 -0.5
      vertex -31.9532 -28.0222 -0.5
      vertex -25.784 -19.7847 -0.5
    endloop
  endfacet
  facet normal 0 0 -1
    outer loop
      vertex -33.7175 -25.8724 -0.5
      vertex -25.784 -19.7847 -0.5
      vertex -31.9532 -28.0222 -0.5
    endloop
  endfacet
  facet normal -0 0 -1
    outer loop
      vertex -25.784 -19.7847 -0.5
      vertex -33.7175 -25.8724 -0.5
      vertex -27.0228 -18.056 -0.5
    endloop
  endfacet
  facet normal 0 0 -1
    outer loop
      vertex -35.3375 -23.6117 -0.5
      vertex -27.0228 -18.056 -0.5
      vertex -33.7175 -25.8724 -0.5
    endloop
  endfacet
  facet normal -0 0 -1
    outer loop
      vertex -27.0228 -18.056 -0.5
      vertex -35.3375 -23.6117 -0.5
      vertex -28.1458 -16.25 -0.5
    endloop
  endfacet
  facet normal 0 0 -1
    outer loop
      vertex -36.8061 -21.25 -0.5
      vertex -28.1458 -16.25 -0.5
      vertex -35.3375 -23.6117 -0.5
    endloop
  endfacet
  facet normal -0 0 -1
    outer loop
      vertex -28.1458 -16.25 -0.5
      vertex -36.8061 -21.25 -0.5
      vertex -29.1484 -14.3744 -0.5
    endloop
  endfacet
  facet normal 0 0 -1
    outer loop
      vertex -38.1171 -18.7973 -0.5
      vertex -29.1484 -14.3744 -0.5
      vertex -36.8061 -21.25 -0.5
    endloop
  endfacet
  facet normal -0 0 -1
    outer loop
      vertex -29.1484 -14.3744 -0.5
      vertex -38.1171 -18.7973 -0.5
      vertex -30.0261 -12.4372 -0.5
    endloop
  endfacet
  facet normal 0 0 -1
    outer loop
      vertex -39.2649 -16.264 -0.5
      vertex -30.0261 -12.4372 -0.5
      vertex -38.1171 -18.7973 -0.5
    endloop
  endfacet
  facet normal -0 0 -1
    outer loop
      vertex -30.0261 -12.4372 -0.5
      vertex -39.2649 -16.264 -0.5
      vertex -30.7752 -10.4468 -0.5
    endloop
  endfacet
  facet normal 0 0 -1
    outer loop
      vertex -40.2445 -13.6612 -0.5
      vertex -30.7752 -10.4468 -0.5
      vertex -39.2649 -16.264 -0.5
    endloop
  endfacet
  facet normal -0 0 -1
    outer loop
      vertex 40.2445 13.6612 -0.5
      vertex 30.7752 10.4468 -0.5
      vertex 39.2649 16.264 -0.5
    endloop
  endfacet
  facet normal 0 0 -1
    outer loop
      vertex 30.0261 12.4372 -0.5
      vertex 39.2649 16.264 -0.5
      vertex 30.7752 10.4468 -0.5
    endloop
  endfacet
  facet normal -0 0 -1
    outer loop
      vertex 39.2649 16.264 -0.5
      vertex 30.0261 12.4372 -0.5
      vertex 38.1171 18.7973 -0.5
    endloop
  endfacet
  facet normal 0 0 -1
    outer loop
      vertex 29.1484 14.3744 -0.5
      vertex 38.1171 18.7973 -0.5
      vertex 30.0261 12.4372 -0.5
    endloop
  endfacet
  facet normal -0 0 -1
    outer loop
      vertex 38.1171 18.7973 -0.5
      vertex 29.1484 14.3744 -0.5
      vertex 36.8061 21.25 -0.5
    endloop
  endfacet
  facet normal 0 0 -1
    outer loop
      vertex 28.1458 16.25 -0.5
      vertex 36.8061 21.25 -0.5
      vertex 29.1484 14.3744 -0.5
    endloop
  endfacet
  facet normal -0 0 -1
    outer loop
      vertex 36.8061 21.25 -0.5
      vertex 28.1458 16.25 -0.5
      vertex 35.3375 23.6117 -0.5
    endloop
  endfacet
  facet normal 0 0 -1
    outer loop
      vertex 27.0228 18.056 -0.5
      vertex 35.3375 23.6117 -0.5
      vertex 28.1458 16.25 -0.5
    endloop
  endfacet
  facet normal -0 0 -1
    outer loop
      vertex 35.3375 23.6117 -0.5
      vertex 27.0228 18.056 -0.5
      vertex 33.7175 25.8724 -0.5
    endloop
  endfacet
  facet normal 0 0 -1
    outer loop
      vertex 25.784 19.7847 -0.5
      vertex 33.7175 25.8724 -0.5
      vertex 27.0228 18.056 -0.5
    endloop
  endfacet
  facet normal -0 0 -1
    outer loop
      vertex 33.7175 25.8724 -0.5
      vertex 25.784 19.7847 -0.5
      vertex 31.9532 28.0222 -0.5
    endloop
  endfacet
  facet normal 0 0 -1
    outer loop
      vertex 24.4348 21.4287 -0.5
      vertex 31.9532 28.0222 -0.5
      vertex 25.784 19.7847 -0.5
    endloop
  endfacet
  facet normal -0 0 -1
    outer loop
      vertex 31.9532 28.0222 -0.5
      vertex 24.4348 21.4287 -0.5
      vertex 30.052 30.052 -0.5
    endloop
  endfacet
  facet normal 0 0 -1
    outer loop
      vertex 22.981 22.981 -0.5
      vertex 30.052 30.052 -0.5
      vertex 24.4348 21.4287 -0.5
    endloop
  endfacet
  facet normal -0 0 -1
    outer loop
      vertex 30.052 30.052 -0.5
      vertex 22.981 22.981 -0.5
      vertex 28.0222 31.9532 -0.5
    endloop
  endfacet
  facet normal 0 0 -1
    outer loop
      vertex 21.4287 24.4348 -0.5
      vertex 28.0222 31.9532 -0.5
      vertex 22.981 22.981 -0.5
    endloop
  endfacet
  facet normal -0 0 -1
    outer loop
      vertex 28.0222 31.9532 -0.5
      vertex 21.4287 24.4348 -0.5
      vertex 25.8724 33.7175 -0.5
    endloop
  endfacet
  facet normal 0 0 -1
    outer loop
      vertex 19.7847 25.784 -0.5
      vertex 25.8724 33.7175 -0.5
      vertex 21.4287 24.4348 -0.5
    endloop
  endfacet
  facet normal -0 0 -1
    outer loop
      vertex 25.8724 33.7175 -0.5
      vertex 19.7847 25.784 -0.5
      vertex 23.6117 35.3375 -0.5
    endloop
  endfacet
  facet normal 0 0 -1
    outer loop
      vertex 18.056 27.0228 -0.5
      vertex 23.6117 35.3375 -0.5
      vertex 19.7847 25.784 -0.5
    endloop
  endfacet
  facet normal -0 0 -1
    outer loop
      vertex 23.6117 35.3375 -0.5
      vertex 18.056 27.0228 -0.5
      vertex 21.25 36.8061 -0.5
    endloop
  endfacet
  facet normal 0 0 -1
    outer loop
      vertex 16.25 28.1458 -0.5
      vertex 21.25 36.8061 -0.5
      vertex 18.056 27.0228 -0.5
    endloop
  endfacet
  facet normal -0 0 -1
    outer loop
      vertex 21.25 36.8061 -0.5
      vertex 16.25 28.1458 -0.5
      vertex 18.7973 38.1171 -0.5
    endloop
  endfacet
  facet normal 0 0 -1
    outer loop
      vertex 14.3744 29.1484 -0.5
      vertex 18.7973 38.1171 -0.5
      vertex 16.25 28.1458 -0.5
    endloop
  endfacet
  facet normal -0 0 -1
    outer loop
      vertex 18.7973 38.1171 -0.5
      vertex 14.3744 29.1484 -0.5
      vertex 16.264 39.2649 -0.5
    endloop
  endfacet
  facet normal 0 0 -1
    outer loop
      vertex 12.4372 30.0261 -0.5
      vertex 16.264 39.2649 -0.5
      vertex 14.3744 29.1484 -0.5
    endloop
  endfacet
  facet normal -0 0 -1
    outer loop
      vertex 16.264 39.2649 -0.5
      vertex 12.4372 30.0261 -0.5
      vertex 13.6612 40.2445 -0.5
    endloop
  endfacet
  facet normal 0 0 -1
    outer loop
      vertex 10.4468 30.7752 -0.5
      vertex 13.6612 40.2445 -0.5
      vertex 12.4372 30.0261 -0.5
    endloop
  endfacet
  facet normal -0 0 -1
    outer loop
      vertex 13.6612 40.2445 -0.5
      vertex 10.4468 30.7752 -0.5
      vertex 10.9998 41.0518 -0.5
    endloop
  endfacet
  facet normal 0 0 -1
    outer loop
      vertex 8.41162 31.3926 -0.5
      vertex 10.9998 41.0518 -0.5
      vertex 10.4468 30.7752 -0.5
    endloop
  endfacet
  facet normal 0 0 -1
    outer loop
      vertex 8.41162 31.3926 -0.5
      vertex 8.29134 41.6834 -0.5
      vertex 10.9998 41.0518 -0.5
    endloop
  endfacet
  facet normal 0 0 -1
    outer loop
      vertex 6.34044 31.8755 -0.5
      vertex 8.29134 41.6834 -0.5
      vertex 8.41162 31.3926 -0.5
    endloop
  endfacet
  facet normal 0 0 -1
    outer loop
      vertex 6.34044 31.8755 -0.5
      vertex 5.54736 42.1364 -0.5
      vertex 8.29134 41.6834 -0.5
    endloop
  endfacet
  facet normal 0 0 -1
    outer loop
      vertex 4.2421 32.222 -0.5
      vertex 5.54736 42.1364 -0.5
      vertex 6.34044 31.8755 -0.5
    endloop
  endfacet
  facet normal 0 0 -1
    outer loop
      vertex 4.2421 32.222 -0.5
      vertex 2.77963 42.409 -0.5
      vertex 5.54736 42.1364 -0.5
    endloop
  endfacet
  facet normal 0 0 -1
    outer loop
      vertex 2.1256 32.4304 -0.5
      vertex 2.77963 42.409 -0.5
      vertex 4.2421 32.222 -0.5
    endloop
  endfacet
  facet normal 0 0 -1
    outer loop
      vertex 0 32.5 -0.5
      vertex 2.77963 42.409 -0.5
      vertex 2.1256 32.4304 -0.5
    endloop
  endfacet
  facet normal 0 0 -1
    outer loop
      vertex 0 32.5 -0.5
      vertex 0 42.5 -0.5
      vertex 2.77963 42.409 -0.5
    endloop
  endfacet
  facet normal 0 0 -1
    outer loop
      vertex -2.1256 32.4304 -0.5
      vertex 0 42.5 -0.5
      vertex 0 32.5 -0.5
    endloop
  endfacet
  facet normal 0 0 -1
    outer loop
      vertex -2.1256 32.4304 -0.5
      vertex -2.77963 42.409 -0.5
      vertex 0 42.5 -0.5
    endloop
  endfacet
  facet normal 0 0 -1
    outer loop
      vertex -4.2421 32.222 -0.5
      vertex -2.77963 42.409 -0.5
      vertex -2.1256 32.4304 -0.5
    endloop
  endfacet
  facet normal 0 0 -1
    outer loop
      vertex -4.2421 32.222 -0.5
      vertex -5.54736 42.1364 -0.5
      vertex -2.77963 42.409 -0.5
    endloop
  endfacet
  facet normal 0 0 -1
    outer loop
      vertex -6.34044 31.8755 -0.5
      vertex -5.54736 42.1364 -0.5
      vertex -4.2421 32.222 -0.5
    endloop
  endfacet
  facet normal 0 0 -1
    outer loop
      vertex -6.34044 31.8755 -0.5
      vertex -8.29134 41.6834 -0.5
      vertex -5.54736 42.1364 -0.5
    endloop
  endfacet
  facet normal 0 0 -1
    outer loop
      vertex -8.41162 31.3926 -0.5
      vertex -8.29134 41.6834 -0.5
      vertex -6.34044 31.8755 -0.5
    endloop
  endfacet
  facet normal 0 0 -1
    outer loop
      vertex -10.9998 41.0518 -0.5
      vertex -8.41162 31.3926 -0.5
      vertex -10.4468 30.7752 -0.5
    endloop
  endfacet
  facet normal 0 0 -1
    outer loop
      vertex -8.41162 31.3926 -0.5
      vertex -10.9998 41.0518 -0.5
      vertex -8.29134 41.6834 -0.5
    endloop
  endfacet
  facet normal 0 0 -1
    outer loop
      vertex -13.6612 40.2445 -0.5
      vertex -10.4468 30.7752 -0.5
      vertex -12.4372 30.0261 -0.5
    endloop
  endfacet
  facet normal 0 0 -1
    outer loop
      vertex -10.4468 30.7752 -0.5
      vertex -13.6612 40.2445 -0.5
      vertex -10.9998 41.0518 -0.5
    endloop
  endfacet
  facet normal 0 0 -1
    outer loop
      vertex -16.264 39.2649 -0.5
      vertex -12.4372 30.0261 -0.5
      vertex -14.3744 29.1484 -0.5
    endloop
  endfacet
  facet normal 0 0 -1
    outer loop
      vertex -18.7973 38.1171 -0.5
      vertex -14.3744 29.1484 -0.5
      vertex -16.25 28.1458 -0.5
    endloop
  endfacet
  facet normal 0 0 -1
    outer loop
      vertex -12.4372 30.0261 -0.5
      vertex -16.264 39.2649 -0.5
      vertex -13.6612 40.2445 -0.5
    endloop
  endfacet
  facet normal 0 0 -1
    outer loop
      vertex -21.25 36.8061 -0.5
      vertex -16.25 28.1458 -0.5
      vertex -18.056 27.0228 -0.5
    endloop
  endfacet
  facet normal 0 0 -1
    outer loop
      vertex -14.3744 29.1484 -0.5
      vertex -18.7973 38.1171 -0.5
      vertex -16.264 39.2649 -0.5
    endloop
  endfacet
  facet normal 0 0 -1
    outer loop
      vertex -23.6117 35.3375 -0.5
      vertex -18.056 27.0228 -0.5
      vertex -19.7847 25.784 -0.5
    endloop
  endfacet
  facet normal 0 0 -1
    outer loop
      vertex -16.25 28.1458 -0.5
      vertex -21.25 36.8061 -0.5
      vertex -18.7973 38.1171 -0.5
    endloop
  endfacet
  facet normal 0 0 -1
    outer loop
      vertex -25.8724 33.7175 -0.5
      vertex -19.7847 25.784 -0.5
      vertex -21.4287 24.4348 -0.5
    endloop
  endfacet
  facet normal 0 0 -1
    outer loop
      vertex -28.0222 31.9532 -0.5
      vertex -21.4287 24.4348 -0.5
      vertex -22.981 22.981 -0.5
    endloop
  endfacet
  facet normal 0 0 -1
    outer loop
      vertex -18.056 27.0228 -0.5
      vertex -23.6117 35.3375 -0.5
      vertex -21.25 36.8061 -0.5
    endloop
  endfacet
  facet normal 0 0 -1
    outer loop
      vertex -30.052 30.052 -0.5
      vertex -22.981 22.981 -0.5
      vertex -24.4348 21.4287 -0.5
    endloop
  endfacet
  facet normal 0 0 -1
    outer loop
      vertex -31.9532 28.0222 -0.5
      vertex -24.4348 21.4287 -0.5
      vertex -25.784 19.7847 -0.5
    endloop
  endfacet
  facet normal 0 0 -1
    outer loop
      vertex -19.7847 25.784 -0.5
      vertex -25.8724 33.7175 -0.5
      vertex -23.6117 35.3375 -0.5
    endloop
  endfacet
  facet normal 0 0 -1
    outer loop
      vertex -33.7175 25.8724 -0.5
      vertex -25.784 19.7847 -0.5
      vertex -27.0228 18.056 -0.5
    endloop
  endfacet
  facet normal 0 0 -1
    outer loop
      vertex -21.4287 24.4348 -0.5
      vertex -28.0222 31.9532 -0.5
      vertex -25.8724 33.7175 -0.5
    endloop
  endfacet
  facet normal 0 0 -1
    outer loop
      vertex -35.3375 23.6117 -0.5
      vertex -27.0228 18.056 -0.5
      vertex -28.1458 16.25 -0.5
    endloop
  endfacet
  facet normal 0 0 -1
    outer loop
      vertex -36.8061 21.25 -0.5
      vertex -28.1458 16.25 -0.5
      vertex -29.1484 14.3744 -0.5
    endloop
  endfacet
  facet normal 0 0 -1
    outer loop
      vertex -38.1171 18.7973 -0.5
      vertex -29.1484 14.3744 -0.5
      vertex -30.0261 12.4372 -0.5
    endloop
  endfacet
  facet normal 0 0 -1
    outer loop
      vertex -22.981 22.981 -0.5
      vertex -30.052 30.052 -0.5
      vertex -28.0222 31.9532 -0.5
    endloop
  endfacet
  facet normal 0 0 -1
    outer loop
      vertex -39.2649 16.264 -0.5
      vertex -30.0261 12.4372 -0.5
      vertex -30.7752 10.4468 -0.5
    endloop
  endfacet
  facet normal 0 0 -1
    outer loop
      vertex -40.2445 13.6612 -0.5
      vertex -30.7752 10.4468 -0.5
      vertex -31.3926 8.41162 -0.5
    endloop
  endfacet
  facet normal 0 0 -1
    outer loop
      vertex -41.0518 10.9998 -0.5
      vertex -31.3926 8.41162 -0.5
      vertex -31.8755 6.34044 -0.5
    endloop
  endfacet
  facet normal 0 0 -1
    outer loop
      vertex -24.4348 21.4287 -0.5
      vertex -31.9532 28.0222 -0.5
      vertex -30.052 30.052 -0.5
    endloop
  endfacet
  facet normal 0 0 -1
    outer loop
      vertex -41.6834 8.29134 -0.5
      vertex -31.8755 6.34044 -0.5
      vertex -32.222 4.2421 -0.5
    endloop
  endfacet
  facet normal 0 0 -1
    outer loop
      vertex -42.1364 5.54736 -0.5
      vertex -32.222 4.2421 -0.5
      vertex -32.4304 2.1256 -0.5
    endloop
  endfacet
  facet normal 0 0 -1
    outer loop
      vertex -42.409 2.77963 -0.5
      vertex -32.4304 2.1256 -0.5
      vertex -32.5 0 -0.5
    endloop
  endfacet
  facet normal -0 0 -1
    outer loop
      vertex -30.7752 -10.4468 -0.5
      vertex -40.2445 -13.6612 -0.5
      vertex -31.3926 -8.41162 -0.5
    endloop
  endfacet
  facet normal 0 0 -1
    outer loop
      vertex -25.784 19.7847 -0.5
      vertex -33.7175 25.8724 -0.5
      vertex -31.9532 28.0222 -0.5
    endloop
  endfacet
  facet normal 0 0 -1
    outer loop
      vertex -41.0518 -10.9998 -0.5
      vertex -31.3926 -8.41162 -0.5
      vertex -40.2445 -13.6612 -0.5
    endloop
  endfacet
  facet normal 0 0 -1
    outer loop
      vertex -27.0228 18.056 -0.5
      vertex -35.3375 23.6117 -0.5
      vertex -33.7175 25.8724 -0.5
    endloop
  endfacet
  facet normal -0 0 -1
    outer loop
      vertex -31.3926 -8.41162 -0.5
      vertex -41.0518 -10.9998 -0.5
      vertex -31.8755 -6.34044 -0.5
    endloop
  endfacet
  facet normal 0 0 -1
    outer loop
      vertex -28.1458 16.25 -0.5
      vertex -36.8061 21.25 -0.5
      vertex -35.3375 23.6117 -0.5
    endloop
  endfacet
  facet normal 0 0 -1
    outer loop
      vertex -41.6834 -8.29134 -0.5
      vertex -31.8755 -6.34044 -0.5
      vertex -41.0518 -10.9998 -0.5
    endloop
  endfacet
  facet normal 0 0 -1
    outer loop
      vertex -29.1484 14.3744 -0.5
      vertex -38.1171 18.7973 -0.5
      vertex -36.8061 21.25 -0.5
    endloop
  endfacet
  facet normal -0 0 -1
    outer loop
      vertex -31.8755 -6.34044 -0.5
      vertex -41.6834 -8.29134 -0.5
      vertex -32.222 -4.2421 -0.5
    endloop
  endfacet
  facet normal 0 0 -1
    outer loop
      vertex -30.0261 12.4372 -0.5
      vertex -39.2649 16.264 -0.5
      vertex -38.1171 18.7973 -0.5
    endloop
  endfacet
  facet normal 0 0 -1
    outer loop
      vertex -42.1364 -5.54736 -0.5
      vertex -32.222 -4.2421 -0.5
      vertex -41.6834 -8.29134 -0.5
    endloop
  endfacet
  facet normal 0 0 -1
    outer loop
      vertex -30.7752 10.4468 -0.5
      vertex -40.2445 13.6612 -0.5
      vertex -39.2649 16.264 -0.5
    endloop
  endfacet
  facet normal -0 0 -1
    outer loop
      vertex -32.222 -4.2421 -0.5
      vertex -42.1364 -5.54736 -0.5
      vertex -32.4304 -2.1256 -0.5
    endloop
  endfacet
  facet normal 0 0 -1
    outer loop
      vertex -31.3926 8.41162 -0.5
      vertex -41.0518 10.9998 -0.5
      vertex -40.2445 13.6612 -0.5
    endloop
  endfacet
  facet normal 0 0 -1
    outer loop
      vertex -42.409 -2.77963 -0.5
      vertex -32.4304 -2.1256 -0.5
      vertex -42.1364 -5.54736 -0.5
    endloop
  endfacet
  facet normal 0 0 -1
    outer loop
      vertex -31.8755 6.34044 -0.5
      vertex -41.6834 8.29134 -0.5
      vertex -41.0518 10.9998 -0.5
    endloop
  endfacet
  facet normal -0 0 -1
    outer loop
      vertex -32.4304 -2.1256 -0.5
      vertex -42.409 -2.77963 -0.5
      vertex -32.5 0 -0.5
    endloop
  endfacet
  facet normal 0 0 -1
    outer loop
      vertex -32.222 4.2421 -0.5
      vertex -42.1364 5.54736 -0.5
      vertex -41.6834 8.29134 -0.5
    endloop
  endfacet
  facet normal 0 0 -1
    outer loop
      vertex -42.5 0 -0.5
      vertex -32.5 0 -0.5
      vertex -42.409 -2.77963 -0.5
    endloop
  endfacet
  facet normal 0 0 -1
    outer loop
      vertex -32.4304 2.1256 -0.5
      vertex -42.409 2.77963 -0.5
      vertex -42.1364 5.54736 -0.5
    endloop
  endfacet
  facet normal 0 0 -1
    outer loop
      vertex -32.5 0 -0.5
      vertex -42.5 0 -0.5
      vertex -42.409 2.77963 -0.5
    endloop
  endfacet
  facet normal 0.973871 0.227102 0
    outer loop
      vertex 41.6834 8.29134 7.1
      vertex 41.0518 10.9998 -0.5
      vertex 41.0518 10.9998 7.1
    endloop
  endfacet
  facet normal 0.973871 0.227102 0
    outer loop
      vertex 41.0518 10.9998 -0.5
      vertex 41.6834 8.29134 7.1
      vertex 41.6834 8.29134 -0.5
    endloop
  endfacet
  facet normal 0.956943 0.290276 0
    outer loop
      vertex 41.0518 10.9998 7.1
      vertex 40.2445 13.6612 -0.5
      vertex 40.2445 13.6612 7.1
    endloop
  endfacet
  facet normal 0.956943 0.290276 0
    outer loop
      vertex 40.2445 13.6612 -0.5
      vertex 41.0518 10.9998 7.1
      vertex 41.0518 10.9998 -0.5
    endloop
  endfacet
  facet normal 0.881921 0.471398 0
    outer loop
      vertex 38.1171 18.7973 7.1
      vertex 36.8061 21.25 -0.5
      vertex 36.8061 21.25 7.1
    endloop
  endfacet
  facet normal 0.881921 0.471398 0
    outer loop
      vertex 36.8061 21.25 -0.5
      vertex 38.1171 18.7973 7.1
      vertex 38.1171 18.7973 -0.5
    endloop
  endfacet
  facet normal 0.227102 0.973871 -0
    outer loop
      vertex 10.9998 41.0518 -0.5
      vertex 8.29134 41.6834 7.1
      vertex 10.9998 41.0518 7.1
    endloop
  endfacet
  facet normal 0.227102 0.973871 0
    outer loop
      vertex 8.29134 41.6834 7.1
      vertex 10.9998 41.0518 -0.5
      vertex 8.29134 41.6834 -0.5
    endloop
  endfacet
  facet normal 0.582479 0.812846 -0
    outer loop
      vertex 25.8724 33.7175 -0.5
      vertex 23.6117 35.3375 7.1
      vertex 25.8724 33.7175 7.1
    endloop
  endfacet
  facet normal 0.582479 0.812846 0
    outer loop
      vertex 23.6117 35.3375 7.1
      vertex 25.8724 33.7175 -0.5
      vertex 23.6117 35.3375 -0.5
    endloop
  endfacet
  facet normal 0.471398 0.881921 -0
    outer loop
      vertex 21.25 36.8061 -0.5
      vertex 18.7973 38.1171 7.1
      vertex 21.25 36.8061 7.1
    endloop
  endfacet
  facet normal 0.471398 0.881921 0
    outer loop
      vertex 18.7973 38.1171 7.1
      vertex 21.25 36.8061 -0.5
      vertex 18.7973 38.1171 -0.5
    endloop
  endfacet
  facet normal -0.973871 0.227102 0
    outer loop
      vertex -41.6834 8.29134 -0.5
      vertex -41.0518 10.9998 7.1
      vertex -41.0518 10.9998 -0.5
    endloop
  endfacet
  facet normal -0.973871 0.227102 0
    outer loop
      vertex -41.0518 10.9998 7.1
      vertex -41.6834 8.29134 -0.5
      vertex -41.6834 8.29134 7.1
    endloop
  endfacet
  facet normal -0.910867 0.4127 0
    outer loop
      vertex -39.2649 16.264 -0.5
      vertex -38.1171 18.7973 7.1
      vertex -38.1171 18.7973 -0.5
    endloop
  endfacet
  facet normal -0.910867 0.4127 0
    outer loop
      vertex -38.1171 18.7973 7.1
      vertex -39.2649 16.264 -0.5
      vertex -39.2649 16.264 7.1
    endloop
  endfacet
  facet normal 0 0 1
    outer loop
      vertex 32.5 0 7.1
      vertex 42.5 0 7.1
      vertex 42.409 2.77963 7.1
    endloop
  endfacet
  facet normal 0 0 1
    outer loop
      vertex 32.4304 2.1256 7.1
      vertex 42.409 2.77963 7.1
      vertex 42.1364 5.54736 7.1
    endloop
  endfacet
  facet normal 0 0 1
    outer loop
      vertex 42.5 0 7.1
      vertex 32.5 0 7.1
      vertex 42.409 -2.77963 7.1
    endloop
  endfacet
  facet normal 0 0 1
    outer loop
      vertex 32.222 4.2421 7.1
      vertex 42.1364 5.54736 7.1
      vertex 41.6834 8.29134 7.1
    endloop
  endfacet
  facet normal -0 0 1
    outer loop
      vertex 32.4304 -2.1256 7.1
      vertex 42.409 -2.77963 7.1
      vertex 32.5 0 7.1
    endloop
  endfacet
  facet normal 0 0 1
    outer loop
      vertex 31.8755 6.34044 7.1
      vertex 41.6834 8.29134 7.1
      vertex 41.0518 10.9998 7.1
    endloop
  endfacet
  facet normal 0 0 1
    outer loop
      vertex 42.409 -2.77963 7.1
      vertex 32.4304 -2.1256 7.1
      vertex 42.1364 -5.54736 7.1
    endloop
  endfacet
  facet normal 0 0 1
    outer loop
      vertex 31.3926 8.41162 7.1
      vertex 41.0518 10.9998 7.1
      vertex 40.2445 13.6612 7.1
    endloop
  endfacet
  facet normal -0 0 1
    outer loop
      vertex 32.222 -4.2421 7.1
      vertex 42.1364 -5.54736 7.1
      vertex 32.4304 -2.1256 7.1
    endloop
  endfacet
  facet normal 0 0 1
    outer loop
      vertex 30.7752 10.4468 7.1
      vertex 40.2445 13.6612 7.1
      vertex 39.2649 16.264 7.1
    endloop
  endfacet
  facet normal 0 0 1
    outer loop
      vertex 42.1364 -5.54736 7.1
      vertex 32.222 -4.2421 7.1
      vertex 41.6834 -8.29134 7.1
    endloop
  endfacet
  facet normal 0 0 1
    outer loop
      vertex 30.0261 12.4372 7.1
      vertex 39.2649 16.264 7.1
      vertex 38.1171 18.7973 7.1
    endloop
  endfacet
  facet normal -0 0 1
    outer loop
      vertex 31.8755 -6.34044 7.1
      vertex 41.6834 -8.29134 7.1
      vertex 32.222 -4.2421 7.1
    endloop
  endfacet
  facet normal 0 0 1
    outer loop
      vertex 29.1484 14.3744 7.1
      vertex 38.1171 18.7973 7.1
      vertex 36.8061 21.25 7.1
    endloop
  endfacet
  facet normal 0 0 1
    outer loop
      vertex 41.6834 -8.29134 7.1
      vertex 31.8755 -6.34044 7.1
      vertex 41.0518 -10.9998 7.1
    endloop
  endfacet
  facet normal 0 0 1
    outer loop
      vertex 28.1458 16.25 7.1
      vertex 36.8061 21.25 7.1
      vertex 35.3375 23.6117 7.1
    endloop
  endfacet
  facet normal -0 0 1
    outer loop
      vertex 31.3926 -8.41162 7.1
      vertex 41.0518 -10.9998 7.1
      vertex 31.8755 -6.34044 7.1
    endloop
  endfacet
  facet normal 0 0 1
    outer loop
      vertex 27.0228 18.056 7.1
      vertex 35.3375 23.6117 7.1
      vertex 33.7175 25.8724 7.1
    endloop
  endfacet
  facet normal 0 0 1
    outer loop
      vertex 41.0518 -10.9998 7.1
      vertex 31.3926 -8.41162 7.1
      vertex 40.2445 -13.6612 7.1
    endloop
  endfacet
  facet normal -0 0 1
    outer loop
      vertex 30.7752 -10.4468 7.1
      vertex 40.2445 -13.6612 7.1
      vertex 31.3926 -8.41162 7.1
    endloop
  endfacet
  facet normal 0 0 1
    outer loop
      vertex 42.409 2.77963 7.1
      vertex 32.4304 2.1256 7.1
      vertex 32.5 0 7.1
    endloop
  endfacet
  facet normal 0 0 1
    outer loop
      vertex 42.1364 5.54736 7.1
      vertex 32.222 4.2421 7.1
      vertex 32.4304 2.1256 7.1
    endloop
  endfacet
  facet normal 0 0 1
    outer loop
      vertex 25.784 19.7847 7.1
      vertex 33.7175 25.8724 7.1
      vertex 31.9532 28.0222 7.1
    endloop
  endfacet
  facet normal 0 0 1
    outer loop
      vertex 41.6834 8.29134 7.1
      vertex 31.8755 6.34044 7.1
      vertex 32.222 4.2421 7.1
    endloop
  endfacet
  facet normal 0 0 1
    outer loop
      vertex 41.0518 10.9998 7.1
      vertex 31.3926 8.41162 7.1
      vertex 31.8755 6.34044 7.1
    endloop
  endfacet
  facet normal 0 0 1
    outer loop
      vertex 40.2445 13.6612 7.1
      vertex 30.7752 10.4468 7.1
      vertex 31.3926 8.41162 7.1
    endloop
  endfacet
  facet normal 0 0 1
    outer loop
      vertex 24.4348 21.4287 7.1
      vertex 31.9532 28.0222 7.1
      vertex 30.052 30.052 7.1
    endloop
  endfacet
  facet normal 0 0 1
    outer loop
      vertex 39.2649 16.264 7.1
      vertex 30.0261 12.4372 7.1
      vertex 30.7752 10.4468 7.1
    endloop
  endfacet
  facet normal 0 0 1
    outer loop
      vertex 38.1171 18.7973 7.1
      vertex 29.1484 14.3744 7.1
      vertex 30.0261 12.4372 7.1
    endloop
  endfacet
  facet normal 0 0 1
    outer loop
      vertex 36.8061 21.25 7.1
      vertex 28.1458 16.25 7.1
      vertex 29.1484 14.3744 7.1
    endloop
  endfacet
  facet normal 0 0 1
    outer loop
      vertex 22.981 22.981 7.1
      vertex 30.052 30.052 7.1
      vertex 28.0222 31.9532 7.1
    endloop
  endfacet
  facet normal 0 0 1
    outer loop
      vertex 35.3375 23.6117 7.1
      vertex 27.0228 18.056 7.1
      vertex 28.1458 16.25 7.1
    endloop
  endfacet
  facet normal 0 0 1
    outer loop
      vertex 21.4287 24.4348 7.1
      vertex 28.0222 31.9532 7.1
      vertex 25.8724 33.7175 7.1
    endloop
  endfacet
  facet normal 0 0 1
    outer loop
      vertex 33.7175 25.8724 7.1
      vertex 25.784 19.7847 7.1
      vertex 27.0228 18.056 7.1
    endloop
  endfacet
  facet normal 0 0 1
    outer loop
      vertex 31.9532 28.0222 7.1
      vertex 24.4348 21.4287 7.1
      vertex 25.784 19.7847 7.1
    endloop
  endfacet
  facet normal 0 0 1
    outer loop
      vertex 19.7847 25.784 7.1
      vertex 25.8724 33.7175 7.1
      vertex 23.6117 35.3375 7.1
    endloop
  endfacet
  facet normal 0 0 1
    outer loop
      vertex 30.052 30.052 7.1
      vertex 22.981 22.981 7.1
      vertex 24.4348 21.4287 7.1
    endloop
  endfacet
  facet normal 0 0 1
    outer loop
      vertex 28.0222 31.9532 7.1
      vertex 21.4287 24.4348 7.1
      vertex 22.981 22.981 7.1
    endloop
  endfacet
  facet normal 0 0 1
    outer loop
      vertex 18.056 27.0228 7.1
      vertex 23.6117 35.3375 7.1
      vertex 21.25 36.8061 7.1
    endloop
  endfacet
  facet normal 0 0 1
    outer loop
      vertex 25.8724 33.7175 7.1
      vertex 19.7847 25.784 7.1
      vertex 21.4287 24.4348 7.1
    endloop
  endfacet
  facet normal 0 0 1
    outer loop
      vertex 16.25 28.1458 7.1
      vertex 21.25 36.8061 7.1
      vertex 18.7973 38.1171 7.1
    endloop
  endfacet
  facet normal 0 0 1
    outer loop
      vertex 23.6117 35.3375 7.1
      vertex 18.056 27.0228 7.1
      vertex 19.7847 25.784 7.1
    endloop
  endfacet
  facet normal 0 0 1
    outer loop
      vertex 14.3744 29.1484 7.1
      vertex 18.7973 38.1171 7.1
      vertex 16.264 39.2649 7.1
    endloop
  endfacet
  facet normal 0 0 1
    outer loop
      vertex 21.25 36.8061 7.1
      vertex 16.25 28.1458 7.1
      vertex 18.056 27.0228 7.1
    endloop
  endfacet
  facet normal 0 0 1
    outer loop
      vertex 18.7973 38.1171 7.1
      vertex 14.3744 29.1484 7.1
      vertex 16.25 28.1458 7.1
    endloop
  endfacet
  facet normal 0 0 1
    outer loop
      vertex 12.4372 30.0261 7.1
      vertex 16.264 39.2649 7.1
      vertex 13.6612 40.2445 7.1
    endloop
  endfacet
  facet normal 0 0 1
    outer loop
      vertex 16.264 39.2649 7.1
      vertex 12.4372 30.0261 7.1
      vertex 14.3744 29.1484 7.1
    endloop
  endfacet
  facet normal 0 0 1
    outer loop
      vertex 10.4468 30.7752 7.1
      vertex 13.6612 40.2445 7.1
      vertex 10.9998 41.0518 7.1
    endloop
  endfacet
  facet normal 0 0 1
    outer loop
      vertex 13.6612 40.2445 7.1
      vertex 10.4468 30.7752 7.1
      vertex 12.4372 30.0261 7.1
    endloop
  endfacet
  facet normal 0 0 1
    outer loop
      vertex 10.9998 41.0518 7.1
      vertex 8.41162 31.3926 7.1
      vertex 10.4468 30.7752 7.1
    endloop
  endfacet
  facet normal 0 0 1
    outer loop
      vertex 8.29134 41.6834 7.1
      vertex 8.41162 31.3926 7.1
      vertex 10.9998 41.0518 7.1
    endloop
  endfacet
  facet normal 0 0 1
    outer loop
      vertex 8.29134 41.6834 7.1
      vertex 6.34044 31.8755 7.1
      vertex 8.41162 31.3926 7.1
    endloop
  endfacet
  facet normal 0 0 1
    outer loop
      vertex 5.54736 42.1364 7.1
      vertex 6.34044 31.8755 7.1
      vertex 8.29134 41.6834 7.1
    endloop
  endfacet
  facet normal 0 0 1
    outer loop
      vertex 5.54736 42.1364 7.1
      vertex 4.2421 32.222 7.1
      vertex 6.34044 31.8755 7.1
    endloop
  endfacet
  facet normal 0 0 1
    outer loop
      vertex 2.77963 42.409 7.1
      vertex 4.2421 32.222 7.1
      vertex 5.54736 42.1364 7.1
    endloop
  endfacet
  facet normal 0 0 1
    outer loop
      vertex 2.77963 42.409 7.1
      vertex 2.1256 32.4304 7.1
      vertex 4.2421 32.222 7.1
    endloop
  endfacet
  facet normal 0 0 1
    outer loop
      vertex 0 42.5 7.1
      vertex 2.1256 32.4304 7.1
      vertex 2.77963 42.409 7.1
    endloop
  endfacet
  facet normal 0 0 1
    outer loop
      vertex 0 42.5 7.1
      vertex 0 32.5 7.1
      vertex 2.1256 32.4304 7.1
    endloop
  endfacet
  facet normal 0 0 1
    outer loop
      vertex 0 42.5 7.1
      vertex -2.1256 32.4304 7.1
      vertex 0 32.5 7.1
    endloop
  endfacet
  facet normal -0 0 1
    outer loop
      vertex -2.77963 42.409 7.1
      vertex -2.1256 32.4304 7.1
      vertex 0 42.5 7.1
    endloop
  endfacet
  facet normal 0 0 1
    outer loop
      vertex -2.77963 42.409 7.1
      vertex -4.2421 32.222 7.1
      vertex -2.1256 32.4304 7.1
    endloop
  endfacet
  facet normal -0 0 1
    outer loop
      vertex -5.54736 42.1364 7.1
      vertex -4.2421 32.222 7.1
      vertex -2.77963 42.409 7.1
    endloop
  endfacet
  facet normal 0 0 1
    outer loop
      vertex -5.54736 42.1364 7.1
      vertex -6.34044 31.8755 7.1
      vertex -4.2421 32.222 7.1
    endloop
  endfacet
  facet normal -0 0 1
    outer loop
      vertex -8.29134 41.6834 7.1
      vertex -6.34044 31.8755 7.1
      vertex -5.54736 42.1364 7.1
    endloop
  endfacet
  facet normal 0 0 1
    outer loop
      vertex -8.29134 41.6834 7.1
      vertex -8.41162 31.3926 7.1
      vertex -6.34044 31.8755 7.1
    endloop
  endfacet
  facet normal -0 0 1
    outer loop
      vertex -10.9998 41.0518 7.1
      vertex -8.41162 31.3926 7.1
      vertex -8.29134 41.6834 7.1
    endloop
  endfacet
  facet normal 0 0 1
    outer loop
      vertex -8.41162 31.3926 7.1
      vertex -10.9998 41.0518 7.1
      vertex -10.4468 30.7752 7.1
    endloop
  endfacet
  facet normal -0 0 1
    outer loop
      vertex -13.6612 40.2445 7.1
      vertex -10.4468 30.7752 7.1
      vertex -10.9998 41.0518 7.1
    endloop
  endfacet
  facet normal 0 0 1
    outer loop
      vertex -10.4468 30.7752 7.1
      vertex -13.6612 40.2445 7.1
      vertex -12.4372 30.0261 7.1
    endloop
  endfacet
  facet normal -0 0 1
    outer loop
      vertex -16.264 39.2649 7.1
      vertex -12.4372 30.0261 7.1
      vertex -13.6612 40.2445 7.1
    endloop
  endfacet
  facet normal 0 0 1
    outer loop
      vertex -12.4372 30.0261 7.1
      vertex -16.264 39.2649 7.1
      vertex -14.3744 29.1484 7.1
    endloop
  endfacet
  facet normal -0 0 1
    outer loop
      vertex -18.7973 38.1171 7.1
      vertex -14.3744 29.1484 7.1
      vertex -16.264 39.2649 7.1
    endloop
  endfacet
  facet normal 0 0 1
    outer loop
      vertex -14.3744 29.1484 7.1
      vertex -18.7973 38.1171 7.1
      vertex -16.25 28.1458 7.1
    endloop
  endfacet
  facet normal -0 0 1
    outer loop
      vertex -21.25 36.8061 7.1
      vertex -16.25 28.1458 7.1
      vertex -18.7973 38.1171 7.1
    endloop
  endfacet
  facet normal 0 0 1
    outer loop
      vertex -16.25 28.1458 7.1
      vertex -21.25 36.8061 7.1
      vertex -18.056 27.0228 7.1
    endloop
  endfacet
  facet normal -0 0 1
    outer loop
      vertex -23.6117 35.3375 7.1
      vertex -18.056 27.0228 7.1
      vertex -21.25 36.8061 7.1
    endloop
  endfacet
  facet normal 0 0 1
    outer loop
      vertex -18.056 27.0228 7.1
      vertex -23.6117 35.3375 7.1
      vertex -19.7847 25.784 7.1
    endloop
  endfacet
  facet normal -0 0 1
    outer loop
      vertex -25.8724 33.7175 7.1
      vertex -19.7847 25.784 7.1
      vertex -23.6117 35.3375 7.1
    endloop
  endfacet
  facet normal 0 0 1
    outer loop
      vertex -19.7847 25.784 7.1
      vertex -25.8724 33.7175 7.1
      vertex -21.4287 24.4348 7.1
    endloop
  endfacet
  facet normal -0 0 1
    outer loop
      vertex -28.0222 31.9532 7.1
      vertex -21.4287 24.4348 7.1
      vertex -25.8724 33.7175 7.1
    endloop
  endfacet
  facet normal 0 0 1
    outer loop
      vertex -21.4287 24.4348 7.1
      vertex -28.0222 31.9532 7.1
      vertex -22.981 22.981 7.1
    endloop
  endfacet
  facet normal -0 0 1
    outer loop
      vertex -30.052 30.052 7.1
      vertex -22.981 22.981 7.1
      vertex -28.0222 31.9532 7.1
    endloop
  endfacet
  facet normal 0 0 1
    outer loop
      vertex -22.981 22.981 7.1
      vertex -30.052 30.052 7.1
      vertex -24.4348 21.4287 7.1
    endloop
  endfacet
  facet normal -0 0 1
    outer loop
      vertex -31.9532 28.0222 7.1
      vertex -24.4348 21.4287 7.1
      vertex -30.052 30.052 7.1
    endloop
  endfacet
  facet normal 0 0 1
    outer loop
      vertex -24.4348 21.4287 7.1
      vertex -31.9532 28.0222 7.1
      vertex -25.784 19.7847 7.1
    endloop
  endfacet
  facet normal -0 0 1
    outer loop
      vertex -33.7175 25.8724 7.1
      vertex -25.784 19.7847 7.1
      vertex -31.9532 28.0222 7.1
    endloop
  endfacet
  facet normal 0 0 1
    outer loop
      vertex -25.784 19.7847 7.1
      vertex -33.7175 25.8724 7.1
      vertex -27.0228 18.056 7.1
    endloop
  endfacet
  facet normal -0 0 1
    outer loop
      vertex -35.3375 23.6117 7.1
      vertex -27.0228 18.056 7.1
      vertex -33.7175 25.8724 7.1
    endloop
  endfacet
  facet normal 0 0 1
    outer loop
      vertex -27.0228 18.056 7.1
      vertex -35.3375 23.6117 7.1
      vertex -28.1458 16.25 7.1
    endloop
  endfacet
  facet normal -0 0 1
    outer loop
      vertex -36.8061 21.25 7.1
      vertex -28.1458 16.25 7.1
      vertex -35.3375 23.6117 7.1
    endloop
  endfacet
  facet normal 0 0 1
    outer loop
      vertex -28.1458 16.25 7.1
      vertex -36.8061 21.25 7.1
      vertex -29.1484 14.3744 7.1
    endloop
  endfacet
  facet normal -0 0 1
    outer loop
      vertex -38.1171 18.7973 7.1
      vertex -29.1484 14.3744 7.1
      vertex -36.8061 21.25 7.1
    endloop
  endfacet
  facet normal 0 0 1
    outer loop
      vertex -29.1484 14.3744 7.1
      vertex -38.1171 18.7973 7.1
      vertex -30.0261 12.4372 7.1
    endloop
  endfacet
  facet normal -0 0 1
    outer loop
      vertex -39.2649 16.264 7.1
      vertex -30.0261 12.4372 7.1
      vertex -38.1171 18.7973 7.1
    endloop
  endfacet
  facet normal 0 0 1
    outer loop
      vertex -30.0261 12.4372 7.1
      vertex -39.2649 16.264 7.1
      vertex -30.7752 10.4468 7.1
    endloop
  endfacet
  facet normal -0 0 1
    outer loop
      vertex -40.2445 13.6612 7.1
      vertex -30.7752 10.4468 7.1
      vertex -39.2649 16.264 7.1
    endloop
  endfacet
  facet normal 0 0 1
    outer loop
      vertex 40.2445 -13.6612 7.1
      vertex 30.7752 -10.4468 7.1
      vertex 39.2649 -16.264 7.1
    endloop
  endfacet
  facet normal -0 0 1
    outer loop
      vertex 30.0261 -12.4372 7.1
      vertex 39.2649 -16.264 7.1
      vertex 30.7752 -10.4468 7.1
    endloop
  endfacet
  facet normal 0 0 1
    outer loop
      vertex 39.2649 -16.264 7.1
      vertex 30.0261 -12.4372 7.1
      vertex 38.1171 -18.7973 7.1
    endloop
  endfacet
  facet normal -0 0 1
    outer loop
      vertex 29.1484 -14.3744 7.1
      vertex 38.1171 -18.7973 7.1
      vertex 30.0261 -12.4372 7.1
    endloop
  endfacet
  facet normal 0 0 1
    outer loop
      vertex 38.1171 -18.7973 7.1
      vertex 29.1484 -14.3744 7.1
      vertex 36.8061 -21.25 7.1
    endloop
  endfacet
  facet normal -0 0 1
    outer loop
      vertex 28.1458 -16.25 7.1
      vertex 36.8061 -21.25 7.1
      vertex 29.1484 -14.3744 7.1
    endloop
  endfacet
  facet normal 0 0 1
    outer loop
      vertex 36.8061 -21.25 7.1
      vertex 28.1458 -16.25 7.1
      vertex 35.3375 -23.6117 7.1
    endloop
  endfacet
  facet normal -0 0 1
    outer loop
      vertex 27.0228 -18.056 7.1
      vertex 35.3375 -23.6117 7.1
      vertex 28.1458 -16.25 7.1
    endloop
  endfacet
  facet normal 0 0 1
    outer loop
      vertex 35.3375 -23.6117 7.1
      vertex 27.0228 -18.056 7.1
      vertex 33.7175 -25.8724 7.1
    endloop
  endfacet
  facet normal -0 0 1
    outer loop
      vertex 25.784 -19.7847 7.1
      vertex 33.7175 -25.8724 7.1
      vertex 27.0228 -18.056 7.1
    endloop
  endfacet
  facet normal 0 0 1
    outer loop
      vertex 33.7175 -25.8724 7.1
      vertex 25.784 -19.7847 7.1
      vertex 31.9532 -28.0222 7.1
    endloop
  endfacet
  facet normal -0 0 1
    outer loop
      vertex 24.4348 -21.4287 7.1
      vertex 31.9532 -28.0222 7.1
      vertex 25.784 -19.7847 7.1
    endloop
  endfacet
  facet normal 0 0 1
    outer loop
      vertex 31.9532 -28.0222 7.1
      vertex 24.4348 -21.4287 7.1
      vertex 30.052 -30.052 7.1
    endloop
  endfacet
  facet normal -0 0 1
    outer loop
      vertex 22.981 -22.981 7.1
      vertex 30.052 -30.052 7.1
      vertex 24.4348 -21.4287 7.1
    endloop
  endfacet
  facet normal 0 0 1
    outer loop
      vertex 30.052 -30.052 7.1
      vertex 22.981 -22.981 7.1
      vertex 28.0222 -31.9532 7.1
    endloop
  endfacet
  facet normal -0 0 1
    outer loop
      vertex 21.4287 -24.4348 7.1
      vertex 28.0222 -31.9532 7.1
      vertex 22.981 -22.981 7.1
    endloop
  endfacet
  facet normal 0 0 1
    outer loop
      vertex 28.0222 -31.9532 7.1
      vertex 21.4287 -24.4348 7.1
      vertex 25.8724 -33.7175 7.1
    endloop
  endfacet
  facet normal -0 0 1
    outer loop
      vertex 19.7847 -25.784 7.1
      vertex 25.8724 -33.7175 7.1
      vertex 21.4287 -24.4348 7.1
    endloop
  endfacet
  facet normal 0 0 1
    outer loop
      vertex 25.8724 -33.7175 7.1
      vertex 19.7847 -25.784 7.1
      vertex 23.6117 -35.3375 7.1
    endloop
  endfacet
  facet normal -0 0 1
    outer loop
      vertex 18.056 -27.0228 7.1
      vertex 23.6117 -35.3375 7.1
      vertex 19.7847 -25.784 7.1
    endloop
  endfacet
  facet normal 0 0 1
    outer loop
      vertex 23.6117 -35.3375 7.1
      vertex 18.056 -27.0228 7.1
      vertex 21.25 -36.8061 7.1
    endloop
  endfacet
  facet normal -0 0 1
    outer loop
      vertex 16.25 -28.1458 7.1
      vertex 21.25 -36.8061 7.1
      vertex 18.056 -27.0228 7.1
    endloop
  endfacet
  facet normal 0 0 1
    outer loop
      vertex 21.25 -36.8061 7.1
      vertex 16.25 -28.1458 7.1
      vertex 18.7973 -38.1171 7.1
    endloop
  endfacet
  facet normal -0 0 1
    outer loop
      vertex 14.3744 -29.1484 7.1
      vertex 18.7973 -38.1171 7.1
      vertex 16.25 -28.1458 7.1
    endloop
  endfacet
  facet normal 0 0 1
    outer loop
      vertex 18.7973 -38.1171 7.1
      vertex 14.3744 -29.1484 7.1
      vertex 16.264 -39.2649 7.1
    endloop
  endfacet
  facet normal -0 0 1
    outer loop
      vertex 12.4372 -30.0261 7.1
      vertex 16.264 -39.2649 7.1
      vertex 14.3744 -29.1484 7.1
    endloop
  endfacet
  facet normal 0 0 1
    outer loop
      vertex 16.264 -39.2649 7.1
      vertex 12.4372 -30.0261 7.1
      vertex 13.6612 -40.2445 7.1
    endloop
  endfacet
  facet normal -0 0 1
    outer loop
      vertex 10.4468 -30.7752 7.1
      vertex 13.6612 -40.2445 7.1
      vertex 12.4372 -30.0261 7.1
    endloop
  endfacet
  facet normal 0 0 1
    outer loop
      vertex 13.6612 -40.2445 7.1
      vertex 10.4468 -30.7752 7.1
      vertex 10.9998 -41.0518 7.1
    endloop
  endfacet
  facet normal -0 0 1
    outer loop
      vertex 8.41162 -31.3926 7.1
      vertex 10.9998 -41.0518 7.1
      vertex 10.4468 -30.7752 7.1
    endloop
  endfacet
  facet normal 0 0 1
    outer loop
      vertex 8.41162 -31.3926 7.1
      vertex 8.29134 -41.6834 7.1
      vertex 10.9998 -41.0518 7.1
    endloop
  endfacet
  facet normal -0 0 1
    outer loop
      vertex 6.34044 -31.8755 7.1
      vertex 8.29134 -41.6834 7.1
      vertex 8.41162 -31.3926 7.1
    endloop
  endfacet
  facet normal 0 0 1
    outer loop
      vertex 6.34044 -31.8755 7.1
      vertex 5.54736 -42.1364 7.1
      vertex 8.29134 -41.6834 7.1
    endloop
  endfacet
  facet normal -0 0 1
    outer loop
      vertex 4.2421 -32.222 7.1
      vertex 5.54736 -42.1364 7.1
      vertex 6.34044 -31.8755 7.1
    endloop
  endfacet
  facet normal 0 0 1
    outer loop
      vertex 4.2421 -32.222 7.1
      vertex 2.77963 -42.409 7.1
      vertex 5.54736 -42.1364 7.1
    endloop
  endfacet
  facet normal -0 0 1
    outer loop
      vertex 2.1256 -32.4304 7.1
      vertex 2.77963 -42.409 7.1
      vertex 4.2421 -32.222 7.1
    endloop
  endfacet
  facet normal -0 0 1
    outer loop
      vertex 0 -32.5 7.1
      vertex 2.77963 -42.409 7.1
      vertex 2.1256 -32.4304 7.1
    endloop
  endfacet
  facet normal 0 0 1
    outer loop
      vertex 0 -32.5 7.1
      vertex 0 -42.5 7.1
      vertex 2.77963 -42.409 7.1
    endloop
  endfacet
  facet normal 0 0 1
    outer loop
      vertex -2.1256 -32.4304 7.1
      vertex 0 -42.5 7.1
      vertex 0 -32.5 7.1
    endloop
  endfacet
  facet normal 0 0 1
    outer loop
      vertex -2.1256 -32.4304 7.1
      vertex -2.77963 -42.409 7.1
      vertex 0 -42.5 7.1
    endloop
  endfacet
  facet normal 0 0 1
    outer loop
      vertex -4.2421 -32.222 7.1
      vertex -2.77963 -42.409 7.1
      vertex -2.1256 -32.4304 7.1
    endloop
  endfacet
  facet normal 0 0 1
    outer loop
      vertex -4.2421 -32.222 7.1
      vertex -5.54736 -42.1364 7.1
      vertex -2.77963 -42.409 7.1
    endloop
  endfacet
  facet normal 0 0 1
    outer loop
      vertex -6.34044 -31.8755 7.1
      vertex -5.54736 -42.1364 7.1
      vertex -4.2421 -32.222 7.1
    endloop
  endfacet
  facet normal 0 0 1
    outer loop
      vertex -6.34044 -31.8755 7.1
      vertex -8.29134 -41.6834 7.1
      vertex -5.54736 -42.1364 7.1
    endloop
  endfacet
  facet normal 0 0 1
    outer loop
      vertex -8.41162 -31.3926 7.1
      vertex -8.29134 -41.6834 7.1
      vertex -6.34044 -31.8755 7.1
    endloop
  endfacet
  facet normal 0 0 1
    outer loop
      vertex -10.9998 -41.0518 7.1
      vertex -8.41162 -31.3926 7.1
      vertex -10.4468 -30.7752 7.1
    endloop
  endfacet
  facet normal 0 0 1
    outer loop
      vertex -8.41162 -31.3926 7.1
      vertex -10.9998 -41.0518 7.1
      vertex -8.29134 -41.6834 7.1
    endloop
  endfacet
  facet normal 0 0 1
    outer loop
      vertex -13.6612 -40.2445 7.1
      vertex -10.4468 -30.7752 7.1
      vertex -12.4372 -30.0261 7.1
    endloop
  endfacet
  facet normal 0 0 1
    outer loop
      vertex -10.4468 -30.7752 7.1
      vertex -13.6612 -40.2445 7.1
      vertex -10.9998 -41.0518 7.1
    endloop
  endfacet
  facet normal 0 0 1
    outer loop
      vertex -16.264 -39.2649 7.1
      vertex -12.4372 -30.0261 7.1
      vertex -14.3744 -29.1484 7.1
    endloop
  endfacet
  facet normal 0 0 1
    outer loop
      vertex -18.7973 -38.1171 7.1
      vertex -14.3744 -29.1484 7.1
      vertex -16.25 -28.1458 7.1
    endloop
  endfacet
  facet normal 0 0 1
    outer loop
      vertex -12.4372 -30.0261 7.1
      vertex -16.264 -39.2649 7.1
      vertex -13.6612 -40.2445 7.1
    endloop
  endfacet
  facet normal 0 0 1
    outer loop
      vertex -21.25 -36.8061 7.1
      vertex -16.25 -28.1458 7.1
      vertex -18.056 -27.0228 7.1
    endloop
  endfacet
  facet normal 0 0 1
    outer loop
      vertex -14.3744 -29.1484 7.1
      vertex -18.7973 -38.1171 7.1
      vertex -16.264 -39.2649 7.1
    endloop
  endfacet
  facet normal 0 0 1
    outer loop
      vertex -23.6117 -35.3375 7.1
      vertex -18.056 -27.0228 7.1
      vertex -19.7847 -25.784 7.1
    endloop
  endfacet
  facet normal 0 0 1
    outer loop
      vertex -16.25 -28.1458 7.1
      vertex -21.25 -36.8061 7.1
      vertex -18.7973 -38.1171 7.1
    endloop
  endfacet
  facet normal 0 0 1
    outer loop
      vertex -25.8724 -33.7175 7.1
      vertex -19.7847 -25.784 7.1
      vertex -21.4287 -24.4348 7.1
    endloop
  endfacet
  facet normal 0 0 1
    outer loop
      vertex -28.0222 -31.9532 7.1
      vertex -21.4287 -24.4348 7.1
      vertex -22.981 -22.981 7.1
    endloop
  endfacet
  facet normal 0 0 1
    outer loop
      vertex -18.056 -27.0228 7.1
      vertex -23.6117 -35.3375 7.1
      vertex -21.25 -36.8061 7.1
    endloop
  endfacet
  facet normal 0 0 1
    outer loop
      vertex -30.052 -30.052 7.1
      vertex -22.981 -22.981 7.1
      vertex -24.4348 -21.4287 7.1
    endloop
  endfacet
  facet normal 0 0 1
    outer loop
      vertex -31.9532 -28.0222 7.1
      vertex -24.4348 -21.4287 7.1
      vertex -25.784 -19.7847 7.1
    endloop
  endfacet
  facet normal 0 0 1
    outer loop
      vertex -19.7847 -25.784 7.1
      vertex -25.8724 -33.7175 7.1
      vertex -23.6117 -35.3375 7.1
    endloop
  endfacet
  facet normal 0 0 1
    outer loop
      vertex -33.7175 -25.8724 7.1
      vertex -25.784 -19.7847 7.1
      vertex -27.0228 -18.056 7.1
    endloop
  endfacet
  facet normal 0 0 1
    outer loop
      vertex -21.4287 -24.4348 7.1
      vertex -28.0222 -31.9532 7.1
      vertex -25.8724 -33.7175 7.1
    endloop
  endfacet
  facet normal 0 0 1
    outer loop
      vertex -35.3375 -23.6117 7.1
      vertex -27.0228 -18.056 7.1
      vertex -28.1458 -16.25 7.1
    endloop
  endfacet
  facet normal 0 0 1
    outer loop
      vertex -36.8061 -21.25 7.1
      vertex -28.1458 -16.25 7.1
      vertex -29.1484 -14.3744 7.1
    endloop
  endfacet
  facet normal 0 0 1
    outer loop
      vertex -38.1171 -18.7973 7.1
      vertex -29.1484 -14.3744 7.1
      vertex -30.0261 -12.4372 7.1
    endloop
  endfacet
  facet normal 0 0 1
    outer loop
      vertex -22.981 -22.981 7.1
      vertex -30.052 -30.052 7.1
      vertex -28.0222 -31.9532 7.1
    endloop
  endfacet
  facet normal 0 0 1
    outer loop
      vertex -39.2649 -16.264 7.1
      vertex -30.0261 -12.4372 7.1
      vertex -30.7752 -10.4468 7.1
    endloop
  endfacet
  facet normal 0 0 1
    outer loop
      vertex -40.2445 -13.6612 7.1
      vertex -30.7752 -10.4468 7.1
      vertex -31.3926 -8.41162 7.1
    endloop
  endfacet
  facet normal 0 0 1
    outer loop
      vertex -41.0518 -10.9998 7.1
      vertex -31.3926 -8.41162 7.1
      vertex -31.8755 -6.34044 7.1
    endloop
  endfacet
  facet normal 0 0 1
    outer loop
      vertex -24.4348 -21.4287 7.1
      vertex -31.9532 -28.0222 7.1
      vertex -30.052 -30.052 7.1
    endloop
  endfacet
  facet normal 0 0 1
    outer loop
      vertex -41.6834 -8.29134 7.1
      vertex -31.8755 -6.34044 7.1
      vertex -32.222 -4.2421 7.1
    endloop
  endfacet
  facet normal 0 0 1
    outer loop
      vertex -42.1364 -5.54736 7.1
      vertex -32.222 -4.2421 7.1
      vertex -32.4304 -2.1256 7.1
    endloop
  endfacet
  facet normal 0 0 1
    outer loop
      vertex -42.409 -2.77963 7.1
      vertex -32.4304 -2.1256 7.1
      vertex -32.5 0 7.1
    endloop
  endfacet
  facet normal 0 0 1
    outer loop
      vertex -30.7752 10.4468 7.1
      vertex -40.2445 13.6612 7.1
      vertex -31.3926 8.41162 7.1
    endloop
  endfacet
  facet normal 0 0 1
    outer loop
      vertex -25.784 -19.7847 7.1
      vertex -33.7175 -25.8724 7.1
      vertex -31.9532 -28.0222 7.1
    endloop
  endfacet
  facet normal -0 0 1
    outer loop
      vertex -41.0518 10.9998 7.1
      vertex -31.3926 8.41162 7.1
      vertex -40.2445 13.6612 7.1
    endloop
  endfacet
  facet normal 0 0 1
    outer loop
      vertex -27.0228 -18.056 7.1
      vertex -35.3375 -23.6117 7.1
      vertex -33.7175 -25.8724 7.1
    endloop
  endfacet
  facet normal 0 0 1
    outer loop
      vertex -31.3926 8.41162 7.1
      vertex -41.0518 10.9998 7.1
      vertex -31.8755 6.34044 7.1
    endloop
  endfacet
  facet normal 0 0 1
    outer loop
      vertex -28.1458 -16.25 7.1
      vertex -36.8061 -21.25 7.1
      vertex -35.3375 -23.6117 7.1
    endloop
  endfacet
  facet normal -0 0 1
    outer loop
      vertex -41.6834 8.29134 7.1
      vertex -31.8755 6.34044 7.1
      vertex -41.0518 10.9998 7.1
    endloop
  endfacet
  facet normal 0 0 1
    outer loop
      vertex -29.1484 -14.3744 7.1
      vertex -38.1171 -18.7973 7.1
      vertex -36.8061 -21.25 7.1
    endloop
  endfacet
  facet normal 0 0 1
    outer loop
      vertex -31.8755 6.34044 7.1
      vertex -41.6834 8.29134 7.1
      vertex -32.222 4.2421 7.1
    endloop
  endfacet
  facet normal 0 0 1
    outer loop
      vertex -30.0261 -12.4372 7.1
      vertex -39.2649 -16.264 7.1
      vertex -38.1171 -18.7973 7.1
    endloop
  endfacet
  facet normal -0 0 1
    outer loop
      vertex -42.1364 5.54736 7.1
      vertex -32.222 4.2421 7.1
      vertex -41.6834 8.29134 7.1
    endloop
  endfacet
  facet normal 0 0 1
    outer loop
      vertex -30.7752 -10.4468 7.1
      vertex -40.2445 -13.6612 7.1
      vertex -39.2649 -16.264 7.1
    endloop
  endfacet
  facet normal 0 0 1
    outer loop
      vertex -32.222 4.2421 7.1
      vertex -42.1364 5.54736 7.1
      vertex -32.4304 2.1256 7.1
    endloop
  endfacet
  facet normal 0 0 1
    outer loop
      vertex -31.3926 -8.41162 7.1
      vertex -41.0518 -10.9998 7.1
      vertex -40.2445 -13.6612 7.1
    endloop
  endfacet
  facet normal -0 0 1
    outer loop
      vertex -42.409 2.77963 7.1
      vertex -32.4304 2.1256 7.1
      vertex -42.1364 5.54736 7.1
    endloop
  endfacet
  facet normal 0 0 1
    outer loop
      vertex -31.8755 -6.34044 7.1
      vertex -41.6834 -8.29134 7.1
      vertex -41.0518 -10.9998 7.1
    endloop
  endfacet
  facet normal 0 0 1
    outer loop
      vertex -32.4304 2.1256 7.1
      vertex -42.409 2.77963 7.1
      vertex -32.5 0 7.1
    endloop
  endfacet
  facet normal 0 0 1
    outer loop
      vertex -32.222 -4.2421 7.1
      vertex -42.1364 -5.54736 7.1
      vertex -41.6834 -8.29134 7.1
    endloop
  endfacet
  facet normal 0 0 1
    outer loop
      vertex -42.5 0 7.1
      vertex -32.5 0 7.1
      vertex -42.409 2.77963 7.1
    endloop
  endfacet
  facet normal 0 0 1
    outer loop
      vertex -32.4304 -2.1256 7.1
      vertex -42.409 -2.77963 7.1
      vertex -42.1364 -5.54736 7.1
    endloop
  endfacet
  facet normal 0 0 1
    outer loop
      vertex -32.5 0 7.1
      vertex -42.5 0 7.1
      vertex -42.409 -2.77963 7.1
    endloop
  endfacet
  facet normal -0.528068 0.849202 0
    outer loop
      vertex -21.25 36.8061 -0.5
      vertex -23.6117 35.3375 7.1
      vertex -21.25 36.8061 7.1
    endloop
  endfacet
  facet normal -0.528068 0.849202 0
    outer loop
      vertex -23.6117 35.3375 7.1
      vertex -21.25 36.8061 -0.5
      vertex -23.6117 35.3375 -0.5
    endloop
  endfacet
  facet normal -0.4127 0.910867 0
    outer loop
      vertex -16.264 39.2649 -0.5
      vertex -18.7973 38.1171 7.1
      vertex -16.264 39.2649 7.1
    endloop
  endfacet
  facet normal -0.4127 0.910867 0
    outer loop
      vertex -18.7973 38.1171 7.1
      vertex -16.264 39.2649 -0.5
      vertex -18.7973 38.1171 -0.5
    endloop
  endfacet
  facet normal -0.290276 0.956943 0
    outer loop
      vertex -10.9998 41.0518 -0.5
      vertex -13.6612 40.2445 7.1
      vertex -10.9998 41.0518 7.1
    endloop
  endfacet
  facet normal -0.290276 0.956943 0
    outer loop
      vertex -13.6612 40.2445 7.1
      vertex -10.9998 41.0518 -0.5
      vertex -13.6612 40.2445 -0.5
    endloop
  endfacet
  facet normal -0.0327206 0.999465 0
    outer loop
      vertex 0 42.5 -0.5
      vertex -2.77963 42.409 7.1
      vertex 0 42.5 7.1
    endloop
  endfacet
  facet normal -0.0327206 0.999465 0
    outer loop
      vertex -2.77963 42.409 7.1
      vertex 0 42.5 -0.5
      vertex -2.77963 42.409 -0.5
    endloop
  endfacet
  facet normal 0.0327206 -0.999465 0
    outer loop
      vertex 0 -42.5 -0.5
      vertex 2.77963 -42.409 7.1
      vertex 0 -42.5 7.1
    endloop
  endfacet
  facet normal 0.0327206 -0.999465 0
    outer loop
      vertex 2.77963 -42.409 7.1
      vertex 0 -42.5 -0.5
      vertex 2.77963 -42.409 -0.5
    endloop
  endfacet
  facet normal 0.4127 -0.910867 0
    outer loop
      vertex 16.264 -39.2649 -0.5
      vertex 18.7973 -38.1171 7.1
      vertex 16.264 -39.2649 7.1
    endloop
  endfacet
  facet normal 0.4127 -0.910867 0
    outer loop
      vertex 18.7973 -38.1171 7.1
      vertex 16.264 -39.2649 -0.5
      vertex 18.7973 -38.1171 -0.5
    endloop
  endfacet
  facet normal 0.582479 -0.812846 0
    outer loop
      vertex 23.6117 -35.3375 -0.5
      vertex 25.8724 -33.7175 7.1
      vertex 23.6117 -35.3375 7.1
    endloop
  endfacet
  facet normal 0.582479 -0.812846 0
    outer loop
      vertex 25.8724 -33.7175 7.1
      vertex 23.6117 -35.3375 -0.5
      vertex 25.8724 -33.7175 -0.5
    endloop
  endfacet
  facet normal 0.812846 -0.582479 0
    outer loop
      vertex 33.7175 -25.8724 7.1
      vertex 35.3375 -23.6117 -0.5
      vertex 35.3375 -23.6117 7.1
    endloop
  endfacet
  facet normal 0.812846 -0.582479 0
    outer loop
      vertex 35.3375 -23.6117 -0.5
      vertex 33.7175 -25.8724 7.1
      vertex 33.7175 -25.8724 -0.5
    endloop
  endfacet
  facet normal 0.973871 -0.227102 0
    outer loop
      vertex 41.0518 -10.9998 7.1
      vertex 41.6834 -8.29134 -0.5
      vertex 41.6834 -8.29134 7.1
    endloop
  endfacet
  facet normal 0.973871 -0.227102 0
    outer loop
      vertex 41.6834 -8.29134 -0.5
      vertex 41.0518 -10.9998 7.1
      vertex 41.0518 -10.9998 -0.5
    endloop
  endfacet
  facet normal 0.986645 -0.162884 0
    outer loop
      vertex 41.6834 -8.29134 7.1
      vertex 42.1364 -5.54736 -0.5
      vertex 42.1364 -5.54736 7.1
    endloop
  endfacet
  facet normal 0.986645 -0.162884 0
    outer loop
      vertex 42.1364 -5.54736 -0.5
      vertex 41.6834 -8.29134 7.1
      vertex 41.6834 -8.29134 -0.5
    endloop
  endfacet
  facet normal -0.582479 -0.812846 0
    outer loop
      vertex -25.8724 -33.7175 -0.5
      vertex -23.6117 -35.3375 7.1
      vertex -25.8724 -33.7175 7.1
    endloop
  endfacet
  facet normal -0.582479 -0.812846 -0
    outer loop
      vertex -23.6117 -35.3375 7.1
      vertex -25.8724 -33.7175 -0.5
      vertex -23.6117 -35.3375 -0.5
    endloop
  endfacet
  facet normal -0.910867 -0.4127 0
    outer loop
      vertex -38.1171 -18.7973 -0.5
      vertex -39.2649 -16.264 7.1
      vertex -39.2649 -16.264 -0.5
    endloop
  endfacet
  facet normal -0.910867 -0.4127 0
    outer loop
      vertex -39.2649 -16.264 7.1
      vertex -38.1171 -18.7973 -0.5
      vertex -38.1171 -18.7973 7.1
    endloop
  endfacet
  facet normal -0.999465 -0.0327206 0
    outer loop
      vertex -42.409 -2.77963 -0.5
      vertex -42.5 0 7.1
      vertex -42.5 0 -0.5
    endloop
  endfacet
  facet normal -0.999465 -0.0327206 0
    outer loop
      vertex -42.5 0 7.1
      vertex -42.409 -2.77963 -0.5
      vertex -42.409 -2.77963 7.1
    endloop
  endfacet
  facet normal 0.986645 0.162884 0
    outer loop
      vertex 42.1364 5.54736 7.1
      vertex 41.6834 8.29134 -0.5
      vertex 41.6834 8.29134 7.1
    endloop
  endfacet
  facet normal 0.986645 0.162884 0
    outer loop
      vertex 41.6834 8.29134 -0.5
      vertex 42.1364 5.54736 7.1
      vertex 42.1364 5.54736 -0.5
    endloop
  endfacet
  facet normal 0.995185 0.098018 0
    outer loop
      vertex 42.409 2.77963 7.1
      vertex 42.1364 5.54736 -0.5
      vertex 42.1364 5.54736 7.1
    endloop
  endfacet
  facet normal 0.995185 0.098018 0
    outer loop
      vertex 42.1364 5.54736 -0.5
      vertex 42.409 2.77963 7.1
      vertex 42.409 2.77963 -0.5
    endloop
  endfacet
  facet normal 0.935909 0.352242 0
    outer loop
      vertex 40.2445 13.6612 7.1
      vertex 39.2649 16.264 -0.5
      vertex 39.2649 16.264 7.1
    endloop
  endfacet
  facet normal 0.935909 0.352242 0
    outer loop
      vertex 39.2649 16.264 -0.5
      vertex 40.2445 13.6612 7.1
      vertex 40.2445 13.6612 -0.5
    endloop
  endfacet
  facet normal 0.77301 0.634394 0
    outer loop
      vertex 33.7175 25.8724 7.1
      vertex 31.9532 28.0222 -0.5
      vertex 31.9532 28.0222 7.1
    endloop
  endfacet
  facet normal 0.77301 0.634394 0
    outer loop
      vertex 31.9532 28.0222 -0.5
      vertex 33.7175 25.8724 7.1
      vertex 33.7175 25.8724 -0.5
    endloop
  endfacet
  facet normal 0.812846 0.582479 0
    outer loop
      vertex 35.3375 23.6117 7.1
      vertex 33.7175 25.8724 -0.5
      vertex 33.7175 25.8724 7.1
    endloop
  endfacet
  facet normal 0.812846 0.582479 0
    outer loop
      vertex 33.7175 25.8724 -0.5
      vertex 35.3375 23.6117 7.1
      vertex 35.3375 23.6117 -0.5
    endloop
  endfacet
  facet normal 0.849202 0.528068 0
    outer loop
      vertex 36.8061 21.25 7.1
      vertex 35.3375 23.6117 -0.5
      vertex 35.3375 23.6117 7.1
    endloop
  endfacet
  facet normal 0.849202 0.528068 0
    outer loop
      vertex 35.3375 23.6117 -0.5
      vertex 36.8061 21.25 7.1
      vertex 36.8061 21.25 -0.5
    endloop
  endfacet
  facet normal 0.352242 0.935909 -0
    outer loop
      vertex 16.264 39.2649 -0.5
      vertex 13.6612 40.2445 7.1
      vertex 16.264 39.2649 7.1
    endloop
  endfacet
  facet normal 0.352242 0.935909 0
    outer loop
      vertex 13.6612 40.2445 7.1
      vertex 16.264 39.2649 -0.5
      vertex 13.6612 40.2445 -0.5
    endloop
  endfacet
  facet normal 0.290276 0.956943 -0
    outer loop
      vertex 13.6612 40.2445 -0.5
      vertex 10.9998 41.0518 7.1
      vertex 13.6612 40.2445 7.1
    endloop
  endfacet
  facet normal 0.290276 0.956943 0
    outer loop
      vertex 10.9998 41.0518 7.1
      vertex 13.6612 40.2445 -0.5
      vertex 10.9998 41.0518 -0.5
    endloop
  endfacet
  facet normal 0.162884 0.986645 -0
    outer loop
      vertex 8.29134 41.6834 -0.5
      vertex 5.54736 42.1364 7.1
      vertex 8.29134 41.6834 7.1
    endloop
  endfacet
  facet normal 0.162884 0.986645 0
    outer loop
      vertex 5.54736 42.1364 7.1
      vertex 8.29134 41.6834 -0.5
      vertex 5.54736 42.1364 -0.5
    endloop
  endfacet
  facet normal 0.098018 0.995185 -0
    outer loop
      vertex 5.54736 42.1364 -0.5
      vertex 2.77963 42.409 7.1
      vertex 5.54736 42.1364 7.1
    endloop
  endfacet
  facet normal 0.098018 0.995185 0
    outer loop
      vertex 2.77963 42.409 7.1
      vertex 5.54736 42.1364 -0.5
      vertex 2.77963 42.409 -0.5
    endloop
  endfacet
  facet normal 0.528068 0.849202 -0
    outer loop
      vertex 23.6117 35.3375 -0.5
      vertex 21.25 36.8061 7.1
      vertex 23.6117 35.3375 7.1
    endloop
  endfacet
  facet normal 0.528068 0.849202 0
    outer loop
      vertex 21.25 36.8061 7.1
      vertex 23.6117 35.3375 -0.5
      vertex 21.25 36.8061 -0.5
    endloop
  endfacet
  facet normal 0.634394 0.77301 -0
    outer loop
      vertex 28.0222 31.9532 -0.5
      vertex 25.8724 33.7175 7.1
      vertex 28.0222 31.9532 7.1
    endloop
  endfacet
  facet normal 0.634394 0.77301 0
    outer loop
      vertex 25.8724 33.7175 7.1
      vertex 28.0222 31.9532 -0.5
      vertex 25.8724 33.7175 -0.5
    endloop
  endfacet
  facet normal 0.683609 0.729849 -0
    outer loop
      vertex 30.052 30.052 -0.5
      vertex 28.0222 31.9532 7.1
      vertex 30.052 30.052 7.1
    endloop
  endfacet
  facet normal 0.683609 0.729849 0
    outer loop
      vertex 28.0222 31.9532 7.1
      vertex 30.052 30.052 -0.5
      vertex 28.0222 31.9532 -0.5
    endloop
  endfacet
  facet normal -0.729849 0.683609 0
    outer loop
      vertex -31.9532 28.0222 -0.5
      vertex -30.052 30.052 7.1
      vertex -30.052 30.052 -0.5
    endloop
  endfacet
  facet normal -0.729849 0.683609 0
    outer loop
      vertex -30.052 30.052 7.1
      vertex -31.9532 28.0222 -0.5
      vertex -31.9532 28.0222 7.1
    endloop
  endfacet
  facet normal -0.77301 0.634394 0
    outer loop
      vertex -33.7175 25.8724 -0.5
      vertex -31.9532 28.0222 7.1
      vertex -31.9532 28.0222 -0.5
    endloop
  endfacet
  facet normal -0.77301 0.634394 0
    outer loop
      vertex -31.9532 28.0222 7.1
      vertex -33.7175 25.8724 -0.5
      vertex -33.7175 25.8724 7.1
    endloop
  endfacet
  facet normal -0.881921 0.471398 0
    outer loop
      vertex -38.1171 18.7973 -0.5
      vertex -36.8061 21.25 7.1
      vertex -36.8061 21.25 -0.5
    endloop
  endfacet
  facet normal -0.881921 0.471398 0
    outer loop
      vertex -36.8061 21.25 7.1
      vertex -38.1171 18.7973 -0.5
      vertex -38.1171 18.7973 7.1
    endloop
  endfacet
  facet normal -0.935909 0.352242 0
    outer loop
      vertex -40.2445 13.6612 -0.5
      vertex -39.2649 16.264 7.1
      vertex -39.2649 16.264 -0.5
    endloop
  endfacet
  facet normal -0.935909 0.352242 0
    outer loop
      vertex -39.2649 16.264 7.1
      vertex -40.2445 13.6612 -0.5
      vertex -40.2445 13.6612 7.1
    endloop
  endfacet
  facet normal -0.956943 0.290276 0
    outer loop
      vertex -41.0518 10.9998 -0.5
      vertex -40.2445 13.6612 7.1
      vertex -40.2445 13.6612 -0.5
    endloop
  endfacet
  facet normal -0.956943 0.290276 0
    outer loop
      vertex -40.2445 13.6612 7.1
      vertex -41.0518 10.9998 -0.5
      vertex -41.0518 10.9998 7.1
    endloop
  endfacet
  facet normal -0.986645 0.162884 0
    outer loop
      vertex -42.1364 5.54736 -0.5
      vertex -41.6834 8.29134 7.1
      vertex -41.6834 8.29134 -0.5
    endloop
  endfacet
  facet normal -0.986645 0.162884 0
    outer loop
      vertex -41.6834 8.29134 7.1
      vertex -42.1364 5.54736 -0.5
      vertex -42.1364 5.54736 7.1
    endloop
  endfacet
  facet normal -0.995185 0.098018 0
    outer loop
      vertex -42.409 2.77963 -0.5
      vertex -42.1364 5.54736 7.1
      vertex -42.1364 5.54736 -0.5
    endloop
  endfacet
  facet normal -0.995185 0.098018 0
    outer loop
      vertex -42.1364 5.54736 7.1
      vertex -42.409 2.77963 -0.5
      vertex -42.409 2.77963 7.1
    endloop
  endfacet
  facet normal -0.582479 0.812846 0
    outer loop
      vertex -23.6117 35.3375 -0.5
      vertex -25.8724 33.7175 7.1
      vertex -23.6117 35.3375 7.1
    endloop
  endfacet
  facet normal -0.582479 0.812846 0
    outer loop
      vertex -25.8724 33.7175 7.1
      vertex -23.6117 35.3375 -0.5
      vertex -25.8724 33.7175 -0.5
    endloop
  endfacet
  facet normal -0.471398 0.881921 0
    outer loop
      vertex -18.7973 38.1171 -0.5
      vertex -21.25 36.8061 7.1
      vertex -18.7973 38.1171 7.1
    endloop
  endfacet
  facet normal -0.471398 0.881921 0
    outer loop
      vertex -21.25 36.8061 7.1
      vertex -18.7973 38.1171 -0.5
      vertex -21.25 36.8061 -0.5
    endloop
  endfacet
  facet normal -0.352242 0.935909 0
    outer loop
      vertex -13.6612 40.2445 -0.5
      vertex -16.264 39.2649 7.1
      vertex -13.6612 40.2445 7.1
    endloop
  endfacet
  facet normal -0.352242 0.935909 0
    outer loop
      vertex -16.264 39.2649 7.1
      vertex -13.6612 40.2445 -0.5
      vertex -16.264 39.2649 -0.5
    endloop
  endfacet
  facet normal -0.227102 0.973871 0
    outer loop
      vertex -8.29134 41.6834 -0.5
      vertex -10.9998 41.0518 7.1
      vertex -8.29134 41.6834 7.1
    endloop
  endfacet
  facet normal -0.227102 0.973871 0
    outer loop
      vertex -10.9998 41.0518 7.1
      vertex -8.29134 41.6834 -0.5
      vertex -10.9998 41.0518 -0.5
    endloop
  endfacet
  facet normal -0.162884 0.986645 0
    outer loop
      vertex -5.54736 42.1364 -0.5
      vertex -8.29134 41.6834 7.1
      vertex -5.54736 42.1364 7.1
    endloop
  endfacet
  facet normal -0.162884 0.986645 0
    outer loop
      vertex -8.29134 41.6834 7.1
      vertex -5.54736 42.1364 -0.5
      vertex -8.29134 41.6834 -0.5
    endloop
  endfacet
  facet normal 0.999465 -0.0327206 0
    outer loop
      vertex 42.409 -2.77963 7.1
      vertex 42.5 0 -0.5
      vertex 42.5 0 7.1
    endloop
  endfacet
  facet normal 0.999465 -0.0327206 0
    outer loop
      vertex 42.5 0 -0.5
      vertex 42.409 -2.77963 7.1
      vertex 42.409 -2.77963 -0.5
    endloop
  endfacet
  facet normal 0.098018 -0.995185 0
    outer loop
      vertex 2.77963 -42.409 -0.5
      vertex 5.54736 -42.1364 7.1
      vertex 2.77963 -42.409 7.1
    endloop
  endfacet
  facet normal 0.098018 -0.995185 0
    outer loop
      vertex 5.54736 -42.1364 7.1
      vertex 2.77963 -42.409 -0.5
      vertex 5.54736 -42.1364 -0.5
    endloop
  endfacet
  facet normal 0.290276 -0.956943 0
    outer loop
      vertex 10.9998 -41.0518 -0.5
      vertex 13.6612 -40.2445 7.1
      vertex 10.9998 -41.0518 7.1
    endloop
  endfacet
  facet normal 0.290276 -0.956943 0
    outer loop
      vertex 13.6612 -40.2445 7.1
      vertex 10.9998 -41.0518 -0.5
      vertex 13.6612 -40.2445 -0.5
    endloop
  endfacet
  facet normal 0.471398 -0.881921 0
    outer loop
      vertex 18.7973 -38.1171 -0.5
      vertex 21.25 -36.8061 7.1
      vertex 18.7973 -38.1171 7.1
    endloop
  endfacet
  facet normal 0.471398 -0.881921 0
    outer loop
      vertex 21.25 -36.8061 7.1
      vertex 18.7973 -38.1171 -0.5
      vertex 21.25 -36.8061 -0.5
    endloop
  endfacet
  facet normal 0.528068 -0.849202 0
    outer loop
      vertex 21.25 -36.8061 -0.5
      vertex 23.6117 -35.3375 7.1
      vertex 21.25 -36.8061 7.1
    endloop
  endfacet
  facet normal 0.528068 -0.849202 0
    outer loop
      vertex 23.6117 -35.3375 7.1
      vertex 21.25 -36.8061 -0.5
      vertex 23.6117 -35.3375 -0.5
    endloop
  endfacet
  facet normal 0.729849 -0.683609 0
    outer loop
      vertex 30.052 -30.052 7.1
      vertex 31.9532 -28.0222 -0.5
      vertex 31.9532 -28.0222 7.1
    endloop
  endfacet
  facet normal 0.729849 -0.683609 0
    outer loop
      vertex 31.9532 -28.0222 -0.5
      vertex 30.052 -30.052 7.1
      vertex 30.052 -30.052 -0.5
    endloop
  endfacet
  facet normal 0.910867 -0.4127 0
    outer loop
      vertex 38.1171 -18.7973 7.1
      vertex 39.2649 -16.264 -0.5
      vertex 39.2649 -16.264 7.1
    endloop
  endfacet
  facet normal 0.910867 -0.4127 0
    outer loop
      vertex 39.2649 -16.264 -0.5
      vertex 38.1171 -18.7973 7.1
      vertex 38.1171 -18.7973 -0.5
    endloop
  endfacet
  facet normal 0.935909 -0.352242 0
    outer loop
      vertex 39.2649 -16.264 7.1
      vertex 40.2445 -13.6612 -0.5
      vertex 40.2445 -13.6612 7.1
    endloop
  endfacet
  facet normal 0.935909 -0.352242 0
    outer loop
      vertex 40.2445 -13.6612 -0.5
      vertex 39.2649 -16.264 7.1
      vertex 39.2649 -16.264 -0.5
    endloop
  endfacet
  facet normal 0.995185 -0.098018 0
    outer loop
      vertex 42.1364 -5.54736 7.1
      vertex 42.409 -2.77963 -0.5
      vertex 42.409 -2.77963 7.1
    endloop
  endfacet
  facet normal 0.995185 -0.098018 0
    outer loop
      vertex 42.409 -2.77963 -0.5
      vertex 42.1364 -5.54736 7.1
      vertex 42.1364 -5.54736 -0.5
    endloop
  endfacet
  facet normal -0.683609 -0.729849 0
    outer loop
      vertex -30.052 -30.052 -0.5
      vertex -28.0222 -31.9532 7.1
      vertex -30.052 -30.052 7.1
    endloop
  endfacet
  facet normal -0.683609 -0.729849 -0
    outer loop
      vertex -28.0222 -31.9532 7.1
      vertex -30.052 -30.052 -0.5
      vertex -28.0222 -31.9532 -0.5
    endloop
  endfacet
  facet normal -0.4127 -0.910867 0
    outer loop
      vertex -18.7973 -38.1171 -0.5
      vertex -16.264 -39.2649 7.1
      vertex -18.7973 -38.1171 7.1
    endloop
  endfacet
  facet normal -0.4127 -0.910867 -0
    outer loop
      vertex -16.264 -39.2649 7.1
      vertex -18.7973 -38.1171 -0.5
      vertex -16.264 -39.2649 -0.5
    endloop
  endfacet
  facet normal -0.528068 -0.849202 0
    outer loop
      vertex -23.6117 -35.3375 -0.5
      vertex -21.25 -36.8061 7.1
      vertex -23.6117 -35.3375 7.1
    endloop
  endfacet
  facet normal -0.528068 -0.849202 -0
    outer loop
      vertex -21.25 -36.8061 7.1
      vertex -23.6117 -35.3375 -0.5
      vertex -21.25 -36.8061 -0.5
    endloop
  endfacet
  facet normal -0.227102 -0.973871 0
    outer loop
      vertex -10.9998 -41.0518 -0.5
      vertex -8.29134 -41.6834 7.1
      vertex -10.9998 -41.0518 7.1
    endloop
  endfacet
  facet normal -0.227102 -0.973871 -0
    outer loop
      vertex -8.29134 -41.6834 7.1
      vertex -10.9998 -41.0518 -0.5
      vertex -8.29134 -41.6834 -0.5
    endloop
  endfacet
  facet normal -0.162884 -0.986645 0
    outer loop
      vertex -8.29134 -41.6834 -0.5
      vertex -5.54736 -42.1364 7.1
      vertex -8.29134 -41.6834 7.1
    endloop
  endfacet
  facet normal -0.162884 -0.986645 -0
    outer loop
      vertex -5.54736 -42.1364 7.1
      vertex -8.29134 -41.6834 -0.5
      vertex -5.54736 -42.1364 -0.5
    endloop
  endfacet
  facet normal -0.0327206 -0.999465 0
    outer loop
      vertex -2.77963 -42.409 -0.5
      vertex 0 -42.5 7.1
      vertex -2.77963 -42.409 7.1
    endloop
  endfacet
  facet normal -0.0327206 -0.999465 -0
    outer loop
      vertex 0 -42.5 7.1
      vertex -2.77963 -42.409 -0.5
      vertex 0 -42.5 -0.5
    endloop
  endfacet
  facet normal -0.77301 -0.634394 0
    outer loop
      vertex -31.9532 -28.0222 -0.5
      vertex -33.7175 -25.8724 7.1
      vertex -33.7175 -25.8724 -0.5
    endloop
  endfacet
  facet normal -0.77301 -0.634394 0
    outer loop
      vertex -33.7175 -25.8724 7.1
      vertex -31.9532 -28.0222 -0.5
      vertex -31.9532 -28.0222 7.1
    endloop
  endfacet
  facet normal -0.881921 -0.471398 0
    outer loop
      vertex -36.8061 -21.25 -0.5
      vertex -38.1171 -18.7973 7.1
      vertex -38.1171 -18.7973 -0.5
    endloop
  endfacet
  facet normal -0.881921 -0.471398 0
    outer loop
      vertex -38.1171 -18.7973 7.1
      vertex -36.8061 -21.25 -0.5
      vertex -36.8061 -21.25 7.1
    endloop
  endfacet
  facet normal -0.935909 -0.352242 0
    outer loop
      vertex -39.2649 -16.264 -0.5
      vertex -40.2445 -13.6612 7.1
      vertex -40.2445 -13.6612 -0.5
    endloop
  endfacet
  facet normal -0.935909 -0.352242 0
    outer loop
      vertex -40.2445 -13.6612 7.1
      vertex -39.2649 -16.264 -0.5
      vertex -39.2649 -16.264 7.1
    endloop
  endfacet
  facet normal -0.956943 -0.290276 0
    outer loop
      vertex -40.2445 -13.6612 -0.5
      vertex -41.0518 -10.9998 7.1
      vertex -41.0518 -10.9998 -0.5
    endloop
  endfacet
  facet normal -0.956943 -0.290276 0
    outer loop
      vertex -41.0518 -10.9998 7.1
      vertex -40.2445 -13.6612 -0.5
      vertex -40.2445 -13.6612 7.1
    endloop
  endfacet
  facet normal -0.995185 -0.098018 0
    outer loop
      vertex -42.1364 -5.54736 -0.5
      vertex -42.409 -2.77963 7.1
      vertex -42.409 -2.77963 -0.5
    endloop
  endfacet
  facet normal -0.995185 -0.098018 0
    outer loop
      vertex -42.409 -2.77963 7.1
      vertex -42.1364 -5.54736 -0.5
      vertex -42.1364 -5.54736 7.1
    endloop
  endfacet
  facet normal 0.162884 -0.986645 0
    outer loop
      vertex 5.54736 -42.1364 -0.5
      vertex 8.29134 -41.6834 7.1
      vertex 5.54736 -42.1364 7.1
    endloop
  endfacet
  facet normal 0.162884 -0.986645 0
    outer loop
      vertex 8.29134 -41.6834 7.1
      vertex 5.54736 -42.1364 -0.5
      vertex 8.29134 -41.6834 -0.5
    endloop
  endfacet
  facet normal 0.352242 -0.935909 0
    outer loop
      vertex 13.6612 -40.2445 -0.5
      vertex 16.264 -39.2649 7.1
      vertex 13.6612 -40.2445 7.1
    endloop
  endfacet
  facet normal 0.352242 -0.935909 0
    outer loop
      vertex 16.264 -39.2649 7.1
      vertex 13.6612 -40.2445 -0.5
      vertex 16.264 -39.2649 -0.5
    endloop
  endfacet
  facet normal 0.683609 -0.729849 0
    outer loop
      vertex 28.0222 -31.9532 -0.5
      vertex 30.052 -30.052 7.1
      vertex 28.0222 -31.9532 7.1
    endloop
  endfacet
  facet normal 0.683609 -0.729849 0
    outer loop
      vertex 30.052 -30.052 7.1
      vertex 28.0222 -31.9532 -0.5
      vertex 30.052 -30.052 -0.5
    endloop
  endfacet
  facet normal 0.77301 -0.634394 0
    outer loop
      vertex 31.9532 -28.0222 7.1
      vertex 33.7175 -25.8724 -0.5
      vertex 33.7175 -25.8724 7.1
    endloop
  endfacet
  facet normal 0.77301 -0.634394 0
    outer loop
      vertex 33.7175 -25.8724 -0.5
      vertex 31.9532 -28.0222 7.1
      vertex 31.9532 -28.0222 -0.5
    endloop
  endfacet
  facet normal 0.881921 -0.471398 0
    outer loop
      vertex 36.8061 -21.25 7.1
      vertex 38.1171 -18.7973 -0.5
      vertex 38.1171 -18.7973 7.1
    endloop
  endfacet
  facet normal 0.881921 -0.471398 0
    outer loop
      vertex 38.1171 -18.7973 -0.5
      vertex 36.8061 -21.25 7.1
      vertex 36.8061 -21.25 -0.5
    endloop
  endfacet
  facet normal 0.956943 -0.290276 0
    outer loop
      vertex 40.2445 -13.6612 7.1
      vertex 41.0518 -10.9998 -0.5
      vertex 41.0518 -10.9998 7.1
    endloop
  endfacet
  facet normal 0.956943 -0.290276 0
    outer loop
      vertex 41.0518 -10.9998 -0.5
      vertex 40.2445 -13.6612 7.1
      vertex 40.2445 -13.6612 -0.5
    endloop
  endfacet
  facet normal -0.634394 -0.77301 0
    outer loop
      vertex -28.0222 -31.9532 -0.5
      vertex -25.8724 -33.7175 7.1
      vertex -28.0222 -31.9532 7.1
    endloop
  endfacet
  facet normal -0.634394 -0.77301 -0
    outer loop
      vertex -25.8724 -33.7175 7.1
      vertex -28.0222 -31.9532 -0.5
      vertex -25.8724 -33.7175 -0.5
    endloop
  endfacet
  facet normal -0.471398 -0.881921 0
    outer loop
      vertex -21.25 -36.8061 -0.5
      vertex -18.7973 -38.1171 7.1
      vertex -21.25 -36.8061 7.1
    endloop
  endfacet
  facet normal -0.471398 -0.881921 -0
    outer loop
      vertex -18.7973 -38.1171 7.1
      vertex -21.25 -36.8061 -0.5
      vertex -18.7973 -38.1171 -0.5
    endloop
  endfacet
  facet normal -0.290276 -0.956943 0
    outer loop
      vertex -13.6612 -40.2445 -0.5
      vertex -10.9998 -41.0518 7.1
      vertex -13.6612 -40.2445 7.1
    endloop
  endfacet
  facet normal -0.290276 -0.956943 -0
    outer loop
      vertex -10.9998 -41.0518 7.1
      vertex -13.6612 -40.2445 -0.5
      vertex -10.9998 -41.0518 -0.5
    endloop
  endfacet
  facet normal -0.098018 -0.995185 0
    outer loop
      vertex -5.54736 -42.1364 -0.5
      vertex -2.77963 -42.409 7.1
      vertex -5.54736 -42.1364 7.1
    endloop
  endfacet
  facet normal -0.098018 -0.995185 -0
    outer loop
      vertex -2.77963 -42.409 7.1
      vertex -5.54736 -42.1364 -0.5
      vertex -2.77963 -42.409 -0.5
    endloop
  endfacet
  facet normal -0.729849 -0.683609 0
    outer loop
      vertex -30.052 -30.052 -0.5
      vertex -31.9532 -28.0222 7.1
      vertex -31.9532 -28.0222 -0.5
    endloop
  endfacet
  facet normal -0.729849 -0.683609 0
    outer loop
      vertex -31.9532 -28.0222 7.1
      vertex -30.052 -30.052 -0.5
      vertex -30.052 -30.052 7.1
    endloop
  endfacet
  facet normal -0.849202 -0.528068 0
    outer loop
      vertex -35.3375 -23.6117 -0.5
      vertex -36.8061 -21.25 7.1
      vertex -36.8061 -21.25 -0.5
    endloop
  endfacet
  facet normal -0.849202 -0.528068 0
    outer loop
      vertex -36.8061 -21.25 7.1
      vertex -35.3375 -23.6117 -0.5
      vertex -35.3375 -23.6117 7.1
    endloop
  endfacet
  facet normal -0.986645 -0.162884 0
    outer loop
      vertex -41.6834 -8.29134 -0.5
      vertex -42.1364 -5.54736 7.1
      vertex -42.1364 -5.54736 -0.5
    endloop
  endfacet
  facet normal -0.986645 -0.162884 0
    outer loop
      vertex -42.1364 -5.54736 7.1
      vertex -41.6834 -8.29134 -0.5
      vertex -41.6834 -8.29134 7.1
    endloop
  endfacet
  facet normal -0.999464 -0.0327262 0
    outer loop
      vertex 32.5 0 -0.5
      vertex 32.4304 2.1256 7.1
      vertex 32.4304 2.1256 -0.5
    endloop
  endfacet
  facet normal -0.999464 -0.0327262 0
    outer loop
      vertex 32.4304 2.1256 7.1
      vertex 32.5 0 -0.5
      vertex 32.5 0 7.1
    endloop
  endfacet
  facet normal 0.999464 -0.0327262 0
    outer loop
      vertex -32.5 0 7.1
      vertex -32.4304 2.1256 -0.5
      vertex -32.4304 2.1256 7.1
    endloop
  endfacet
  facet normal 0.999464 -0.0327262 0
    outer loop
      vertex -32.4304 2.1256 -0.5
      vertex -32.5 0 7.1
      vertex -32.5 0 -0.5
    endloop
  endfacet
  facet normal -0.0327262 -0.999464 0
    outer loop
      vertex 0 32.5 -0.5
      vertex 2.1256 32.4304 7.1
      vertex 0 32.5 7.1
    endloop
  endfacet
  facet normal -0.0327262 -0.999464 -0
    outer loop
      vertex 2.1256 32.4304 7.1
      vertex 0 32.5 -0.5
      vertex 2.1256 32.4304 -0.5
    endloop
  endfacet
  facet normal 0.0327262 0.999464 -0
    outer loop
      vertex 0 -32.5 -0.5
      vertex -2.1256 -32.4304 7.1
      vertex 0 -32.5 7.1
    endloop
  endfacet
  facet normal 0.0327262 0.999464 0
    outer loop
      vertex -2.1256 -32.4304 7.1
      vertex 0 -32.5 -0.5
      vertex -2.1256 -32.4304 -0.5
    endloop
  endfacet
  facet normal -0.729885 -0.68357 0
    outer loop
      vertex 24.4348 21.4287 -0.5
      vertex 22.981 22.981 7.1
      vertex 22.981 22.981 -0.5
    endloop
  endfacet
  facet normal -0.729885 -0.68357 0
    outer loop
      vertex 22.981 22.981 7.1
      vertex 24.4348 21.4287 -0.5
      vertex 24.4348 21.4287 7.1
    endloop
  endfacet
  facet normal 0.68357 -0.729885 0
    outer loop
      vertex -22.981 22.981 -0.5
      vertex -21.4287 24.4348 7.1
      vertex -22.981 22.981 7.1
    endloop
  endfacet
  facet normal 0.68357 -0.729885 0
    outer loop
      vertex -21.4287 24.4348 7.1
      vertex -22.981 22.981 -0.5
      vertex -21.4287 24.4348 -0.5
    endloop
  endfacet
  facet normal 0.352236 -0.935911 0
    outer loop
      vertex -12.4372 30.0261 -0.5
      vertex -10.4468 30.7752 7.1
      vertex -12.4372 30.0261 7.1
    endloop
  endfacet
  facet normal 0.352236 -0.935911 0
    outer loop
      vertex -10.4468 30.7752 7.1
      vertex -12.4372 30.0261 -0.5
      vertex -10.4468 30.7752 -0.5
    endloop
  endfacet
  facet normal -0.91087 -0.412694 0
    outer loop
      vertex 30.0261 12.4372 -0.5
      vertex 29.1484 14.3744 7.1
      vertex 29.1484 14.3744 -0.5
    endloop
  endfacet
  facet normal -0.91087 -0.412694 0
    outer loop
      vertex 29.1484 14.3744 7.1
      vertex 30.0261 12.4372 -0.5
      vertex 30.0261 12.4372 7.1
    endloop
  endfacet
  facet normal -0.412694 -0.91087 0
    outer loop
      vertex 12.4372 30.0261 -0.5
      vertex 14.3744 29.1484 7.1
      vertex 12.4372 30.0261 7.1
    endloop
  endfacet
  facet normal -0.412694 -0.91087 -0
    outer loop
      vertex 14.3744 29.1484 7.1
      vertex 12.4372 30.0261 -0.5
      vertex 14.3744 29.1484 -0.5
    endloop
  endfacet
  facet normal -0.582487 -0.81284 0
    outer loop
      vertex 18.056 27.0228 -0.5
      vertex 19.7847 25.784 7.1
      vertex 18.056 27.0228 7.1
    endloop
  endfacet
  facet normal -0.582487 -0.81284 -0
    outer loop
      vertex 19.7847 25.784 7.1
      vertex 18.056 27.0228 -0.5
      vertex 19.7847 25.784 -0.5
    endloop
  endfacet
  facet normal 0.91087 -0.412694 0
    outer loop
      vertex -30.0261 12.4372 7.1
      vertex -29.1484 14.3744 -0.5
      vertex -29.1484 14.3744 7.1
    endloop
  endfacet
  facet normal 0.91087 -0.412694 0
    outer loop
      vertex -29.1484 14.3744 -0.5
      vertex -30.0261 12.4372 7.1
      vertex -30.0261 12.4372 -0.5
    endloop
  endfacet
  facet normal 0.77301 -0.634394 0
    outer loop
      vertex -25.784 19.7847 7.1
      vertex -24.4348 21.4287 -0.5
      vertex -24.4348 21.4287 7.1
    endloop
  endfacet
  facet normal 0.77301 -0.634394 0
    outer loop
      vertex -24.4348 21.4287 -0.5
      vertex -25.784 19.7847 7.1
      vertex -25.784 19.7847 -0.5
    endloop
  endfacet
  facet normal 0.162924 -0.986639 0
    outer loop
      vertex -6.34044 31.8755 -0.5
      vertex -4.2421 32.222 7.1
      vertex -6.34044 31.8755 7.1
    endloop
  endfacet
  facet normal 0.162924 -0.986639 0
    outer loop
      vertex -4.2421 32.222 7.1
      vertex -6.34044 31.8755 -0.5
      vertex -4.2421 32.222 -0.5
    endloop
  endfacet
  facet normal 0.77301 0.634394 0
    outer loop
      vertex -24.4348 -21.4287 7.1
      vertex -25.784 -19.7847 -0.5
      vertex -25.784 -19.7847 7.1
    endloop
  endfacet
  facet normal 0.77301 0.634394 0
    outer loop
      vertex -25.784 -19.7847 -0.5
      vertex -24.4348 -21.4287 7.1
      vertex -24.4348 -21.4287 -0.5
    endloop
  endfacet
  facet normal -0.986639 -0.162924 0
    outer loop
      vertex 32.222 4.2421 -0.5
      vertex 31.8755 6.34044 7.1
      vertex 31.8755 6.34044 -0.5
    endloop
  endfacet
  facet normal -0.986639 -0.162924 0
    outer loop
      vertex 31.8755 6.34044 7.1
      vertex 32.222 4.2421 -0.5
      vertex 32.222 4.2421 7.1
    endloop
  endfacet
  facet normal -0.995187 -0.0979906 0
    outer loop
      vertex 32.4304 2.1256 -0.5
      vertex 32.222 4.2421 7.1
      vertex 32.222 4.2421 -0.5
    endloop
  endfacet
  facet normal -0.995187 -0.0979906 0
    outer loop
      vertex 32.222 4.2421 7.1
      vertex 32.4304 2.1256 -0.5
      vertex 32.4304 2.1256 7.1
    endloop
  endfacet
  facet normal -0.956936 -0.2903 0
    outer loop
      vertex 31.3926 8.41162 -0.5
      vertex 30.7752 10.4468 7.1
      vertex 30.7752 10.4468 -0.5
    endloop
  endfacet
  facet normal -0.956936 -0.2903 0
    outer loop
      vertex 30.7752 10.4468 7.1
      vertex 31.3926 8.41162 -0.5
      vertex 31.3926 8.41162 7.1
    endloop
  endfacet
  facet normal -0.849211 -0.528053 0
    outer loop
      vertex 28.1458 16.25 -0.5
      vertex 27.0228 18.056 7.1
      vertex 27.0228 18.056 -0.5
    endloop
  endfacet
  facet normal -0.849211 -0.528053 0
    outer loop
      vertex 27.0228 18.056 7.1
      vertex 28.1458 16.25 -0.5
      vertex 28.1458 16.25 7.1
    endloop
  endfacet
  facet normal -0.81284 -0.582487 0
    outer loop
      vertex 27.0228 18.056 -0.5
      vertex 25.784 19.7847 7.1
      vertex 25.784 19.7847 -0.5
    endloop
  endfacet
  facet normal -0.81284 -0.582487 0
    outer loop
      vertex 25.784 19.7847 7.1
      vertex 27.0228 18.056 -0.5
      vertex 27.0228 18.056 7.1
    endloop
  endfacet
  facet normal -0.881907 -0.471423 0
    outer loop
      vertex 29.1484 14.3744 -0.5
      vertex 28.1458 16.25 7.1
      vertex 28.1458 16.25 -0.5
    endloop
  endfacet
  facet normal -0.881907 -0.471423 0
    outer loop
      vertex 28.1458 16.25 7.1
      vertex 29.1484 14.3744 -0.5
      vertex 29.1484 14.3744 7.1
    endloop
  endfacet
  facet normal -0.2903 -0.956936 0
    outer loop
      vertex 8.41162 31.3926 -0.5
      vertex 10.4468 30.7752 7.1
      vertex 8.41162 31.3926 7.1
    endloop
  endfacet
  facet normal -0.2903 -0.956936 -0
    outer loop
      vertex 10.4468 30.7752 7.1
      vertex 8.41162 31.3926 -0.5
      vertex 10.4468 30.7752 -0.5
    endloop
  endfacet
  facet normal -0.352236 -0.935911 0
    outer loop
      vertex 10.4468 30.7752 -0.5
      vertex 12.4372 30.0261 7.1
      vertex 10.4468 30.7752 7.1
    endloop
  endfacet
  facet normal -0.352236 -0.935911 -0
    outer loop
      vertex 12.4372 30.0261 7.1
      vertex 10.4468 30.7752 -0.5
      vertex 12.4372 30.0261 -0.5
    endloop
  endfacet
  facet normal -0.162924 -0.986639 0
    outer loop
      vertex 4.2421 32.222 -0.5
      vertex 6.34044 31.8755 7.1
      vertex 4.2421 32.222 7.1
    endloop
  endfacet
  facet normal -0.162924 -0.986639 -0
    outer loop
      vertex 6.34044 31.8755 7.1
      vertex 4.2421 32.222 -0.5
      vertex 6.34044 31.8755 -0.5
    endloop
  endfacet
  facet normal -0.471423 -0.881907 0
    outer loop
      vertex 14.3744 29.1484 -0.5
      vertex 16.25 28.1458 7.1
      vertex 14.3744 29.1484 7.1
    endloop
  endfacet
  facet normal -0.471423 -0.881907 -0
    outer loop
      vertex 16.25 28.1458 7.1
      vertex 14.3744 29.1484 -0.5
      vertex 16.25 28.1458 -0.5
    endloop
  endfacet
  facet normal -0.634394 -0.77301 0
    outer loop
      vertex 19.7847 25.784 -0.5
      vertex 21.4287 24.4348 7.1
      vertex 19.7847 25.784 7.1
    endloop
  endfacet
  facet normal -0.634394 -0.77301 -0
    outer loop
      vertex 21.4287 24.4348 7.1
      vertex 19.7847 25.784 -0.5
      vertex 21.4287 24.4348 -0.5
    endloop
  endfacet
  facet normal 0.956936 -0.2903 0
    outer loop
      vertex -31.3926 8.41162 7.1
      vertex -30.7752 10.4468 -0.5
      vertex -30.7752 10.4468 7.1
    endloop
  endfacet
  facet normal 0.956936 -0.2903 0
    outer loop
      vertex -30.7752 10.4468 -0.5
      vertex -31.3926 8.41162 7.1
      vertex -31.3926 8.41162 -0.5
    endloop
  endfacet
  facet normal 0.81284 -0.582487 0
    outer loop
      vertex -27.0228 18.056 7.1
      vertex -25.784 19.7847 -0.5
      vertex -25.784 19.7847 7.1
    endloop
  endfacet
  facet normal 0.81284 -0.582487 0
    outer loop
      vertex -25.784 19.7847 -0.5
      vertex -27.0228 18.056 7.1
      vertex -27.0228 18.056 -0.5
    endloop
  endfacet
  facet normal 0.935911 -0.352236 0
    outer loop
      vertex -30.7752 10.4468 7.1
      vertex -30.0261 12.4372 -0.5
      vertex -30.0261 12.4372 7.1
    endloop
  endfacet
  facet normal 0.935911 -0.352236 0
    outer loop
      vertex -30.0261 12.4372 -0.5
      vertex -30.7752 10.4468 7.1
      vertex -30.7752 10.4468 -0.5
    endloop
  endfacet
  facet normal 0.986639 -0.162924 0
    outer loop
      vertex -32.222 4.2421 7.1
      vertex -31.8755 6.34044 -0.5
      vertex -31.8755 6.34044 7.1
    endloop
  endfacet
  facet normal 0.986639 -0.162924 0
    outer loop
      vertex -31.8755 6.34044 -0.5
      vertex -32.222 4.2421 7.1
      vertex -32.222 4.2421 -0.5
    endloop
  endfacet
  facet normal 0.471423 -0.881907 0
    outer loop
      vertex -16.25 28.1458 -0.5
      vertex -14.3744 29.1484 7.1
      vertex -16.25 28.1458 7.1
    endloop
  endfacet
  facet normal 0.471423 -0.881907 0
    outer loop
      vertex -14.3744 29.1484 7.1
      vertex -16.25 28.1458 -0.5
      vertex -14.3744 29.1484 -0.5
    endloop
  endfacet
  facet normal 0.412694 -0.91087 0
    outer loop
      vertex -14.3744 29.1484 -0.5
      vertex -12.4372 30.0261 7.1
      vertex -14.3744 29.1484 7.1
    endloop
  endfacet
  facet normal 0.412694 -0.91087 0
    outer loop
      vertex -12.4372 30.0261 7.1
      vertex -14.3744 29.1484 -0.5
      vertex -12.4372 30.0261 -0.5
    endloop
  endfacet
  facet normal 0.582487 -0.81284 0
    outer loop
      vertex -19.7847 25.784 -0.5
      vertex -18.056 27.0228 7.1
      vertex -19.7847 25.784 7.1
    endloop
  endfacet
  facet normal 0.582487 -0.81284 0
    outer loop
      vertex -18.056 27.0228 7.1
      vertex -19.7847 25.784 -0.5
      vertex -18.056 27.0228 -0.5
    endloop
  endfacet
  facet normal 0.2903 -0.956936 0
    outer loop
      vertex -10.4468 30.7752 -0.5
      vertex -8.41162 31.3926 7.1
      vertex -10.4468 30.7752 7.1
    endloop
  endfacet
  facet normal 0.2903 -0.956936 0
    outer loop
      vertex -8.41162 31.3926 7.1
      vertex -10.4468 30.7752 -0.5
      vertex -8.41162 31.3926 -0.5
    endloop
  endfacet
  facet normal 0.0979906 -0.995187 0
    outer loop
      vertex -4.2421 32.222 -0.5
      vertex -2.1256 32.4304 7.1
      vertex -4.2421 32.222 7.1
    endloop
  endfacet
  facet normal 0.0979906 -0.995187 0
    outer loop
      vertex -2.1256 32.4304 7.1
      vertex -4.2421 32.222 -0.5
      vertex -2.1256 32.4304 -0.5
    endloop
  endfacet
  facet normal -0.986639 0.162924 0
    outer loop
      vertex 31.8755 -6.34044 -0.5
      vertex 32.222 -4.2421 7.1
      vertex 32.222 -4.2421 -0.5
    endloop
  endfacet
  facet normal -0.986639 0.162924 0
    outer loop
      vertex 32.222 -4.2421 7.1
      vertex 31.8755 -6.34044 -0.5
      vertex 31.8755 -6.34044 7.1
    endloop
  endfacet
  facet normal -0.582487 0.81284 0
    outer loop
      vertex 19.7847 -25.784 -0.5
      vertex 18.056 -27.0228 7.1
      vertex 19.7847 -25.784 7.1
    endloop
  endfacet
  facet normal -0.582487 0.81284 0
    outer loop
      vertex 18.056 -27.0228 7.1
      vertex 19.7847 -25.784 -0.5
      vertex 18.056 -27.0228 -0.5
    endloop
  endfacet
  facet normal -0.68357 0.729885 0
    outer loop
      vertex 22.981 -22.981 -0.5
      vertex 21.4287 -24.4348 7.1
      vertex 22.981 -22.981 7.1
    endloop
  endfacet
  facet normal -0.68357 0.729885 0
    outer loop
      vertex 21.4287 -24.4348 7.1
      vertex 22.981 -22.981 -0.5
      vertex 21.4287 -24.4348 -0.5
    endloop
  endfacet
  facet normal -0.528053 0.849211 0
    outer loop
      vertex 18.056 -27.0228 -0.5
      vertex 16.25 -28.1458 7.1
      vertex 18.056 -27.0228 7.1
    endloop
  endfacet
  facet normal -0.528053 0.849211 0
    outer loop
      vertex 16.25 -28.1458 7.1
      vertex 18.056 -27.0228 -0.5
      vertex 16.25 -28.1458 -0.5
    endloop
  endfacet
  facet normal -0.412694 0.91087 0
    outer loop
      vertex 14.3744 -29.1484 -0.5
      vertex 12.4372 -30.0261 7.1
      vertex 14.3744 -29.1484 7.1
    endloop
  endfacet
  facet normal -0.412694 0.91087 0
    outer loop
      vertex 12.4372 -30.0261 7.1
      vertex 14.3744 -29.1484 -0.5
      vertex 12.4372 -30.0261 -0.5
    endloop
  endfacet
  facet normal -0.81284 0.582487 0
    outer loop
      vertex 25.784 -19.7847 -0.5
      vertex 27.0228 -18.056 7.1
      vertex 27.0228 -18.056 -0.5
    endloop
  endfacet
  facet normal -0.81284 0.582487 0
    outer loop
      vertex 27.0228 -18.056 7.1
      vertex 25.784 -19.7847 -0.5
      vertex 25.784 -19.7847 7.1
    endloop
  endfacet
  facet normal -0.935911 0.352236 0
    outer loop
      vertex 30.0261 -12.4372 -0.5
      vertex 30.7752 -10.4468 7.1
      vertex 30.7752 -10.4468 -0.5
    endloop
  endfacet
  facet normal -0.935911 0.352236 0
    outer loop
      vertex 30.7752 -10.4468 7.1
      vertex 30.0261 -12.4372 -0.5
      vertex 30.0261 -12.4372 7.1
    endloop
  endfacet
  facet normal -0.881907 0.471423 0
    outer loop
      vertex 28.1458 -16.25 -0.5
      vertex 29.1484 -14.3744 7.1
      vertex 29.1484 -14.3744 -0.5
    endloop
  endfacet
  facet normal -0.881907 0.471423 0
    outer loop
      vertex 29.1484 -14.3744 7.1
      vertex 28.1458 -16.25 -0.5
      vertex 28.1458 -16.25 7.1
    endloop
  endfacet
  facet normal 0.2903 0.956936 -0
    outer loop
      vertex -8.41162 -31.3926 -0.5
      vertex -10.4468 -30.7752 7.1
      vertex -8.41162 -31.3926 7.1
    endloop
  endfacet
  facet normal 0.2903 0.956936 0
    outer loop
      vertex -10.4468 -30.7752 7.1
      vertex -8.41162 -31.3926 -0.5
      vertex -10.4468 -30.7752 -0.5
    endloop
  endfacet
  facet normal 0.352236 0.935911 -0
    outer loop
      vertex -10.4468 -30.7752 -0.5
      vertex -12.4372 -30.0261 7.1
      vertex -10.4468 -30.7752 7.1
    endloop
  endfacet
  facet normal 0.352236 0.935911 0
    outer loop
      vertex -12.4372 -30.0261 7.1
      vertex -10.4468 -30.7752 -0.5
      vertex -12.4372 -30.0261 -0.5
    endloop
  endfacet
  facet normal 0.162924 0.986639 -0
    outer loop
      vertex -4.2421 -32.222 -0.5
      vertex -6.34044 -31.8755 7.1
      vertex -4.2421 -32.222 7.1
    endloop
  endfacet
  facet normal 0.162924 0.986639 0
    outer loop
      vertex -6.34044 -31.8755 7.1
      vertex -4.2421 -32.222 -0.5
      vertex -6.34044 -31.8755 -0.5
    endloop
  endfacet
  facet normal 0.849211 0.528053 0
    outer loop
      vertex -27.0228 -18.056 7.1
      vertex -28.1458 -16.25 -0.5
      vertex -28.1458 -16.25 7.1
    endloop
  endfacet
  facet normal 0.849211 0.528053 0
    outer loop
      vertex -28.1458 -16.25 -0.5
      vertex -27.0228 -18.056 7.1
      vertex -27.0228 -18.056 -0.5
    endloop
  endfacet
  facet normal 0.91087 0.412694 0
    outer loop
      vertex -29.1484 -14.3744 7.1
      vertex -30.0261 -12.4372 -0.5
      vertex -30.0261 -12.4372 7.1
    endloop
  endfacet
  facet normal 0.91087 0.412694 0
    outer loop
      vertex -30.0261 -12.4372 -0.5
      vertex -29.1484 -14.3744 7.1
      vertex -29.1484 -14.3744 -0.5
    endloop
  endfacet
  facet normal 0.81284 0.582487 0
    outer loop
      vertex -25.784 -19.7847 7.1
      vertex -27.0228 -18.056 -0.5
      vertex -27.0228 -18.056 7.1
    endloop
  endfacet
  facet normal 0.81284 0.582487 0
    outer loop
      vertex -27.0228 -18.056 -0.5
      vertex -25.784 -19.7847 7.1
      vertex -25.784 -19.7847 -0.5
    endloop
  endfacet
  facet normal 0.935911 0.352236 0
    outer loop
      vertex -30.0261 -12.4372 7.1
      vertex -30.7752 -10.4468 -0.5
      vertex -30.7752 -10.4468 7.1
    endloop
  endfacet
  facet normal 0.935911 0.352236 0
    outer loop
      vertex -30.7752 -10.4468 -0.5
      vertex -30.0261 -12.4372 7.1
      vertex -30.0261 -12.4372 -0.5
    endloop
  endfacet
  facet normal -0.97388 -0.227062 0
    outer loop
      vertex 31.8755 6.34044 -0.5
      vertex 31.3926 8.41162 7.1
      vertex 31.3926 8.41162 -0.5
    endloop
  endfacet
  facet normal -0.97388 -0.227062 0
    outer loop
      vertex 31.3926 8.41162 7.1
      vertex 31.8755 6.34044 -0.5
      vertex 31.8755 6.34044 7.1
    endloop
  endfacet
  facet normal -0.935911 -0.352236 0
    outer loop
      vertex 30.7752 10.4468 -0.5
      vertex 30.0261 12.4372 7.1
      vertex 30.0261 12.4372 -0.5
    endloop
  endfacet
  facet normal -0.935911 -0.352236 0
    outer loop
      vertex 30.0261 12.4372 7.1
      vertex 30.7752 10.4468 -0.5
      vertex 30.7752 10.4468 7.1
    endloop
  endfacet
  facet normal -0.77301 -0.634394 0
    outer loop
      vertex 25.784 19.7847 -0.5
      vertex 24.4348 21.4287 7.1
      vertex 24.4348 21.4287 -0.5
    endloop
  endfacet
  facet normal -0.77301 -0.634394 0
    outer loop
      vertex 24.4348 21.4287 7.1
      vertex 25.784 19.7847 -0.5
      vertex 25.784 19.7847 7.1
    endloop
  endfacet
  facet normal -0.227062 -0.97388 0
    outer loop
      vertex 6.34044 31.8755 -0.5
      vertex 8.41162 31.3926 7.1
      vertex 6.34044 31.8755 7.1
    endloop
  endfacet
  facet normal -0.227062 -0.97388 -0
    outer loop
      vertex 8.41162 31.3926 7.1
      vertex 6.34044 31.8755 -0.5
      vertex 8.41162 31.3926 -0.5
    endloop
  endfacet
  facet normal -0.0979906 -0.995187 0
    outer loop
      vertex 2.1256 32.4304 -0.5
      vertex 4.2421 32.222 7.1
      vertex 2.1256 32.4304 7.1
    endloop
  endfacet
  facet normal -0.0979906 -0.995187 -0
    outer loop
      vertex 4.2421 32.222 7.1
      vertex 2.1256 32.4304 -0.5
      vertex 4.2421 32.222 -0.5
    endloop
  endfacet
  facet normal -0.528053 -0.849211 0
    outer loop
      vertex 16.25 28.1458 -0.5
      vertex 18.056 27.0228 7.1
      vertex 16.25 28.1458 7.1
    endloop
  endfacet
  facet normal -0.528053 -0.849211 -0
    outer loop
      vertex 18.056 27.0228 7.1
      vertex 16.25 28.1458 -0.5
      vertex 18.056 27.0228 -0.5
    endloop
  endfacet
  facet normal -0.68357 -0.729885 0
    outer loop
      vertex 21.4287 24.4348 -0.5
      vertex 22.981 22.981 7.1
      vertex 21.4287 24.4348 7.1
    endloop
  endfacet
  facet normal -0.68357 -0.729885 -0
    outer loop
      vertex 22.981 22.981 7.1
      vertex 21.4287 24.4348 -0.5
      vertex 22.981 22.981 -0.5
    endloop
  endfacet
  facet normal 0.849211 -0.528053 0
    outer loop
      vertex -28.1458 16.25 7.1
      vertex -27.0228 18.056 -0.5
      vertex -27.0228 18.056 7.1
    endloop
  endfacet
  facet normal 0.849211 -0.528053 0
    outer loop
      vertex -27.0228 18.056 -0.5
      vertex -28.1458 16.25 7.1
      vertex -28.1458 16.25 -0.5
    endloop
  endfacet
  facet normal 0.881907 -0.471423 0
    outer loop
      vertex -29.1484 14.3744 7.1
      vertex -28.1458 16.25 -0.5
      vertex -28.1458 16.25 7.1
    endloop
  endfacet
  facet normal 0.881907 -0.471423 0
    outer loop
      vertex -28.1458 16.25 -0.5
      vertex -29.1484 14.3744 7.1
      vertex -29.1484 14.3744 -0.5
    endloop
  endfacet
  facet normal 0.97388 -0.227062 0
    outer loop
      vertex -31.8755 6.34044 7.1
      vertex -31.3926 8.41162 -0.5
      vertex -31.3926 8.41162 7.1
    endloop
  endfacet
  facet normal 0.97388 -0.227062 0
    outer loop
      vertex -31.3926 8.41162 -0.5
      vertex -31.8755 6.34044 7.1
      vertex -31.8755 6.34044 -0.5
    endloop
  endfacet
  facet normal 0.995187 -0.0979906 0
    outer loop
      vertex -32.4304 2.1256 7.1
      vertex -32.222 4.2421 -0.5
      vertex -32.222 4.2421 7.1
    endloop
  endfacet
  facet normal 0.995187 -0.0979906 0
    outer loop
      vertex -32.222 4.2421 -0.5
      vertex -32.4304 2.1256 7.1
      vertex -32.4304 2.1256 -0.5
    endloop
  endfacet
  facet normal 0.528053 -0.849211 0
    outer loop
      vertex -18.056 27.0228 -0.5
      vertex -16.25 28.1458 7.1
      vertex -18.056 27.0228 7.1
    endloop
  endfacet
  facet normal 0.528053 -0.849211 0
    outer loop
      vertex -16.25 28.1458 7.1
      vertex -18.056 27.0228 -0.5
      vertex -16.25 28.1458 -0.5
    endloop
  endfacet
  facet normal 0.0327262 -0.999464 0
    outer loop
      vertex -2.1256 32.4304 -0.5
      vertex 0 32.5 7.1
      vertex -2.1256 32.4304 7.1
    endloop
  endfacet
  facet normal 0.0327262 -0.999464 0
    outer loop
      vertex 0 32.5 7.1
      vertex -2.1256 32.4304 -0.5
      vertex 0 32.5 -0.5
    endloop
  endfacet
  facet normal -0.999464 0.0327262 0
    outer loop
      vertex 32.4304 -2.1256 -0.5
      vertex 32.5 0 7.1
      vertex 32.5 0 -0.5
    endloop
  endfacet
  facet normal -0.999464 0.0327262 0
    outer loop
      vertex 32.5 0 7.1
      vertex 32.4304 -2.1256 -0.5
      vertex 32.4304 -2.1256 7.1
    endloop
  endfacet
  facet normal -0.0327262 0.999464 0
    outer loop
      vertex 2.1256 -32.4304 -0.5
      vertex 0 -32.5 7.1
      vertex 2.1256 -32.4304 7.1
    endloop
  endfacet
  facet normal -0.0327262 0.999464 0
    outer loop
      vertex 0 -32.5 7.1
      vertex 2.1256 -32.4304 -0.5
      vertex 0 -32.5 -0.5
    endloop
  endfacet
  facet normal -0.162924 0.986639 0
    outer loop
      vertex 6.34044 -31.8755 -0.5
      vertex 4.2421 -32.222 7.1
      vertex 6.34044 -31.8755 7.1
    endloop
  endfacet
  facet normal -0.162924 0.986639 0
    outer loop
      vertex 4.2421 -32.222 7.1
      vertex 6.34044 -31.8755 -0.5
      vertex 4.2421 -32.222 -0.5
    endloop
  endfacet
  facet normal -0.227062 0.97388 0
    outer loop
      vertex 8.41162 -31.3926 -0.5
      vertex 6.34044 -31.8755 7.1
      vertex 8.41162 -31.3926 7.1
    endloop
  endfacet
  facet normal -0.227062 0.97388 0
    outer loop
      vertex 6.34044 -31.8755 7.1
      vertex 8.41162 -31.3926 -0.5
      vertex 6.34044 -31.8755 -0.5
    endloop
  endfacet
  facet normal -0.352236 0.935911 0
    outer loop
      vertex 12.4372 -30.0261 -0.5
      vertex 10.4468 -30.7752 7.1
      vertex 12.4372 -30.0261 7.1
    endloop
  endfacet
  facet normal -0.352236 0.935911 0
    outer loop
      vertex 10.4468 -30.7752 7.1
      vertex 12.4372 -30.0261 -0.5
      vertex 10.4468 -30.7752 -0.5
    endloop
  endfacet
  facet normal -0.2903 0.956936 0
    outer loop
      vertex 10.4468 -30.7752 -0.5
      vertex 8.41162 -31.3926 7.1
      vertex 10.4468 -30.7752 7.1
    endloop
  endfacet
  facet normal -0.2903 0.956936 0
    outer loop
      vertex 8.41162 -31.3926 7.1
      vertex 10.4468 -30.7752 -0.5
      vertex 8.41162 -31.3926 -0.5
    endloop
  endfacet
  facet normal -0.634394 0.77301 0
    outer loop
      vertex 21.4287 -24.4348 -0.5
      vertex 19.7847 -25.784 7.1
      vertex 21.4287 -24.4348 7.1
    endloop
  endfacet
  facet normal -0.634394 0.77301 0
    outer loop
      vertex 19.7847 -25.784 7.1
      vertex 21.4287 -24.4348 -0.5
      vertex 19.7847 -25.784 -0.5
    endloop
  endfacet
  facet normal -0.471423 0.881907 0
    outer loop
      vertex 16.25 -28.1458 -0.5
      vertex 14.3744 -29.1484 7.1
      vertex 16.25 -28.1458 7.1
    endloop
  endfacet
  facet normal -0.471423 0.881907 0
    outer loop
      vertex 14.3744 -29.1484 7.1
      vertex 16.25 -28.1458 -0.5
      vertex 14.3744 -29.1484 -0.5
    endloop
  endfacet
  facet normal -0.729885 0.68357 0
    outer loop
      vertex 22.981 -22.981 -0.5
      vertex 24.4348 -21.4287 7.1
      vertex 24.4348 -21.4287 -0.5
    endloop
  endfacet
  facet normal -0.729885 0.68357 0
    outer loop
      vertex 24.4348 -21.4287 7.1
      vertex 22.981 -22.981 -0.5
      vertex 22.981 -22.981 7.1
    endloop
  endfacet
  facet normal -0.77301 0.634394 0
    outer loop
      vertex 24.4348 -21.4287 -0.5
      vertex 25.784 -19.7847 7.1
      vertex 25.784 -19.7847 -0.5
    endloop
  endfacet
  facet normal -0.77301 0.634394 0
    outer loop
      vertex 25.784 -19.7847 7.1
      vertex 24.4348 -21.4287 -0.5
      vertex 24.4348 -21.4287 7.1
    endloop
  endfacet
  facet normal -0.91087 0.412694 0
    outer loop
      vertex 29.1484 -14.3744 -0.5
      vertex 30.0261 -12.4372 7.1
      vertex 30.0261 -12.4372 -0.5
    endloop
  endfacet
  facet normal -0.91087 0.412694 0
    outer loop
      vertex 30.0261 -12.4372 7.1
      vertex 29.1484 -14.3744 -0.5
      vertex 29.1484 -14.3744 7.1
    endloop
  endfacet
  facet normal -0.956936 0.2903 0
    outer loop
      vertex 30.7752 -10.4468 -0.5
      vertex 31.3926 -8.41162 7.1
      vertex 31.3926 -8.41162 -0.5
    endloop
  endfacet
  facet normal -0.956936 0.2903 0
    outer loop
      vertex 31.3926 -8.41162 7.1
      vertex 30.7752 -10.4468 -0.5
      vertex 30.7752 -10.4468 7.1
    endloop
  endfacet
  facet normal -0.995187 0.0979906 0
    outer loop
      vertex 32.222 -4.2421 -0.5
      vertex 32.4304 -2.1256 7.1
      vertex 32.4304 -2.1256 -0.5
    endloop
  endfacet
  facet normal -0.995187 0.0979906 0
    outer loop
      vertex 32.4304 -2.1256 7.1
      vertex 32.222 -4.2421 -0.5
      vertex 32.222 -4.2421 7.1
    endloop
  endfacet
  facet normal 0.582487 0.81284 -0
    outer loop
      vertex -18.056 -27.0228 -0.5
      vertex -19.7847 -25.784 7.1
      vertex -18.056 -27.0228 7.1
    endloop
  endfacet
  facet normal 0.582487 0.81284 0
    outer loop
      vertex -19.7847 -25.784 7.1
      vertex -18.056 -27.0228 -0.5
      vertex -19.7847 -25.784 -0.5
    endloop
  endfacet
  facet normal 0.68357 0.729885 -0
    outer loop
      vertex -21.4287 -24.4348 -0.5
      vertex -22.981 -22.981 7.1
      vertex -21.4287 -24.4348 7.1
    endloop
  endfacet
  facet normal 0.68357 0.729885 0
    outer loop
      vertex -22.981 -22.981 7.1
      vertex -21.4287 -24.4348 -0.5
      vertex -22.981 -22.981 -0.5
    endloop
  endfacet
  facet normal 0.634394 0.77301 -0
    outer loop
      vertex -19.7847 -25.784 -0.5
      vertex -21.4287 -24.4348 7.1
      vertex -19.7847 -25.784 7.1
    endloop
  endfacet
  facet normal 0.634394 0.77301 0
    outer loop
      vertex -21.4287 -24.4348 7.1
      vertex -19.7847 -25.784 -0.5
      vertex -21.4287 -24.4348 -0.5
    endloop
  endfacet
  facet normal 0.528053 0.849211 -0
    outer loop
      vertex -16.25 -28.1458 -0.5
      vertex -18.056 -27.0228 7.1
      vertex -16.25 -28.1458 7.1
    endloop
  endfacet
  facet normal 0.528053 0.849211 0
    outer loop
      vertex -18.056 -27.0228 7.1
      vertex -16.25 -28.1458 -0.5
      vertex -18.056 -27.0228 -0.5
    endloop
  endfacet
  facet normal 0.412694 0.91087 -0
    outer loop
      vertex -12.4372 -30.0261 -0.5
      vertex -14.3744 -29.1484 7.1
      vertex -12.4372 -30.0261 7.1
    endloop
  endfacet
  facet normal 0.412694 0.91087 0
    outer loop
      vertex -14.3744 -29.1484 7.1
      vertex -12.4372 -30.0261 -0.5
      vertex -14.3744 -29.1484 -0.5
    endloop
  endfacet
  facet normal 0.471423 0.881907 -0
    outer loop
      vertex -14.3744 -29.1484 -0.5
      vertex -16.25 -28.1458 7.1
      vertex -14.3744 -29.1484 7.1
    endloop
  endfacet
  facet normal 0.471423 0.881907 0
    outer loop
      vertex -16.25 -28.1458 7.1
      vertex -14.3744 -29.1484 -0.5
      vertex -16.25 -28.1458 -0.5
    endloop
  endfacet
  facet normal 0.0979906 0.995187 -0
    outer loop
      vertex -2.1256 -32.4304 -0.5
      vertex -4.2421 -32.222 7.1
      vertex -2.1256 -32.4304 7.1
    endloop
  endfacet
  facet normal 0.0979906 0.995187 0
    outer loop
      vertex -4.2421 -32.222 7.1
      vertex -2.1256 -32.4304 -0.5
      vertex -4.2421 -32.222 -0.5
    endloop
  endfacet
  facet normal 0.729885 0.68357 0
    outer loop
      vertex -22.981 -22.981 7.1
      vertex -24.4348 -21.4287 -0.5
      vertex -24.4348 -21.4287 7.1
    endloop
  endfacet
  facet normal 0.729885 0.68357 0
    outer loop
      vertex -24.4348 -21.4287 -0.5
      vertex -22.981 -22.981 7.1
      vertex -22.981 -22.981 -0.5
    endloop
  endfacet
  facet normal 0.881907 0.471423 0
    outer loop
      vertex -28.1458 -16.25 7.1
      vertex -29.1484 -14.3744 -0.5
      vertex -29.1484 -14.3744 7.1
    endloop
  endfacet
  facet normal 0.881907 0.471423 0
    outer loop
      vertex -29.1484 -14.3744 -0.5
      vertex -28.1458 -16.25 7.1
      vertex -28.1458 -16.25 -0.5
    endloop
  endfacet
  facet normal 0.97388 0.227062 0
    outer loop
      vertex -31.3926 -8.41162 7.1
      vertex -31.8755 -6.34044 -0.5
      vertex -31.8755 -6.34044 7.1
    endloop
  endfacet
  facet normal 0.97388 0.227062 0
    outer loop
      vertex -31.8755 -6.34044 -0.5
      vertex -31.3926 -8.41162 7.1
      vertex -31.3926 -8.41162 -0.5
    endloop
  endfacet
  facet normal 0.986639 0.162924 0
    outer loop
      vertex -31.8755 -6.34044 7.1
      vertex -32.222 -4.2421 -0.5
      vertex -32.222 -4.2421 7.1
    endloop
  endfacet
  facet normal 0.986639 0.162924 0
    outer loop
      vertex -32.222 -4.2421 -0.5
      vertex -31.8755 -6.34044 7.1
      vertex -31.8755 -6.34044 -0.5
    endloop
  endfacet
  facet normal 0.999464 0.0327262 0
    outer loop
      vertex -32.4304 -2.1256 7.1
      vertex -32.5 0 -0.5
      vertex -32.5 0 7.1
    endloop
  endfacet
  facet normal 0.999464 0.0327262 0
    outer loop
      vertex -32.5 0 -0.5
      vertex -32.4304 -2.1256 7.1
      vertex -32.4304 -2.1256 -0.5
    endloop
  endfacet
  facet normal 0.729885 -0.68357 0
    outer loop
      vertex -24.4348 21.4287 7.1
      vertex -22.981 22.981 -0.5
      vertex -22.981 22.981 7.1
    endloop
  endfacet
  facet normal 0.729885 -0.68357 0
    outer loop
      vertex -22.981 22.981 -0.5
      vertex -24.4348 21.4287 7.1
      vertex -24.4348 21.4287 -0.5
    endloop
  endfacet
  facet normal 0.634394 -0.77301 0
    outer loop
      vertex -21.4287 24.4348 -0.5
      vertex -19.7847 25.784 7.1
      vertex -21.4287 24.4348 7.1
    endloop
  endfacet
  facet normal 0.634394 -0.77301 0
    outer loop
      vertex -19.7847 25.784 7.1
      vertex -21.4287 24.4348 -0.5
      vertex -19.7847 25.784 -0.5
    endloop
  endfacet
  facet normal 0.227062 -0.97388 0
    outer loop
      vertex -8.41162 31.3926 -0.5
      vertex -6.34044 31.8755 7.1
      vertex -8.41162 31.3926 7.1
    endloop
  endfacet
  facet normal 0.227062 -0.97388 0
    outer loop
      vertex -6.34044 31.8755 7.1
      vertex -8.41162 31.3926 -0.5
      vertex -6.34044 31.8755 -0.5
    endloop
  endfacet
  facet normal -0.0979906 0.995187 0
    outer loop
      vertex 4.2421 -32.222 -0.5
      vertex 2.1256 -32.4304 7.1
      vertex 4.2421 -32.222 7.1
    endloop
  endfacet
  facet normal -0.0979906 0.995187 0
    outer loop
      vertex 2.1256 -32.4304 7.1
      vertex 4.2421 -32.222 -0.5
      vertex 2.1256 -32.4304 -0.5
    endloop
  endfacet
  facet normal -0.849211 0.528053 0
    outer loop
      vertex 27.0228 -18.056 -0.5
      vertex 28.1458 -16.25 7.1
      vertex 28.1458 -16.25 -0.5
    endloop
  endfacet
  facet normal -0.849211 0.528053 0
    outer loop
      vertex 28.1458 -16.25 7.1
      vertex 27.0228 -18.056 -0.5
      vertex 27.0228 -18.056 7.1
    endloop
  endfacet
  facet normal -0.97388 0.227062 0
    outer loop
      vertex 31.3926 -8.41162 -0.5
      vertex 31.8755 -6.34044 7.1
      vertex 31.8755 -6.34044 -0.5
    endloop
  endfacet
  facet normal -0.97388 0.227062 0
    outer loop
      vertex 31.8755 -6.34044 7.1
      vertex 31.3926 -8.41162 -0.5
      vertex 31.3926 -8.41162 7.1
    endloop
  endfacet
  facet normal 0.227062 0.97388 -0
    outer loop
      vertex -6.34044 -31.8755 -0.5
      vertex -8.41162 -31.3926 7.1
      vertex -6.34044 -31.8755 7.1
    endloop
  endfacet
  facet normal 0.227062 0.97388 0
    outer loop
      vertex -8.41162 -31.3926 7.1
      vertex -6.34044 -31.8755 -0.5
      vertex -8.41162 -31.3926 -0.5
    endloop
  endfacet
  facet normal 0.956936 0.2903 0
    outer loop
      vertex -30.7752 -10.4468 7.1
      vertex -31.3926 -8.41162 -0.5
      vertex -31.3926 -8.41162 7.1
    endloop
  endfacet
  facet normal 0.956936 0.2903 0
    outer loop
      vertex -31.3926 -8.41162 -0.5
      vertex -30.7752 -10.4468 7.1
      vertex -30.7752 -10.4468 -0.5
    endloop
  endfacet
  facet normal 0.995187 0.0979906 0
    outer loop
      vertex -32.222 -4.2421 7.1
      vertex -32.4304 -2.1256 -0.5
      vertex -32.4304 -2.1256 7.1
    endloop
  endfacet
  facet normal 0.995187 0.0979906 0
    outer loop
      vertex -32.4304 -2.1256 -0.5
      vertex -32.222 -4.2421 7.1
      vertex -32.222 -4.2421 -0.5
    endloop
  endfacet
endsolid OpenSCAD_Model
