solid OpenSCAD_Model
  facet normal 0 0 -1
    outer loop
      vertex 37.8555 -11.222 0
      vertex 37.8534 -11.1435 0
      vertex 37.8557 -11.1827 0
    endloop
  endfacet
  facet normal 0 0 -1
    outer loop
      vertex 37.8526 -11.2611 0
      vertex 37.8534 -11.1435 0
      vertex 37.8555 -11.222 0
    endloop
  endfacet
  facet normal 0 0 -1
    outer loop
      vertex 37.8526 -11.2611 0
      vertex 37.8485 -11.1045 0
      vertex 37.8534 -11.1435 0
    endloop
  endfacet
  facet normal 0 0 -1
    outer loop
      vertex 37.8473 -11.3 0
      vertex 37.8485 -11.1045 0
      vertex 37.8526 -11.2611 0
    endloop
  endfacet
  facet normal 0 0 -1
    outer loop
      vertex 37.8473 -11.3 0
      vertex 37.8411 -11.066 0
      vertex 37.8485 -11.1045 0
    endloop
  endfacet
  facet normal 0 0 -1
    outer loop
      vertex 37.8393 -11.3385 0
      vertex 37.8411 -11.066 0
      vertex 37.8473 -11.3 0
    endloop
  endfacet
  facet normal 0 0 -1
    outer loop
      vertex 37.8393 -11.3385 0
      vertex 37.8312 -11.028 0
      vertex 37.8411 -11.066 0
    endloop
  endfacet
  facet normal 0 0 -1
    outer loop
      vertex 37.8295 -11.3746 0
      vertex 37.8312 -11.028 0
      vertex 37.8393 -11.3385 0
    endloop
  endfacet
  facet normal 0 0 -1
    outer loop
      vertex 37.8295 -11.3746 0
      vertex 37.8188 -10.9907 0
      vertex 37.8312 -11.028 0
    endloop
  endfacet
  facet normal 0 0 -1
    outer loop
      vertex 37.8295 -11.3746 0
      vertex 37.804 -10.9544 0
      vertex 37.8188 -10.9907 0
    endloop
  endfacet
  facet normal 0 0 -1
    outer loop
      vertex 37.8295 -11.3746 0
      vertex 37.7869 -10.919 0
      vertex 37.804 -10.9544 0
    endloop
  endfacet
  facet normal 0 0 -1
    outer loop
      vertex 37.8295 -11.3746 0
      vertex 37.7675 -10.8849 0
      vertex 37.7869 -10.919 0
    endloop
  endfacet
  facet normal 0 0 -1
    outer loop
      vertex 37.8295 -11.3746 0
      vertex 37.7459 -10.8521 0
      vertex 37.7675 -10.8849 0
    endloop
  endfacet
  facet normal 0 0 -1
    outer loop
      vertex 37.8295 -11.3746 0
      vertex 37.7222 -10.8208 0
      vertex 37.7459 -10.8521 0
    endloop
  endfacet
  facet normal 0 0 -1
    outer loop
      vertex 37.8295 -11.3746 0
      vertex 37.6965 -10.7911 0
      vertex 37.7222 -10.8208 0
    endloop
  endfacet
  facet normal 0 0 -1
    outer loop
      vertex 37.8295 -11.3746 0
      vertex 37.6689 -10.7632 0
      vertex 37.6965 -10.7911 0
    endloop
  endfacet
  facet normal 0 0 -1
    outer loop
      vertex 37.8295 -11.3746 0
      vertex 37.6396 -10.7371 0
      vertex 37.6689 -10.7632 0
    endloop
  endfacet
  facet normal 0 0 -1
    outer loop
      vertex 37.8295 -11.3746 0
      vertex 37.6086 -10.713 0
      vertex 37.6396 -10.7371 0
    endloop
  endfacet
  facet normal 0 0 -1
    outer loop
      vertex 37.566 -12.2319 0
      vertex 37.6086 -10.713 0
      vertex 37.8295 -11.3746 0
    endloop
  endfacet
  facet normal 0 0 -1
    outer loop
      vertex 37.5597 -12.2512 0
      vertex 37.6086 -10.713 0
      vertex 37.566 -12.2319 0
    endloop
  endfacet
  facet normal 0 0 -1
    outer loop
      vertex 34.4809 -8.4406 0
      vertex 37.5597 -12.2512 0
      vertex 37.1312 -13.4945 0
    endloop
  endfacet
  facet normal 0 0 -1
    outer loop
      vertex 34.4809 -8.4406 0
      vertex 37.1312 -13.4945 0
      vertex 37.1243 -13.5135 0
    endloop
  endfacet
  facet normal 0 0 -1
    outer loop
      vertex 34.4809 -8.4406 0
      vertex 37.1243 -13.5135 0
      vertex 36.6536 -14.7424 0
    endloop
  endfacet
  facet normal 0 0 -1
    outer loop
      vertex 34.4809 -8.4406 0
      vertex 36.6536 -14.7424 0
      vertex 36.646 -14.7612 0
    endloop
  endfacet
  facet normal 0 0 -1
    outer loop
      vertex 34.4809 -8.4406 0
      vertex 36.646 -14.7612 0
      vertex 36.1345 -15.9725 0
    endloop
  endfacet
  facet normal 0 0 -1
    outer loop
      vertex 34.4809 -8.4406 0
      vertex 36.1345 -15.9725 0
      vertex 36.1263 -15.9911 0
    endloop
  endfacet
  facet normal 0 0 -1
    outer loop
      vertex 34.4809 -8.4406 0
      vertex 36.1263 -15.9911 0
      vertex 35.5738 -17.1851 0
    endloop
  endfacet
  facet normal 0 0 -1
    outer loop
      vertex 34.4809 -8.4406 0
      vertex 35.5738 -17.1851 0
      vertex 35.565 -17.2034 0
    endloop
  endfacet
  facet normal 0 0 -1
    outer loop
      vertex 34.4809 -8.4406 0
      vertex 35.565 -17.2034 0
      vertex 34.9727 -18.3777 0
    endloop
  endfacet
  facet normal 0 0 -1
    outer loop
      vertex 34.4809 -8.4406 0
      vertex 34.9727 -18.3777 0
      vertex 34.9632 -18.3956 0
    endloop
  endfacet
  facet normal 0 0 -1
    outer loop
      vertex 37.5597 -12.2512 0
      vertex 34.4809 -8.4406 0
      vertex 37.6086 -10.713 0
    endloop
  endfacet
  facet normal 0 -0 -1
    outer loop
      vertex 34.4809 -8.4406 0
      vertex 34.9632 -18.3956 0
      vertex 34.3315 -19.5492 0
    endloop
  endfacet
  facet normal 0 0 -1
    outer loop
      vertex 3.35 0 0
      vertex 35.5 -0.00524902 0
      vertex 35.4946 -0.614365 0
    endloop
  endfacet
  facet normal 0 0 -1
    outer loop
      vertex 35.5 -0.00524902 0
      vertex 3.35 0 0
      vertex 35.5 0.00524902 0
    endloop
  endfacet
  facet normal 0 0 -1
    outer loop
      vertex 3.35 0 0
      vertex 35.4946 -0.614365 0
      vertex 35.4944 -0.624817 0
    endloop
  endfacet
  facet normal -0 0 -1
    outer loop
      vertex 35.5 0.00524902 0
      vertex 3.35 0 0
      vertex 35.4946 0.614365 0
    endloop
  endfacet
  facet normal 0 0 -1
    outer loop
      vertex 3.35 0 0
      vertex 35.4944 -0.624817 0
      vertex 35.4785 -1.23372 0
    endloop
  endfacet
  facet normal -0 0 -1
    outer loop
      vertex 35.4946 0.614365 0
      vertex 3.35 0 0
      vertex 35.4944 0.624817 0
    endloop
  endfacet
  facet normal 0 0 -1
    outer loop
      vertex 3.35 0 0
      vertex 35.4785 -1.23372 0
      vertex 35.4781 -1.24419 0
    endloop
  endfacet
  facet normal -0 0 -1
    outer loop
      vertex 35.4944 0.624817 0
      vertex 3.35 0 0
      vertex 35.4785 1.23372 0
    endloop
  endfacet
  facet normal 0 0 -1
    outer loop
      vertex 3.35 0 0
      vertex 35.4781 -1.24419 0
      vertex 35.4516 -1.85274 0
    endloop
  endfacet
  facet normal -0 0 -1
    outer loop
      vertex 35.4785 1.23372 0
      vertex 3.35 0 0
      vertex 35.4781 1.24419 0
    endloop
  endfacet
  facet normal 0 0 -1
    outer loop
      vertex 3.35 0 0
      vertex 35.4516 -1.85274 0
      vertex 35.451 -1.8632 0
    endloop
  endfacet
  facet normal -0 0 -1
    outer loop
      vertex 35.4781 1.24419 0
      vertex 3.35 0 0
      vertex 35.4516 1.85274 0
    endloop
  endfacet
  facet normal 0 0 -1
    outer loop
      vertex 3.33387 -0.328357 0
      vertex 35.451 -1.8632 0
      vertex 35.4138 -2.47127 0
    endloop
  endfacet
  facet normal -0 0 -1
    outer loop
      vertex 35.4516 1.85274 0
      vertex 3.35 0 0
      vertex 35.451 1.8632 0
    endloop
  endfacet
  facet normal 0 0 -1
    outer loop
      vertex 3.33387 -0.328357 0
      vertex 35.4138 -2.47127 0
      vertex 35.4131 -2.4817 0
    endloop
  endfacet
  facet normal 0 0 -1
    outer loop
      vertex 3.33387 0.328357 0
      vertex 35.451 1.8632 0
      vertex 3.35 0 0
    endloop
  endfacet
  facet normal -0 0 -1
    outer loop
      vertex 35.451 1.8632 0
      vertex 3.33387 0.328357 0
      vertex 35.4138 2.47127 0
    endloop
  endfacet
  facet normal 0 0 -1
    outer loop
      vertex 3.33387 -0.328357 0
      vertex 35.4131 -2.4817 0
      vertex 35.3654 -3.08817 0
    endloop
  endfacet
  facet normal 0 0 -1
    outer loop
      vertex 39.2289 4.50345 0
      vertex 39.23 4.58192 0
      vertex 39.2308 4.54266 0
    endloop
  endfacet
  facet normal 0 0 -1
    outer loop
      vertex 39.2289 4.50345 0
      vertex 39.2267 4.62105 0
      vertex 39.23 4.58192 0
    endloop
  endfacet
  facet normal 0 0 -1
    outer loop
      vertex 39.2245 4.46443 0
      vertex 39.2267 4.62105 0
      vertex 39.2289 4.50345 0
    endloop
  endfacet
  facet normal 0 0 -1
    outer loop
      vertex 39.2176 4.42578 0
      vertex 39.2267 4.62105 0
      vertex 39.2245 4.46443 0
    endloop
  endfacet
  facet normal 0 0 -1
    outer loop
      vertex 39.2081 4.38768 0
      vertex 39.2267 4.62105 0
      vertex 39.2176 4.42578 0
    endloop
  endfacet
  facet normal 0 0 -1
    outer loop
      vertex 39.1962 4.35027 0
      vertex 39.2267 4.62105 0
      vertex 39.2081 4.38768 0
    endloop
  endfacet
  facet normal 0 0 -1
    outer loop
      vertex 39.1819 4.31372 0
      vertex 39.2267 4.62105 0
      vertex 39.1962 4.35027 0
    endloop
  endfacet
  facet normal 0 0 -1
    outer loop
      vertex 39.1652 4.27818 0
      vertex 39.2267 4.62105 0
      vertex 39.1819 4.31372 0
    endloop
  endfacet
  facet normal 0 0 -1
    outer loop
      vertex 39.1462 4.24382 0
      vertex 39.2267 4.62105 0
      vertex 39.1652 4.27818 0
    endloop
  endfacet
  facet normal 0 0 -1
    outer loop
      vertex 38.781 3.97015 0
      vertex 39.2267 4.62105 0
      vertex 39.1462 4.24382 0
    endloop
  endfacet
  facet normal -0 0 -1
    outer loop
      vertex 39.2267 4.62105 0
      vertex 38.781 3.97015 0
      vertex 39.1285 5.45699 0
    endloop
  endfacet
  facet normal 0 0 -1
    outer loop
      vertex 38.781 3.97015 0
      vertex 39.1462 4.24382 0
      vertex 39.125 4.21077 0
    endloop
  endfacet
  facet normal 0 0 -1
    outer loop
      vertex 38.781 3.97015 0
      vertex 39.125 4.21077 0
      vertex 39.1017 4.17917 0
    endloop
  endfacet
  facet normal 0 0 -1
    outer loop
      vertex 38.781 3.97015 0
      vertex 39.1017 4.17917 0
      vertex 39.0764 4.14917 0
    endloop
  endfacet
  facet normal 0 0 -1
    outer loop
      vertex 38.781 3.97015 0
      vertex 39.0764 4.14917 0
      vertex 39.0491 4.1209 0
    endloop
  endfacet
  facet normal 0 0 -1
    outer loop
      vertex 38.781 3.97015 0
      vertex 39.0491 4.1209 0
      vertex 39.0201 4.09447 0
    endloop
  endfacet
  facet normal 0 0 -1
    outer loop
      vertex 38.781 3.97015 0
      vertex 39.0201 4.09447 0
      vertex 38.9894 4.06998 0
    endloop
  endfacet
  facet normal 0 0 -1
    outer loop
      vertex 38.781 3.97015 0
      vertex 38.9894 4.06998 0
      vertex 38.9572 4.04756 0
    endloop
  endfacet
  facet normal 0 0 -1
    outer loop
      vertex 38.781 3.97015 0
      vertex 38.9572 4.04756 0
      vertex 38.9235 4.02728 0
    endloop
  endfacet
  facet normal -0 0 -1
    outer loop
      vertex 39.1285 5.45699 0
      vertex 38.781 3.97015 0
      vertex 39.1253 5.48038 0
    endloop
  endfacet
  facet normal 0 0 -1
    outer loop
      vertex 35.3655 3.08684 0
      vertex 39.1253 5.48038 0
      vertex 38.781 3.97015 0
    endloop
  endfacet
  facet normal 0 0 -1
    outer loop
      vertex 38.781 3.97015 0
      vertex 38.9235 4.02728 0
      vertex 38.8887 4.00926 0
    endloop
  endfacet
  facet normal 0 0 -1
    outer loop
      vertex 38.781 3.97015 0
      vertex 38.8887 4.00926 0
      vertex 38.8527 3.99356 0
    endloop
  endfacet
  facet normal 0 0 -1
    outer loop
      vertex 38.781 3.97015 0
      vertex 38.8527 3.99356 0
      vertex 38.8157 3.98024 0
    endloop
  endfacet
  facet normal -0 0 -1
    outer loop
      vertex 39.1253 5.48038 0
      vertex 35.3655 3.08684 0
      vertex 38.9144 6.81853 0
    endloop
  endfacet
  facet normal -0 0 -1
    outer loop
      vertex 38.9144 6.81853 0
      vertex 35.3655 3.08684 0
      vertex 38.9108 6.83911 0
    endloop
  endfacet
  facet normal -0 0 -1
    outer loop
      vertex 38.9108 6.83911 0
      vertex 35.3655 3.08684 0
      vertex 38.6533 8.16986 0
    endloop
  endfacet
  facet normal -0 0 -1
    outer loop
      vertex 38.6533 8.16986 0
      vertex 35.3655 3.08684 0
      vertex 38.649 8.19032 0
    endloop
  endfacet
  facet normal -0 0 -1
    outer loop
      vertex 38.649 8.19032 0
      vertex 35.3655 3.08684 0
      vertex 38.3449 9.51265 0
    endloop
  endfacet
  facet normal -0 0 -1
    outer loop
      vertex 38.3449 9.51265 0
      vertex 35.3655 3.08684 0
      vertex 38.3399 9.53294 0
    endloop
  endfacet
  facet normal -0 0 -1
    outer loop
      vertex 38.3399 9.53294 0
      vertex 35.3655 3.08684 0
      vertex 37.9903 10.8425 0
    endloop
  endfacet
  facet normal -0 0 -1
    outer loop
      vertex 37.9903 10.8425 0
      vertex 35.3655 3.08684 0
      vertex 37.9846 10.8626 0
    endloop
  endfacet
  facet normal -0 0 -1
    outer loop
      vertex 37.9846 10.8626 0
      vertex 35.3655 3.08684 0
      vertex 37.5894 12.16 0
    endloop
  endfacet
  facet normal -0 0 -1
    outer loop
      vertex 37.5894 12.16 0
      vertex 35.3655 3.08684 0
      vertex 37.5829 12.1799 0
    endloop
  endfacet
  facet normal -0 0 -1
    outer loop
      vertex 37.5829 12.1799 0
      vertex 35.3655 3.08684 0
      vertex 37.1428 13.4626 0
    endloop
  endfacet
  facet normal -0 0 -1
    outer loop
      vertex 37.1428 13.4626 0
      vertex 35.3655 3.08684 0
      vertex 37.1356 13.4822 0
    endloop
  endfacet
  facet normal -0 0 -1
    outer loop
      vertex 37.1356 13.4822 0
      vertex 35.3655 3.08684 0
      vertex 36.6511 14.7486 0
    endloop
  endfacet
  facet normal -0 0 -1
    outer loop
      vertex 36.6511 14.7486 0
      vertex 35.3655 3.08684 0
      vertex 36.6433 14.768 0
    endloop
  endfacet
  facet normal -0 0 -1
    outer loop
      vertex 36.6433 14.768 0
      vertex 35.3655 3.08684 0
      vertex 36.1151 16.0163 0
    endloop
  endfacet
  facet normal -0 0 -1
    outer loop
      vertex 36.1151 16.0163 0
      vertex 35.3655 3.08684 0
      vertex 36.1066 16.0354 0
    endloop
  endfacet
  facet normal -0 0 -1
    outer loop
      vertex 36.1066 16.0354 0
      vertex 35.3655 3.08684 0
      vertex 35.5347 17.2658 0
    endloop
  endfacet
  facet normal -0 0 -1
    outer loop
      vertex 35.5347 17.2658 0
      vertex 35.3655 3.08684 0
      vertex 35.5256 17.2847 0
    endloop
  endfacet
  facet normal 0 0 -1
    outer loop
      vertex 3.33387 -0.328357 0
      vertex 35.3654 -3.08817 0
      vertex 35.3645 -3.09859 0
    endloop
  endfacet
  facet normal 0 0 -1
    outer loop
      vertex 3.33387 -0.328357 0
      vertex 35.3645 -3.09859 0
      vertex 35.306 -3.70563 0
    endloop
  endfacet
  facet normal 0 0 -1
    outer loop
      vertex 3.33387 -0.328357 0
      vertex 35.306 -3.70563 0
      vertex 35.3049 -3.71605 0
    endloop
  endfacet
  facet normal 0 0 -1
    outer loop
      vertex 3.33387 -0.328357 0
      vertex 35.3049 -3.71605 0
      vertex 35.2359 -4.32158 0
    endloop
  endfacet
  facet normal -0 0 -1
    outer loop
      vertex 35.4138 2.47127 0
      vertex 3.33387 0.328357 0
      vertex 35.4131 2.4817 0
    endloop
  endfacet
  facet normal 0 0 -1
    outer loop
      vertex 3.33387 -0.328357 0
      vertex 35.2359 -4.32158 0
      vertex 35.2346 -4.33199 0
    endloop
  endfacet
  facet normal 0 0 -1
    outer loop
      vertex 3.33387 -0.328357 0
      vertex 35.2346 -4.33199 0
      vertex 35.1553 -4.93498 0
    endloop
  endfacet
  facet normal 0 0 -1
    outer loop
      vertex 3.33387 -0.328357 0
      vertex 35.1553 -4.93498 0
      vertex 35.1538 -4.94534 0
    endloop
  endfacet
  facet normal 0 0 -1
    outer loop
      vertex 3.33387 -0.328357 0
      vertex 35.1538 -4.94534 0
      vertex 35.0636 -5.54877 0
    endloop
  endfacet
  facet normal 0 0 -1
    outer loop
      vertex 3.28563 -0.653552 0
      vertex 35.0636 -5.54877 0
      vertex 35.062 -5.55911 0
    endloop
  endfacet
  facet normal 0 0 -1
    outer loop
      vertex 3.28563 -0.653552 0
      vertex 35.062 -5.55911 0
      vertex 34.9615 -6.15933 0
    endloop
  endfacet
  facet normal 0 0 -1
    outer loop
      vertex 3.28563 -0.653552 0
      vertex 34.9615 -6.15933 0
      vertex 34.9597 -6.16963 0
    endloop
  endfacet
  facet normal 0 0 -1
    outer loop
      vertex 3.095 1.28199 0
      vertex 35.3655 3.08684 0
      vertex 3.20575 0.972453 0
    endloop
  endfacet
  facet normal 0 0 -1
    outer loop
      vertex 2.95444 1.57918 0
      vertex 35.3655 3.08684 0
      vertex 3.095 1.28199 0
    endloop
  endfacet
  facet normal 0 0 -1
    outer loop
      vertex 3.28563 -0.653552 0
      vertex 34.9597 -6.16963 0
      vertex 34.8488 -6.76839 0
    endloop
  endfacet
  facet normal 0 0 -1
    outer loop
      vertex 3.28563 -0.653552 0
      vertex 34.8488 -6.76839 0
      vertex 34.8468 -6.77869 0
    endloop
  endfacet
  facet normal 0 0 -1
    outer loop
      vertex 3.28563 -0.653552 0
      vertex 34.8468 -6.77869 0
      vertex 34.7253 -7.3754 0
    endloop
  endfacet
  facet normal 0 0 -1
    outer loop
      vertex 3.28563 -0.653552 0
      vertex 34.7253 -7.3754 0
      vertex 34.7232 -7.38562 0
    endloop
  endfacet
  facet normal 0 0 -1
    outer loop
      vertex 3.28563 -0.653552 0
      vertex 34.7232 -7.38562 0
      vertex 34.5912 -7.98109 0
    endloop
  endfacet
  facet normal 0 0 -1
    outer loop
      vertex 3.28563 -0.653552 0
      vertex 34.5912 -7.98109 0
      vertex 34.5888 -7.9913 0
    endloop
  endfacet
  facet normal 0 0 -1
    outer loop
      vertex 3.28563 -0.653552 0
      vertex 34.5888 -7.9913 0
      vertex 34.4809 -8.4406 0
    endloop
  endfacet
  facet normal 0 0 -1
    outer loop
      vertex 34.3215 -19.5669 0
      vertex 34.4809 -8.4406 0
      vertex 34.3315 -19.5492 0
    endloop
  endfacet
  facet normal 0 0 -1
    outer loop
      vertex 35.3655 3.08684 0
      vertex 3.28563 0.653552 0
      vertex 3.20575 0.972453 0
    endloop
  endfacet
  facet normal 0 0 -1
    outer loop
      vertex 33.651 -20.6987 0
      vertex 34.4809 -8.4406 0
      vertex 34.3215 -19.5669 0
    endloop
  endfacet
  facet normal -0 0 -1
    outer loop
      vertex 35.4131 2.4817 0
      vertex 3.33387 0.328357 0
      vertex 35.3655 3.08684 0
    endloop
  endfacet
  facet normal 0 0 -1
    outer loop
      vertex 33.6404 -20.7159 0
      vertex 34.4809 -8.4406 0
      vertex 33.651 -20.6987 0
    endloop
  endfacet
  facet normal 0 0 -1
    outer loop
      vertex 32.9323 -21.824 0
      vertex 34.4809 -8.4406 0
      vertex 33.6404 -20.7159 0
    endloop
  endfacet
  facet normal 0 0 -1
    outer loop
      vertex 35.3655 3.08684 0
      vertex 3.33387 0.328357 0
      vertex 3.28563 0.653552 0
    endloop
  endfacet
  facet normal 0 -0 -1
    outer loop
      vertex 34.9019 18.5118 0
      vertex 35.3655 3.08684 0
      vertex 2.95444 1.57918 0
    endloop
  endfacet
  facet normal 0 0 -1
    outer loop
      vertex 32.9211 -21.8409 0
      vertex 34.4809 -8.4406 0
      vertex 32.9323 -21.824 0
    endloop
  endfacet
  facet normal 0 0 -1
    outer loop
      vertex 32.1755 -22.9251 0
      vertex 34.4809 -8.4406 0
      vertex 32.9211 -21.8409 0
    endloop
  endfacet
  facet normal 0 0 -1
    outer loop
      vertex 35.3655 3.08684 0
      vertex 34.9116 18.4933 0
      vertex 35.5256 17.2847 0
    endloop
  endfacet
  facet normal 0 0 -1
    outer loop
      vertex 35.3655 3.08684 0
      vertex 34.9019 18.5118 0
      vertex 34.9116 18.4933 0
    endloop
  endfacet
  facet normal 0 0 -1
    outer loop
      vertex 32.1638 -22.9417 0
      vertex 34.4809 -8.4406 0
      vertex 32.1755 -22.9251 0
    endloop
  endfacet
  facet normal 0 0 -1
    outer loop
      vertex 31.3824 -23.9994 0
      vertex 34.4809 -8.4406 0
      vertex 32.1638 -22.9417 0
    endloop
  endfacet
  facet normal -0 0 -1
    outer loop
      vertex 34.9019 18.5118 0
      vertex 2.95444 1.57918 0
      vertex 34.2462 19.6983 0
    endloop
  endfacet
  facet normal -0 0 -1
    outer loop
      vertex 34.2462 19.6983 0
      vertex 2.95444 1.57918 0
      vertex 34.2357 19.7164 0
    endloop
  endfacet
  facet normal 0 0 -1
    outer loop
      vertex 2.58958 -2.12522 0
      vertex 34.4809 -8.4406 0
      vertex 31.3824 -23.9994 0
    endloop
  endfacet
  facet normal 0 0 -1
    outer loop
      vertex 2.58958 -2.12522 0
      vertex 31.3824 -23.9994 0
      vertex 31.37 -24.0155 0
    endloop
  endfacet
  facet normal -0 0 -1
    outer loop
      vertex 34.2357 19.7164 0
      vertex 2.95444 1.57918 0
      vertex 33.5387 20.8801 0
    endloop
  endfacet
  facet normal 0 0 -1
    outer loop
      vertex 2.78542 1.86116 0
      vertex 33.5387 20.8801 0
      vertex 2.95444 1.57918 0
    endloop
  endfacet
  facet normal 0 0 -1
    outer loop
      vertex 2.58958 -2.12522 0
      vertex 31.37 -24.0155 0
      vertex 30.5532 -25.0464 0
    endloop
  endfacet
  facet normal 0 0 -1
    outer loop
      vertex 2.58958 -2.12522 0
      vertex 30.5532 -25.0464 0
      vertex 30.5404 -25.0621 0
    endloop
  endfacet
  facet normal -0 0 -1
    outer loop
      vertex 33.5387 20.8801 0
      vertex 2.78542 1.86116 0
      vertex 33.5276 20.8979 0
    endloop
  endfacet
  facet normal -0 0 -1
    outer loop
      vertex 33.5276 20.8979 0
      vertex 2.78542 1.86116 0
      vertex 32.7909 22.0358 0
    endloop
  endfacet
  facet normal 0 0 -1
    outer loop
      vertex 2.58958 -2.12522 0
      vertex 30.5404 -25.0621 0
      vertex 29.6893 -26.0648 0
    endloop
  endfacet
  facet normal 0 0 -1
    outer loop
      vertex 2.58958 -2.12522 0
      vertex 29.6893 -26.0648 0
      vertex 29.6759 -26.0801 0
    endloop
  endfacet
  facet normal 0 -0 -1
    outer loop
      vertex 19.7247 29.5146 0
      vertex 32.7909 22.0358 0
      vertex 2.78542 1.86116 0
    endloop
  endfacet
  facet normal 0 0 -1
    outer loop
      vertex 32.7909 22.0358 0
      vertex 19.7247 29.5146 0
      vertex 32.7793 22.0532 0
    endloop
  endfacet
  facet normal 0 0 -1
    outer loop
      vertex 14.7143 -32.3055 0
      vertex 29.6759 -26.0801 0
      vertex 28.7911 -27.0536 0
    endloop
  endfacet
  facet normal 0 0 -1
    outer loop
      vertex 14.7143 -32.3055 0
      vertex 28.7911 -27.0536 0
      vertex 28.7772 -27.0683 0
    endloop
  endfacet
  facet normal 0 0 -1
    outer loop
      vertex 32.7793 22.0532 0
      vertex 19.7247 29.5146 0
      vertex 32.003 23.1653 0
    endloop
  endfacet
  facet normal 0 0 -1
    outer loop
      vertex 32.003 23.1653 0
      vertex 19.7247 29.5146 0
      vertex 31.9908 23.1822 0
    endloop
  endfacet
  facet normal 0 0 -1
    outer loop
      vertex 14.7143 -32.3055 0
      vertex 28.7772 -27.0683 0
      vertex 27.8601 -28.0114 0
    endloop
  endfacet
  facet normal 0 0 -1
    outer loop
      vertex 14.7143 -32.3055 0
      vertex 27.8601 -28.0114 0
      vertex 27.8457 -28.0257 0
    endloop
  endfacet
  facet normal 0 0 -1
    outer loop
      vertex 31.9908 23.1822 0
      vertex 19.7247 29.5146 0
      vertex 31.1765 24.2662 0
    endloop
  endfacet
  facet normal 0 0 -1
    outer loop
      vertex 31.1637 24.2827 0
      vertex 19.7247 29.5146 0
      vertex 30.3118 25.338 0
    endloop
  endfacet
  facet normal 0 0 -1
    outer loop
      vertex 14.7143 -32.3055 0
      vertex 27.8457 -28.0257 0
      vertex 26.8975 -28.937 0
    endloop
  endfacet
  facet normal 0 0 -1
    outer loop
      vertex 14.7143 -32.3055 0
      vertex 26.8975 -28.937 0
      vertex 26.8826 -28.9509 0
    endloop
  endfacet
  facet normal 0 0 -1
    outer loop
      vertex 30.3118 25.338 0
      vertex 19.7247 29.5146 0
      vertex 30.2984 25.3541 0
    endloop
  endfacet
  facet normal 0 0 -1
    outer loop
      vertex 30.2984 25.3541 0
      vertex 19.7247 29.5146 0
      vertex 29.4104 26.3791 0
    endloop
  endfacet
  facet normal 0 0 -1
    outer loop
      vertex 14.7143 -32.3055 0
      vertex 26.8826 -28.9509 0
      vertex 25.9038 -29.8298 0
    endloop
  endfacet
  facet normal 0 0 -1
    outer loop
      vertex 14.7143 -32.3055 0
      vertex 25.9038 -29.8298 0
      vertex 25.8885 -29.8431 0
    endloop
  endfacet
  facet normal 0 0 -1
    outer loop
      vertex 29.4104 26.3791 0
      vertex 19.7247 29.5146 0
      vertex 29.3964 26.3946 0
    endloop
  endfacet
  facet normal 0 0 -1
    outer loop
      vertex 29.3964 26.3946 0
      vertex 19.7247 29.5146 0
      vertex 28.4734 27.3878 0
    endloop
  endfacet
  facet normal 0 0 -1
    outer loop
      vertex 14.7143 -32.3055 0
      vertex 25.8885 -29.8431 0
      vertex 24.8811 -30.6881 0
    endloop
  endfacet
  facet normal 0 0 -1
    outer loop
      vertex 14.7143 -32.3055 0
      vertex 24.8811 -30.6881 0
      vertex 24.8653 -30.7009 0
    endloop
  endfacet
  facet normal 0 0 -1
    outer loop
      vertex 28.4589 27.4028 0
      vertex 19.7247 29.5146 0
      vertex 27.5019 28.3632 0
    endloop
  endfacet
  facet normal 0 0 -1
    outer loop
      vertex 27.5019 28.3632 0
      vertex 19.7247 29.5146 0
      vertex 27.4868 28.3778 0
    endloop
  endfacet
  facet normal 0 0 -1
    outer loop
      vertex 14.7143 -32.3055 0
      vertex 24.8653 -30.7009 0
      vertex 23.8292 -31.5118 0
    endloop
  endfacet
  facet normal 0 0 -1
    outer loop
      vertex 14.7143 -32.3055 0
      vertex 23.8292 -31.5118 0
      vertex 23.813 -31.524 0
    endloop
  endfacet
  facet normal 0 0 -1
    outer loop
      vertex 27.4868 28.3778 0
      vertex 19.7247 29.5146 0
      vertex 26.4967 29.3044 0
    endloop
  endfacet
  facet normal 0 0 -1
    outer loop
      vertex 24.3911 31.0789 0
      vertex 22.9296 31.6763 0
      vertex 24.3747 31.0918 0
    endloop
  endfacet
  facet normal 0 0 -1
    outer loop
      vertex 24.3747 31.0918 0
      vertex 22.9296 31.6763 0
      vertex 23.6271 31.6574 0
    endloop
  endfacet
  facet normal 0 0 -1
    outer loop
      vertex 23.6271 31.6574 0
      vertex 22.9296 31.6763 0
      vertex 23.5963 31.6793 0
    endloop
  endfacet
  facet normal -0 0 -1
    outer loop
      vertex 23.5963 31.6793 0
      vertex 22.9296 31.6763 0
      vertex 23.5628 31.6998 0
    endloop
  endfacet
  facet normal -0 0 -1
    outer loop
      vertex 23.5628 31.6998 0
      vertex 22.9296 31.6763 0
      vertex 23.5281 31.7182 0
    endloop
  endfacet
  facet normal -0 0 -1
    outer loop
      vertex 23.5281 31.7182 0
      vertex 22.9296 31.6763 0
      vertex 23.4923 31.7343 0
    endloop
  endfacet
  facet normal -0 0 -1
    outer loop
      vertex 23.4923 31.7343 0
      vertex 22.9296 31.6763 0
      vertex 23.4555 31.7479 0
    endloop
  endfacet
  facet normal -0 0 -1
    outer loop
      vertex 23.4555 31.7479 0
      vertex 22.9296 31.6763 0
      vertex 23.4179 31.7592 0
    endloop
  endfacet
  facet normal -0 0 -1
    outer loop
      vertex 23.4179 31.7592 0
      vertex 22.9296 31.6763 0
      vertex 23.3796 31.7679 0
    endloop
  endfacet
  facet normal -0 0 -1
    outer loop
      vertex 23.3796 31.7679 0
      vertex 22.9296 31.6763 0
      vertex 23.3408 31.7741 0
    endloop
  endfacet
  facet normal -0 0 -1
    outer loop
      vertex 23.3408 31.7741 0
      vertex 22.9296 31.6763 0
      vertex 23.3017 31.7778 0
    endloop
  endfacet
  facet normal -0 0 -1
    outer loop
      vertex 23.3017 31.7778 0
      vertex 22.9296 31.6763 0
      vertex 23.2625 31.7789 0
    endloop
  endfacet
  facet normal 0 0 -1
    outer loop
      vertex 23.2625 31.7789 0
      vertex 22.9296 31.6763 0
      vertex 23.2233 31.7775 0
    endloop
  endfacet
  facet normal 0 0 -1
    outer loop
      vertex 23.2233 31.7775 0
      vertex 22.9296 31.6763 0
      vertex 23.1842 31.7734 0
    endloop
  endfacet
  facet normal 0 0 -1
    outer loop
      vertex 23.1842 31.7734 0
      vertex 22.9296 31.6763 0
      vertex 23.1455 31.7669 0
    endloop
  endfacet
  facet normal 0 0 -1
    outer loop
      vertex 23.1455 31.7669 0
      vertex 22.9296 31.6763 0
      vertex 23.1073 31.7578 0
    endloop
  endfacet
  facet normal 0 0 -1
    outer loop
      vertex 23.1073 31.7578 0
      vertex 22.9296 31.6763 0
      vertex 23.0698 31.7462 0
    endloop
  endfacet
  facet normal 0 0 -1
    outer loop
      vertex 23.0698 31.7462 0
      vertex 22.9296 31.6763 0
      vertex 23.0331 31.7322 0
    endloop
  endfacet
  facet normal 0 0 -1
    outer loop
      vertex 22.9974 31.7159 0
      vertex 22.9296 31.6763 0
      vertex 22.9628 31.6972 0
    endloop
  endfacet
  facet normal 0 0 -1
    outer loop
      vertex 14.7143 -32.3055 0
      vertex 23.813 -31.524 0
      vertex 22.7504 -32.2993 0
    endloop
  endfacet
  facet normal 0 0 -1
    outer loop
      vertex 14.7143 -32.3055 0
      vertex 22.7504 -32.2993 0
      vertex 22.7338 -32.311 0
    endloop
  endfacet
  facet normal 0 0 -1
    outer loop
      vertex 14.7143 -32.3055 0
      vertex 22.7338 -32.311 0
      vertex 21.6455 -33.0499 0
    endloop
  endfacet
  facet normal 0 0 -1
    outer loop
      vertex 14.7143 -32.3055 0
      vertex 21.6455 -33.0499 0
      vertex 21.6286 -33.061 0
    endloop
  endfacet
  facet normal 0 0 -1
    outer loop
      vertex 14.7143 -32.3055 0
      vertex 21.6286 -33.061 0
      vertex 20.5162 -33.7625 0
    endloop
  endfacet
  facet normal 0 0 -1
    outer loop
      vertex 14.7143 -32.3055 0
      vertex 20.5162 -33.7625 0
      vertex 20.4989 -33.7731 0
    endloop
  endfacet
  facet normal 0 0 -1
    outer loop
      vertex 23.0331 31.7322 0
      vertex 22.9296 31.6763 0
      vertex 22.9974 31.7159 0
    endloop
  endfacet
  facet normal 0 0 -1
    outer loop
      vertex 14.7143 -32.3055 0
      vertex 20.4989 -33.7731 0
      vertex 19.3635 -34.4366 0
    endloop
  endfacet
  facet normal 0 0 -1
    outer loop
      vertex 14.7143 -32.3055 0
      vertex 19.3635 -34.4366 0
      vertex 19.3458 -34.4466 0
    endloop
  endfacet
  facet normal 0 0 -1
    outer loop
      vertex 35.451 -1.8632 0
      vertex 3.33387 -0.328357 0
      vertex 3.35 0 0
    endloop
  endfacet
  facet normal 0 -0 -1
    outer loop
      vertex 22.9296 31.6763 0
      vertex 24.3911 31.0789 0
      vertex 19.7247 29.5146 0
    endloop
  endfacet
  facet normal 0 0 -1
    outer loop
      vertex 26.4812 29.3184 0
      vertex 19.7247 29.5146 0
      vertex 25.4595 30.2099 0
    endloop
  endfacet
  facet normal -0 0 -1
    outer loop
      vertex 25.4595 30.2099 0
      vertex 19.7247 29.5146 0
      vertex 25.4435 30.2234 0
    endloop
  endfacet
  facet normal 0 0 -1
    outer loop
      vertex 26.4967 29.3044 0
      vertex 19.7247 29.5146 0
      vertex 26.4812 29.3184 0
    endloop
  endfacet
  facet normal 0 0 -1
    outer loop
      vertex 28.4734 27.3878 0
      vertex 19.7247 29.5146 0
      vertex 28.4589 27.4028 0
    endloop
  endfacet
  facet normal 0 0 -1
    outer loop
      vertex 14.7143 -32.3055 0
      vertex 19.3458 -34.4466 0
      vertex 18.1893 -35.071 0
    endloop
  endfacet
  facet normal 0 0 -1
    outer loop
      vertex 16.688 -35.2316 0
      vertex 18.1893 -35.071 0
      vertex 18.1688 -35.0815 0
    endloop
  endfacet
  facet normal 0 0 -1
    outer loop
      vertex 31.1765 24.2662 0
      vertex 19.7247 29.5146 0
      vertex 31.1637 24.2827 0
    endloop
  endfacet
  facet normal 0 0 -1
    outer loop
      vertex 2.58958 2.12522 0
      vertex 19.7247 29.5146 0
      vertex 2.78542 1.86116 0
    endloop
  endfacet
  facet normal 0 0 -1
    outer loop
      vertex 16.688 -35.2316 0
      vertex 18.1688 -35.0815 0
      vertex 17.45 -35.4346 0
    endloop
  endfacet
  facet normal 0 0 -1
    outer loop
      vertex 16.688 -35.2316 0
      vertex 17.45 -35.4346 0
      vertex 17.4142 -35.4508 0
    endloop
  endfacet
  facet normal 0 0 -1
    outer loop
      vertex 16.688 -35.2316 0
      vertex 17.4142 -35.4508 0
      vertex 17.3774 -35.4646 0
    endloop
  endfacet
  facet normal 0 0 -1
    outer loop
      vertex 16.688 -35.2316 0
      vertex 17.3774 -35.4646 0
      vertex 17.3398 -35.4759 0
    endloop
  endfacet
  facet normal 0 0 -1
    outer loop
      vertex 16.688 -35.2316 0
      vertex 17.3398 -35.4759 0
      vertex 17.3016 -35.4848 0
    endloop
  endfacet
  facet normal 0 0 -1
    outer loop
      vertex 16.688 -35.2316 0
      vertex 17.3016 -35.4848 0
      vertex 17.2628 -35.4911 0
    endloop
  endfacet
  facet normal 0 0 -1
    outer loop
      vertex 16.688 -35.2316 0
      vertex 17.2628 -35.4911 0
      vertex 17.2238 -35.4949 0
    endloop
  endfacet
  facet normal -0 0 -1
    outer loop
      vertex 29.6759 -26.0801 0
      vertex 14.7143 -32.3055 0
      vertex 2.58958 -2.12522 0
    endloop
  endfacet
  facet normal 0 0 -1
    outer loop
      vertex 2.36881 2.36881 0
      vertex 19.7247 29.5146 0
      vertex 2.58958 2.12522 0
    endloop
  endfacet
  facet normal 0 0 -1
    outer loop
      vertex 16.688 -35.2316 0
      vertex 17.2238 -35.4949 0
      vertex 17.1845 -35.4961 0
    endloop
  endfacet
  facet normal 0 0 -1
    outer loop
      vertex 16.688 -35.2316 0
      vertex 17.1845 -35.4961 0
      vertex 17.1453 -35.4948 0
    endloop
  endfacet
  facet normal 0 0 -1
    outer loop
      vertex 16.688 -35.2316 0
      vertex 17.1453 -35.4948 0
      vertex 17.1062 -35.4909 0
    endloop
  endfacet
  facet normal 0 0 -1
    outer loop
      vertex 16.688 -35.2316 0
      vertex 17.1062 -35.4909 0
      vertex 17.0675 -35.4844 0
    endloop
  endfacet
  facet normal 0 0 -1
    outer loop
      vertex 16.688 -35.2316 0
      vertex 17.0675 -35.4844 0
      vertex 17.0293 -35.4754 0
    endloop
  endfacet
  facet normal 0 0 -1
    outer loop
      vertex 16.688 -35.2316 0
      vertex 17.0293 -35.4754 0
      vertex 16.9917 -35.464 0
    endloop
  endfacet
  facet normal 0 0 -1
    outer loop
      vertex 16.688 -35.2316 0
      vertex 16.9917 -35.464 0
      vertex 16.955 -35.4501 0
    endloop
  endfacet
  facet normal 0 0 -1
    outer loop
      vertex 16.688 -35.2316 0
      vertex 16.955 -35.4501 0
      vertex 16.9192 -35.4338 0
    endloop
  endfacet
  facet normal 0 0 -1
    outer loop
      vertex 16.688 -35.2316 0
      vertex 16.9192 -35.4338 0
      vertex 16.8846 -35.4153 0
    endloop
  endfacet
  facet normal 0 0 -1
    outer loop
      vertex 16.688 -35.2316 0
      vertex 16.8846 -35.4153 0
      vertex 16.8513 -35.3945 0
    endloop
  endfacet
  facet normal 0 0 -1
    outer loop
      vertex 16.688 -35.2316 0
      vertex 16.8513 -35.3945 0
      vertex 16.8194 -35.3716 0
    endloop
  endfacet
  facet normal 0 0 -1
    outer loop
      vertex 16.688 -35.2316 0
      vertex 16.8194 -35.3716 0
      vertex 16.7891 -35.3466 0
    endloop
  endfacet
  facet normal 0 0 -1
    outer loop
      vertex 16.688 -35.2316 0
      vertex 16.7891 -35.3466 0
      vertex 16.7605 -35.3197 0
    endloop
  endfacet
  facet normal 0 0 -1
    outer loop
      vertex 16.688 -35.2316 0
      vertex 16.7605 -35.3197 0
      vertex 16.7337 -35.291 0
    endloop
  endfacet
  facet normal 0 0 -1
    outer loop
      vertex 16.688 -35.2316 0
      vertex 16.7337 -35.291 0
      vertex 16.7088 -35.2607 0
    endloop
  endfacet
  facet normal -0 0 -1
    outer loop
      vertex 18.1893 -35.071 0
      vertex 16.688 -35.2316 0
      vertex 14.7143 -32.3055 0
    endloop
  endfacet
  facet normal 0 0 -1
    outer loop
      vertex 2.12522 2.58958 0
      vertex 19.7247 29.5146 0
      vertex 2.36881 2.36881 0
    endloop
  endfacet
  facet normal 0 0 -1
    outer loop
      vertex 1.86116 2.78542 0
      vertex 19.7247 29.5146 0
      vertex 2.12522 2.58958 0
    endloop
  endfacet
  facet normal -0 0 -1
    outer loop
      vertex 19.7247 29.5146 0
      vertex 1.86116 2.78542 0
      vertex 19.3388 29.7701 0
    endloop
  endfacet
  facet normal -0 0 -1
    outer loop
      vertex 19.3388 29.7701 0
      vertex 1.86116 2.78542 0
      vertex 19.33 29.7758 0
    endloop
  endfacet
  facet normal -0 0 -1
    outer loop
      vertex 19.33 29.7758 0
      vertex 1.86116 2.78542 0
      vertex 18.8164 30.103 0
    endloop
  endfacet
  facet normal -0 0 -1
    outer loop
      vertex 18.8164 30.103 0
      vertex 1.86116 2.78542 0
      vertex 18.8075 30.1086 0
    endloop
  endfacet
  facet normal -0 0 -1
    outer loop
      vertex 18.8075 30.1086 0
      vertex 1.86116 2.78542 0
      vertex 18.2885 30.4266 0
    endloop
  endfacet
  facet normal -0 0 -1
    outer loop
      vertex 18.2885 30.4266 0
      vertex 1.86116 2.78542 0
      vertex 18.2795 30.432 0
    endloop
  endfacet
  facet normal -0 0 -1
    outer loop
      vertex 18.2795 30.432 0
      vertex 1.86116 2.78542 0
      vertex 17.7548 30.7411 0
    endloop
  endfacet
  facet normal 0 0 -1
    outer loop
      vertex 1.57918 2.95444 0
      vertex 17.7548 30.7411 0
      vertex 1.86116 2.78542 0
    endloop
  endfacet
  facet normal 0 0 -1
    outer loop
      vertex 1.28199 -3.095 0
      vertex 14.7143 -32.3055 0
      vertex 14.4435 -32.4289 0
    endloop
  endfacet
  facet normal 0 0 -1
    outer loop
      vertex 1.28199 -3.095 0
      vertex 14.4435 -32.4289 0
      vertex 14.4339 -32.4332 0
    endloop
  endfacet
  facet normal -0 0 -1
    outer loop
      vertex 17.7548 30.7411 0
      vertex 1.57918 2.95444 0
      vertex 17.7457 30.7463 0
    endloop
  endfacet
  facet normal 0 0 -1
    outer loop
      vertex 1.28199 -3.095 0
      vertex 14.4339 -32.4332 0
      vertex 13.8759 -32.6758 0
    endloop
  endfacet
  facet normal -0 0 -1
    outer loop
      vertex 17.7457 30.7463 0
      vertex 1.57918 2.95444 0
      vertex 17.2152 31.0465 0
    endloop
  endfacet
  facet normal 0 0 -1
    outer loop
      vertex 1.28199 -3.095 0
      vertex 13.8759 -32.6758 0
      vertex 13.8662 -32.6799 0
    endloop
  endfacet
  facet normal -0 0 -1
    outer loop
      vertex 17.2152 31.0465 0
      vertex 1.57918 2.95444 0
      vertex 17.206 31.0515 0
    endloop
  endfacet
  facet normal 0 0 -1
    outer loop
      vertex 1.28199 -3.095 0
      vertex 13.8662 -32.6799 0
      vertex 13.3034 -32.913 0
    endloop
  endfacet
  facet normal -0 0 -1
    outer loop
      vertex 17.206 31.0515 0
      vertex 1.57918 2.95444 0
      vertex 16.6707 31.3422 0
    endloop
  endfacet
  facet normal 0 0 -1
    outer loop
      vertex 1.28199 -3.095 0
      vertex 13.3034 -32.913 0
      vertex 13.2937 -32.9169 0
    endloop
  endfacet
  facet normal -0 0 -1
    outer loop
      vertex 16.6707 31.3422 0
      vertex 1.57918 2.95444 0
      vertex 16.6615 31.3471 0
    endloop
  endfacet
  facet normal 0 0 -1
    outer loop
      vertex 1.28199 -3.095 0
      vertex 13.2937 -32.9169 0
      vertex 12.7274 -33.14 0
    endloop
  endfacet
  facet normal -0 0 -1
    outer loop
      vertex 16.6615 31.3471 0
      vertex 1.57918 2.95444 0
      vertex 16.1211 31.6284 0
    endloop
  endfacet
  facet normal 0 0 -1
    outer loop
      vertex 1.28199 -3.095 0
      vertex 12.7274 -33.14 0
      vertex 12.7176 -33.1438 0
    endloop
  endfacet
  facet normal -0 0 -1
    outer loop
      vertex 16.1211 31.6284 0
      vertex 1.57918 2.95444 0
      vertex 16.1118 31.6332 0
    endloop
  endfacet
  facet normal 0 0 -1
    outer loop
      vertex 1.28199 -3.095 0
      vertex 12.7176 -33.1438 0
      vertex 12.1463 -33.3574 0
    endloop
  endfacet
  facet normal -0 0 -1
    outer loop
      vertex 16.1118 31.6332 0
      vertex 1.57918 2.95444 0
      vertex 15.5672 31.9046 0
    endloop
  endfacet
  facet normal 0 0 -1
    outer loop
      vertex 1.28199 -3.095 0
      vertex 12.1463 -33.3574 0
      vertex 12.1365 -33.3609 0
    endloop
  endfacet
  facet normal -0 0 -1
    outer loop
      vertex 15.5672 31.9046 0
      vertex 1.57918 2.95444 0
      vertex 15.5578 31.9092 0
    endloop
  endfacet
  facet normal 0 0 -1
    outer loop
      vertex 1.28199 -3.095 0
      vertex 12.1365 -33.3609 0
      vertex 11.563 -33.564 0
    endloop
  endfacet
  facet normal -0 0 -1
    outer loop
      vertex 15.5578 31.9092 0
      vertex 1.57918 2.95444 0
      vertex 15.0076 32.1717 0
    endloop
  endfacet
  facet normal 0 0 -1
    outer loop
      vertex 0.972453 -3.20575 0
      vertex 11.563 -33.564 0
      vertex 11.5531 -33.5674 0
    endloop
  endfacet
  facet normal -0 0 -1
    outer loop
      vertex 15.0076 32.1717 0
      vertex 1.57918 2.95444 0
      vertex 14.9982 32.1761 0
    endloop
  endfacet
  facet normal 0 0 -1
    outer loop
      vertex 0.972453 -3.20575 0
      vertex 11.5531 -33.5674 0
      vertex 10.9749 -33.7609 0
    endloop
  endfacet
  facet normal 0 0 -1
    outer loop
      vertex 1.28199 3.095 0
      vertex 14.9982 32.1761 0
      vertex 1.57918 2.95444 0
    endloop
  endfacet
  facet normal 0 0 -1
    outer loop
      vertex 0.972453 -3.20575 0
      vertex 10.9749 -33.7609 0
      vertex 10.965 -33.7641 0
    endloop
  endfacet
  facet normal -0 0 -1
    outer loop
      vertex 14.9982 32.1761 0
      vertex 1.28199 3.095 0
      vertex 14.4435 32.4289 0
    endloop
  endfacet
  facet normal 0 0 -1
    outer loop
      vertex 0.972453 -3.20575 0
      vertex 10.965 -33.7641 0
      vertex 10.384 -33.9473 0
    endloop
  endfacet
  facet normal -0 0 -1
    outer loop
      vertex 14.4435 32.4289 0
      vertex 1.28199 3.095 0
      vertex 14.4339 32.4332 0
    endloop
  endfacet
  facet normal 0 0 -1
    outer loop
      vertex 0.972453 -3.20575 0
      vertex 10.384 -33.9473 0
      vertex 10.374 -33.9503 0
    endloop
  endfacet
  facet normal -0 0 -1
    outer loop
      vertex 14.4339 32.4332 0
      vertex 1.28199 3.095 0
      vertex 13.8759 32.6758 0
    endloop
  endfacet
  facet normal 0 0 -1
    outer loop
      vertex 0.972453 -3.20575 0
      vertex 10.374 -33.9503 0
      vertex 9.79053 -34.1232 0
    endloop
  endfacet
  facet normal -0 0 -1
    outer loop
      vertex 13.8759 32.6758 0
      vertex 1.28199 3.095 0
      vertex 13.8662 32.6799 0
    endloop
  endfacet
  facet normal 0 0 -1
    outer loop
      vertex 0.972453 -3.20575 0
      vertex 9.79053 -34.1232 0
      vertex 9.78044 -34.1261 0
    endloop
  endfacet
  facet normal -0 0 -1
    outer loop
      vertex 13.8662 32.6799 0
      vertex 1.28199 3.095 0
      vertex 13.3034 32.913 0
    endloop
  endfacet
  facet normal 0 0 -1
    outer loop
      vertex 0.972453 -3.20575 0
      vertex 9.78044 -34.1261 0
      vertex 9.19279 -34.289 0
    endloop
  endfacet
  facet normal -0 0 -1
    outer loop
      vertex 13.3034 32.913 0
      vertex 1.28199 3.095 0
      vertex 13.2937 32.9169 0
    endloop
  endfacet
  facet normal 0 0 -1
    outer loop
      vertex 0.972453 -3.20575 0
      vertex 9.19279 -34.289 0
      vertex 9.18269 -34.2917 0
    endloop
  endfacet
  facet normal -0 0 -1
    outer loop
      vertex 13.2937 32.9169 0
      vertex 1.28199 3.095 0
      vertex 12.7274 33.14 0
    endloop
  endfacet
  facet normal 0 0 -1
    outer loop
      vertex 0.972453 -3.20575 0
      vertex 9.18269 -34.2917 0
      vertex 8.59305 -34.4442 0
    endloop
  endfacet
  facet normal -0 0 -1
    outer loop
      vertex 12.7274 33.14 0
      vertex 1.28199 3.095 0
      vertex 12.7176 33.1438 0
    endloop
  endfacet
  facet normal 0 0 -1
    outer loop
      vertex 0.972453 -3.20575 0
      vertex 8.59305 -34.4442 0
      vertex 8.58289 -34.4468 0
    endloop
  endfacet
  facet normal -0 0 -1
    outer loop
      vertex 12.7176 33.1438 0
      vertex 1.28199 3.095 0
      vertex 12.1463 33.3574 0
    endloop
  endfacet
  facet normal 0 0 -1
    outer loop
      vertex 0.653552 -3.28563 0
      vertex 8.58289 -34.4468 0
      vertex 7.99132 -34.5888 0
    endloop
  endfacet
  facet normal -0 0 -1
    outer loop
      vertex 12.1463 33.3574 0
      vertex 1.28199 3.095 0
      vertex 12.1365 33.3609 0
    endloop
  endfacet
  facet normal 0 0 -1
    outer loop
      vertex 0.653552 -3.28563 0
      vertex 7.99132 -34.5888 0
      vertex 7.98109 -34.5912 0
    endloop
  endfacet
  facet normal -0 0 -1
    outer loop
      vertex 12.1365 33.3609 0
      vertex 1.28199 3.095 0
      vertex 11.563 33.564 0
    endloop
  endfacet
  facet normal 0 0 -1
    outer loop
      vertex 0.653552 -3.28563 0
      vertex 7.98109 -34.5912 0
      vertex 7.38562 -34.7232 0
    endloop
  endfacet
  facet normal 0 0 -1
    outer loop
      vertex 0.972453 3.20575 0
      vertex 11.563 33.564 0
      vertex 1.28199 3.095 0
    endloop
  endfacet
  facet normal 0 0 -1
    outer loop
      vertex 0.653552 -3.28563 0
      vertex 7.38562 -34.7232 0
      vertex 7.3754 -34.7253 0
    endloop
  endfacet
  facet normal -0 0 -1
    outer loop
      vertex 11.563 33.564 0
      vertex 0.972453 3.20575 0
      vertex 11.5531 33.5674 0
    endloop
  endfacet
  facet normal 0 0 -1
    outer loop
      vertex 0.653552 -3.28563 0
      vertex 7.3754 -34.7253 0
      vertex 6.77869 -34.8468 0
    endloop
  endfacet
  facet normal -0 0 -1
    outer loop
      vertex 11.5531 33.5674 0
      vertex 0.972453 3.20575 0
      vertex 10.9749 33.7609 0
    endloop
  endfacet
  facet normal 0 0 -1
    outer loop
      vertex 0.653552 -3.28563 0
      vertex 6.77869 -34.8468 0
      vertex 6.76839 -34.8488 0
    endloop
  endfacet
  facet normal -0 0 -1
    outer loop
      vertex 10.9749 33.7609 0
      vertex 0.972453 3.20575 0
      vertex 10.965 33.7641 0
    endloop
  endfacet
  facet normal -0 0 -1
    outer loop
      vertex 10.965 33.7641 0
      vertex 0.972453 3.20575 0
      vertex 10.384 33.9473 0
    endloop
  endfacet
  facet normal 0 0 -1
    outer loop
      vertex 0.653552 -3.28563 0
      vertex 6.76839 -34.8488 0
      vertex 6.16963 -34.9597 0
    endloop
  endfacet
  facet normal 0 0 -1
    outer loop
      vertex 6.20239 38.4872 0
      vertex 6.19832 38.5624 0
      vertex 6.20161 38.5233 0
    endloop
  endfacet
  facet normal 0 0 -1
    outer loop
      vertex 6.20239 38.4872 0
      vertex 6.19246 38.6012 0
      vertex 6.19832 38.5624 0
    endloop
  endfacet
  facet normal 0 0 -1
    outer loop
      vertex 6.20239 38.4872 0
      vertex 6.18408 38.6396 0
      vertex 6.19246 38.6012 0
    endloop
  endfacet
  facet normal 0 0 -1
    outer loop
      vertex 6.20239 38.4872 0
      vertex 6.17322 38.6773 0
      vertex 6.18408 38.6396 0
    endloop
  endfacet
  facet normal 0 0 -1
    outer loop
      vertex 4.83275 39.2106 0
      vertex 6.20239 38.4872 0
      vertex 6.17159 34.9594 0
    endloop
  endfacet
  facet normal -0 -0 -1
    outer loop
      vertex 5.68903 39.0861 0
      vertex 6.20239 38.4872 0
      vertex 4.85619 39.2076 0
    endloop
  endfacet
  facet normal -0 0 -1
    outer loop
      vertex 10.384 33.9473 0
      vertex 0.972453 3.20575 0
      vertex 10.374 33.9503 0
    endloop
  endfacet
  facet normal 0 0 -1
    outer loop
      vertex 0.653552 -3.28563 0
      vertex 6.16963 -34.9597 0
      vertex 6.15933 -34.9615 0
    endloop
  endfacet
  facet normal -0 0 -1
    outer loop
      vertex 10.374 33.9503 0
      vertex 0.972453 3.20575 0
      vertex 9.79053 34.1232 0
    endloop
  endfacet
  facet normal -0 0 -1
    outer loop
      vertex 9.79053 34.1232 0
      vertex 0.972453 3.20575 0
      vertex 9.78044 34.1261 0
    endloop
  endfacet
  facet normal -0 0 -1
    outer loop
      vertex 9.78044 34.1261 0
      vertex 0.972453 3.20575 0
      vertex 9.19279 34.289 0
    endloop
  endfacet
  facet normal -0 0 -1
    outer loop
      vertex 9.19279 34.289 0
      vertex 0.972453 3.20575 0
      vertex 9.18269 34.2917 0
    endloop
  endfacet
  facet normal -0 0 -1
    outer loop
      vertex 9.18269 34.2917 0
      vertex 0.972453 3.20575 0
      vertex 8.59305 34.4442 0
    endloop
  endfacet
  facet normal -0 0 -1
    outer loop
      vertex 8.59305 34.4442 0
      vertex 0.972453 3.20575 0
      vertex 8.58289 34.4468 0
    endloop
  endfacet
  facet normal 0 0 -1
    outer loop
      vertex 0.653552 3.28563 0
      vertex 8.58289 34.4468 0
      vertex 0.972453 3.20575 0
    endloop
  endfacet
  facet normal -0 0 -1
    outer loop
      vertex 8.58289 34.4468 0
      vertex 0.653552 3.28563 0
      vertex 7.99132 34.5888 0
    endloop
  endfacet
  facet normal -0 0 -1
    outer loop
      vertex 7.99132 34.5888 0
      vertex 0.653552 3.28563 0
      vertex 7.98109 34.5912 0
    endloop
  endfacet
  facet normal -0 0 -1
    outer loop
      vertex 7.98109 34.5912 0
      vertex 0.653552 3.28563 0
      vertex 7.38562 34.7232 0
    endloop
  endfacet
  facet normal -0 0 -1
    outer loop
      vertex 7.38562 34.7232 0
      vertex 0.653552 3.28563 0
      vertex 7.3754 34.7253 0
    endloop
  endfacet
  facet normal -0 0 -1
    outer loop
      vertex 7.3754 34.7253 0
      vertex 0.653552 3.28563 0
      vertex 6.77869 34.8468 0
    endloop
  endfacet
  facet normal -0 0 -1
    outer loop
      vertex 6.77869 34.8468 0
      vertex 0.653552 3.28563 0
      vertex 6.76839 34.8488 0
    endloop
  endfacet
  facet normal -0 0 -1
    outer loop
      vertex 6.76839 34.8488 0
      vertex 0.653552 3.28563 0
      vertex 6.17159 34.9594 0
    endloop
  endfacet
  facet normal 0 0 -1
    outer loop
      vertex 0.328357 3.33387 0
      vertex 6.17159 34.9594 0
      vertex 0.653552 3.28563 0
    endloop
  endfacet
  facet normal 0 0 -1
    outer loop
      vertex 0 3.35 0
      vertex 6.17159 34.9594 0
      vertex 0.328357 3.33387 0
    endloop
  endfacet
  facet normal 0 0 -1
    outer loop
      vertex 0.653552 -3.28563 0
      vertex 6.15933 -34.9615 0
      vertex 5.55911 -35.062 0
    endloop
  endfacet
  facet normal 0 0 -1
    outer loop
      vertex 0.653552 -3.28563 0
      vertex 5.55911 -35.062 0
      vertex 5.54877 -35.0636 0
    endloop
  endfacet
  facet normal 0 0 -1
    outer loop
      vertex 0.653552 -3.28563 0
      vertex 5.54877 -35.0636 0
      vertex 4.94534 -35.1538 0
    endloop
  endfacet
  facet normal 0 0 -1
    outer loop
      vertex 0.653552 -3.28563 0
      vertex 4.94534 -35.1538 0
      vertex 4.93498 -35.1553 0
    endloop
  endfacet
  facet normal -0 -0 -1
    outer loop
      vertex 2.1123 39.4508 0
      vertex 6.17159 34.9594 0
      vertex 2.09142 39.4519 0
    endloop
  endfacet
  facet normal -0 -0 -1
    outer loop
      vertex 3.48546 39.3532 0
      vertex 6.17159 34.9594 0
      vertex 3.46465 39.355 0
    endloop
  endfacet
  facet normal 0 0 -1
    outer loop
      vertex 0.328357 -3.33387 0
      vertex 4.93498 -35.1553 0
      vertex 4.33199 -35.2346 0
    endloop
  endfacet
  facet normal 0 0 -1
    outer loop
      vertex 0.328357 -3.33387 0
      vertex 4.33199 -35.2346 0
      vertex 4.32158 -35.2359 0
    endloop
  endfacet
  facet normal 0 0 -1
    outer loop
      vertex 0.328357 -3.33387 0
      vertex 4.32158 -35.2359 0
      vertex 3.71605 -35.3049 0
    endloop
  endfacet
  facet normal 0 0 -1
    outer loop
      vertex 0.328357 -3.33387 0
      vertex 3.71605 -35.3049 0
      vertex 3.70563 -35.306 0
    endloop
  endfacet
  facet normal -0 -0 -1
    outer loop
      vertex 4.83275 39.2106 0
      vertex 6.17159 34.9594 0
      vertex 3.48546 39.3532 0
    endloop
  endfacet
  facet normal 0 0 -1
    outer loop
      vertex 6.20239 38.4872 0
      vertex 4.83275 39.2106 0
      vertex 4.85619 39.2076 0
    endloop
  endfacet
  facet normal 0 0 -1
    outer loop
      vertex 6.17322 38.6773 0
      vertex 5.68903 39.0861 0
      vertex 6.1599 38.7142 0
    endloop
  endfacet
  facet normal -0 0 -1
    outer loop
      vertex 25.4435 30.2234 0
      vertex 19.7247 29.5146 0
      vertex 24.3911 31.0789 0
    endloop
  endfacet
  facet normal 0 0 -1
    outer loop
      vertex 35.0636 -5.54877 0
      vertex 3.28563 -0.653552 0
      vertex 3.33387 -0.328357 0
    endloop
  endfacet
  facet normal 0 0 -1
    outer loop
      vertex 34.4809 -8.4406 0
      vertex 3.20575 -0.972453 0
      vertex 3.28563 -0.653552 0
    endloop
  endfacet
  facet normal 0 0 -1
    outer loop
      vertex 0.328357 -3.33387 0
      vertex 3.70563 -35.306 0
      vertex 3.09859 -35.3645 0
    endloop
  endfacet
  facet normal 0 0 -1
    outer loop
      vertex 34.4809 -8.4406 0
      vertex 3.095 -1.28199 0
      vertex 3.20575 -0.972453 0
    endloop
  endfacet
  facet normal 0 0 -1
    outer loop
      vertex 0.328357 -3.33387 0
      vertex 3.09859 -35.3645 0
      vertex 3.08817 -35.3654 0
    endloop
  endfacet
  facet normal 0 0 -1
    outer loop
      vertex 34.4809 -8.4406 0
      vertex 2.95444 -1.57918 0
      vertex 3.095 -1.28199 0
    endloop
  endfacet
  facet normal 0 0 -1
    outer loop
      vertex 34.4809 -8.4406 0
      vertex 2.78542 -1.86116 0
      vertex 2.95444 -1.57918 0
    endloop
  endfacet
  facet normal 0 0 -1
    outer loop
      vertex 34.4809 -8.4406 0
      vertex 2.58958 -2.12522 0
      vertex 2.78542 -1.86116 0
    endloop
  endfacet
  facet normal 0 0 -1
    outer loop
      vertex 0.328357 -3.33387 0
      vertex 3.08817 -35.3654 0
      vertex 2.4817 -35.4131 0
    endloop
  endfacet
  facet normal 0 0 -1
    outer loop
      vertex 0.328357 -3.33387 0
      vertex 2.4817 -35.4131 0
      vertex 2.47127 -35.4138 0
    endloop
  endfacet
  facet normal 0 0 -1
    outer loop
      vertex 14.7143 -32.3055 0
      vertex 2.36881 -2.36881 0
      vertex 2.58958 -2.12522 0
    endloop
  endfacet
  facet normal 0 0 -1
    outer loop
      vertex 14.7143 -32.3055 0
      vertex 2.12522 -2.58958 0
      vertex 2.36881 -2.36881 0
    endloop
  endfacet
  facet normal 0 0 -1
    outer loop
      vertex 0.328357 -3.33387 0
      vertex 2.47127 -35.4138 0
      vertex 1.8632 -35.451 0
    endloop
  endfacet
  facet normal 0 0 -1
    outer loop
      vertex 14.7143 -32.3055 0
      vertex 1.86116 -2.78542 0
      vertex 2.12522 -2.58958 0
    endloop
  endfacet
  facet normal 0 0 -1
    outer loop
      vertex 0.328357 -3.33387 0
      vertex 1.8632 -35.451 0
      vertex 1.85274 -35.4516 0
    endloop
  endfacet
  facet normal 0 0 -1
    outer loop
      vertex 14.7143 -32.3055 0
      vertex 1.57918 -2.95444 0
      vertex 1.86116 -2.78542 0
    endloop
  endfacet
  facet normal 0 0 -1
    outer loop
      vertex 14.7143 -32.3055 0
      vertex 1.28199 -3.095 0
      vertex 1.57918 -2.95444 0
    endloop
  endfacet
  facet normal 0 0 -1
    outer loop
      vertex 0.328357 -3.33387 0
      vertex 1.85274 -35.4516 0
      vertex 1.24422 -35.4781 0
    endloop
  endfacet
  facet normal 0 0 -1
    outer loop
      vertex 0 -3.35 0
      vertex 1.24422 -35.4781 0
      vertex 1.23376 -35.4785 0
    endloop
  endfacet
  facet normal 0 0 -1
    outer loop
      vertex 11.563 -33.564 0
      vertex 0.972453 -3.20575 0
      vertex 1.28199 -3.095 0
    endloop
  endfacet
  facet normal 0 0 -1
    outer loop
      vertex 0 -3.35 0
      vertex 1.23376 -35.4785 0
      vertex 0.771347 -35.4906 0
    endloop
  endfacet
  facet normal 0 0 -1
    outer loop
      vertex 8.58289 -34.4468 0
      vertex 0.653552 -3.28563 0
      vertex 0.972453 -3.20575 0
    endloop
  endfacet
  facet normal 0 0 -1
    outer loop
      vertex 4.93498 -35.1553 0
      vertex 0.328357 -3.33387 0
      vertex 0.653552 -3.28563 0
    endloop
  endfacet
  facet normal 0 0 -1
    outer loop
      vertex 1.24422 -35.4781 0
      vertex 0 -3.35 0
      vertex 0.328357 -3.33387 0
    endloop
  endfacet
  facet normal 0 0 -1
    outer loop
      vertex 0.771347 -35.4906 0
      vertex -0.328357 -3.33387 0
      vertex 0 -3.35 0
    endloop
  endfacet
  facet normal 0 0 -1
    outer loop
      vertex -2.13736 -39.4494 0
      vertex 0.771347 -35.4906 0
      vertex -0.614059 -39.0997 0
    endloop
  endfacet
  facet normal 0 0 -1
    outer loop
      vertex -1.1962 -39.4843 0
      vertex -0.614059 -39.0997 0
      vertex -0.629318 -39.1359 0
    endloop
  endfacet
  facet normal 0 0 -1
    outer loop
      vertex -1.1962 -39.4843 0
      vertex -0.629318 -39.1359 0
      vertex -0.646912 -39.171 0
    endloop
  endfacet
  facet normal 0 0 -1
    outer loop
      vertex -6.17311 -39.022 0
      vertex 0.771347 -35.4906 0
      vertex -4.84671 -39.2089 0
    endloop
  endfacet
  facet normal 0 0 -1
    outer loop
      vertex -1.1962 -39.4843 0
      vertex -0.646912 -39.171 0
      vertex -0.666779 -39.2049 0
    endloop
  endfacet
  facet normal 0 0 -1
    outer loop
      vertex -1.1962 -39.4843 0
      vertex -0.666779 -39.2049 0
      vertex -0.688797 -39.2374 0
    endloop
  endfacet
  facet normal 0 0 -1
    outer loop
      vertex -1.1962 -39.4843 0
      vertex -0.688797 -39.2374 0
      vertex -0.712906 -39.2684 0
    endloop
  endfacet
  facet normal 0 0 -1
    outer loop
      vertex -1.1962 -39.4843 0
      vertex -0.712906 -39.2684 0
      vertex -0.738983 -39.2977 0
    endloop
  endfacet
  facet normal 0 0 -1
    outer loop
      vertex -1.1962 -39.4843 0
      vertex -0.738983 -39.2977 0
      vertex -0.766922 -39.3253 0
    endloop
  endfacet
  facet normal 0 0 -1
    outer loop
      vertex -1.1962 -39.4843 0
      vertex -0.766922 -39.3253 0
      vertex -0.796616 -39.351 0
    endloop
  endfacet
  facet normal 0 0 -1
    outer loop
      vertex -1.1962 -39.4843 0
      vertex -0.796616 -39.351 0
      vertex -0.827927 -39.3747 0
    endloop
  endfacet
  facet normal 0 0 -1
    outer loop
      vertex -1.1962 -39.4843 0
      vertex -0.827927 -39.3747 0
      vertex -0.860703 -39.3963 0
    endloop
  endfacet
  facet normal 0 0 -1
    outer loop
      vertex -1.1962 -39.4843 0
      vertex -0.860703 -39.3963 0
      vertex -0.894836 -39.4157 0
    endloop
  endfacet
  facet normal 0 0 -1
    outer loop
      vertex -1.1962 -39.4843 0
      vertex -0.894836 -39.4157 0
      vertex -0.930161 -39.4328 0
    endloop
  endfacet
  facet normal 0 0 -1
    outer loop
      vertex -1.1962 -39.4843 0
      vertex -0.930161 -39.4328 0
      vertex -0.966537 -39.4476 0
    endloop
  endfacet
  facet normal 0 0 -1
    outer loop
      vertex 0.771347 -35.4906 0
      vertex -2.13736 -39.4494 0
      vertex -3.47327 -39.3543 0
    endloop
  endfacet
  facet normal 0 0 -1
    outer loop
      vertex -1.1962 -39.4843 0
      vertex -0.966537 -39.4476 0
      vertex -1.0038 -39.46 0
    endloop
  endfacet
  facet normal 0 0 -1
    outer loop
      vertex -1.1962 -39.4843 0
      vertex -1.0038 -39.46 0
      vertex -1.04179 -39.4699 0
    endloop
  endfacet
  facet normal 0 0 -1
    outer loop
      vertex -1.1962 -39.4843 0
      vertex -1.04179 -39.4699 0
      vertex -1.08035 -39.4773 0
    endloop
  endfacet
  facet normal 0 0 -1
    outer loop
      vertex -1.1962 -39.4843 0
      vertex -1.08035 -39.4773 0
      vertex -1.11931 -39.4822 0
    endloop
  endfacet
  facet normal 0 0 -1
    outer loop
      vertex -1.1962 -39.4843 0
      vertex -1.11931 -39.4822 0
      vertex -1.15851 -39.4845 0
    endloop
  endfacet
  facet normal 0 0 -1
    outer loop
      vertex -0.614059 -39.0997 0
      vertex -1.1962 -39.4843 0
      vertex -2.11674 -39.4505 0
    endloop
  endfacet
  facet normal 0 0 -1
    outer loop
      vertex -0.614059 -39.0997 0
      vertex -2.11674 -39.4505 0
      vertex -2.13736 -39.4494 0
    endloop
  endfacet
  facet normal 0 0 -1
    outer loop
      vertex 0.771347 -35.4906 0
      vertex -3.47327 -39.3543 0
      vertex -3.49385 -39.3525 0
    endloop
  endfacet
  facet normal 0 0 -1
    outer loop
      vertex 0.771347 -35.4906 0
      vertex -3.49385 -39.3525 0
      vertex -4.8262 -39.2114 0
    endloop
  endfacet
  facet normal 0 0 -1
    outer loop
      vertex 0.771347 -35.4906 0
      vertex -4.8262 -39.2114 0
      vertex -4.84671 -39.2089 0
    endloop
  endfacet
  facet normal 0 0 -1
    outer loop
      vertex 0.771347 -35.4906 0
      vertex -0.653552 -3.28563 0
      vertex -0.328357 -3.33387 0
    endloop
  endfacet
  facet normal 0 0 -1
    outer loop
      vertex -6.19351 -39.0188 0
      vertex 0.771347 -35.4906 0
      vertex -6.17311 -39.022 0
    endloop
  endfacet
  facet normal 0 0 -1
    outer loop
      vertex -7.51233 -38.7865 0
      vertex 0.771347 -35.4906 0
      vertex -6.19351 -39.0188 0
    endloop
  endfacet
  facet normal 0 0 -1
    outer loop
      vertex -7.53261 -38.7825 0
      vertex 0.771347 -35.4906 0
      vertex -7.51233 -38.7865 0
    endloop
  endfacet
  facet normal 0 0 -1
    outer loop
      vertex -8.84367 -38.5047 0
      vertex 0.771347 -35.4906 0
      vertex -7.53261 -38.7825 0
    endloop
  endfacet
  facet normal 0 0 -1
    outer loop
      vertex -8.8638 -38.5001 0
      vertex 0.771347 -35.4906 0
      vertex -8.84367 -38.5047 0
    endloop
  endfacet
  facet normal 0 0 -1
    outer loop
      vertex -10.1634 -38.1776 0
      vertex 0.771347 -35.4906 0
      vertex -8.8638 -38.5001 0
    endloop
  endfacet
  facet normal 0 0 -1
    outer loop
      vertex 0.771347 -35.4906 0
      vertex -0.972453 -3.20575 0
      vertex -0.653552 -3.28563 0
    endloop
  endfacet
  facet normal 0 0 -1
    outer loop
      vertex -10.1833 -38.1723 0
      vertex 0.771347 -35.4906 0
      vertex -10.1634 -38.1776 0
    endloop
  endfacet
  facet normal 0 0 -1
    outer loop
      vertex -11.4719 -37.805 0
      vertex 0.771347 -35.4906 0
      vertex -10.1833 -38.1723 0
    endloop
  endfacet
  facet normal 0 0 -1
    outer loop
      vertex -11.4917 -37.799 0
      vertex 0.771347 -35.4906 0
      vertex -11.4719 -37.805 0
    endloop
  endfacet
  facet normal 0 0 -1
    outer loop
      vertex 6.17159 34.9594 0
      vertex -3.41125 39.3597 0
      vertex -3.39043 39.3615 0
    endloop
  endfacet
  facet normal 0 0 -1
    outer loop
      vertex -12.7665 -37.3877 0
      vertex 0.771347 -35.4906 0
      vertex -11.4917 -37.799 0
    endloop
  endfacet
  facet normal 0 0 -1
    outer loop
      vertex -12.786 -37.381 0
      vertex 0.771347 -35.4906 0
      vertex -12.7665 -37.3877 0
    endloop
  endfacet
  facet normal 0 0 -1
    outer loop
      vertex -14.0456 -36.9262 0
      vertex 0.771347 -35.4906 0
      vertex -12.786 -37.381 0
    endloop
  endfacet
  facet normal 0 0 -1
    outer loop
      vertex -3.33387 0.328357 0
      vertex -23.4038 26.6916 0
      vertex -10.1841 38.1721 0
    endloop
  endfacet
  facet normal 0 0 -1
    outer loop
      vertex -3.33387 0.328357 0
      vertex -4.76021 39.2195 0
      vertex -3.41125 39.3597 0
    endloop
  endfacet
  facet normal 0 0 -1
    outer loop
      vertex 0.771347 -35.4906 0
      vertex -1.28199 -3.095 0
      vertex -0.972453 -3.20575 0
    endloop
  endfacet
  facet normal 0 0 -1
    outer loop
      vertex 0.771347 -35.4906 0
      vertex -24.441 -25.7447 0
      vertex -1.28199 -3.095 0
    endloop
  endfacet
  facet normal 0 0 -1
    outer loop
      vertex -3.33387 0.328357 0
      vertex -4.78096 39.2169 0
      vertex -4.76021 39.2195 0
    endloop
  endfacet
  facet normal 0 0 -1
    outer loop
      vertex -3.33387 0.328357 0
      vertex -6.12379 39.0298 0
      vertex -4.78096 39.2169 0
    endloop
  endfacet
  facet normal -0 0 -1
    outer loop
      vertex -1.28199 -3.095 0
      vertex -24.441 -25.7447 0
      vertex -1.57918 -2.95444 0
    endloop
  endfacet
  facet normal -0 0 -1
    outer loop
      vertex -1.57918 -2.95444 0
      vertex -24.441 -25.7447 0
      vertex -1.86116 -2.78542 0
    endloop
  endfacet
  facet normal 0 0 -1
    outer loop
      vertex -3.33387 0.328357 0
      vertex -6.14445 39.0265 0
      vertex -6.12379 39.0298 0
    endloop
  endfacet
  facet normal 0 0 -1
    outer loop
      vertex -3.33387 0.328357 0
      vertex -7.47968 38.7928 0
      vertex -6.14445 39.0265 0
    endloop
  endfacet
  facet normal -0 0 -1
    outer loop
      vertex -1.86116 -2.78542 0
      vertex -24.441 -25.7447 0
      vertex -2.12522 -2.58958 0
    endloop
  endfacet
  facet normal -0 0 -1
    outer loop
      vertex -2.12522 -2.58958 0
      vertex -24.441 -25.7447 0
      vertex -2.36881 -2.36881 0
    endloop
  endfacet
  facet normal 0 0 -1
    outer loop
      vertex -3.33387 0.328357 0
      vertex -7.50021 38.7888 0
      vertex -7.47968 38.7928 0
    endloop
  endfacet
  facet normal 0 0 -1
    outer loop
      vertex -24.6641 -25.5329 0
      vertex -2.36881 -2.36881 0
      vertex -24.6565 -25.5402 0
    endloop
  endfacet
  facet normal 0 0 -1
    outer loop
      vertex -3.33387 0.328357 0
      vertex -8.82747 38.5085 0
      vertex -7.50021 38.7888 0
    endloop
  endfacet
  facet normal 0 0 -1
    outer loop
      vertex -25.0986 -25.1059 0
      vertex -2.36881 -2.36881 0
      vertex -24.6641 -25.5329 0
    endloop
  endfacet
  facet normal 0 0 -1
    outer loop
      vertex -25.1059 -25.0986 0
      vertex -2.36881 -2.36881 0
      vertex -25.0986 -25.1059 0
    endloop
  endfacet
  facet normal 0 0 -1
    outer loop
      vertex -3.33387 0.328357 0
      vertex -8.84785 38.5038 0
      vertex -8.82747 38.5085 0
    endloop
  endfacet
  facet normal 0 0 -1
    outer loop
      vertex -25.5329 -24.6641 0
      vertex -2.36881 -2.36881 0
      vertex -25.1059 -25.0986 0
    endloop
  endfacet
  facet normal 0 0 -1
    outer loop
      vertex -3.33387 0.328357 0
      vertex -10.1639 38.1775 0
      vertex -8.84785 38.5038 0
    endloop
  endfacet
  facet normal 0 0 -1
    outer loop
      vertex -25.9591 -24.2151 0
      vertex -2.36881 -2.36881 0
      vertex -25.5402 -24.6565 0
    endloop
  endfacet
  facet normal 0 0 -1
    outer loop
      vertex -3.33387 0.328357 0
      vertex -10.1841 38.1721 0
      vertex -10.1639 38.1775 0
    endloop
  endfacet
  facet normal 0 0 -1
    outer loop
      vertex -25.9662 -24.2075 0
      vertex -2.36881 -2.36881 0
      vertex -25.9591 -24.2151 0
    endloop
  endfacet
  facet normal 0 0 -1
    outer loop
      vertex -10.1841 38.1721 0
      vertex -23.4038 26.6916 0
      vertex -11.4881 37.8001 0
    endloop
  endfacet
  facet normal 0 0 -1
    outer loop
      vertex -25.5402 -24.6565 0
      vertex -2.36881 -2.36881 0
      vertex -25.5329 -24.6641 0
    endloop
  endfacet
  facet normal 0 0 -1
    outer loop
      vertex -24.6565 -25.5402 0
      vertex -2.36881 -2.36881 0
      vertex -24.441 -25.7447 0
    endloop
  endfacet
  facet normal 0 0 -1
    outer loop
      vertex -11.4881 37.8001 0
      vertex -23.4038 26.6916 0
      vertex -11.5081 37.794 0
    endloop
  endfacet
  facet normal 0 0 -1
    outer loop
      vertex -11.5081 37.794 0
      vertex -23.4038 26.6916 0
      vertex -12.7982 37.3769 0
    endloop
  endfacet
  facet normal -0 0 -1
    outer loop
      vertex 0.771347 -35.4906 0
      vertex -14.0456 -36.9262 0
      vertex -24.441 -25.7447 0
    endloop
  endfacet
  facet normal 0 0 -1
    outer loop
      vertex -24.441 -25.7447 0
      vertex -14.0456 -36.9262 0
      vertex -14.0649 -36.9189 0
    endloop
  endfacet
  facet normal 0 0 -1
    outer loop
      vertex -12.7982 37.3769 0
      vertex -23.4038 26.6916 0
      vertex -12.8179 37.3701 0
    endloop
  endfacet
  facet normal 0 0 -1
    outer loop
      vertex -12.8179 37.3701 0
      vertex -23.4038 26.6916 0
      vertex -14.0929 36.9082 0
    endloop
  endfacet
  facet normal 0 0 -1
    outer loop
      vertex -24.441 -25.7447 0
      vertex -14.0649 -36.9189 0
      vertex -15.3087 -36.4207 0
    endloop
  endfacet
  facet normal 0 0 -1
    outer loop
      vertex -24.441 -25.7447 0
      vertex -15.3087 -36.4207 0
      vertex -15.3277 -36.4127 0
    endloop
  endfacet
  facet normal 0 0 -1
    outer loop
      vertex -14.0929 36.9082 0
      vertex -23.4038 26.6916 0
      vertex -14.1124 36.9007 0
    endloop
  endfacet
  facet normal 0 0 -1
    outer loop
      vertex -14.1124 36.9007 0
      vertex -23.4038 26.6916 0
      vertex -15.3705 36.3947 0
    endloop
  endfacet
  facet normal 0 0 -1
    outer loop
      vertex -24.441 -25.7447 0
      vertex -15.3277 -36.4127 0
      vertex -16.5535 -35.8721 0
    endloop
  endfacet
  facet normal 0 0 -1
    outer loop
      vertex -24.441 -25.7447 0
      vertex -16.5535 -35.8721 0
      vertex -16.5722 -35.8634 0
    endloop
  endfacet
  facet normal 0 0 -1
    outer loop
      vertex -15.3705 36.3947 0
      vertex -23.4038 26.6916 0
      vertex -15.3898 36.3865 0
    endloop
  endfacet
  facet normal 0 0 -1
    outer loop
      vertex -15.3898 36.3865 0
      vertex -23.4038 26.6916 0
      vertex -16.6293 35.837 0
    endloop
  endfacet
  facet normal 0 0 -1
    outer loop
      vertex -24.441 -25.7447 0
      vertex -16.5722 -35.8634 0
      vertex -17.7781 -35.2812 0
    endloop
  endfacet
  facet normal 0 0 -1
    outer loop
      vertex -24.441 -25.7447 0
      vertex -17.7781 -35.2812 0
      vertex -17.7966 -35.2719 0
    endloop
  endfacet
  facet normal 0 0 -1
    outer loop
      vertex -16.6293 35.837 0
      vertex -23.4038 26.6916 0
      vertex -16.6483 35.8282 0
    endloop
  endfacet
  facet normal 0 0 -1
    outer loop
      vertex -16.6483 35.8282 0
      vertex -23.4038 26.6916 0
      vertex -17.868 35.2357 0
    endloop
  endfacet
  facet normal 0 0 -1
    outer loop
      vertex -24.441 -25.7447 0
      vertex -17.7966 -35.2719 0
      vertex -18.9824 -34.6481 0
    endloop
  endfacet
  facet normal 0 0 -1
    outer loop
      vertex -24.441 -25.7447 0
      vertex -18.9824 -34.6481 0
      vertex -19.0005 -34.6382 0
    endloop
  endfacet
  facet normal 0 0 -1
    outer loop
      vertex -17.868 35.2357 0
      vertex -23.4038 26.6916 0
      vertex -17.8867 35.2263 0
    endloop
  endfacet
  facet normal 0 0 -1
    outer loop
      vertex -17.8867 35.2263 0
      vertex -23.4038 26.6916 0
      vertex -19.0851 34.5917 0
    endloop
  endfacet
  facet normal 0 0 -1
    outer loop
      vertex -24.441 -25.7447 0
      vertex -19.0005 -34.6382 0
      vertex -20.1637 -33.9743 0
    endloop
  endfacet
  facet normal 0 0 -1
    outer loop
      vertex -24.441 -25.7447 0
      vertex -20.1637 -33.9743 0
      vertex -20.1815 -33.9637 0
    endloop
  endfacet
  facet normal 0 0 -1
    outer loop
      vertex -19.0851 34.5917 0
      vertex -23.4038 26.6916 0
      vertex -19.1034 34.5816 0
    endloop
  endfacet
  facet normal 0 0 -1
    outer loop
      vertex -19.1034 34.5816 0
      vertex -23.4038 26.6916 0
      vertex -20.2787 33.9057 0
    endloop
  endfacet
  facet normal 0 0 -1
    outer loop
      vertex -24.441 -25.7447 0
      vertex -20.1815 -33.9637 0
      vertex -21.3215 -33.2599 0
    endloop
  endfacet
  facet normal 0 0 -1
    outer loop
      vertex -24.441 -25.7447 0
      vertex -21.3215 -33.2599 0
      vertex -21.3389 -33.2487 0
    endloop
  endfacet
  facet normal 0 0 -1
    outer loop
      vertex -20.2787 33.9057 0
      vertex -23.4038 26.6916 0
      vertex -20.2967 33.895 0
    endloop
  endfacet
  facet normal 0 0 -1
    outer loop
      vertex -20.2967 33.895 0
      vertex -23.4038 26.6916 0
      vertex -21.4481 33.1784 0
    endloop
  endfacet
  facet normal 0 0 -1
    outer loop
      vertex -24.441 -25.7447 0
      vertex -21.3389 -33.2487 0
      vertex -22.4537 -32.5063 0
    endloop
  endfacet
  facet normal 0 0 -1
    outer loop
      vertex -24.441 -25.7447 0
      vertex -22.4537 -32.5063 0
      vertex -22.4707 -32.4945 0
    endloop
  endfacet
  facet normal 0 0 -1
    outer loop
      vertex -21.4481 33.1784 0
      vertex -23.4038 26.6916 0
      vertex -21.4656 33.167 0
    endloop
  endfacet
  facet normal 0 0 -1
    outer loop
      vertex -21.4656 33.167 0
      vertex -23.4038 26.6916 0
      vertex -22.5912 32.4108 0
    endloop
  endfacet
  facet normal 0 0 -1
    outer loop
      vertex -22.5912 32.4108 0
      vertex -23.4038 26.6916 0
      vertex -22.6083 32.3989 0
    endloop
  endfacet
  facet normal 0 0 -1
    outer loop
      vertex -24.441 -25.7447 0
      vertex -22.4707 -32.4945 0
      vertex -23.559 -31.7143 0
    endloop
  endfacet
  facet normal 0 0 -1
    outer loop
      vertex -24.441 -25.7447 0
      vertex -23.559 -31.7143 0
      vertex -23.5756 -31.702 0
    endloop
  endfacet
  facet normal -0 0 -1
    outer loop
      vertex -2.36881 -2.36881 0
      vertex -25.9662 -24.2075 0
      vertex -2.58958 -2.12522 0
    endloop
  endfacet
  facet normal 0 0 -1
    outer loop
      vertex -3.33387 0.328357 0
      vertex -23.7497 26.3855 0
      vertex -23.4038 26.6916 0
    endloop
  endfacet
  facet normal 0 0 -1
    outer loop
      vertex -3.33387 0.328357 0
      vertex -23.7575 26.3785 0
      vertex -23.7497 26.3855 0
    endloop
  endfacet
  facet normal 0 0 -1
    outer loop
      vertex -3.33387 0.328357 0
      vertex -24.2075 25.9662 0
      vertex -23.7575 26.3785 0
    endloop
  endfacet
  facet normal 0 0 -1
    outer loop
      vertex -3.33387 0.328357 0
      vertex -24.2151 25.9591 0
      vertex -24.2075 25.9662 0
    endloop
  endfacet
  facet normal 0 0 -1
    outer loop
      vertex -24.6372 -30.8842 0
      vertex -24.441 -25.7447 0
      vertex -23.5756 -31.702 0
    endloop
  endfacet
  facet normal 0 0 -1
    outer loop
      vertex -24.6534 -30.8713 0
      vertex -24.441 -25.7447 0
      vertex -24.6372 -30.8842 0
    endloop
  endfacet
  facet normal 0 0 -1
    outer loop
      vertex -25.6845 -30.0188 0
      vertex -24.441 -25.7447 0
      vertex -24.6534 -30.8713 0
    endloop
  endfacet
  facet normal 0 0 -1
    outer loop
      vertex -26.4146 -28.6707 0
      vertex -25.6845 -30.0188 0
      vertex -25.7022 -30.0036 0
    endloop
  endfacet
  facet normal 0 0 -1
    outer loop
      vertex -26.4146 -28.6707 0
      vertex -25.7022 -30.0036 0
      vertex -26.3173 -29.4534 0
    endloop
  endfacet
  facet normal 0 0 -1
    outer loop
      vertex -26.4146 -28.6707 0
      vertex -26.3173 -29.4534 0
      vertex -26.3456 -29.4262 0
    endloop
  endfacet
  facet normal 0 0 -1
    outer loop
      vertex -26.4146 -28.6707 0
      vertex -26.3456 -29.4262 0
      vertex -26.3722 -29.3973 0
    endloop
  endfacet
  facet normal 0 0 -1
    outer loop
      vertex -26.4146 -28.6707 0
      vertex -26.3722 -29.3973 0
      vertex -26.3968 -29.3667 0
    endloop
  endfacet
  facet normal 0 0 -1
    outer loop
      vertex -25.6845 -30.0188 0
      vertex -26.4146 -28.6707 0
      vertex -24.441 -25.7447 0
    endloop
  endfacet
  facet normal 0 0 -1
    outer loop
      vertex -26.4194 -29.3346 0
      vertex -26.4146 -28.6707 0
      vertex -26.3968 -29.3667 0
    endloop
  endfacet
  facet normal 0 0 -1
    outer loop
      vertex -26.4194 -29.3346 0
      vertex -26.4339 -28.7011 0
      vertex -26.4146 -28.6707 0
    endloop
  endfacet
  facet normal 0 0 -1
    outer loop
      vertex -26.4398 -29.301 0
      vertex -26.4339 -28.7011 0
      vertex -26.4194 -29.3346 0
    endloop
  endfacet
  facet normal 0 0 -1
    outer loop
      vertex -26.4398 -29.301 0
      vertex -26.4527 -28.7355 0
      vertex -26.4339 -28.7011 0
    endloop
  endfacet
  facet normal 0 0 -1
    outer loop
      vertex -26.4579 -29.2662 0
      vertex -26.4527 -28.7355 0
      vertex -26.4398 -29.301 0
    endloop
  endfacet
  facet normal 0 0 -1
    outer loop
      vertex -26.4579 -29.2662 0
      vertex -26.4693 -28.7711 0
      vertex -26.4527 -28.7355 0
    endloop
  endfacet
  facet normal 0 0 -1
    outer loop
      vertex -26.4738 -29.2303 0
      vertex -26.4693 -28.7711 0
      vertex -26.4579 -29.2662 0
    endloop
  endfacet
  facet normal 0 0 -1
    outer loop
      vertex -26.4738 -29.2303 0
      vertex -26.4834 -28.8077 0
      vertex -26.4693 -28.7711 0
    endloop
  endfacet
  facet normal 0 0 -1
    outer loop
      vertex -26.4873 -29.1934 0
      vertex -26.4834 -28.8077 0
      vertex -26.4738 -29.2303 0
    endloop
  endfacet
  facet normal 0 0 -1
    outer loop
      vertex -26.4873 -29.1934 0
      vertex -26.4952 -28.8452 0
      vertex -26.4834 -28.8077 0
    endloop
  endfacet
  facet normal 0 0 -1
    outer loop
      vertex -26.4983 -29.1557 0
      vertex -26.4952 -28.8452 0
      vertex -26.4873 -29.1934 0
    endloop
  endfacet
  facet normal 0 0 -1
    outer loop
      vertex -26.4983 -29.1557 0
      vertex -26.5045 -28.8833 0
      vertex -26.4952 -28.8452 0
    endloop
  endfacet
  facet normal 0 0 -1
    outer loop
      vertex -26.5068 -29.1174 0
      vertex -26.5045 -28.8833 0
      vertex -26.4983 -29.1557 0
    endloop
  endfacet
  facet normal 0 0 -1
    outer loop
      vertex -26.5068 -29.1174 0
      vertex -26.5113 -28.922 0
      vertex -26.5045 -28.8833 0
    endloop
  endfacet
  facet normal 0 0 -1
    outer loop
      vertex -26.5128 -29.0786 0
      vertex -26.5113 -28.922 0
      vertex -26.5068 -29.1174 0
    endloop
  endfacet
  facet normal 0 0 -1
    outer loop
      vertex -26.5128 -29.0786 0
      vertex -26.5155 -28.961 0
      vertex -26.5113 -28.922 0
    endloop
  endfacet
  facet normal 0 0 -1
    outer loop
      vertex -26.5163 -29.0395 0
      vertex -26.5155 -28.961 0
      vertex -26.5128 -29.0786 0
    endloop
  endfacet
  facet normal 0 0 -1
    outer loop
      vertex -26.5155 -28.961 0
      vertex -26.5163 -29.0395 0
      vertex -26.5172 -29.0003 0
    endloop
  endfacet
  facet normal 0 0 -1
    outer loop
      vertex 6.1599 38.7142 0
      vertex 5.68903 39.0861 0
      vertex 6.1442 38.7502 0
    endloop
  endfacet
  facet normal 0 0 -1
    outer loop
      vertex 6.1442 38.7502 0
      vertex 5.68903 39.0861 0
      vertex 6.12617 38.7851 0
    endloop
  endfacet
  facet normal 0 0 -1
    outer loop
      vertex 6.1059 38.8188 0
      vertex 5.68903 39.0861 0
      vertex 6.08348 38.851 0
    endloop
  endfacet
  facet normal 0 0 -1
    outer loop
      vertex 6.08348 38.851 0
      vertex 5.68903 39.0861 0
      vertex 6.05899 38.8817 0
    endloop
  endfacet
  facet normal 0 0 -1
    outer loop
      vertex 6.05899 38.8817 0
      vertex 5.68903 39.0861 0
      vertex 6.03256 38.9107 0
    endloop
  endfacet
  facet normal 0 0 -1
    outer loop
      vertex 6.03256 38.9107 0
      vertex 5.68903 39.0861 0
      vertex 6.00429 38.9379 0
    endloop
  endfacet
  facet normal 0 0 -1
    outer loop
      vertex 5.97427 38.9633 0
      vertex 5.68903 39.0861 0
      vertex 5.94269 38.9866 0
    endloop
  endfacet
  facet normal 0 0 -1
    outer loop
      vertex 5.94269 38.9866 0
      vertex 5.68903 39.0861 0
      vertex 5.90964 39.0078 0
    endloop
  endfacet
  facet normal 0 0 -1
    outer loop
      vertex 5.87527 39.0268 0
      vertex 5.68903 39.0861 0
      vertex 5.83974 39.0435 0
    endloop
  endfacet
  facet normal 0 0 -1
    outer loop
      vertex 5.83974 39.0435 0
      vertex 5.68903 39.0861 0
      vertex 5.80319 39.0578 0
    endloop
  endfacet
  facet normal 0 0 -1
    outer loop
      vertex 5.76578 39.0697 0
      vertex 5.68903 39.0861 0
      vertex 5.72768 39.0792 0
    endloop
  endfacet
  facet normal 0 0 -1
    outer loop
      vertex 5.80319 39.0578 0
      vertex 5.68903 39.0861 0
      vertex 5.76578 39.0697 0
    endloop
  endfacet
  facet normal 0 0 -1
    outer loop
      vertex 5.90964 39.0078 0
      vertex 5.68903 39.0861 0
      vertex 5.87527 39.0268 0
    endloop
  endfacet
  facet normal 0 0 -1
    outer loop
      vertex 6.00429 38.9379 0
      vertex 5.68903 39.0861 0
      vertex 5.97427 38.9633 0
    endloop
  endfacet
  facet normal 0 0 -1
    outer loop
      vertex 6.12617 38.7851 0
      vertex 5.68903 39.0861 0
      vertex 6.1059 38.8188 0
    endloop
  endfacet
  facet normal 0 0 -1
    outer loop
      vertex 6.20239 38.4872 0
      vertex 5.68903 39.0861 0
      vertex 6.17322 38.6773 0
    endloop
  endfacet
  facet normal -0 -0 -1
    outer loop
      vertex 3.46465 39.355 0
      vertex 6.17159 34.9594 0
      vertex 2.1123 39.4508 0
    endloop
  endfacet
  facet normal 0 0 -1
    outer loop
      vertex -0.328357 3.33387 0
      vertex 6.17159 34.9594 0
      vertex 0 3.35 0
    endloop
  endfacet
  facet normal 0 0 -1
    outer loop
      vertex 6.17159 34.9594 0
      vertex 0.736633 39.5004 0
      vertex 2.09142 39.4519 0
    endloop
  endfacet
  facet normal 0 0 -1
    outer loop
      vertex 6.17159 34.9594 0
      vertex 0.715729 39.5008 0
      vertex 0.736633 39.5004 0
    endloop
  endfacet
  facet normal 0 0 -1
    outer loop
      vertex -0.653552 3.28563 0
      vertex 6.17159 34.9594 0
      vertex -0.328357 3.33387 0
    endloop
  endfacet
  facet normal 0 0 -1
    outer loop
      vertex 6.17159 34.9594 0
      vertex -0.640808 39.5021 0
      vertex 0.715729 39.5008 0
    endloop
  endfacet
  facet normal 0 0 -1
    outer loop
      vertex -0.972453 3.20575 0
      vertex 6.17159 34.9594 0
      vertex -0.653552 3.28563 0
    endloop
  endfacet
  facet normal 0 0 -1
    outer loop
      vertex 6.17159 34.9594 0
      vertex -0.661713 39.5017 0
      vertex -0.640808 39.5021 0
    endloop
  endfacet
  facet normal -0 0 -1
    outer loop
      vertex 6.17159 34.9594 0
      vertex -0.972453 3.20575 0
      vertex -3.41125 39.3597 0
    endloop
  endfacet
  facet normal 0 0 -1
    outer loop
      vertex -3.41125 39.3597 0
      vertex -0.972453 3.20575 0
      vertex -1.28199 3.095 0
    endloop
  endfacet
  facet normal 0 0 -1
    outer loop
      vertex -3.41125 39.3597 0
      vertex -1.28199 3.095 0
      vertex -1.57918 2.95444 0
    endloop
  endfacet
  facet normal 0 0 -1
    outer loop
      vertex -3.41125 39.3597 0
      vertex -1.57918 2.95444 0
      vertex -1.86116 2.78542 0
    endloop
  endfacet
  facet normal 0 0 -1
    outer loop
      vertex 6.17159 34.9594 0
      vertex -2.01659 39.4558 0
      vertex -0.661713 39.5017 0
    endloop
  endfacet
  facet normal 0 0 -1
    outer loop
      vertex 6.17159 34.9594 0
      vertex -2.03748 39.4547 0
      vertex -2.01659 39.4558 0
    endloop
  endfacet
  facet normal 0 0 -1
    outer loop
      vertex -3.41125 39.3597 0
      vertex -1.86116 2.78542 0
      vertex -2.12522 2.58958 0
    endloop
  endfacet
  facet normal 0 0 -1
    outer loop
      vertex -3.41125 39.3597 0
      vertex -2.12522 2.58958 0
      vertex -2.36881 2.36881 0
    endloop
  endfacet
  facet normal 0 0 -1
    outer loop
      vertex -3.41125 39.3597 0
      vertex -2.36881 2.36881 0
      vertex -2.58958 2.12522 0
    endloop
  endfacet
  facet normal 0 0 -1
    outer loop
      vertex -3.41125 39.3597 0
      vertex -2.58958 2.12522 0
      vertex -2.78542 1.86116 0
    endloop
  endfacet
  facet normal 0 0 -1
    outer loop
      vertex -3.41125 39.3597 0
      vertex -2.78542 1.86116 0
      vertex -2.95444 1.57918 0
    endloop
  endfacet
  facet normal 0 0 -1
    outer loop
      vertex -3.41125 39.3597 0
      vertex -2.95444 1.57918 0
      vertex -3.095 1.28199 0
    endloop
  endfacet
  facet normal 0 0 -1
    outer loop
      vertex -3.41125 39.3597 0
      vertex -3.095 1.28199 0
      vertex -3.20575 0.972453 0
    endloop
  endfacet
  facet normal 0 0 -1
    outer loop
      vertex -3.41125 39.3597 0
      vertex -3.20575 0.972453 0
      vertex -3.28563 0.653552 0
    endloop
  endfacet
  facet normal 0 0 -1
    outer loop
      vertex -3.41125 39.3597 0
      vertex -3.28563 0.653552 0
      vertex -3.33387 0.328357 0
    endloop
  endfacet
  facet normal 0 0 -1
    outer loop
      vertex -34.6243 -7.83153 0
      vertex -3.33387 0.328357 0
      vertex -3.35 0 0
    endloop
  endfacet
  facet normal 0 0 -1
    outer loop
      vertex 6.17159 34.9594 0
      vertex -3.39043 39.3615 0
      vertex -2.03748 39.4547 0
    endloop
  endfacet
  facet normal 0 0 -1
    outer loop
      vertex -23.4038 26.6916 0
      vertex -23.707 31.6039 0
      vertex -22.6083 32.3989 0
    endloop
  endfacet
  facet normal 0 0 -1
    outer loop
      vertex -24.6624 30.3467 0
      vertex -23.707 31.6039 0
      vertex -23.4038 26.6916 0
    endloop
  endfacet
  facet normal 0 0 -1
    outer loop
      vertex -23.707 31.6039 0
      vertex -24.6624 30.3467 0
      vertex -23.7237 31.5913 0
    endloop
  endfacet
  facet normal 0 0 -1
    outer loop
      vertex -23.7237 31.5913 0
      vertex -24.6624 30.3467 0
      vertex -24.4635 31.0156 0
    endloop
  endfacet
  facet normal 0 0 -1
    outer loop
      vertex -24.4635 31.0156 0
      vertex -24.6624 30.3467 0
      vertex -24.4926 30.9915 0
    endloop
  endfacet
  facet normal 0 0 -1
    outer loop
      vertex -24.4926 30.9915 0
      vertex -24.6624 30.3467 0
      vertex -24.5212 30.9645 0
    endloop
  endfacet
  facet normal 0 0 -1
    outer loop
      vertex -24.5212 30.9645 0
      vertex -24.6624 30.3467 0
      vertex -24.5479 30.9357 0
    endloop
  endfacet
  facet normal 0 0 -1
    outer loop
      vertex -24.5479 30.9357 0
      vertex -24.6624 30.3467 0
      vertex -24.5727 30.9053 0
    endloop
  endfacet
  facet normal 0 0 -1
    outer loop
      vertex -24.5727 30.9053 0
      vertex -24.6624 30.3467 0
      vertex -24.5954 30.8732 0
    endloop
  endfacet
  facet normal 0 0 -1
    outer loop
      vertex -24.5954 30.8732 0
      vertex -24.6624 30.3467 0
      vertex -24.616 30.8398 0
    endloop
  endfacet
  facet normal 0 0 -1
    outer loop
      vertex -24.616 30.8398 0
      vertex -24.6624 30.3467 0
      vertex -24.6343 30.8051 0
    endloop
  endfacet
  facet normal 0 0 -1
    outer loop
      vertex -24.6343 30.8051 0
      vertex -24.6624 30.3467 0
      vertex -24.6504 30.7693 0
    endloop
  endfacet
  facet normal 0 0 -1
    outer loop
      vertex -24.6624 30.3467 0
      vertex -24.6641 30.7325 0
      vertex -24.6504 30.7693 0
    endloop
  endfacet
  facet normal 0 0 -1
    outer loop
      vertex -24.6739 30.3843 0
      vertex -24.6641 30.7325 0
      vertex -24.6624 30.3467 0
    endloop
  endfacet
  facet normal 0 0 -1
    outer loop
      vertex -24.6739 30.3843 0
      vertex -24.6753 30.6948 0
      vertex -24.6641 30.7325 0
    endloop
  endfacet
  facet normal 0 0 -1
    outer loop
      vertex -24.683 30.4225 0
      vertex -24.6753 30.6948 0
      vertex -24.6739 30.3843 0
    endloop
  endfacet
  facet normal 0 0 -1
    outer loop
      vertex -24.683 30.4225 0
      vertex -24.684 30.6566 0
      vertex -24.6753 30.6948 0
    endloop
  endfacet
  facet normal 0 0 -1
    outer loop
      vertex -24.6896 30.4612 0
      vertex -24.684 30.6566 0
      vertex -24.683 30.4225 0
    endloop
  endfacet
  facet normal 0 0 -1
    outer loop
      vertex -24.6896 30.4612 0
      vertex -24.6903 30.6178 0
      vertex -24.684 30.6566 0
    endloop
  endfacet
  facet normal 0 0 -1
    outer loop
      vertex -24.6936 30.5002 0
      vertex -24.6903 30.6178 0
      vertex -24.6896 30.4612 0
    endloop
  endfacet
  facet normal 0 0 -1
    outer loop
      vertex -24.6936 30.5002 0
      vertex -24.6939 30.5787 0
      vertex -24.6903 30.6178 0
    endloop
  endfacet
  facet normal 0 -0 -1
    outer loop
      vertex -24.6939 30.5787 0
      vertex -24.6936 30.5002 0
      vertex -24.6951 30.5395 0
    endloop
  endfacet
  facet normal 0 0 -1
    outer loop
      vertex -26.3781 -23.7579 0
      vertex -2.58958 -2.12522 0
      vertex -25.9662 -24.2075 0
    endloop
  endfacet
  facet normal 0 0 -1
    outer loop
      vertex -3.33387 0.328357 0
      vertex -24.6565 25.5402 0
      vertex -24.2151 25.9591 0
    endloop
  endfacet
  facet normal 0 0 -1
    outer loop
      vertex -26.3852 -23.7502 0
      vertex -2.58958 -2.12522 0
      vertex -26.3781 -23.7579 0
    endloop
  endfacet
  facet normal 0 0 -1
    outer loop
      vertex -3.33387 0.328357 0
      vertex -24.6641 25.5329 0
      vertex -24.6565 25.5402 0
    endloop
  endfacet
  facet normal 0 0 -1
    outer loop
      vertex -26.7889 -23.2938 0
      vertex -2.58958 -2.12522 0
      vertex -26.3852 -23.7502 0
    endloop
  endfacet
  facet normal 0 0 -1
    outer loop
      vertex -3.33387 0.328357 0
      vertex -25.0986 25.1059 0
      vertex -24.6641 25.5329 0
    endloop
  endfacet
  facet normal 0 0 -1
    outer loop
      vertex -26.7957 -23.2859 0
      vertex -2.58958 -2.12522 0
      vertex -26.7889 -23.2938 0
    endloop
  endfacet
  facet normal 0 0 -1
    outer loop
      vertex -3.33387 0.328357 0
      vertex -25.1059 25.0986 0
      vertex -25.0986 25.1059 0
    endloop
  endfacet
  facet normal 0 0 -1
    outer loop
      vertex -27.1909 -22.8232 0
      vertex -2.58958 -2.12522 0
      vertex -26.7957 -23.2859 0
    endloop
  endfacet
  facet normal 0 0 -1
    outer loop
      vertex -3.33387 0.328357 0
      vertex -25.5329 24.6641 0
      vertex -25.1059 25.0986 0
    endloop
  endfacet
  facet normal 0 0 -1
    outer loop
      vertex -27.1976 -22.8152 0
      vertex -2.58958 -2.12522 0
      vertex -27.1909 -22.8232 0
    endloop
  endfacet
  facet normal 0 0 -1
    outer loop
      vertex -3.33387 0.328357 0
      vertex -25.5402 24.6565 0
      vertex -25.5329 24.6641 0
    endloop
  endfacet
  facet normal 0 0 -1
    outer loop
      vertex -27.5856 -22.3446 0
      vertex -2.58958 -2.12522 0
      vertex -27.1976 -22.8152 0
    endloop
  endfacet
  facet normal 0 0 -1
    outer loop
      vertex -3.33387 0.328357 0
      vertex -25.9591 24.2151 0
      vertex -25.5402 24.6565 0
    endloop
  endfacet
  facet normal 0 0 -1
    outer loop
      vertex -27.5922 -22.3364 0
      vertex -2.58958 -2.12522 0
      vertex -27.5856 -22.3446 0
    endloop
  endfacet
  facet normal 0 0 -1
    outer loop
      vertex -3.33387 0.328357 0
      vertex -25.9662 24.2075 0
      vertex -25.9591 24.2151 0
    endloop
  endfacet
  facet normal 0 0 -1
    outer loop
      vertex -27.9713 -21.8598 0
      vertex -2.58958 -2.12522 0
      vertex -27.5922 -22.3364 0
    endloop
  endfacet
  facet normal 0 0 -1
    outer loop
      vertex -3.33387 0.328357 0
      vertex -26.3781 23.7579 0
      vertex -25.9662 24.2075 0
    endloop
  endfacet
  facet normal 0 0 -1
    outer loop
      vertex -27.9778 -21.8515 0
      vertex -2.58958 -2.12522 0
      vertex -27.9713 -21.8598 0
    endloop
  endfacet
  facet normal 0 0 -1
    outer loop
      vertex -3.33387 0.328357 0
      vertex -26.3852 23.7502 0
      vertex -26.3781 23.7579 0
    endloop
  endfacet
  facet normal 0 0 -1
    outer loop
      vertex -28.3483 -21.3686 0
      vertex -2.58958 -2.12522 0
      vertex -27.9778 -21.8515 0
    endloop
  endfacet
  facet normal 0 0 -1
    outer loop
      vertex -3.33387 0.328357 0
      vertex -26.7889 23.2938 0
      vertex -26.3852 23.7502 0
    endloop
  endfacet
  facet normal -0 0 -1
    outer loop
      vertex -2.58958 -2.12522 0
      vertex -28.3483 -21.3686 0
      vertex -2.78542 -1.86116 0
    endloop
  endfacet
  facet normal 0 0 -1
    outer loop
      vertex -3.33387 0.328357 0
      vertex -26.7957 23.2859 0
      vertex -26.7889 23.2938 0
    endloop
  endfacet
  facet normal 0 0 -1
    outer loop
      vertex -28.3546 -21.3603 0
      vertex -2.78542 -1.86116 0
      vertex -28.3483 -21.3686 0
    endloop
  endfacet
  facet normal 0 0 -1
    outer loop
      vertex -3.33387 0.328357 0
      vertex -27.1909 22.8232 0
      vertex -26.7957 23.2859 0
    endloop
  endfacet
  facet normal 0 0 -1
    outer loop
      vertex -28.7168 -20.8709 0
      vertex -2.78542 -1.86116 0
      vertex -28.3546 -21.3603 0
    endloop
  endfacet
  facet normal 0 0 -1
    outer loop
      vertex -3.33387 0.328357 0
      vertex -27.1976 22.8152 0
      vertex -27.1909 22.8232 0
    endloop
  endfacet
  facet normal 0 0 -1
    outer loop
      vertex -28.7229 -20.8624 0
      vertex -2.78542 -1.86116 0
      vertex -28.7168 -20.8709 0
    endloop
  endfacet
  facet normal 0 0 -1
    outer loop
      vertex -3.33387 0.328357 0
      vertex -27.5856 22.3446 0
      vertex -27.1976 22.8152 0
    endloop
  endfacet
  facet normal 0 0 -1
    outer loop
      vertex -29.077 -20.3661 0
      vertex -2.78542 -1.86116 0
      vertex -28.7229 -20.8624 0
    endloop
  endfacet
  facet normal 0 0 -1
    outer loop
      vertex -3.33387 0.328357 0
      vertex -27.5922 22.3364 0
      vertex -27.5856 22.3446 0
    endloop
  endfacet
  facet normal 0 0 -1
    outer loop
      vertex -29.0829 -20.3575 0
      vertex -2.78542 -1.86116 0
      vertex -29.077 -20.3661 0
    endloop
  endfacet
  facet normal 0 0 -1
    outer loop
      vertex -3.33387 0.328357 0
      vertex -27.9713 21.8598 0
      vertex -27.5922 22.3364 0
    endloop
  endfacet
  facet normal 0 0 -1
    outer loop
      vertex -29.4278 -19.8558 0
      vertex -2.78542 -1.86116 0
      vertex -29.0829 -20.3575 0
    endloop
  endfacet
  facet normal 0 0 -1
    outer loop
      vertex -3.33387 0.328357 0
      vertex -27.9778 21.8515 0
      vertex -27.9713 21.8598 0
    endloop
  endfacet
  facet normal 0 0 -1
    outer loop
      vertex -29.4336 -19.8471 0
      vertex -2.78542 -1.86116 0
      vertex -29.4278 -19.8558 0
    endloop
  endfacet
  facet normal 0 0 -1
    outer loop
      vertex -3.33387 0.328357 0
      vertex -28.3483 21.3686 0
      vertex -27.9778 21.8515 0
    endloop
  endfacet
  facet normal 0 0 -1
    outer loop
      vertex -29.7701 -19.3388 0
      vertex -2.78542 -1.86116 0
      vertex -29.4336 -19.8471 0
    endloop
  endfacet
  facet normal 0 0 -1
    outer loop
      vertex -3.33387 0.328357 0
      vertex -28.3546 21.3603 0
      vertex -28.3483 21.3686 0
    endloop
  endfacet
  facet normal 0 0 -1
    outer loop
      vertex -29.7758 -19.33 0
      vertex -2.78542 -1.86116 0
      vertex -29.7701 -19.3388 0
    endloop
  endfacet
  facet normal 0 0 -1
    outer loop
      vertex -3.33387 0.328357 0
      vertex -28.7168 20.8709 0
      vertex -28.3546 21.3603 0
    endloop
  endfacet
  facet normal 0 0 -1
    outer loop
      vertex -30.103 -18.8164 0
      vertex -2.78542 -1.86116 0
      vertex -29.7758 -19.33 0
    endloop
  endfacet
  facet normal 0 0 -1
    outer loop
      vertex -3.33387 0.328357 0
      vertex -28.7229 20.8624 0
      vertex -28.7168 20.8709 0
    endloop
  endfacet
  facet normal 0 0 -1
    outer loop
      vertex -30.1086 -18.8075 0
      vertex -2.78542 -1.86116 0
      vertex -30.103 -18.8164 0
    endloop
  endfacet
  facet normal 0 0 -1
    outer loop
      vertex -3.33387 0.328357 0
      vertex -29.077 20.3661 0
      vertex -28.7229 20.8624 0
    endloop
  endfacet
  facet normal 0 0 -1
    outer loop
      vertex -30.4266 -18.2885 0
      vertex -2.78542 -1.86116 0
      vertex -30.1086 -18.8075 0
    endloop
  endfacet
  facet normal 0 0 -1
    outer loop
      vertex -3.33387 0.328357 0
      vertex -29.0829 20.3575 0
      vertex -29.077 20.3661 0
    endloop
  endfacet
  facet normal -0 0 -1
    outer loop
      vertex -2.78542 -1.86116 0
      vertex -30.4266 -18.2885 0
      vertex -2.95444 -1.57918 0
    endloop
  endfacet
  facet normal 0 0 -1
    outer loop
      vertex -3.33387 0.328357 0
      vertex -29.4278 19.8558 0
      vertex -29.0829 20.3575 0
    endloop
  endfacet
  facet normal 0 0 -1
    outer loop
      vertex -30.432 -18.2795 0
      vertex -2.95444 -1.57918 0
      vertex -30.4266 -18.2885 0
    endloop
  endfacet
  facet normal 0 0 -1
    outer loop
      vertex -3.33387 0.328357 0
      vertex -29.4336 19.8471 0
      vertex -29.4278 19.8558 0
    endloop
  endfacet
  facet normal 0 0 -1
    outer loop
      vertex -30.7411 -17.7548 0
      vertex -2.95444 -1.57918 0
      vertex -30.432 -18.2795 0
    endloop
  endfacet
  facet normal 0 0 -1
    outer loop
      vertex -3.33387 0.328357 0
      vertex -29.7701 19.3388 0
      vertex -29.4336 19.8471 0
    endloop
  endfacet
  facet normal 0 0 -1
    outer loop
      vertex -30.7463 -17.7457 0
      vertex -2.95444 -1.57918 0
      vertex -30.7411 -17.7548 0
    endloop
  endfacet
  facet normal 0 0 -1
    outer loop
      vertex -3.33387 0.328357 0
      vertex -29.7758 19.33 0
      vertex -29.7701 19.3388 0
    endloop
  endfacet
  facet normal 0 0 -1
    outer loop
      vertex -31.0465 -17.2152 0
      vertex -2.95444 -1.57918 0
      vertex -30.7463 -17.7457 0
    endloop
  endfacet
  facet normal 0 0 -1
    outer loop
      vertex -3.33387 0.328357 0
      vertex -30.103 18.8164 0
      vertex -29.7758 19.33 0
    endloop
  endfacet
  facet normal 0 0 -1
    outer loop
      vertex -31.0515 -17.206 0
      vertex -2.95444 -1.57918 0
      vertex -31.0465 -17.2152 0
    endloop
  endfacet
  facet normal 0 0 -1
    outer loop
      vertex -3.33387 0.328357 0
      vertex -30.1086 18.8075 0
      vertex -30.103 18.8164 0
    endloop
  endfacet
  facet normal 0 0 -1
    outer loop
      vertex -31.3422 -16.6707 0
      vertex -2.95444 -1.57918 0
      vertex -31.0515 -17.206 0
    endloop
  endfacet
  facet normal 0 0 -1
    outer loop
      vertex -3.33387 0.328357 0
      vertex -30.4266 18.2885 0
      vertex -30.1086 18.8075 0
    endloop
  endfacet
  facet normal 0 0 -1
    outer loop
      vertex -31.3471 -16.6615 0
      vertex -2.95444 -1.57918 0
      vertex -31.3422 -16.6707 0
    endloop
  endfacet
  facet normal 0 0 -1
    outer loop
      vertex -3.33387 0.328357 0
      vertex -30.432 18.2795 0
      vertex -30.4266 18.2885 0
    endloop
  endfacet
  facet normal 0 0 -1
    outer loop
      vertex -3.33387 0.328357 0
      vertex -30.7402 17.7562 0
      vertex -30.432 18.2795 0
    endloop
  endfacet
  facet normal 0 0 -1
    outer loop
      vertex -31.6284 -16.1211 0
      vertex -2.95444 -1.57918 0
      vertex -31.3471 -16.6615 0
    endloop
  endfacet
  facet normal 0 0 -1
    outer loop
      vertex -31.6332 -16.1118 0
      vertex -2.95444 -1.57918 0
      vertex -31.6284 -16.1211 0
    endloop
  endfacet
  facet normal 0 0 -1
    outer loop
      vertex -31.9046 -15.5672 0
      vertex -2.95444 -1.57918 0
      vertex -31.6332 -16.1118 0
    endloop
  endfacet
  facet normal 0 0 -1
    outer loop
      vertex -31.9092 -15.5578 0
      vertex -2.95444 -1.57918 0
      vertex -31.9046 -15.5672 0
    endloop
  endfacet
  facet normal -0 0 -1
    outer loop
      vertex -2.95444 -1.57918 0
      vertex -31.9092 -15.5578 0
      vertex -3.095 -1.28199 0
    endloop
  endfacet
  facet normal 0 0 -1
    outer loop
      vertex -32.1717 -15.0076 0
      vertex -3.095 -1.28199 0
      vertex -31.9092 -15.5578 0
    endloop
  endfacet
  facet normal 0 0 -1
    outer loop
      vertex -32.1761 -14.9982 0
      vertex -3.095 -1.28199 0
      vertex -32.1717 -15.0076 0
    endloop
  endfacet
  facet normal 0 0 -1
    outer loop
      vertex -32.4289 -14.4435 0
      vertex -3.095 -1.28199 0
      vertex -32.1761 -14.9982 0
    endloop
  endfacet
  facet normal 0 0 -1
    outer loop
      vertex -32.4332 -14.4339 0
      vertex -3.095 -1.28199 0
      vertex -32.4289 -14.4435 0
    endloop
  endfacet
  facet normal 0 0 -1
    outer loop
      vertex -32.6758 -13.8759 0
      vertex -3.095 -1.28199 0
      vertex -32.4332 -14.4339 0
    endloop
  endfacet
  facet normal 0 0 -1
    outer loop
      vertex -32.6799 -13.8662 0
      vertex -3.095 -1.28199 0
      vertex -32.6758 -13.8759 0
    endloop
  endfacet
  facet normal 0 0 -1
    outer loop
      vertex -32.913 -13.3034 0
      vertex -3.095 -1.28199 0
      vertex -32.6799 -13.8662 0
    endloop
  endfacet
  facet normal 0 0 -1
    outer loop
      vertex -32.9169 -13.2937 0
      vertex -3.095 -1.28199 0
      vertex -32.913 -13.3034 0
    endloop
  endfacet
  facet normal 0 0 -1
    outer loop
      vertex -33.14 -12.7274 0
      vertex -3.095 -1.28199 0
      vertex -32.9169 -13.2937 0
    endloop
  endfacet
  facet normal 0 0 -1
    outer loop
      vertex -33.1438 -12.7176 0
      vertex -3.095 -1.28199 0
      vertex -33.14 -12.7274 0
    endloop
  endfacet
  facet normal 0 0 -1
    outer loop
      vertex -33.3574 -12.1463 0
      vertex -3.095 -1.28199 0
      vertex -33.1438 -12.7176 0
    endloop
  endfacet
  facet normal -0 0 -1
    outer loop
      vertex -3.095 -1.28199 0
      vertex -33.3574 -12.1463 0
      vertex -3.20575 -0.972453 0
    endloop
  endfacet
  facet normal 0 0 -1
    outer loop
      vertex -33.3609 -12.1365 0
      vertex -3.20575 -0.972453 0
      vertex -33.3574 -12.1463 0
    endloop
  endfacet
  facet normal 0 0 -1
    outer loop
      vertex -33.564 -11.563 0
      vertex -3.20575 -0.972453 0
      vertex -33.3609 -12.1365 0
    endloop
  endfacet
  facet normal 0 0 -1
    outer loop
      vertex -33.5674 -11.5531 0
      vertex -3.20575 -0.972453 0
      vertex -33.564 -11.563 0
    endloop
  endfacet
  facet normal 0 0 -1
    outer loop
      vertex -33.7609 -10.9749 0
      vertex -3.20575 -0.972453 0
      vertex -33.5674 -11.5531 0
    endloop
  endfacet
  facet normal 0 0 -1
    outer loop
      vertex -33.7641 -10.965 0
      vertex -3.20575 -0.972453 0
      vertex -33.7609 -10.9749 0
    endloop
  endfacet
  facet normal 0 0 -1
    outer loop
      vertex -33.9473 -10.384 0
      vertex -3.20575 -0.972453 0
      vertex -33.7641 -10.965 0
    endloop
  endfacet
  facet normal 0 0 -1
    outer loop
      vertex -33.9503 -10.374 0
      vertex -3.20575 -0.972453 0
      vertex -33.9473 -10.384 0
    endloop
  endfacet
  facet normal 0 0 -1
    outer loop
      vertex -34.1232 -9.79053 0
      vertex -3.20575 -0.972453 0
      vertex -33.9503 -10.374 0
    endloop
  endfacet
  facet normal 0 0 -1
    outer loop
      vertex -34.1261 -9.78044 0
      vertex -3.20575 -0.972453 0
      vertex -34.1232 -9.79053 0
    endloop
  endfacet
  facet normal 0 0 -1
    outer loop
      vertex -34.289 -9.19279 0
      vertex -3.20575 -0.972453 0
      vertex -34.1261 -9.78044 0
    endloop
  endfacet
  facet normal 0 0 -1
    outer loop
      vertex -34.2917 -9.18269 0
      vertex -3.20575 -0.972453 0
      vertex -34.289 -9.19279 0
    endloop
  endfacet
  facet normal -0 0 -1
    outer loop
      vertex -3.20575 -0.972453 0
      vertex -34.2917 -9.18269 0
      vertex -3.28563 -0.653552 0
    endloop
  endfacet
  facet normal 0 0 -1
    outer loop
      vertex -34.4442 -8.59305 0
      vertex -3.28563 -0.653552 0
      vertex -34.2917 -9.18269 0
    endloop
  endfacet
  facet normal 0 0 -1
    outer loop
      vertex -34.4468 -8.58287 0
      vertex -3.28563 -0.653552 0
      vertex -34.4442 -8.59305 0
    endloop
  endfacet
  facet normal 0 0 -1
    outer loop
      vertex -34.5889 -7.99083 0
      vertex -3.28563 -0.653552 0
      vertex -34.4468 -8.58287 0
    endloop
  endfacet
  facet normal 0 0 -1
    outer loop
      vertex -34.5913 -7.98065 0
      vertex -3.28563 -0.653552 0
      vertex -34.5889 -7.99083 0
    endloop
  endfacet
  facet normal 0 0 -1
    outer loop
      vertex -34.6243 -7.83153 0
      vertex -3.28563 -0.653552 0
      vertex -34.5913 -7.98065 0
    endloop
  endfacet
  facet normal -0 0 -1
    outer loop
      vertex -3.28563 -0.653552 0
      vertex -34.6243 -7.83153 0
      vertex -3.33387 -0.328357 0
    endloop
  endfacet
  facet normal -0 0 -1
    outer loop
      vertex -3.33387 -0.328357 0
      vertex -34.6243 -7.83153 0
      vertex -3.35 0 0
    endloop
  endfacet
  facet normal -0 0 -1
    outer loop
      vertex -3.33387 0.328357 0
      vertex -34.6243 -7.83153 0
      vertex -30.7402 17.7562 0
    endloop
  endfacet
  facet normal 0 0 -1
    outer loop
      vertex -38.9866 6.39304 0
      vertex -30.7402 17.7562 0
      vertex -34.6243 -7.83153 0
    endloop
  endfacet
  facet normal 0 -0 -1
    outer loop
      vertex -37.31 12.9919 0
      vertex -30.7402 17.7562 0
      vertex -37.3168 12.9724 0
    endloop
  endfacet
  facet normal 0 -0 -1
    outer loop
      vertex -36.8411 14.2674 0
      vertex -30.7402 17.7562 0
      vertex -36.8485 14.2482 0
    endloop
  endfacet
  facet normal 0 -0 -1
    outer loop
      vertex -36.3366 15.5074 0
      vertex -30.7402 17.7562 0
      vertex -36.8411 14.2674 0
    endloop
  endfacet
  facet normal 0 -0 -1
    outer loop
      vertex -36.3285 15.5263 0
      vertex -30.7402 17.7562 0
      vertex -36.3366 15.5074 0
    endloop
  endfacet
  facet normal 0 -0 -1
    outer loop
      vertex -35.7815 16.7483 0
      vertex -30.7402 17.7562 0
      vertex -36.3285 15.5263 0
    endloop
  endfacet
  facet normal 0 -0 -1
    outer loop
      vertex -35.1848 17.968 0
      vertex -30.7402 17.7562 0
      vertex -35.7728 16.767 0
    endloop
  endfacet
  facet normal 0 0 -1
    outer loop
      vertex -30.7402 17.7562 0
      vertex -35.1848 17.968 0
      vertex -34.0449 18.9918 0
    endloop
  endfacet
  facet normal 0 -0 -1
    outer loop
      vertex -34.7832 18.7144 0
      vertex -34.0449 18.9918 0
      vertex -35.1742 17.9888 0
    endloop
  endfacet
  facet normal -0 0 -1
    outer loop
      vertex -34.0449 18.9918 0
      vertex -34.7832 18.7144 0
      vertex -34.0789 19.0033 0
    endloop
  endfacet
  facet normal -0 0 -1
    outer loop
      vertex -34.0789 19.0033 0
      vertex -34.7832 18.7144 0
      vertex -34.1168 19.0136 0
    endloop
  endfacet
  facet normal -0 0 -1
    outer loop
      vertex -34.1553 19.0214 0
      vertex -34.7832 18.7144 0
      vertex -34.1942 19.0267 0
    endloop
  endfacet
  facet normal -0 0 -1
    outer loop
      vertex -34.1942 19.0267 0
      vertex -34.7832 18.7144 0
      vertex -34.2334 19.0294 0
    endloop
  endfacet
  facet normal 0 0 -1
    outer loop
      vertex -34.2727 19.0295 0
      vertex -34.7832 18.7144 0
      vertex -34.3118 19.0271 0
    endloop
  endfacet
  facet normal 0 0 -1
    outer loop
      vertex -34.3118 19.0271 0
      vertex -34.7832 18.7144 0
      vertex -34.3508 19.0221 0
    endloop
  endfacet
  facet normal 0 0 -1
    outer loop
      vertex -34.3893 19.0145 0
      vertex -34.7832 18.7144 0
      vertex -34.4273 19.0045 0
    endloop
  endfacet
  facet normal 0 0 -1
    outer loop
      vertex -34.4273 19.0045 0
      vertex -34.7832 18.7144 0
      vertex -34.4645 18.992 0
    endloop
  endfacet
  facet normal 0 0 -1
    outer loop
      vertex -34.5008 18.9771 0
      vertex -34.7832 18.7144 0
      vertex -34.5361 18.9599 0
    endloop
  endfacet
  facet normal 0 0 -1
    outer loop
      vertex -34.5361 18.9599 0
      vertex -34.7832 18.7144 0
      vertex -34.5702 18.9403 0
    endloop
  endfacet
  facet normal 0 0 -1
    outer loop
      vertex -34.5702 18.9403 0
      vertex -34.7832 18.7144 0
      vertex -34.6029 18.9186 0
    endloop
  endfacet
  facet normal 0 0 -1
    outer loop
      vertex -34.6341 18.8948 0
      vertex -34.7832 18.7144 0
      vertex -34.6637 18.869 0
    endloop
  endfacet
  facet normal 0 0 -1
    outer loop
      vertex -34.6916 18.8414 0
      vertex -34.7832 18.7144 0
      vertex -34.7176 18.8119 0
    endloop
  endfacet
  facet normal 0 0 -1
    outer loop
      vertex -34.7176 18.8119 0
      vertex -34.7832 18.7144 0
      vertex -34.7416 18.7809 0
    endloop
  endfacet
  facet normal 0 0 -1
    outer loop
      vertex -34.7416 18.7809 0
      vertex -34.7832 18.7144 0
      vertex -34.7635 18.7483 0
    endloop
  endfacet
  facet normal 0 0 -1
    outer loop
      vertex -34.6637 18.869 0
      vertex -34.7832 18.7144 0
      vertex -34.6916 18.8414 0
    endloop
  endfacet
  facet normal 0 0 -1
    outer loop
      vertex -34.6029 18.9186 0
      vertex -34.7832 18.7144 0
      vertex -34.6341 18.8948 0
    endloop
  endfacet
  facet normal 0 0 -1
    outer loop
      vertex -34.4645 18.992 0
      vertex -34.7832 18.7144 0
      vertex -34.5008 18.9771 0
    endloop
  endfacet
  facet normal 0 0 -1
    outer loop
      vertex -34.3508 19.0221 0
      vertex -34.7832 18.7144 0
      vertex -34.3893 19.0145 0
    endloop
  endfacet
  facet normal -0 0 -1
    outer loop
      vertex -34.2334 19.0294 0
      vertex -34.7832 18.7144 0
      vertex -34.2727 19.0295 0
    endloop
  endfacet
  facet normal -0 0 -1
    outer loop
      vertex -34.1168 19.0136 0
      vertex -34.7832 18.7144 0
      vertex -34.1553 19.0214 0
    endloop
  endfacet
  facet normal 0 -0 -1
    outer loop
      vertex -35.1742 17.9888 0
      vertex -34.0449 18.9918 0
      vertex -35.1848 17.968 0
    endloop
  endfacet
  facet normal 0 -0 -1
    outer loop
      vertex -35.7728 16.767 0
      vertex -30.7402 17.7562 0
      vertex -35.7815 16.7483 0
    endloop
  endfacet
  facet normal 0 -0 -1
    outer loop
      vertex -36.8485 14.2482 0
      vertex -30.7402 17.7562 0
      vertex -37.31 12.9919 0
    endloop
  endfacet
  facet normal 0 0 -1
    outer loop
      vertex -30.7402 17.7562 0
      vertex -37.7349 11.7005 0
      vertex -37.3168 12.9724 0
    endloop
  endfacet
  facet normal 0 0 -1
    outer loop
      vertex -30.7402 17.7562 0
      vertex -37.741 11.6808 0
      vertex -37.7349 11.7005 0
    endloop
  endfacet
  facet normal 0 0 -1
    outer loop
      vertex -30.7402 17.7562 0
      vertex -38.115 10.3958 0
      vertex -37.741 11.6808 0
    endloop
  endfacet
  facet normal 0 0 -1
    outer loop
      vertex -30.7402 17.7562 0
      vertex -38.1204 10.3759 0
      vertex -38.115 10.3958 0
    endloop
  endfacet
  facet normal 0 0 -1
    outer loop
      vertex -39.0835 -5.77107 0
      vertex -34.6243 -7.83153 0
      vertex -38.4372 -7.19348 0
    endloop
  endfacet
  facet normal 0 0 -1
    outer loop
      vertex -30.7402 17.7562 0
      vertex -38.4501 9.07811 0
      vertex -38.1204 10.3759 0
    endloop
  endfacet
  facet normal 0 0 -1
    outer loop
      vertex -30.7402 17.7562 0
      vertex -38.4549 9.05801 0
      vertex -38.4501 9.07811 0
    endloop
  endfacet
  facet normal 0 0 -1
    outer loop
      vertex -38.9301 -6.69971 0
      vertex -38.4372 -7.19348 0
      vertex -38.4757 -7.18575 0
    endloop
  endfacet
  facet normal 0 0 -1
    outer loop
      vertex -38.9301 -6.69971 0
      vertex -38.4757 -7.18575 0
      vertex -38.5136 -7.17549 0
    endloop
  endfacet
  facet normal 0 0 -1
    outer loop
      vertex -38.9301 -6.69971 0
      vertex -38.5136 -7.17549 0
      vertex -38.5507 -7.1628 0
    endloop
  endfacet
  facet normal 0 0 -1
    outer loop
      vertex -38.9301 -6.69971 0
      vertex -38.5507 -7.1628 0
      vertex -38.587 -7.14769 0
    endloop
  endfacet
  facet normal 0 0 -1
    outer loop
      vertex -38.9301 -6.69971 0
      vertex -38.587 -7.14769 0
      vertex -38.6222 -7.13025 0
    endloop
  endfacet
  facet normal 0 0 -1
    outer loop
      vertex -38.9301 -6.69971 0
      vertex -38.6222 -7.13025 0
      vertex -38.6561 -7.11055 0
    endloop
  endfacet
  facet normal 0 0 -1
    outer loop
      vertex -38.9301 -6.69971 0
      vertex -38.6561 -7.11055 0
      vertex -38.6887 -7.08865 0
    endloop
  endfacet
  facet normal 0 0 -1
    outer loop
      vertex -38.9301 -6.69971 0
      vertex -38.6887 -7.08865 0
      vertex -38.7198 -7.0647 0
    endloop
  endfacet
  facet normal 0 0 -1
    outer loop
      vertex -30.7402 17.7562 0
      vertex -38.7396 7.75026 0
      vertex -38.4549 9.05801 0
    endloop
  endfacet
  facet normal 0 0 -1
    outer loop
      vertex -30.7402 17.7562 0
      vertex -38.7437 7.73001 0
      vertex -38.7396 7.75026 0
    endloop
  endfacet
  facet normal 0 0 -1
    outer loop
      vertex -38.9301 -6.69971 0
      vertex -38.7198 -7.0647 0
      vertex -38.7493 -7.03874 0
    endloop
  endfacet
  facet normal 0 0 -1
    outer loop
      vertex -38.9301 -6.69971 0
      vertex -38.7493 -7.03874 0
      vertex -38.777 -7.01091 0
    endloop
  endfacet
  facet normal 0 0 -1
    outer loop
      vertex -38.9301 -6.69971 0
      vertex -38.777 -7.01091 0
      vertex -38.8028 -6.98134 0
    endloop
  endfacet
  facet normal 0 0 -1
    outer loop
      vertex -38.9301 -6.69971 0
      vertex -38.8028 -6.98134 0
      vertex -38.8266 -6.95013 0
    endloop
  endfacet
  facet normal 0 0 -1
    outer loop
      vertex -38.9301 -6.69971 0
      vertex -38.8266 -6.95013 0
      vertex -38.8484 -6.91745 0
    endloop
  endfacet
  facet normal 0 0 -1
    outer loop
      vertex -38.9301 -6.69971 0
      vertex -38.8484 -6.91745 0
      vertex -38.8679 -6.88339 0
    endloop
  endfacet
  facet normal 0 0 -1
    outer loop
      vertex -38.9301 -6.69971 0
      vertex -38.8679 -6.88339 0
      vertex -38.8852 -6.84814 0
    endloop
  endfacet
  facet normal 0 0 -1
    outer loop
      vertex -38.9301 -6.69971 0
      vertex -38.8852 -6.84814 0
      vertex -38.9002 -6.81184 0
    endloop
  endfacet
  facet normal 0 0 -1
    outer loop
      vertex -38.9301 -6.69971 0
      vertex -38.9002 -6.81184 0
      vertex -38.9127 -6.77463 0
    endloop
  endfacet
  facet normal 0 0 -1
    outer loop
      vertex -38.9301 -6.69971 0
      vertex -38.9127 -6.77463 0
      vertex -38.9228 -6.73669 0
    endloop
  endfacet
  facet normal 0 0 -1
    outer loop
      vertex -38.4372 -7.19348 0
      vertex -38.9301 -6.69971 0
      vertex -39.0805 -5.79147 0
    endloop
  endfacet
  facet normal 0 0 -1
    outer loop
      vertex -30.7402 17.7562 0
      vertex -38.9832 6.41341 0
      vertex -38.7437 7.73001 0
    endloop
  endfacet
  facet normal 0 0 -1
    outer loop
      vertex -30.7402 17.7562 0
      vertex -38.9866 6.39304 0
      vertex -38.9832 6.41341 0
    endloop
  endfacet
  facet normal 0 0 -1
    outer loop
      vertex -38.4372 -7.19348 0
      vertex -39.0805 -5.79147 0
      vertex -39.0835 -5.77107 0
    endloop
  endfacet
  facet normal 0 0 -1
    outer loop
      vertex -34.6243 -7.83153 0
      vertex -39.0835 -5.77107 0
      vertex -39.2565 -4.44415 0
    endloop
  endfacet
  facet normal 0 0 -1
    outer loop
      vertex -34.6243 -7.83153 0
      vertex -39.1808 5.06821 0
      vertex -38.9866 6.39304 0
    endloop
  endfacet
  facet normal 0 0 -1
    outer loop
      vertex -34.6243 -7.83153 0
      vertex -39.1835 5.04774 0
      vertex -39.1808 5.06821 0
    endloop
  endfacet
  facet normal 0 0 -1
    outer loop
      vertex -34.6243 -7.83153 0
      vertex -39.2565 -4.44415 0
      vertex -39.2588 -4.42363 0
    endloop
  endfacet
  facet normal 0 0 -1
    outer loop
      vertex -34.6243 -7.83153 0
      vertex -39.2588 -4.42363 0
      vertex -39.3861 -3.09131 0
    endloop
  endfacet
  facet normal 0 0 -1
    outer loop
      vertex -34.6243 -7.83153 0
      vertex -39.332 3.71747 0
      vertex -39.1835 5.04774 0
    endloop
  endfacet
  facet normal 0 0 -1
    outer loop
      vertex -34.6243 -7.83153 0
      vertex -39.3339 3.69691 0
      vertex -39.332 3.71747 0
    endloop
  endfacet
  facet normal 0 0 -1
    outer loop
      vertex -34.6243 -7.83153 0
      vertex -39.3861 -3.09131 0
      vertex -39.3878 -3.07074 0
    endloop
  endfacet
  facet normal 0 0 -1
    outer loop
      vertex -34.6243 -7.83153 0
      vertex -39.3878 -3.07074 0
      vertex -39.4692 -1.73434 0
    endloop
  endfacet
  facet normal 0 0 -1
    outer loop
      vertex -34.6243 -7.83153 0
      vertex -39.4366 2.36198 0
      vertex -39.3339 3.69691 0
    endloop
  endfacet
  facet normal 0 0 -1
    outer loop
      vertex -34.6243 -7.83153 0
      vertex -39.4378 2.34137 0
      vertex -39.4366 2.36198 0
    endloop
  endfacet
  facet normal 0 0 -1
    outer loop
      vertex -34.6243 -7.83153 0
      vertex -39.4692 -1.73434 0
      vertex -39.4701 -1.71371 0
    endloop
  endfacet
  facet normal 0 0 -1
    outer loop
      vertex -34.6243 -7.83153 0
      vertex -39.4701 -1.71371 0
      vertex -39.5055 -0.375381 0
    endloop
  endfacet
  facet normal 0 0 -1
    outer loop
      vertex -34.6243 -7.83153 0
      vertex -39.4945 1.00421 0
      vertex -39.4378 2.34137 0
    endloop
  endfacet
  facet normal 0 0 -1
    outer loop
      vertex -34.6243 -7.83153 0
      vertex -39.495 0.983582 0
      vertex -39.4945 1.00421 0
    endloop
  endfacet
  facet normal 0 0 -1
    outer loop
      vertex -39.5057 -0.354736 0
      vertex -34.6243 -7.83153 0
      vertex -39.5055 -0.375381 0
    endloop
  endfacet
  facet normal 0 0 -1
    outer loop
      vertex -34.6243 -7.83153 0
      vertex -39.5057 -0.354736 0
      vertex -39.495 0.983582 0
    endloop
  endfacet
  facet normal 0 0 1
    outer loop
      vertex 6.19832 38.5624 6.6
      vertex 6.20239 38.4872 6.6
      vertex 6.20161 38.5233 6.6
    endloop
  endfacet
  facet normal 0 0 1
    outer loop
      vertex 6.19246 38.6012 6.6
      vertex 6.20239 38.4872 6.6
      vertex 6.19832 38.5624 6.6
    endloop
  endfacet
  facet normal 0 0 1
    outer loop
      vertex 6.18408 38.6396 6.6
      vertex 6.20239 38.4872 6.6
      vertex 6.19246 38.6012 6.6
    endloop
  endfacet
  facet normal 0 0 1
    outer loop
      vertex 6.17322 38.6773 6.6
      vertex 6.20239 38.4872 6.6
      vertex 6.18408 38.6396 6.6
    endloop
  endfacet
  facet normal 0 0 1
    outer loop
      vertex 5.68903 39.0861 6.6
      vertex 6.20239 38.4872 6.6
      vertex 6.17322 38.6773 6.6
    endloop
  endfacet
  facet normal 0 0 1
    outer loop
      vertex 5.68903 39.0861 6.6
      vertex 6.17322 38.6773 6.6
      vertex 6.1599 38.7142 6.6
    endloop
  endfacet
  facet normal 0 0 1
    outer loop
      vertex 39.23 4.58192 6.6
      vertex 39.2289 4.50345 6.6
      vertex 39.2308 4.54266 6.6
    endloop
  endfacet
  facet normal 0 0 1
    outer loop
      vertex 39.2267 4.62105 6.6
      vertex 39.2289 4.50345 6.6
      vertex 39.23 4.58192 6.6
    endloop
  endfacet
  facet normal 0 0 1
    outer loop
      vertex 39.2267 4.62105 6.6
      vertex 39.2245 4.46443 6.6
      vertex 39.2289 4.50345 6.6
    endloop
  endfacet
  facet normal 0 0 1
    outer loop
      vertex 39.2267 4.62105 6.6
      vertex 39.2176 4.42578 6.6
      vertex 39.2245 4.46443 6.6
    endloop
  endfacet
  facet normal 0 0 1
    outer loop
      vertex 39.2267 4.62105 6.6
      vertex 39.2081 4.38768 6.6
      vertex 39.2176 4.42578 6.6
    endloop
  endfacet
  facet normal 0 0 1
    outer loop
      vertex 39.2267 4.62105 6.6
      vertex 39.1962 4.35027 6.6
      vertex 39.2081 4.38768 6.6
    endloop
  endfacet
  facet normal 0 0 1
    outer loop
      vertex 39.2267 4.62105 6.6
      vertex 39.1819 4.31372 6.6
      vertex 39.1962 4.35027 6.6
    endloop
  endfacet
  facet normal 0 0 1
    outer loop
      vertex 39.2267 4.62105 6.6
      vertex 39.1652 4.27818 6.6
      vertex 39.1819 4.31372 6.6
    endloop
  endfacet
  facet normal 0 0 1
    outer loop
      vertex 39.2267 4.62105 6.6
      vertex 39.1462 4.24382 6.6
      vertex 39.1652 4.27818 6.6
    endloop
  endfacet
  facet normal 0 0 1
    outer loop
      vertex 38.781 3.97015 6.6
      vertex 39.2267 4.62105 6.6
      vertex 39.1285 5.45699 6.6
    endloop
  endfacet
  facet normal 0 0 1
    outer loop
      vertex 38.781 3.97015 6.6
      vertex 39.1285 5.45699 6.6
      vertex 39.1253 5.48038 6.6
    endloop
  endfacet
  facet normal 0 0 1
    outer loop
      vertex 39.2267 4.62105 6.6
      vertex 38.781 3.97015 6.6
      vertex 39.1462 4.24382 6.6
    endloop
  endfacet
  facet normal 0 0 1
    outer loop
      vertex 39.1462 4.24382 6.6
      vertex 38.781 3.97015 6.6
      vertex 39.125 4.21077 6.6
    endloop
  endfacet
  facet normal 0 0 1
    outer loop
      vertex 39.125 4.21077 6.6
      vertex 38.781 3.97015 6.6
      vertex 39.1017 4.17917 6.6
    endloop
  endfacet
  facet normal 0 0 1
    outer loop
      vertex 39.1017 4.17917 6.6
      vertex 38.781 3.97015 6.6
      vertex 39.0764 4.14917 6.6
    endloop
  endfacet
  facet normal 0 0 1
    outer loop
      vertex 39.0764 4.14917 6.6
      vertex 38.781 3.97015 6.6
      vertex 39.0491 4.1209 6.6
    endloop
  endfacet
  facet normal 0 0 1
    outer loop
      vertex 39.0491 4.1209 6.6
      vertex 38.781 3.97015 6.6
      vertex 39.0201 4.09447 6.6
    endloop
  endfacet
  facet normal 0 0 1
    outer loop
      vertex 39.0201 4.09447 6.6
      vertex 38.781 3.97015 6.6
      vertex 38.9894 4.06998 6.6
    endloop
  endfacet
  facet normal 0 0 1
    outer loop
      vertex 38.9894 4.06998 6.6
      vertex 38.781 3.97015 6.6
      vertex 38.9572 4.04756 6.6
    endloop
  endfacet
  facet normal 0 0 1
    outer loop
      vertex 35.3655 3.08684 6.6
      vertex 39.1253 5.48038 6.6
      vertex 38.9144 6.81853 6.6
    endloop
  endfacet
  facet normal 0 0 1
    outer loop
      vertex 35.3655 3.08684 6.6
      vertex 38.9144 6.81853 6.6
      vertex 38.9108 6.83911 6.6
    endloop
  endfacet
  facet normal 0 0 1
    outer loop
      vertex 38.9572 4.04756 6.6
      vertex 38.781 3.97015 6.6
      vertex 38.9235 4.02728 6.6
    endloop
  endfacet
  facet normal 0 0 1
    outer loop
      vertex 38.9235 4.02728 6.6
      vertex 38.781 3.97015 6.6
      vertex 38.8887 4.00926 6.6
    endloop
  endfacet
  facet normal 0 0 1
    outer loop
      vertex 38.8887 4.00926 6.6
      vertex 38.781 3.97015 6.6
      vertex 38.8527 3.99356 6.6
    endloop
  endfacet
  facet normal 0 0 1
    outer loop
      vertex 38.8527 3.99356 6.6
      vertex 38.781 3.97015 6.6
      vertex 38.8157 3.98024 6.6
    endloop
  endfacet
  facet normal 0 0 1
    outer loop
      vertex 35.3655 3.08684 6.6
      vertex 38.9108 6.83911 6.6
      vertex 38.6533 8.16986 6.6
    endloop
  endfacet
  facet normal 0 0 1
    outer loop
      vertex 35.3655 3.08684 6.6
      vertex 38.6533 8.16986 6.6
      vertex 38.649 8.19032 6.6
    endloop
  endfacet
  facet normal 0 0 1
    outer loop
      vertex 35.3655 3.08684 6.6
      vertex 38.649 8.19032 6.6
      vertex 38.3449 9.51265 6.6
    endloop
  endfacet
  facet normal 0 0 1
    outer loop
      vertex 35.3655 3.08684 6.6
      vertex 38.3449 9.51265 6.6
      vertex 38.3399 9.53294 6.6
    endloop
  endfacet
  facet normal 0 0 1
    outer loop
      vertex 35.3655 3.08684 6.6
      vertex 38.3399 9.53294 6.6
      vertex 37.9903 10.8425 6.6
    endloop
  endfacet
  facet normal 0 0 1
    outer loop
      vertex 35.3655 3.08684 6.6
      vertex 37.9903 10.8425 6.6
      vertex 37.9846 10.8626 6.6
    endloop
  endfacet
  facet normal 0 0 1
    outer loop
      vertex 35.3655 3.08684 6.6
      vertex 37.9846 10.8626 6.6
      vertex 37.5894 12.16 6.6
    endloop
  endfacet
  facet normal 0 0 1
    outer loop
      vertex 35.3655 3.08684 6.6
      vertex 37.5894 12.16 6.6
      vertex 37.5829 12.1799 6.6
    endloop
  endfacet
  facet normal 0 0 1
    outer loop
      vertex 35.3655 3.08684 6.6
      vertex 37.5829 12.1799 6.6
      vertex 37.1428 13.4626 6.6
    endloop
  endfacet
  facet normal 0 0 1
    outer loop
      vertex 35.3655 3.08684 6.6
      vertex 37.1428 13.4626 6.6
      vertex 37.1356 13.4822 6.6
    endloop
  endfacet
  facet normal 0 0 1
    outer loop
      vertex 35.3655 3.08684 6.6
      vertex 37.1356 13.4822 6.6
      vertex 36.6511 14.7486 6.6
    endloop
  endfacet
  facet normal 0 0 1
    outer loop
      vertex 35.3655 3.08684 6.6
      vertex 36.6511 14.7486 6.6
      vertex 36.6433 14.768 6.6
    endloop
  endfacet
  facet normal 0 0 1
    outer loop
      vertex 35.3655 3.08684 6.6
      vertex 36.6433 14.768 6.6
      vertex 36.1151 16.0163 6.6
    endloop
  endfacet
  facet normal 0 0 1
    outer loop
      vertex 35.3655 3.08684 6.6
      vertex 36.1151 16.0163 6.6
      vertex 36.1066 16.0354 6.6
    endloop
  endfacet
  facet normal 0 0 1
    outer loop
      vertex 9.8656 4.86518 6.6
      vertex 36.1066 16.0354 6.6
      vertex 35.5347 17.2658 6.6
    endloop
  endfacet
  facet normal 0 0 1
    outer loop
      vertex 9.8656 4.86518 6.6
      vertex 35.5347 17.2658 6.6
      vertex 35.5256 17.2847 6.6
    endloop
  endfacet
  facet normal 0 0 1
    outer loop
      vertex 39.1253 5.48038 6.6
      vertex 35.3655 3.08684 6.6
      vertex 38.781 3.97015 6.6
    endloop
  endfacet
  facet normal 0 0 1
    outer loop
      vertex 35.4138 -2.47127 6.6
      vertex 10.9764 -0.719434 6.6
      vertex 35.4131 -2.4817 6.6
    endloop
  endfacet
  facet normal 0 0 1
    outer loop
      vertex 35.4131 -2.4817 6.6
      vertex 10.9764 -0.719434 6.6
      vertex 35.3654 -3.08817 6.6
    endloop
  endfacet
  facet normal 0 0 1
    outer loop
      vertex 35.3654 -3.08817 6.6
      vertex 10.9764 -0.719434 6.6
      vertex 35.3645 -3.09859 6.6
    endloop
  endfacet
  facet normal 0 0 1
    outer loop
      vertex 35.3645 -3.09859 6.6
      vertex 10.9764 -0.719434 6.6
      vertex 35.306 -3.70563 6.6
    endloop
  endfacet
  facet normal 0 0 1
    outer loop
      vertex 36.1066 16.0354 6.6
      vertex 10.1627 4.20952 6.6
      vertex 35.3655 3.08684 6.6
    endloop
  endfacet
  facet normal 0 -0 1
    outer loop
      vertex 10.7886 2.14599 6.6
      vertex 35.3655 3.08684 6.6
      vertex 10.6252 2.84701 6.6
    endloop
  endfacet
  facet normal 0 -0 1
    outer loop
      vertex 10.9059 1.43579 6.6
      vertex 35.3655 3.08684 6.6
      vertex 10.7886 2.14599 6.6
    endloop
  endfacet
  facet normal 0 -0 1
    outer loop
      vertex 10.9764 0.719434 6.6
      vertex 35.3655 3.08684 6.6
      vertex 10.9059 1.43579 6.6
    endloop
  endfacet
  facet normal 0 -0 1
    outer loop
      vertex 11 0 6.6
      vertex 35.3655 3.08684 6.6
      vertex 10.9764 0.719434 6.6
    endloop
  endfacet
  facet normal 0 0 1
    outer loop
      vertex 35.306 -3.70563 6.6
      vertex 10.9059 -1.43579 6.6
      vertex 35.3049 -3.71605 6.6
    endloop
  endfacet
  facet normal 0 0 1
    outer loop
      vertex 35.3049 -3.71605 6.6
      vertex 10.9059 -1.43579 6.6
      vertex 35.2359 -4.32158 6.6
    endloop
  endfacet
  facet normal 0 0 1
    outer loop
      vertex 35.2359 -4.32158 6.6
      vertex 10.9059 -1.43579 6.6
      vertex 35.2346 -4.33199 6.6
    endloop
  endfacet
  facet normal 0 0 1
    outer loop
      vertex 9.8656 4.86518 6.6
      vertex 35.5256 17.2847 6.6
      vertex 34.9116 18.4933 6.6
    endloop
  endfacet
  facet normal 0 0 1
    outer loop
      vertex 9.8656 4.86518 6.6
      vertex 34.9116 18.4933 6.6
      vertex 34.9019 18.5118 6.6
    endloop
  endfacet
  facet normal -0 0 1
    outer loop
      vertex 10.9059 -1.43579 6.6
      vertex 35.306 -3.70563 6.6
      vertex 10.9764 -0.719434 6.6
    endloop
  endfacet
  facet normal 0 0 1
    outer loop
      vertex 35.1553 -4.93498 6.6
      vertex 10.9059 -1.43579 6.6
      vertex 35.1538 -4.94534 6.6
    endloop
  endfacet
  facet normal 0 0 1
    outer loop
      vertex 35.1538 -4.94534 6.6
      vertex 10.9059 -1.43579 6.6
      vertex 35.0636 -5.54877 6.6
    endloop
  endfacet
  facet normal 0 0 1
    outer loop
      vertex 35.0636 -5.54877 6.6
      vertex 10.9059 -1.43579 6.6
      vertex 35.062 -5.55911 6.6
    endloop
  endfacet
  facet normal 0 0 1
    outer loop
      vertex 35.062 -5.55911 6.6
      vertex 10.9059 -1.43579 6.6
      vertex 34.9615 -6.15933 6.6
    endloop
  endfacet
  facet normal -0 0 1
    outer loop
      vertex 10.7886 -2.14599 6.6
      vertex 34.9615 -6.15933 6.6
      vertex 10.9059 -1.43579 6.6
    endloop
  endfacet
  facet normal 0 0 1
    outer loop
      vertex 34.9615 -6.15933 6.6
      vertex 10.7886 -2.14599 6.6
      vertex 34.9597 -6.16963 6.6
    endloop
  endfacet
  facet normal 0 0 1
    outer loop
      vertex 34.4809 -8.4406 6.6
      vertex 34.3215 -19.5669 6.6
      vertex 34.3315 -19.5492 6.6
    endloop
  endfacet
  facet normal 0 0 1
    outer loop
      vertex 9.52628 5.5 6.6
      vertex 34.9019 18.5118 6.6
      vertex 34.2462 19.6983 6.6
    endloop
  endfacet
  facet normal 0 0 1
    outer loop
      vertex 34.9597 -6.16963 6.6
      vertex 10.7886 -2.14599 6.6
      vertex 34.8488 -6.76839 6.6
    endloop
  endfacet
  facet normal 0 0 1
    outer loop
      vertex 9.52628 5.5 6.6
      vertex 34.2462 19.6983 6.6
      vertex 34.2357 19.7164 6.6
    endloop
  endfacet
  facet normal 0 0 1
    outer loop
      vertex 34.7232 -7.38562 6.6
      vertex 10.7886 -2.14599 6.6
      vertex 34.5912 -7.98109 6.6
    endloop
  endfacet
  facet normal 0 0 1
    outer loop
      vertex 34.5912 -7.98109 6.6
      vertex 10.7886 -2.14599 6.6
      vertex 34.5888 -7.9913 6.6
    endloop
  endfacet
  facet normal 0 0 1
    outer loop
      vertex 9.52628 5.5 6.6
      vertex 34.2357 19.7164 6.6
      vertex 33.5387 20.8801 6.6
    endloop
  endfacet
  facet normal 0 0 1
    outer loop
      vertex 9.52628 5.5 6.6
      vertex 33.5387 20.8801 6.6
      vertex 33.5276 20.8979 6.6
    endloop
  endfacet
  facet normal 0 0 1
    outer loop
      vertex 34.5888 -7.9913 6.6
      vertex 10.7886 -2.14599 6.6
      vertex 34.4809 -8.4406 6.6
    endloop
  endfacet
  facet normal -0 0 1
    outer loop
      vertex 10.6252 -2.84701 6.6
      vertex 34.4809 -8.4406 6.6
      vertex 10.7886 -2.14599 6.6
    endloop
  endfacet
  facet normal 0 0 1
    outer loop
      vertex 9.14616 6.11127 6.6
      vertex 33.5276 20.8979 6.6
      vertex 32.7909 22.0358 6.6
    endloop
  endfacet
  facet normal 0 0 1
    outer loop
      vertex 9.14616 6.11127 6.6
      vertex 32.7909 22.0358 6.6
      vertex 32.7793 22.0532 6.6
    endloop
  endfacet
  facet normal -0 0 1
    outer loop
      vertex 10.4162 -3.53583 6.6
      vertex 34.4809 -8.4406 6.6
      vertex 10.6252 -2.84701 6.6
    endloop
  endfacet
  facet normal -0 0 1
    outer loop
      vertex 10.1627 -4.20952 6.6
      vertex 34.4809 -8.4406 6.6
      vertex 10.4162 -3.53583 6.6
    endloop
  endfacet
  facet normal 0 0 1
    outer loop
      vertex 9.14616 6.11127 6.6
      vertex 32.7793 22.0532 6.6
      vertex 32.003 23.1653 6.6
    endloop
  endfacet
  facet normal 0 0 1
    outer loop
      vertex 9.14616 6.11127 6.6
      vertex 32.003 23.1653 6.6
      vertex 31.9908 23.1822 6.6
    endloop
  endfacet
  facet normal -0 0 1
    outer loop
      vertex 9.8656 -4.86518 6.6
      vertex 34.4809 -8.4406 6.6
      vertex 10.1627 -4.20952 6.6
    endloop
  endfacet
  facet normal -0 0 1
    outer loop
      vertex 9.52628 -5.5 6.6
      vertex 34.4809 -8.4406 6.6
      vertex 9.8656 -4.86518 6.6
    endloop
  endfacet
  facet normal 0 0 1
    outer loop
      vertex 8.72689 6.69637 6.6
      vertex 31.9908 23.1822 6.6
      vertex 31.1765 24.2662 6.6
    endloop
  endfacet
  facet normal 0 0 1
    outer loop
      vertex 19.7247 29.5146 6.6
      vertex 31.1765 24.2662 6.6
      vertex 31.1637 24.2827 6.6
    endloop
  endfacet
  facet normal -0 0 1
    outer loop
      vertex 9.14616 -6.11127 6.6
      vertex 34.4809 -8.4406 6.6
      vertex 9.52628 -5.5 6.6
    endloop
  endfacet
  facet normal 0 0 1
    outer loop
      vertex 34.4809 -8.4406 6.6
      vertex 33.651 -20.6987 6.6
      vertex 34.3215 -19.5669 6.6
    endloop
  endfacet
  facet normal 0 0 1
    outer loop
      vertex 19.7247 29.5146 6.6
      vertex 31.1637 24.2827 6.6
      vertex 30.3118 25.338 6.6
    endloop
  endfacet
  facet normal 0 0 1
    outer loop
      vertex 19.7247 29.5146 6.6
      vertex 30.3118 25.338 6.6
      vertex 30.2984 25.3541 6.6
    endloop
  endfacet
  facet normal 0 0 1
    outer loop
      vertex 34.4809 -8.4406 6.6
      vertex 33.6404 -20.7159 6.6
      vertex 33.651 -20.6987 6.6
    endloop
  endfacet
  facet normal 0 0 1
    outer loop
      vertex 34.4809 -8.4406 6.6
      vertex 9.14616 -6.11127 6.6
      vertex 33.6404 -20.7159 6.6
    endloop
  endfacet
  facet normal 0 0 1
    outer loop
      vertex 19.7247 29.5146 6.6
      vertex 30.2984 25.3541 6.6
      vertex 29.4104 26.3791 6.6
    endloop
  endfacet
  facet normal 0 0 1
    outer loop
      vertex 19.7247 29.5146 6.6
      vertex 29.4104 26.3791 6.6
      vertex 29.3964 26.3946 6.6
    endloop
  endfacet
  facet normal 0 0 1
    outer loop
      vertex 33.6404 -20.7159 6.6
      vertex 9.14616 -6.11127 6.6
      vertex 32.9323 -21.824 6.6
    endloop
  endfacet
  facet normal 0 0 1
    outer loop
      vertex 32.9323 -21.824 6.6
      vertex 9.14616 -6.11127 6.6
      vertex 32.9211 -21.8409 6.6
    endloop
  endfacet
  facet normal 0 0 1
    outer loop
      vertex 19.7247 29.5146 6.6
      vertex 29.3964 26.3946 6.6
      vertex 28.4734 27.3878 6.6
    endloop
  endfacet
  facet normal 0 0 1
    outer loop
      vertex 19.7247 29.5146 6.6
      vertex 28.4734 27.3878 6.6
      vertex 28.4589 27.4028 6.6
    endloop
  endfacet
  facet normal 0 0 1
    outer loop
      vertex 32.9211 -21.8409 6.6
      vertex 9.14616 -6.11127 6.6
      vertex 32.1755 -22.9251 6.6
    endloop
  endfacet
  facet normal 0 0 1
    outer loop
      vertex 32.1755 -22.9251 6.6
      vertex 9.14616 -6.11127 6.6
      vertex 32.1638 -22.9417 6.6
    endloop
  endfacet
  facet normal 0 0 1
    outer loop
      vertex 19.7247 29.5146 6.6
      vertex 28.4589 27.4028 6.6
      vertex 27.5019 28.3632 6.6
    endloop
  endfacet
  facet normal 0 0 1
    outer loop
      vertex 19.7247 29.5146 6.6
      vertex 27.5019 28.3632 6.6
      vertex 27.4868 28.3778 6.6
    endloop
  endfacet
  facet normal -0 0 1
    outer loop
      vertex 8.72689 -6.69637 6.6
      vertex 32.1638 -22.9417 6.6
      vertex 9.14616 -6.11127 6.6
    endloop
  endfacet
  facet normal 0 0 1
    outer loop
      vertex 32.1638 -22.9417 6.6
      vertex 8.72689 -6.69637 6.6
      vertex 31.3824 -23.9994 6.6
    endloop
  endfacet
  facet normal 0 0 1
    outer loop
      vertex 19.7247 29.5146 6.6
      vertex 27.4868 28.3778 6.6
      vertex 26.4967 29.3044 6.6
    endloop
  endfacet
  facet normal 0 0 1
    outer loop
      vertex 19.7247 29.5146 6.6
      vertex 26.4967 29.3044 6.6
      vertex 26.4812 29.3184 6.6
    endloop
  endfacet
  facet normal 0 0 1
    outer loop
      vertex 31.3824 -23.9994 6.6
      vertex 8.72689 -6.69637 6.6
      vertex 31.37 -24.0155 6.6
    endloop
  endfacet
  facet normal 0 0 1
    outer loop
      vertex 31.37 -24.0155 6.6
      vertex 8.72689 -6.69637 6.6
      vertex 30.5532 -25.0464 6.6
    endloop
  endfacet
  facet normal -0 0 1
    outer loop
      vertex 19.7247 29.5146 6.6
      vertex 26.4812 29.3184 6.6
      vertex 25.4595 30.2099 6.6
    endloop
  endfacet
  facet normal 0 0 1
    outer loop
      vertex 19.7247 29.5146 6.6
      vertex 25.4595 30.2099 6.6
      vertex 25.4435 30.2234 6.6
    endloop
  endfacet
  facet normal 0 0 1
    outer loop
      vertex 30.5532 -25.0464 6.6
      vertex 8.72689 -6.69637 6.6
      vertex 30.5404 -25.0621 6.6
    endloop
  endfacet
  facet normal -0 0 1
    outer loop
      vertex 8.27024 -7.2528 6.6
      vertex 30.5404 -25.0621 6.6
      vertex 8.72689 -6.69637 6.6
    endloop
  endfacet
  facet normal 0 0 1
    outer loop
      vertex 19.7247 29.5146 6.6
      vertex 25.4435 30.2234 6.6
      vertex 24.3911 31.0789 6.6
    endloop
  endfacet
  facet normal 0 0 1
    outer loop
      vertex 22.9296 31.6763 6.6
      vertex 24.3911 31.0789 6.6
      vertex 24.3747 31.0918 6.6
    endloop
  endfacet
  facet normal 0 0 1
    outer loop
      vertex 30.5404 -25.0621 6.6
      vertex 8.27024 -7.2528 6.6
      vertex 29.6893 -26.0648 6.6
    endloop
  endfacet
  facet normal 0 0 1
    outer loop
      vertex 29.6893 -26.0648 6.6
      vertex 8.27024 -7.2528 6.6
      vertex 29.6759 -26.0801 6.6
    endloop
  endfacet
  facet normal 0 0 1
    outer loop
      vertex 22.9296 31.6763 6.6
      vertex 24.3747 31.0918 6.6
      vertex 23.6271 31.6574 6.6
    endloop
  endfacet
  facet normal -0 0 1
    outer loop
      vertex 22.9296 31.6763 6.6
      vertex 23.6271 31.6574 6.6
      vertex 23.5963 31.6793 6.6
    endloop
  endfacet
  facet normal 0 0 1
    outer loop
      vertex 22.9296 31.6763 6.6
      vertex 23.5963 31.6793 6.6
      vertex 23.5628 31.6998 6.6
    endloop
  endfacet
  facet normal 0 0 1
    outer loop
      vertex 22.9296 31.6763 6.6
      vertex 23.5628 31.6998 6.6
      vertex 23.5281 31.7182 6.6
    endloop
  endfacet
  facet normal 0 0 1
    outer loop
      vertex 22.9296 31.6763 6.6
      vertex 23.5281 31.7182 6.6
      vertex 23.4923 31.7343 6.6
    endloop
  endfacet
  facet normal 0 0 1
    outer loop
      vertex 22.9296 31.6763 6.6
      vertex 23.4923 31.7343 6.6
      vertex 23.4555 31.7479 6.6
    endloop
  endfacet
  facet normal 0 0 1
    outer loop
      vertex 22.9296 31.6763 6.6
      vertex 23.4555 31.7479 6.6
      vertex 23.4179 31.7592 6.6
    endloop
  endfacet
  facet normal 0 0 1
    outer loop
      vertex 22.9296 31.6763 6.6
      vertex 23.4179 31.7592 6.6
      vertex 23.3796 31.7679 6.6
    endloop
  endfacet
  facet normal 0 0 1
    outer loop
      vertex 22.9296 31.6763 6.6
      vertex 23.3796 31.7679 6.6
      vertex 23.3408 31.7741 6.6
    endloop
  endfacet
  facet normal 0 0 1
    outer loop
      vertex 22.9296 31.6763 6.6
      vertex 23.3408 31.7741 6.6
      vertex 23.3017 31.7778 6.6
    endloop
  endfacet
  facet normal 0 0 1
    outer loop
      vertex 22.9296 31.6763 6.6
      vertex 23.3017 31.7778 6.6
      vertex 23.2625 31.7789 6.6
    endloop
  endfacet
  facet normal 0 0 1
    outer loop
      vertex 22.9296 31.6763 6.6
      vertex 23.2625 31.7789 6.6
      vertex 23.2233 31.7775 6.6
    endloop
  endfacet
  facet normal 0 0 1
    outer loop
      vertex 22.9296 31.6763 6.6
      vertex 23.2233 31.7775 6.6
      vertex 23.1842 31.7734 6.6
    endloop
  endfacet
  facet normal 0 0 1
    outer loop
      vertex 22.9296 31.6763 6.6
      vertex 23.1842 31.7734 6.6
      vertex 23.1455 31.7669 6.6
    endloop
  endfacet
  facet normal 0 0 1
    outer loop
      vertex 22.9296 31.6763 6.6
      vertex 23.1455 31.7669 6.6
      vertex 23.1073 31.7578 6.6
    endloop
  endfacet
  facet normal 0 0 1
    outer loop
      vertex 22.9296 31.6763 6.6
      vertex 23.1073 31.7578 6.6
      vertex 23.0698 31.7462 6.6
    endloop
  endfacet
  facet normal 0 0 1
    outer loop
      vertex 22.9296 31.6763 6.6
      vertex 23.0698 31.7462 6.6
      vertex 23.0331 31.7322 6.6
    endloop
  endfacet
  facet normal 0 0 1
    outer loop
      vertex 22.9296 31.6763 6.6
      vertex 23.0331 31.7322 6.6
      vertex 22.9974 31.7159 6.6
    endloop
  endfacet
  facet normal 0 0 1
    outer loop
      vertex 22.9296 31.6763 6.6
      vertex 22.9974 31.7159 6.6
      vertex 22.9628 31.6972 6.6
    endloop
  endfacet
  facet normal 0 0 1
    outer loop
      vertex 24.3911 31.0789 6.6
      vertex 22.9296 31.6763 6.6
      vertex 19.7247 29.5146 6.6
    endloop
  endfacet
  facet normal 0 0 1
    outer loop
      vertex 29.6759 -26.0801 6.6
      vertex 8.27024 -7.2528 6.6
      vertex 28.7911 -27.0536 6.6
    endloop
  endfacet
  facet normal 0 0 1
    outer loop
      vertex 28.7911 -27.0536 6.6
      vertex 8.27024 -7.2528 6.6
      vertex 28.7772 -27.0683 6.6
    endloop
  endfacet
  facet normal -0 0 1
    outer loop
      vertex 7.77817 -7.77817 6.6
      vertex 28.7772 -27.0683 6.6
      vertex 8.27024 -7.2528 6.6
    endloop
  endfacet
  facet normal 0 0 1
    outer loop
      vertex 28.7772 -27.0683 6.6
      vertex 7.77817 -7.77817 6.6
      vertex 27.8601 -28.0114 6.6
    endloop
  endfacet
  facet normal 0 0 1
    outer loop
      vertex 27.8601 -28.0114 6.6
      vertex 7.77817 -7.77817 6.6
      vertex 27.8457 -28.0257 6.6
    endloop
  endfacet
  facet normal 0 0 1
    outer loop
      vertex 27.8457 -28.0257 6.6
      vertex 7.77817 -7.77817 6.6
      vertex 26.8975 -28.937 6.6
    endloop
  endfacet
  facet normal 0 0 1
    outer loop
      vertex 31.1765 24.2662 6.6
      vertex 19.7247 29.5146 6.6
      vertex 8.72689 6.69637 6.6
    endloop
  endfacet
  facet normal 0 -0 1
    outer loop
      vertex 14.7143 -32.3055 6.6
      vertex 26.8975 -28.937 6.6
      vertex 7.77817 -7.77817 6.6
    endloop
  endfacet
  facet normal 0 0 1
    outer loop
      vertex 26.8975 -28.937 6.6
      vertex 14.7143 -32.3055 6.6
      vertex 26.8826 -28.9509 6.6
    endloop
  endfacet
  facet normal 0 0 1
    outer loop
      vertex 6.11127 9.14616 6.6
      vertex 19.7247 29.5146 6.6
      vertex 19.3388 29.7701 6.6
    endloop
  endfacet
  facet normal 0 0 1
    outer loop
      vertex 6.11127 9.14616 6.6
      vertex 19.3388 29.7701 6.6
      vertex 19.33 29.7758 6.6
    endloop
  endfacet
  facet normal 0 0 1
    outer loop
      vertex 6.11127 9.14616 6.6
      vertex 19.33 29.7758 6.6
      vertex 18.8164 30.103 6.6
    endloop
  endfacet
  facet normal 0 0 1
    outer loop
      vertex 6.11127 9.14616 6.6
      vertex 18.8164 30.103 6.6
      vertex 18.8075 30.1086 6.6
    endloop
  endfacet
  facet normal 0 0 1
    outer loop
      vertex 5.5 9.52628 6.6
      vertex 18.8075 30.1086 6.6
      vertex 18.2885 30.4266 6.6
    endloop
  endfacet
  facet normal 0 0 1
    outer loop
      vertex 5.5 9.52628 6.6
      vertex 18.2885 30.4266 6.6
      vertex 18.2795 30.432 6.6
    endloop
  endfacet
  facet normal 0 0 1
    outer loop
      vertex 26.8826 -28.9509 6.6
      vertex 14.7143 -32.3055 6.6
      vertex 25.9038 -29.8298 6.6
    endloop
  endfacet
  facet normal 0 0 1
    outer loop
      vertex 25.9038 -29.8298 6.6
      vertex 14.7143 -32.3055 6.6
      vertex 25.8885 -29.8431 6.6
    endloop
  endfacet
  facet normal 0 0 1
    outer loop
      vertex 5.5 9.52628 6.6
      vertex 18.2795 30.432 6.6
      vertex 17.7548 30.7411 6.6
    endloop
  endfacet
  facet normal 0 0 1
    outer loop
      vertex 5.5 9.52628 6.6
      vertex 17.7548 30.7411 6.6
      vertex 17.7457 30.7463 6.6
    endloop
  endfacet
  facet normal 0 0 1
    outer loop
      vertex 25.8885 -29.8431 6.6
      vertex 14.7143 -32.3055 6.6
      vertex 24.8811 -30.6881 6.6
    endloop
  endfacet
  facet normal 0 0 1
    outer loop
      vertex 24.8811 -30.6881 6.6
      vertex 14.7143 -32.3055 6.6
      vertex 24.8653 -30.7009 6.6
    endloop
  endfacet
  facet normal 0 0 1
    outer loop
      vertex 24.8653 -30.7009 6.6
      vertex 14.7143 -32.3055 6.6
      vertex 23.8292 -31.5118 6.6
    endloop
  endfacet
  facet normal 0 0 1
    outer loop
      vertex 23.8292 -31.5118 6.6
      vertex 14.7143 -32.3055 6.6
      vertex 23.813 -31.524 6.6
    endloop
  endfacet
  facet normal 0 0 1
    outer loop
      vertex 23.813 -31.524 6.6
      vertex 14.7143 -32.3055 6.6
      vertex 22.7504 -32.2993 6.6
    endloop
  endfacet
  facet normal 0 0 1
    outer loop
      vertex 22.7338 -32.311 6.6
      vertex 14.7143 -32.3055 6.6
      vertex 21.6455 -33.0499 6.6
    endloop
  endfacet
  facet normal 0 0 1
    outer loop
      vertex 21.6286 -33.061 6.6
      vertex 14.7143 -32.3055 6.6
      vertex 20.5162 -33.7625 6.6
    endloop
  endfacet
  facet normal 0 0 1
    outer loop
      vertex 5.5 9.52628 6.6
      vertex 17.7457 30.7463 6.6
      vertex 17.2152 31.0465 6.6
    endloop
  endfacet
  facet normal 0 0 1
    outer loop
      vertex 5.5 9.52628 6.6
      vertex 17.2152 31.0465 6.6
      vertex 17.206 31.0515 6.6
    endloop
  endfacet
  facet normal 0 0 1
    outer loop
      vertex 18.1893 -35.071 6.6
      vertex 16.688 -35.2316 6.6
      vertex 18.1688 -35.0815 6.6
    endloop
  endfacet
  facet normal 0 0 1
    outer loop
      vertex 18.1688 -35.0815 6.6
      vertex 16.688 -35.2316 6.6
      vertex 17.45 -35.4346 6.6
    endloop
  endfacet
  facet normal 0 0 1
    outer loop
      vertex 17.45 -35.4346 6.6
      vertex 16.688 -35.2316 6.6
      vertex 17.4142 -35.4508 6.6
    endloop
  endfacet
  facet normal 0 0 1
    outer loop
      vertex 17.4142 -35.4508 6.6
      vertex 16.688 -35.2316 6.6
      vertex 17.3774 -35.4646 6.6
    endloop
  endfacet
  facet normal 0 0 1
    outer loop
      vertex 17.3774 -35.4646 6.6
      vertex 16.688 -35.2316 6.6
      vertex 17.3398 -35.4759 6.6
    endloop
  endfacet
  facet normal 0 0 1
    outer loop
      vertex 17.3398 -35.4759 6.6
      vertex 16.688 -35.2316 6.6
      vertex 17.3016 -35.4848 6.6
    endloop
  endfacet
  facet normal 0 0 1
    outer loop
      vertex 17.3016 -35.4848 6.6
      vertex 16.688 -35.2316 6.6
      vertex 17.2628 -35.4911 6.6
    endloop
  endfacet
  facet normal 0 0 1
    outer loop
      vertex 17.2628 -35.4911 6.6
      vertex 16.688 -35.2316 6.6
      vertex 17.2238 -35.4949 6.6
    endloop
  endfacet
  facet normal 0 0 1
    outer loop
      vertex 17.1845 -35.4961 6.6
      vertex 16.688 -35.2316 6.6
      vertex 17.1453 -35.4948 6.6
    endloop
  endfacet
  facet normal 0 0 1
    outer loop
      vertex 17.1453 -35.4948 6.6
      vertex 16.688 -35.2316 6.6
      vertex 17.1062 -35.4909 6.6
    endloop
  endfacet
  facet normal 0 0 1
    outer loop
      vertex 17.1062 -35.4909 6.6
      vertex 16.688 -35.2316 6.6
      vertex 17.0675 -35.4844 6.6
    endloop
  endfacet
  facet normal 0 0 1
    outer loop
      vertex 17.0675 -35.4844 6.6
      vertex 16.688 -35.2316 6.6
      vertex 17.0293 -35.4754 6.6
    endloop
  endfacet
  facet normal 0 0 1
    outer loop
      vertex 17.0293 -35.4754 6.6
      vertex 16.688 -35.2316 6.6
      vertex 16.9917 -35.464 6.6
    endloop
  endfacet
  facet normal 0 0 1
    outer loop
      vertex 16.9917 -35.464 6.6
      vertex 16.688 -35.2316 6.6
      vertex 16.955 -35.4501 6.6
    endloop
  endfacet
  facet normal 0 0 1
    outer loop
      vertex 16.955 -35.4501 6.6
      vertex 16.688 -35.2316 6.6
      vertex 16.9192 -35.4338 6.6
    endloop
  endfacet
  facet normal 0 0 1
    outer loop
      vertex 16.9192 -35.4338 6.6
      vertex 16.688 -35.2316 6.6
      vertex 16.8846 -35.4153 6.6
    endloop
  endfacet
  facet normal 0 0 1
    outer loop
      vertex 5.5 9.52628 6.6
      vertex 17.206 31.0515 6.6
      vertex 16.6707 31.3422 6.6
    endloop
  endfacet
  facet normal 0 0 1
    outer loop
      vertex 5.5 9.52628 6.6
      vertex 16.6707 31.3422 6.6
      vertex 16.6615 31.3471 6.6
    endloop
  endfacet
  facet normal 0 0 1
    outer loop
      vertex 4.86518 9.8656 6.6
      vertex 16.6615 31.3471 6.6
      vertex 16.1211 31.6284 6.6
    endloop
  endfacet
  facet normal 0 0 1
    outer loop
      vertex 4.86518 9.8656 6.6
      vertex 16.1211 31.6284 6.6
      vertex 16.1118 31.6332 6.6
    endloop
  endfacet
  facet normal 0 0 1
    outer loop
      vertex 4.86518 9.8656 6.6
      vertex 16.1118 31.6332 6.6
      vertex 15.5672 31.9046 6.6
    endloop
  endfacet
  facet normal 0 0 1
    outer loop
      vertex 4.86518 9.8656 6.6
      vertex 15.5672 31.9046 6.6
      vertex 15.5578 31.9092 6.6
    endloop
  endfacet
  facet normal 0 0 1
    outer loop
      vertex 4.86518 9.8656 6.6
      vertex 15.5578 31.9092 6.6
      vertex 15.0076 32.1717 6.6
    endloop
  endfacet
  facet normal 0 0 1
    outer loop
      vertex 4.86518 9.8656 6.6
      vertex 15.0076 32.1717 6.6
      vertex 14.9982 32.1761 6.6
    endloop
  endfacet
  facet normal 0 0 1
    outer loop
      vertex 16.8846 -35.4153 6.6
      vertex 16.688 -35.2316 6.6
      vertex 16.8513 -35.3945 6.6
    endloop
  endfacet
  facet normal 0 0 1
    outer loop
      vertex 4.86518 9.8656 6.6
      vertex 14.9982 32.1761 6.6
      vertex 14.4435 32.4289 6.6
    endloop
  endfacet
  facet normal 0 0 1
    outer loop
      vertex 16.8513 -35.3945 6.6
      vertex 16.688 -35.2316 6.6
      vertex 16.8194 -35.3716 6.6
    endloop
  endfacet
  facet normal 0 0 1
    outer loop
      vertex 4.20952 10.1627 6.6
      vertex 14.4435 32.4289 6.6
      vertex 14.4339 32.4332 6.6
    endloop
  endfacet
  facet normal 0 0 1
    outer loop
      vertex 16.8194 -35.3716 6.6
      vertex 16.688 -35.2316 6.6
      vertex 16.7891 -35.3466 6.6
    endloop
  endfacet
  facet normal 0 0 1
    outer loop
      vertex 4.20952 10.1627 6.6
      vertex 14.4339 32.4332 6.6
      vertex 13.8759 32.6758 6.6
    endloop
  endfacet
  facet normal 0 0 1
    outer loop
      vertex 16.7891 -35.3466 6.6
      vertex 16.688 -35.2316 6.6
      vertex 16.7605 -35.3197 6.6
    endloop
  endfacet
  facet normal 0 0 1
    outer loop
      vertex 4.20952 10.1627 6.6
      vertex 13.8759 32.6758 6.6
      vertex 13.8662 32.6799 6.6
    endloop
  endfacet
  facet normal 0 0 1
    outer loop
      vertex 16.7337 -35.291 6.6
      vertex 16.688 -35.2316 6.6
      vertex 16.7088 -35.2607 6.6
    endloop
  endfacet
  facet normal 0 0 1
    outer loop
      vertex 4.20952 10.1627 6.6
      vertex 13.8662 32.6799 6.6
      vertex 13.3034 32.913 6.6
    endloop
  endfacet
  facet normal 0 0 1
    outer loop
      vertex 16.7605 -35.3197 6.6
      vertex 16.688 -35.2316 6.6
      vertex 16.7337 -35.291 6.6
    endloop
  endfacet
  facet normal 0 0 1
    outer loop
      vertex 4.20952 10.1627 6.6
      vertex 13.3034 32.913 6.6
      vertex 13.2937 32.9169 6.6
    endloop
  endfacet
  facet normal 0 0 1
    outer loop
      vertex 17.2238 -35.4949 6.6
      vertex 16.688 -35.2316 6.6
      vertex 17.1845 -35.4961 6.6
    endloop
  endfacet
  facet normal 0 0 1
    outer loop
      vertex 4.20952 10.1627 6.6
      vertex 13.2937 32.9169 6.6
      vertex 12.7274 33.14 6.6
    endloop
  endfacet
  facet normal 0 0 1
    outer loop
      vertex 19.3458 -34.4466 6.6
      vertex 14.7143 -32.3055 6.6
      vertex 18.1893 -35.071 6.6
    endloop
  endfacet
  facet normal 0 0 1
    outer loop
      vertex 4.20952 10.1627 6.6
      vertex 12.7274 33.14 6.6
      vertex 12.7176 33.1438 6.6
    endloop
  endfacet
  facet normal 0 -0 1
    outer loop
      vertex 16.688 -35.2316 6.6
      vertex 18.1893 -35.071 6.6
      vertex 14.7143 -32.3055 6.6
    endloop
  endfacet
  facet normal 0 0 1
    outer loop
      vertex 4.20952 10.1627 6.6
      vertex 12.7176 33.1438 6.6
      vertex 12.1463 33.3574 6.6
    endloop
  endfacet
  facet normal 0 0 1
    outer loop
      vertex 20.4989 -33.7731 6.6
      vertex 14.7143 -32.3055 6.6
      vertex 19.3635 -34.4366 6.6
    endloop
  endfacet
  facet normal 0 0 1
    outer loop
      vertex 3.53583 10.4162 6.6
      vertex 12.1463 33.3574 6.6
      vertex 12.1365 33.3609 6.6
    endloop
  endfacet
  facet normal 0 0 1
    outer loop
      vertex 19.3635 -34.4366 6.6
      vertex 14.7143 -32.3055 6.6
      vertex 19.3458 -34.4466 6.6
    endloop
  endfacet
  facet normal 0 0 1
    outer loop
      vertex 3.53583 10.4162 6.6
      vertex 12.1365 33.3609 6.6
      vertex 11.563 33.564 6.6
    endloop
  endfacet
  facet normal 0 0 1
    outer loop
      vertex 20.5162 -33.7625 6.6
      vertex 14.7143 -32.3055 6.6
      vertex 20.4989 -33.7731 6.6
    endloop
  endfacet
  facet normal 0 0 1
    outer loop
      vertex 3.53583 10.4162 6.6
      vertex 11.563 33.564 6.6
      vertex 11.5531 33.5674 6.6
    endloop
  endfacet
  facet normal 0 0 1
    outer loop
      vertex 21.6455 -33.0499 6.6
      vertex 14.7143 -32.3055 6.6
      vertex 21.6286 -33.061 6.6
    endloop
  endfacet
  facet normal 0 0 1
    outer loop
      vertex 22.7504 -32.2993 6.6
      vertex 14.7143 -32.3055 6.6
      vertex 22.7338 -32.311 6.6
    endloop
  endfacet
  facet normal 0 0 1
    outer loop
      vertex 34.7253 -7.3754 6.6
      vertex 10.7886 -2.14599 6.6
      vertex 34.7232 -7.38562 6.6
    endloop
  endfacet
  facet normal 0 0 1
    outer loop
      vertex 3.53583 10.4162 6.6
      vertex 11.5531 33.5674 6.6
      vertex 10.9749 33.7609 6.6
    endloop
  endfacet
  facet normal 0 0 1
    outer loop
      vertex 3.53583 10.4162 6.6
      vertex 10.9749 33.7609 6.6
      vertex 10.965 33.7641 6.6
    endloop
  endfacet
  facet normal 0 0 1
    outer loop
      vertex 34.8468 -6.77869 6.6
      vertex 10.7886 -2.14599 6.6
      vertex 34.7253 -7.3754 6.6
    endloop
  endfacet
  facet normal 0 0 1
    outer loop
      vertex 34.8488 -6.76839 6.6
      vertex 10.7886 -2.14599 6.6
      vertex 34.8468 -6.77869 6.6
    endloop
  endfacet
  facet normal 0 0 1
    outer loop
      vertex 35.2346 -4.33199 6.6
      vertex 10.9059 -1.43579 6.6
      vertex 35.1553 -4.93498 6.6
    endloop
  endfacet
  facet normal 0 0 1
    outer loop
      vertex 35.3655 3.08684 6.6
      vertex 10.4162 3.53583 6.6
      vertex 10.6252 2.84701 6.6
    endloop
  endfacet
  facet normal 0 0 1
    outer loop
      vertex 3.53583 10.4162 6.6
      vertex 10.965 33.7641 6.6
      vertex 10.384 33.9473 6.6
    endloop
  endfacet
  facet normal 0 0 1
    outer loop
      vertex 3.53583 10.4162 6.6
      vertex 10.384 33.9473 6.6
      vertex 10.374 33.9503 6.6
    endloop
  endfacet
  facet normal 0 0 1
    outer loop
      vertex 35.3655 3.08684 6.6
      vertex 10.1627 4.20952 6.6
      vertex 10.4162 3.53583 6.6
    endloop
  endfacet
  facet normal 0 0 1
    outer loop
      vertex 36.1066 16.0354 6.6
      vertex 9.8656 4.86518 6.6
      vertex 10.1627 4.20952 6.6
    endloop
  endfacet
  facet normal 0 0 1
    outer loop
      vertex 2.84701 10.6252 6.6
      vertex 10.374 33.9503 6.6
      vertex 9.79053 34.1232 6.6
    endloop
  endfacet
  facet normal 0 0 1
    outer loop
      vertex 2.84701 10.6252 6.6
      vertex 9.79053 34.1232 6.6
      vertex 9.78044 34.1261 6.6
    endloop
  endfacet
  facet normal 0 0 1
    outer loop
      vertex 34.9019 18.5118 6.6
      vertex 9.52628 5.5 6.6
      vertex 9.8656 4.86518 6.6
    endloop
  endfacet
  facet normal 0 0 1
    outer loop
      vertex 2.84701 10.6252 6.6
      vertex 9.78044 34.1261 6.6
      vertex 9.19279 34.289 6.6
    endloop
  endfacet
  facet normal 0 0 1
    outer loop
      vertex 2.84701 10.6252 6.6
      vertex 9.19279 34.289 6.6
      vertex 9.18269 34.2917 6.6
    endloop
  endfacet
  facet normal 0 0 1
    outer loop
      vertex 33.5276 20.8979 6.6
      vertex 9.14616 6.11127 6.6
      vertex 9.52628 5.5 6.6
    endloop
  endfacet
  facet normal 0 0 1
    outer loop
      vertex 31.9908 23.1822 6.6
      vertex 8.72689 6.69637 6.6
      vertex 9.14616 6.11127 6.6
    endloop
  endfacet
  facet normal 0 0 1
    outer loop
      vertex 2.84701 10.6252 6.6
      vertex 9.18269 34.2917 6.6
      vertex 8.59305 34.4442 6.6
    endloop
  endfacet
  facet normal 0 0 1
    outer loop
      vertex 2.84701 10.6252 6.6
      vertex 8.59305 34.4442 6.6
      vertex 8.58289 34.4468 6.6
    endloop
  endfacet
  facet normal 0 0 1
    outer loop
      vertex 19.7247 29.5146 6.6
      vertex 8.27024 7.2528 6.6
      vertex 8.72689 6.69637 6.6
    endloop
  endfacet
  facet normal 0 0 1
    outer loop
      vertex 2.84701 10.6252 6.6
      vertex 8.58289 34.4468 6.6
      vertex 7.99132 34.5888 6.6
    endloop
  endfacet
  facet normal 0 0 1
    outer loop
      vertex 2.84701 10.6252 6.6
      vertex 7.99132 34.5888 6.6
      vertex 7.98109 34.5912 6.6
    endloop
  endfacet
  facet normal 0 0 1
    outer loop
      vertex 19.7247 29.5146 6.6
      vertex 7.77817 7.77817 6.6
      vertex 8.27024 7.2528 6.6
    endloop
  endfacet
  facet normal 0 0 1
    outer loop
      vertex 2.14599 10.7886 6.6
      vertex 7.98109 34.5912 6.6
      vertex 7.38562 34.7232 6.6
    endloop
  endfacet
  facet normal 0 0 1
    outer loop
      vertex 2.14599 10.7886 6.6
      vertex 7.38562 34.7232 6.6
      vertex 7.3754 34.7253 6.6
    endloop
  endfacet
  facet normal 0 0 1
    outer loop
      vertex 19.7247 29.5146 6.6
      vertex 7.2528 8.27024 6.6
      vertex 7.77817 7.77817 6.6
    endloop
  endfacet
  facet normal 0 0 1
    outer loop
      vertex 2.14599 10.7886 6.6
      vertex 7.3754 34.7253 6.6
      vertex 6.77869 34.8468 6.6
    endloop
  endfacet
  facet normal 0 0 1
    outer loop
      vertex 2.14599 10.7886 6.6
      vertex 6.77869 34.8468 6.6
      vertex 6.76839 34.8488 6.6
    endloop
  endfacet
  facet normal 0 0 1
    outer loop
      vertex 19.7247 29.5146 6.6
      vertex 6.69637 8.72689 6.6
      vertex 7.2528 8.27024 6.6
    endloop
  endfacet
  facet normal 0 0 1
    outer loop
      vertex 2.14599 10.7886 6.6
      vertex 6.76839 34.8488 6.6
      vertex 6.17159 34.9594 6.6
    endloop
  endfacet
  facet normal 0 0 1
    outer loop
      vertex 5.68903 39.0861 6.6
      vertex 6.1599 38.7142 6.6
      vertex 6.1442 38.7502 6.6
    endloop
  endfacet
  facet normal 0 0 1
    outer loop
      vertex 5.68903 39.0861 6.6
      vertex 6.1442 38.7502 6.6
      vertex 6.12617 38.7851 6.6
    endloop
  endfacet
  facet normal 0 0 1
    outer loop
      vertex 19.7247 29.5146 6.6
      vertex 6.11127 9.14616 6.6
      vertex 6.69637 8.72689 6.6
    endloop
  endfacet
  facet normal 0 0 1
    outer loop
      vertex 4.83275 39.2106 6.6
      vertex 6.20239 38.4872 6.6
      vertex 4.85619 39.2076 6.6
    endloop
  endfacet
  facet normal 0 0 1
    outer loop
      vertex 5.68903 39.0861 6.6
      vertex 6.12617 38.7851 6.6
      vertex 6.1059 38.8188 6.6
    endloop
  endfacet
  facet normal 0 0 1
    outer loop
      vertex 5.68903 39.0861 6.6
      vertex 6.1059 38.8188 6.6
      vertex 6.08348 38.851 6.6
    endloop
  endfacet
  facet normal 0 0 1
    outer loop
      vertex 5.68903 39.0861 6.6
      vertex 6.08348 38.851 6.6
      vertex 6.05899 38.8817 6.6
    endloop
  endfacet
  facet normal 0 0 1
    outer loop
      vertex 5.68903 39.0861 6.6
      vertex 6.05899 38.8817 6.6
      vertex 6.03256 38.9107 6.6
    endloop
  endfacet
  facet normal 0 0 1
    outer loop
      vertex 5.68903 39.0861 6.6
      vertex 6.03256 38.9107 6.6
      vertex 6.00429 38.9379 6.6
    endloop
  endfacet
  facet normal 0 0 1
    outer loop
      vertex 5.68903 39.0861 6.6
      vertex 6.00429 38.9379 6.6
      vertex 5.97427 38.9633 6.6
    endloop
  endfacet
  facet normal 0 0 1
    outer loop
      vertex 5.68903 39.0861 6.6
      vertex 5.97427 38.9633 6.6
      vertex 5.94269 38.9866 6.6
    endloop
  endfacet
  facet normal 0 0 1
    outer loop
      vertex 5.68903 39.0861 6.6
      vertex 5.94269 38.9866 6.6
      vertex 5.90964 39.0078 6.6
    endloop
  endfacet
  facet normal 0 0 1
    outer loop
      vertex 5.68903 39.0861 6.6
      vertex 5.90964 39.0078 6.6
      vertex 5.87527 39.0268 6.6
    endloop
  endfacet
  facet normal 0 0 1
    outer loop
      vertex 5.68903 39.0861 6.6
      vertex 5.87527 39.0268 6.6
      vertex 5.83974 39.0435 6.6
    endloop
  endfacet
  facet normal 0 0 1
    outer loop
      vertex 5.68903 39.0861 6.6
      vertex 5.83974 39.0435 6.6
      vertex 5.80319 39.0578 6.6
    endloop
  endfacet
  facet normal 0 0 1
    outer loop
      vertex 5.68903 39.0861 6.6
      vertex 5.80319 39.0578 6.6
      vertex 5.76578 39.0697 6.6
    endloop
  endfacet
  facet normal 0 0 1
    outer loop
      vertex 5.68903 39.0861 6.6
      vertex 5.76578 39.0697 6.6
      vertex 5.72768 39.0792 6.6
    endloop
  endfacet
  facet normal 0 0 1
    outer loop
      vertex 6.20239 38.4872 6.6
      vertex 5.68903 39.0861 6.6
      vertex 4.85619 39.2076 6.6
    endloop
  endfacet
  facet normal 0 0 1
    outer loop
      vertex 18.8075 30.1086 6.6
      vertex 5.5 9.52628 6.6
      vertex 6.11127 9.14616 6.6
    endloop
  endfacet
  facet normal 0 0 1
    outer loop
      vertex 16.6615 31.3471 6.6
      vertex 4.86518 9.8656 6.6
      vertex 5.5 9.52628 6.6
    endloop
  endfacet
  facet normal 0 0 1
    outer loop
      vertex 6.20239 38.4872 6.6
      vertex 4.83275 39.2106 6.6
      vertex 6.17159 34.9594 6.6
    endloop
  endfacet
  facet normal 0 0 1
    outer loop
      vertex 6.17159 34.9594 6.6
      vertex 4.83275 39.2106 6.6
      vertex 3.48546 39.3532 6.6
    endloop
  endfacet
  facet normal 0 0 1
    outer loop
      vertex 14.4435 32.4289 6.6
      vertex 4.20952 10.1627 6.6
      vertex 4.86518 9.8656 6.6
    endloop
  endfacet
  facet normal 0 0 1
    outer loop
      vertex 12.1463 33.3574 6.6
      vertex 3.53583 10.4162 6.6
      vertex 4.20952 10.1627 6.6
    endloop
  endfacet
  facet normal 0 0 1
    outer loop
      vertex 6.17159 34.9594 6.6
      vertex 3.48546 39.3532 6.6
      vertex 3.46465 39.355 6.6
    endloop
  endfacet
  facet normal 0 0 1
    outer loop
      vertex 2.1123 39.4508 6.6
      vertex 6.17159 34.9594 6.6
      vertex 3.46465 39.355 6.6
    endloop
  endfacet
  facet normal 0 0 1
    outer loop
      vertex 10.374 33.9503 6.6
      vertex 2.84701 10.6252 6.6
      vertex 3.53583 10.4162 6.6
    endloop
  endfacet
  facet normal 0 0 1
    outer loop
      vertex 7.98109 34.5912 6.6
      vertex 2.14599 10.7886 6.6
      vertex 2.84701 10.6252 6.6
    endloop
  endfacet
  facet normal 0 0 1
    outer loop
      vertex 2.09142 39.4519 6.6
      vertex 6.17159 34.9594 6.6
      vertex 2.1123 39.4508 6.6
    endloop
  endfacet
  facet normal 0 0 1
    outer loop
      vertex 0.736633 39.5004 6.6
      vertex 6.17159 34.9594 6.6
      vertex 2.09142 39.4519 6.6
    endloop
  endfacet
  facet normal 0 0 1
    outer loop
      vertex 6.17159 34.9594 6.6
      vertex 1.43579 10.9059 6.6
      vertex 2.14599 10.7886 6.6
    endloop
  endfacet
  facet normal 0 0 1
    outer loop
      vertex 0.715729 39.5008 6.6
      vertex 6.17159 34.9594 6.6
      vertex 0.736633 39.5004 6.6
    endloop
  endfacet
  facet normal 0 0 1
    outer loop
      vertex 6.17159 34.9594 6.6
      vertex 0.719434 10.9764 6.6
      vertex 1.43579 10.9059 6.6
    endloop
  endfacet
  facet normal 0 0 1
    outer loop
      vertex -0.640808 39.5021 6.6
      vertex 6.17159 34.9594 6.6
      vertex 0.715729 39.5008 6.6
    endloop
  endfacet
  facet normal 0 0 1
    outer loop
      vertex 6.17159 34.9594 6.6
      vertex 0 11 6.6
      vertex 0.719434 10.9764 6.6
    endloop
  endfacet
  facet normal -0 0 1
    outer loop
      vertex -0.661713 39.5017 6.6
      vertex 6.17159 34.9594 6.6
      vertex -0.640808 39.5021 6.6
    endloop
  endfacet
  facet normal -0 0 1
    outer loop
      vertex -2.01659 39.4558 6.6
      vertex 6.17159 34.9594 6.6
      vertex -0.661713 39.5017 6.6
    endloop
  endfacet
  facet normal 0 0 1
    outer loop
      vertex 6.17159 34.9594 6.6
      vertex -0.719434 10.9764 6.6
      vertex 0 11 6.6
    endloop
  endfacet
  facet normal -0 0 1
    outer loop
      vertex -2.03748 39.4547 6.6
      vertex 6.17159 34.9594 6.6
      vertex -2.01659 39.4558 6.6
    endloop
  endfacet
  facet normal -0 0 1
    outer loop
      vertex -3.39043 39.3615 6.6
      vertex 6.17159 34.9594 6.6
      vertex -2.03748 39.4547 6.6
    endloop
  endfacet
  facet normal -0 0 1
    outer loop
      vertex -3.41125 39.3597 6.6
      vertex 6.17159 34.9594 6.6
      vertex -3.39043 39.3615 6.6
    endloop
  endfacet
  facet normal -0 0 1
    outer loop
      vertex -4.76021 39.2195 6.6
      vertex 6.17159 34.9594 6.6
      vertex -3.41125 39.3597 6.6
    endloop
  endfacet
  facet normal 0 0 1
    outer loop
      vertex 6.17159 34.9594 6.6
      vertex -1.43579 10.9059 6.6
      vertex -0.719434 10.9764 6.6
    endloop
  endfacet
  facet normal -0 0 1
    outer loop
      vertex -4.78096 39.2169 6.6
      vertex 6.17159 34.9594 6.6
      vertex -4.76021 39.2195 6.6
    endloop
  endfacet
  facet normal -0 0 1
    outer loop
      vertex -6.12379 39.0298 6.6
      vertex 6.17159 34.9594 6.6
      vertex -4.78096 39.2169 6.6
    endloop
  endfacet
  facet normal 0 0 1
    outer loop
      vertex 6.17159 34.9594 6.6
      vertex -6.12379 39.0298 6.6
      vertex -1.43579 10.9059 6.6
    endloop
  endfacet
  facet normal -0 0 1
    outer loop
      vertex -6.14445 39.0265 6.6
      vertex -1.43579 10.9059 6.6
      vertex -6.12379 39.0298 6.6
    endloop
  endfacet
  facet normal 0 0 1
    outer loop
      vertex -1.43579 10.9059 6.6
      vertex -6.14445 39.0265 6.6
      vertex -2.14599 10.7886 6.6
    endloop
  endfacet
  facet normal -0 0 1
    outer loop
      vertex -7.47968 38.7928 6.6
      vertex -2.14599 10.7886 6.6
      vertex -6.14445 39.0265 6.6
    endloop
  endfacet
  facet normal -0 0 1
    outer loop
      vertex -7.50021 38.7888 6.6
      vertex -2.14599 10.7886 6.6
      vertex -7.47968 38.7928 6.6
    endloop
  endfacet
  facet normal -0 0 1
    outer loop
      vertex -8.82747 38.5085 6.6
      vertex -2.14599 10.7886 6.6
      vertex -7.50021 38.7888 6.6
    endloop
  endfacet
  facet normal 0 0 1
    outer loop
      vertex -2.14599 10.7886 6.6
      vertex -8.82747 38.5085 6.6
      vertex -2.84701 10.6252 6.6
    endloop
  endfacet
  facet normal -0 0 1
    outer loop
      vertex -8.84785 38.5038 6.6
      vertex -2.84701 10.6252 6.6
      vertex -8.82747 38.5085 6.6
    endloop
  endfacet
  facet normal -0 0 1
    outer loop
      vertex -10.1639 38.1775 6.6
      vertex -2.84701 10.6252 6.6
      vertex -8.84785 38.5038 6.6
    endloop
  endfacet
  facet normal -0 0 1
    outer loop
      vertex -10.1841 38.1721 6.6
      vertex -2.84701 10.6252 6.6
      vertex -10.1639 38.1775 6.6
    endloop
  endfacet
  facet normal -0 0 1
    outer loop
      vertex -11.4881 37.8001 6.6
      vertex -2.84701 10.6252 6.6
      vertex -10.1841 38.1721 6.6
    endloop
  endfacet
  facet normal 0 0 1
    outer loop
      vertex -2.84701 10.6252 6.6
      vertex -11.4881 37.8001 6.6
      vertex -3.53583 10.4162 6.6
    endloop
  endfacet
  facet normal -0 0 1
    outer loop
      vertex -11.5081 37.794 6.6
      vertex -3.53583 10.4162 6.6
      vertex -11.4881 37.8001 6.6
    endloop
  endfacet
  facet normal -0 0 1
    outer loop
      vertex -12.7982 37.3769 6.6
      vertex -3.53583 10.4162 6.6
      vertex -11.5081 37.794 6.6
    endloop
  endfacet
  facet normal -0 0 1
    outer loop
      vertex -12.8179 37.3701 6.6
      vertex -3.53583 10.4162 6.6
      vertex -12.7982 37.3769 6.6
    endloop
  endfacet
  facet normal -0 0 1
    outer loop
      vertex -14.0929 36.9082 6.6
      vertex -3.53583 10.4162 6.6
      vertex -12.8179 37.3701 6.6
    endloop
  endfacet
  facet normal 0 0 1
    outer loop
      vertex -3.53583 10.4162 6.6
      vertex -14.0929 36.9082 6.6
      vertex -4.20952 10.1627 6.6
    endloop
  endfacet
  facet normal -0 0 1
    outer loop
      vertex -14.1124 36.9007 6.6
      vertex -4.20952 10.1627 6.6
      vertex -14.0929 36.9082 6.6
    endloop
  endfacet
  facet normal -0 0 1
    outer loop
      vertex -23.4038 26.6916 6.6
      vertex -4.20952 10.1627 6.6
      vertex -14.1124 36.9007 6.6
    endloop
  endfacet
  facet normal 0 0 1
    outer loop
      vertex -4.20952 10.1627 6.6
      vertex -23.4038 26.6916 6.6
      vertex -4.86518 9.8656 6.6
    endloop
  endfacet
  facet normal 0 0 1
    outer loop
      vertex -4.86518 9.8656 6.6
      vertex -23.4038 26.6916 6.6
      vertex -5.5 9.52628 6.6
    endloop
  endfacet
  facet normal 0 0 1
    outer loop
      vertex -5.5 9.52628 6.6
      vertex -23.4038 26.6916 6.6
      vertex -6.11127 9.14616 6.6
    endloop
  endfacet
  facet normal 0 0 1
    outer loop
      vertex -6.11127 9.14616 6.6
      vertex -23.4038 26.6916 6.6
      vertex -6.69637 8.72689 6.6
    endloop
  endfacet
  facet normal -0 0 1
    outer loop
      vertex -23.7497 26.3855 6.6
      vertex -7.2528 8.27024 6.6
      vertex -23.4038 26.6916 6.6
    endloop
  endfacet
  facet normal -0 0 1
    outer loop
      vertex -23.7575 26.3785 6.6
      vertex -7.2528 8.27024 6.6
      vertex -23.7497 26.3855 6.6
    endloop
  endfacet
  facet normal 0 0 1
    outer loop
      vertex -7.2528 8.27024 6.6
      vertex -24.2075 25.9662 6.6
      vertex -7.77817 7.77817 6.6
    endloop
  endfacet
  facet normal -0 0 1
    outer loop
      vertex -24.6565 25.5402 6.6
      vertex -7.77817 7.77817 6.6
      vertex -24.2151 25.9591 6.6
    endloop
  endfacet
  facet normal -0 0 1
    outer loop
      vertex -25.0986 25.1059 6.6
      vertex -7.77817 7.77817 6.6
      vertex -24.6641 25.5329 6.6
    endloop
  endfacet
  facet normal -0 0 1
    outer loop
      vertex -25.5402 24.6565 6.6
      vertex -7.77817 7.77817 6.6
      vertex -25.5329 24.6641 6.6
    endloop
  endfacet
  facet normal -0 0 1
    outer loop
      vertex -25.9591 24.2151 6.6
      vertex -7.77817 7.77817 6.6
      vertex -25.5402 24.6565 6.6
    endloop
  endfacet
  facet normal -0 0 1
    outer loop
      vertex -25.5329 24.6641 6.6
      vertex -7.77817 7.77817 6.6
      vertex -25.1059 25.0986 6.6
    endloop
  endfacet
  facet normal 0 0 1
    outer loop
      vertex -7.77817 7.77817 6.6
      vertex -25.9591 24.2151 6.6
      vertex -8.27024 7.2528 6.6
    endloop
  endfacet
  facet normal -0 0 1
    outer loop
      vertex -25.9662 24.2075 6.6
      vertex -8.27024 7.2528 6.6
      vertex -25.9591 24.2151 6.6
    endloop
  endfacet
  facet normal -0 0 1
    outer loop
      vertex -25.1059 25.0986 6.6
      vertex -7.77817 7.77817 6.6
      vertex -25.0986 25.1059 6.6
    endloop
  endfacet
  facet normal 0 -0 1
    outer loop
      vertex -11.4917 -37.799 6.6
      vertex -11 0 6.6
      vertex -24.441 -25.7447 6.6
    endloop
  endfacet
  facet normal 0 0 1
    outer loop
      vertex -11 0 6.6
      vertex -11.4917 -37.799 6.6
      vertex -11.4719 -37.805 6.6
    endloop
  endfacet
  facet normal -0 0 1
    outer loop
      vertex -24.6641 25.5329 6.6
      vertex -7.77817 7.77817 6.6
      vertex -24.6565 25.5402 6.6
    endloop
  endfacet
  facet normal -0 0 1
    outer loop
      vertex -24.2151 25.9591 6.6
      vertex -7.77817 7.77817 6.6
      vertex -24.2075 25.9662 6.6
    endloop
  endfacet
  facet normal 0 0 1
    outer loop
      vertex -11.4917 -37.799 6.6
      vertex -24.441 -25.7447 6.6
      vertex -12.7665 -37.3877 6.6
    endloop
  endfacet
  facet normal 0 0 1
    outer loop
      vertex -12.7665 -37.3877 6.6
      vertex -24.441 -25.7447 6.6
      vertex -12.786 -37.381 6.6
    endloop
  endfacet
  facet normal -0 0 1
    outer loop
      vertex -24.2075 25.9662 6.6
      vertex -7.2528 8.27024 6.6
      vertex -23.7575 26.3785 6.6
    endloop
  endfacet
  facet normal 0 0 1
    outer loop
      vertex -6.69637 8.72689 6.6
      vertex -23.4038 26.6916 6.6
      vertex -7.2528 8.27024 6.6
    endloop
  endfacet
  facet normal 0 0 1
    outer loop
      vertex -12.786 -37.381 6.6
      vertex -24.441 -25.7447 6.6
      vertex -14.0456 -36.9262 6.6
    endloop
  endfacet
  facet normal 0 0 1
    outer loop
      vertex -14.0456 -36.9262 6.6
      vertex -24.441 -25.7447 6.6
      vertex -14.0649 -36.9189 6.6
    endloop
  endfacet
  facet normal 0 0 1
    outer loop
      vertex -23.4038 26.6916 6.6
      vertex -14.1124 36.9007 6.6
      vertex -15.3705 36.3947 6.6
    endloop
  endfacet
  facet normal 0 0 1
    outer loop
      vertex -23.4038 26.6916 6.6
      vertex -15.3705 36.3947 6.6
      vertex -15.3898 36.3865 6.6
    endloop
  endfacet
  facet normal 0 0 1
    outer loop
      vertex -14.0649 -36.9189 6.6
      vertex -24.441 -25.7447 6.6
      vertex -15.3087 -36.4207 6.6
    endloop
  endfacet
  facet normal 0 0 1
    outer loop
      vertex -15.3087 -36.4207 6.6
      vertex -24.441 -25.7447 6.6
      vertex -15.3277 -36.4127 6.6
    endloop
  endfacet
  facet normal 0 0 1
    outer loop
      vertex -23.4038 26.6916 6.6
      vertex -15.3898 36.3865 6.6
      vertex -16.6293 35.837 6.6
    endloop
  endfacet
  facet normal 0 0 1
    outer loop
      vertex -23.4038 26.6916 6.6
      vertex -16.6293 35.837 6.6
      vertex -16.6483 35.8282 6.6
    endloop
  endfacet
  facet normal 0 0 1
    outer loop
      vertex -15.3277 -36.4127 6.6
      vertex -24.441 -25.7447 6.6
      vertex -16.5535 -35.8721 6.6
    endloop
  endfacet
  facet normal 0 0 1
    outer loop
      vertex -16.5535 -35.8721 6.6
      vertex -24.441 -25.7447 6.6
      vertex -16.5722 -35.8634 6.6
    endloop
  endfacet
  facet normal 0 0 1
    outer loop
      vertex -23.4038 26.6916 6.6
      vertex -16.6483 35.8282 6.6
      vertex -17.868 35.2357 6.6
    endloop
  endfacet
  facet normal 0 0 1
    outer loop
      vertex -23.4038 26.6916 6.6
      vertex -17.868 35.2357 6.6
      vertex -17.8867 35.2263 6.6
    endloop
  endfacet
  facet normal 0 0 1
    outer loop
      vertex -16.5722 -35.8634 6.6
      vertex -24.441 -25.7447 6.6
      vertex -17.7781 -35.2812 6.6
    endloop
  endfacet
  facet normal 0 0 1
    outer loop
      vertex -17.7781 -35.2812 6.6
      vertex -24.441 -25.7447 6.6
      vertex -17.7966 -35.2719 6.6
    endloop
  endfacet
  facet normal 0 0 1
    outer loop
      vertex -23.4038 26.6916 6.6
      vertex -17.8867 35.2263 6.6
      vertex -19.0851 34.5917 6.6
    endloop
  endfacet
  facet normal 0 0 1
    outer loop
      vertex -23.4038 26.6916 6.6
      vertex -19.0851 34.5917 6.6
      vertex -19.1034 34.5816 6.6
    endloop
  endfacet
  facet normal 0 0 1
    outer loop
      vertex -17.7966 -35.2719 6.6
      vertex -24.441 -25.7447 6.6
      vertex -18.9824 -34.6481 6.6
    endloop
  endfacet
  facet normal 0 0 1
    outer loop
      vertex -18.9824 -34.6481 6.6
      vertex -24.441 -25.7447 6.6
      vertex -19.0005 -34.6382 6.6
    endloop
  endfacet
  facet normal 0 0 1
    outer loop
      vertex -23.4038 26.6916 6.6
      vertex -19.1034 34.5816 6.6
      vertex -20.2787 33.9057 6.6
    endloop
  endfacet
  facet normal 0 0 1
    outer loop
      vertex -23.4038 26.6916 6.6
      vertex -20.2787 33.9057 6.6
      vertex -20.2967 33.895 6.6
    endloop
  endfacet
  facet normal 0 0 1
    outer loop
      vertex -19.0005 -34.6382 6.6
      vertex -24.441 -25.7447 6.6
      vertex -20.1637 -33.9743 6.6
    endloop
  endfacet
  facet normal 0 0 1
    outer loop
      vertex -20.1637 -33.9743 6.6
      vertex -24.441 -25.7447 6.6
      vertex -20.1815 -33.9637 6.6
    endloop
  endfacet
  facet normal 0 0 1
    outer loop
      vertex -23.4038 26.6916 6.6
      vertex -20.2967 33.895 6.6
      vertex -21.4481 33.1784 6.6
    endloop
  endfacet
  facet normal 0 0 1
    outer loop
      vertex -23.4038 26.6916 6.6
      vertex -21.4481 33.1784 6.6
      vertex -21.4656 33.167 6.6
    endloop
  endfacet
  facet normal 0 0 1
    outer loop
      vertex -20.1815 -33.9637 6.6
      vertex -24.441 -25.7447 6.6
      vertex -21.3215 -33.2599 6.6
    endloop
  endfacet
  facet normal 0 0 1
    outer loop
      vertex -21.3215 -33.2599 6.6
      vertex -24.441 -25.7447 6.6
      vertex -21.3389 -33.2487 6.6
    endloop
  endfacet
  facet normal 0 0 1
    outer loop
      vertex -23.4038 26.6916 6.6
      vertex -21.4656 33.167 6.6
      vertex -22.5912 32.4108 6.6
    endloop
  endfacet
  facet normal 0 0 1
    outer loop
      vertex -23.4038 26.6916 6.6
      vertex -22.5912 32.4108 6.6
      vertex -22.6083 32.3989 6.6
    endloop
  endfacet
  facet normal 0 0 1
    outer loop
      vertex -21.3389 -33.2487 6.6
      vertex -24.441 -25.7447 6.6
      vertex -22.4537 -32.5063 6.6
    endloop
  endfacet
  facet normal 0 0 1
    outer loop
      vertex -22.4537 -32.5063 6.6
      vertex -24.441 -25.7447 6.6
      vertex -22.4707 -32.4945 6.6
    endloop
  endfacet
  facet normal 0 0 1
    outer loop
      vertex -22.4707 -32.4945 6.6
      vertex -24.441 -25.7447 6.6
      vertex -23.559 -31.7143 6.6
    endloop
  endfacet
  facet normal -0 0 1
    outer loop
      vertex -26.3781 23.7579 6.6
      vertex -8.27024 7.2528 6.6
      vertex -25.9662 24.2075 6.6
    endloop
  endfacet
  facet normal -0 0 1
    outer loop
      vertex -26.3852 23.7502 6.6
      vertex -8.27024 7.2528 6.6
      vertex -26.3781 23.7579 6.6
    endloop
  endfacet
  facet normal -0 0 1
    outer loop
      vertex -26.7889 23.2938 6.6
      vertex -8.27024 7.2528 6.6
      vertex -26.3852 23.7502 6.6
    endloop
  endfacet
  facet normal -0 0 1
    outer loop
      vertex -26.7957 23.2859 6.6
      vertex -8.27024 7.2528 6.6
      vertex -26.7889 23.2938 6.6
    endloop
  endfacet
  facet normal 0 0 1
    outer loop
      vertex -23.559 -31.7143 6.6
      vertex -24.441 -25.7447 6.6
      vertex -23.5756 -31.702 6.6
    endloop
  endfacet
  facet normal 0 0 1
    outer loop
      vertex -24.441 -25.7447 6.6
      vertex -24.6372 -30.8842 6.6
      vertex -23.5756 -31.702 6.6
    endloop
  endfacet
  facet normal 0 0 1
    outer loop
      vertex -24.441 -25.7447 6.6
      vertex -24.6534 -30.8713 6.6
      vertex -24.6372 -30.8842 6.6
    endloop
  endfacet
  facet normal 0 0 1
    outer loop
      vertex -24.441 -25.7447 6.6
      vertex -25.6845 -30.0188 6.6
      vertex -24.6534 -30.8713 6.6
    endloop
  endfacet
  facet normal -0 0 1
    outer loop
      vertex -26.4146 -28.6707 6.6
      vertex -25.6845 -30.0188 6.6
      vertex -24.441 -25.7447 6.6
    endloop
  endfacet
  facet normal 0 0 1
    outer loop
      vertex -25.6845 -30.0188 6.6
      vertex -26.4146 -28.6707 6.6
      vertex -25.7022 -30.0036 6.6
    endloop
  endfacet
  facet normal 0 0 1
    outer loop
      vertex -25.7022 -30.0036 6.6
      vertex -26.4146 -28.6707 6.6
      vertex -26.3173 -29.4534 6.6
    endloop
  endfacet
  facet normal 0 0 1
    outer loop
      vertex -26.3173 -29.4534 6.6
      vertex -26.4146 -28.6707 6.6
      vertex -26.3456 -29.4262 6.6
    endloop
  endfacet
  facet normal 0 0 1
    outer loop
      vertex -26.3456 -29.4262 6.6
      vertex -26.4146 -28.6707 6.6
      vertex -26.3722 -29.3973 6.6
    endloop
  endfacet
  facet normal 0 0 1
    outer loop
      vertex -26.3722 -29.3973 6.6
      vertex -26.4146 -28.6707 6.6
      vertex -26.3968 -29.3667 6.6
    endloop
  endfacet
  facet normal 0 0 1
    outer loop
      vertex -26.4146 -28.6707 6.6
      vertex -26.4194 -29.3346 6.6
      vertex -26.3968 -29.3667 6.6
    endloop
  endfacet
  facet normal -0 0 1
    outer loop
      vertex -26.4339 -28.7011 6.6
      vertex -26.4194 -29.3346 6.6
      vertex -26.4146 -28.6707 6.6
    endloop
  endfacet
  facet normal 0 0 1
    outer loop
      vertex -26.4339 -28.7011 6.6
      vertex -26.4398 -29.301 6.6
      vertex -26.4194 -29.3346 6.6
    endloop
  endfacet
  facet normal -0 0 1
    outer loop
      vertex -26.4527 -28.7355 6.6
      vertex -26.4398 -29.301 6.6
      vertex -26.4339 -28.7011 6.6
    endloop
  endfacet
  facet normal 0 0 1
    outer loop
      vertex -26.4527 -28.7355 6.6
      vertex -26.4579 -29.2662 6.6
      vertex -26.4398 -29.301 6.6
    endloop
  endfacet
  facet normal -0 0 1
    outer loop
      vertex -26.4693 -28.7711 6.6
      vertex -26.4579 -29.2662 6.6
      vertex -26.4527 -28.7355 6.6
    endloop
  endfacet
  facet normal 0 0 1
    outer loop
      vertex -26.4693 -28.7711 6.6
      vertex -26.4738 -29.2303 6.6
      vertex -26.4579 -29.2662 6.6
    endloop
  endfacet
  facet normal -0 0 1
    outer loop
      vertex -26.4834 -28.8077 6.6
      vertex -26.4738 -29.2303 6.6
      vertex -26.4693 -28.7711 6.6
    endloop
  endfacet
  facet normal 0 0 1
    outer loop
      vertex -26.4834 -28.8077 6.6
      vertex -26.4873 -29.1934 6.6
      vertex -26.4738 -29.2303 6.6
    endloop
  endfacet
  facet normal -0 0 1
    outer loop
      vertex -26.4952 -28.8452 6.6
      vertex -26.4873 -29.1934 6.6
      vertex -26.4834 -28.8077 6.6
    endloop
  endfacet
  facet normal 0 0 1
    outer loop
      vertex -26.4952 -28.8452 6.6
      vertex -26.4983 -29.1557 6.6
      vertex -26.4873 -29.1934 6.6
    endloop
  endfacet
  facet normal -0 0 1
    outer loop
      vertex -26.5045 -28.8833 6.6
      vertex -26.4983 -29.1557 6.6
      vertex -26.4952 -28.8452 6.6
    endloop
  endfacet
  facet normal 0 0 1
    outer loop
      vertex -26.5045 -28.8833 6.6
      vertex -26.5068 -29.1174 6.6
      vertex -26.4983 -29.1557 6.6
    endloop
  endfacet
  facet normal -0 0 1
    outer loop
      vertex -26.5113 -28.922 6.6
      vertex -26.5068 -29.1174 6.6
      vertex -26.5045 -28.8833 6.6
    endloop
  endfacet
  facet normal 0 0 1
    outer loop
      vertex -26.5113 -28.922 6.6
      vertex -26.5128 -29.0786 6.6
      vertex -26.5068 -29.1174 6.6
    endloop
  endfacet
  facet normal -0 0 1
    outer loop
      vertex -26.5155 -28.961 6.6
      vertex -26.5128 -29.0786 6.6
      vertex -26.5113 -28.922 6.6
    endloop
  endfacet
  facet normal 0 0 1
    outer loop
      vertex -26.5155 -28.961 6.6
      vertex -26.5163 -29.0395 6.6
      vertex -26.5128 -29.0786 6.6
    endloop
  endfacet
  facet normal 0 -0 1
    outer loop
      vertex -26.5163 -29.0395 6.6
      vertex -26.5155 -28.961 6.6
      vertex -26.5172 -29.0003 6.6
    endloop
  endfacet
  facet normal 0 0 1
    outer loop
      vertex 11 0 6.6
      vertex 35.5 0.00524902 6.6
      vertex 35.4946 0.614365 6.6
    endloop
  endfacet
  facet normal 0 0 1
    outer loop
      vertex 35.5 0.00524902 6.6
      vertex 11 0 6.6
      vertex 35.5 -0.00524902 6.6
    endloop
  endfacet
  facet normal 0 0 1
    outer loop
      vertex 11 0 6.6
      vertex 35.4946 0.614365 6.6
      vertex 35.4944 0.624817 6.6
    endloop
  endfacet
  facet normal 0 0 1
    outer loop
      vertex 35.5 -0.00524902 6.6
      vertex 11 0 6.6
      vertex 35.4946 -0.614365 6.6
    endloop
  endfacet
  facet normal 0 0 1
    outer loop
      vertex 11 0 6.6
      vertex 35.4944 0.624817 6.6
      vertex 35.4785 1.23372 6.6
    endloop
  endfacet
  facet normal 0 0 1
    outer loop
      vertex 35.4946 -0.614365 6.6
      vertex 11 0 6.6
      vertex 35.4944 -0.624817 6.6
    endloop
  endfacet
  facet normal 0 0 1
    outer loop
      vertex 11 0 6.6
      vertex 35.4785 1.23372 6.6
      vertex 35.4781 1.24419 6.6
    endloop
  endfacet
  facet normal 0 0 1
    outer loop
      vertex 35.4944 -0.624817 6.6
      vertex 11 0 6.6
      vertex 35.4785 -1.23372 6.6
    endloop
  endfacet
  facet normal 0 0 1
    outer loop
      vertex 11 0 6.6
      vertex 35.4781 1.24419 6.6
      vertex 35.4516 1.85274 6.6
    endloop
  endfacet
  facet normal 0 0 1
    outer loop
      vertex 35.4785 -1.23372 6.6
      vertex 11 0 6.6
      vertex 35.4781 -1.24419 6.6
    endloop
  endfacet
  facet normal 0 0 1
    outer loop
      vertex 11 0 6.6
      vertex 35.4516 1.85274 6.6
      vertex 35.451 1.8632 6.6
    endloop
  endfacet
  facet normal -0 0 1
    outer loop
      vertex 10.9764 -0.719434 6.6
      vertex 35.4781 -1.24419 6.6
      vertex 11 0 6.6
    endloop
  endfacet
  facet normal 0 0 1
    outer loop
      vertex 11 0 6.6
      vertex 35.451 1.8632 6.6
      vertex 35.4138 2.47127 6.6
    endloop
  endfacet
  facet normal 0 0 1
    outer loop
      vertex 35.4781 -1.24419 6.6
      vertex 10.9764 -0.719434 6.6
      vertex 35.4516 -1.85274 6.6
    endloop
  endfacet
  facet normal 0 0 1
    outer loop
      vertex 11 0 6.6
      vertex 35.4138 2.47127 6.6
      vertex 35.4131 2.4817 6.6
    endloop
  endfacet
  facet normal 0 0 1
    outer loop
      vertex 35.4516 -1.85274 6.6
      vertex 10.9764 -0.719434 6.6
      vertex 35.451 -1.8632 6.6
    endloop
  endfacet
  facet normal 0 0 1
    outer loop
      vertex 11 0 6.6
      vertex 35.4131 2.4817 6.6
      vertex 35.3655 3.08684 6.6
    endloop
  endfacet
  facet normal 0 0 1
    outer loop
      vertex 35.451 -1.8632 6.6
      vertex 10.9764 -0.719434 6.6
      vertex 35.4138 -2.47127 6.6
    endloop
  endfacet
  facet normal 0 0 1
    outer loop
      vertex 37.8534 -11.1435 6.6
      vertex 37.8555 -11.222 6.6
      vertex 37.8557 -11.1827 6.6
    endloop
  endfacet
  facet normal 0 0 1
    outer loop
      vertex 37.8534 -11.1435 6.6
      vertex 37.8526 -11.2611 6.6
      vertex 37.8555 -11.222 6.6
    endloop
  endfacet
  facet normal 0 0 1
    outer loop
      vertex 37.8485 -11.1045 6.6
      vertex 37.8526 -11.2611 6.6
      vertex 37.8534 -11.1435 6.6
    endloop
  endfacet
  facet normal 0 0 1
    outer loop
      vertex 37.8485 -11.1045 6.6
      vertex 37.8473 -11.3 6.6
      vertex 37.8526 -11.2611 6.6
    endloop
  endfacet
  facet normal 0 0 1
    outer loop
      vertex 37.8411 -11.066 6.6
      vertex 37.8473 -11.3 6.6
      vertex 37.8485 -11.1045 6.6
    endloop
  endfacet
  facet normal 0 0 1
    outer loop
      vertex 37.8411 -11.066 6.6
      vertex 37.8393 -11.3385 6.6
      vertex 37.8473 -11.3 6.6
    endloop
  endfacet
  facet normal 0 0 1
    outer loop
      vertex 37.8312 -11.028 6.6
      vertex 37.8393 -11.3385 6.6
      vertex 37.8411 -11.066 6.6
    endloop
  endfacet
  facet normal 0 0 1
    outer loop
      vertex 37.8312 -11.028 6.6
      vertex 37.8295 -11.3746 6.6
      vertex 37.8393 -11.3385 6.6
    endloop
  endfacet
  facet normal 0 0 1
    outer loop
      vertex 37.8188 -10.9907 6.6
      vertex 37.8295 -11.3746 6.6
      vertex 37.8312 -11.028 6.6
    endloop
  endfacet
  facet normal 0 0 1
    outer loop
      vertex 37.804 -10.9544 6.6
      vertex 37.8295 -11.3746 6.6
      vertex 37.8188 -10.9907 6.6
    endloop
  endfacet
  facet normal 0 0 1
    outer loop
      vertex 37.7869 -10.919 6.6
      vertex 37.8295 -11.3746 6.6
      vertex 37.804 -10.9544 6.6
    endloop
  endfacet
  facet normal 0 0 1
    outer loop
      vertex 37.7675 -10.8849 6.6
      vertex 37.8295 -11.3746 6.6
      vertex 37.7869 -10.919 6.6
    endloop
  endfacet
  facet normal 0 0 1
    outer loop
      vertex 37.7459 -10.8521 6.6
      vertex 37.8295 -11.3746 6.6
      vertex 37.7675 -10.8849 6.6
    endloop
  endfacet
  facet normal 0 0 1
    outer loop
      vertex 37.7222 -10.8208 6.6
      vertex 37.8295 -11.3746 6.6
      vertex 37.7459 -10.8521 6.6
    endloop
  endfacet
  facet normal 0 0 1
    outer loop
      vertex 37.6965 -10.7911 6.6
      vertex 37.8295 -11.3746 6.6
      vertex 37.7222 -10.8208 6.6
    endloop
  endfacet
  facet normal 0 0 1
    outer loop
      vertex 37.6689 -10.7632 6.6
      vertex 37.8295 -11.3746 6.6
      vertex 37.6965 -10.7911 6.6
    endloop
  endfacet
  facet normal 0 0 1
    outer loop
      vertex 37.6396 -10.7371 6.6
      vertex 37.8295 -11.3746 6.6
      vertex 37.6689 -10.7632 6.6
    endloop
  endfacet
  facet normal 0 0 1
    outer loop
      vertex 37.6086 -10.713 6.6
      vertex 37.8295 -11.3746 6.6
      vertex 37.6396 -10.7371 6.6
    endloop
  endfacet
  facet normal 0 0 1
    outer loop
      vertex 37.6086 -10.713 6.6
      vertex 37.566 -12.2319 6.6
      vertex 37.8295 -11.3746 6.6
    endloop
  endfacet
  facet normal 0 0 1
    outer loop
      vertex 37.6086 -10.713 6.6
      vertex 37.5597 -12.2512 6.6
      vertex 37.566 -12.2319 6.6
    endloop
  endfacet
  facet normal 0 0 1
    outer loop
      vertex 34.4809 -8.4406 6.6
      vertex 37.5597 -12.2512 6.6
      vertex 37.6086 -10.713 6.6
    endloop
  endfacet
  facet normal 0 0 1
    outer loop
      vertex 37.5597 -12.2512 6.6
      vertex 34.4809 -8.4406 6.6
      vertex 37.1312 -13.4945 6.6
    endloop
  endfacet
  facet normal 0 0 1
    outer loop
      vertex 37.1312 -13.4945 6.6
      vertex 34.4809 -8.4406 6.6
      vertex 37.1243 -13.5135 6.6
    endloop
  endfacet
  facet normal 0 0 1
    outer loop
      vertex 37.1243 -13.5135 6.6
      vertex 34.4809 -8.4406 6.6
      vertex 36.6536 -14.7424 6.6
    endloop
  endfacet
  facet normal 0 0 1
    outer loop
      vertex 36.6536 -14.7424 6.6
      vertex 34.4809 -8.4406 6.6
      vertex 36.646 -14.7612 6.6
    endloop
  endfacet
  facet normal 0 0 1
    outer loop
      vertex 36.646 -14.7612 6.6
      vertex 34.4809 -8.4406 6.6
      vertex 36.1345 -15.9725 6.6
    endloop
  endfacet
  facet normal 0 0 1
    outer loop
      vertex 36.1345 -15.9725 6.6
      vertex 34.4809 -8.4406 6.6
      vertex 36.1263 -15.9911 6.6
    endloop
  endfacet
  facet normal 0 0 1
    outer loop
      vertex 36.1263 -15.9911 6.6
      vertex 34.4809 -8.4406 6.6
      vertex 35.5738 -17.1851 6.6
    endloop
  endfacet
  facet normal 0 0 1
    outer loop
      vertex 35.5738 -17.1851 6.6
      vertex 34.4809 -8.4406 6.6
      vertex 35.565 -17.2034 6.6
    endloop
  endfacet
  facet normal 0 0 1
    outer loop
      vertex 35.565 -17.2034 6.6
      vertex 34.4809 -8.4406 6.6
      vertex 34.9727 -18.3777 6.6
    endloop
  endfacet
  facet normal 0 0 1
    outer loop
      vertex 34.9727 -18.3777 6.6
      vertex 34.4809 -8.4406 6.6
      vertex 34.9632 -18.3956 6.6
    endloop
  endfacet
  facet normal 0 0 1
    outer loop
      vertex 34.9632 -18.3956 6.6
      vertex 34.4809 -8.4406 6.6
      vertex 34.3315 -19.5492 6.6
    endloop
  endfacet
  facet normal -0 0 1
    outer loop
      vertex 7.2528 -8.27024 6.6
      vertex 14.7143 -32.3055 6.6
      vertex 7.77817 -7.77817 6.6
    endloop
  endfacet
  facet normal -0 0 1
    outer loop
      vertex 6.69637 -8.72689 6.6
      vertex 14.7143 -32.3055 6.6
      vertex 7.2528 -8.27024 6.6
    endloop
  endfacet
  facet normal -0 0 1
    outer loop
      vertex 6.11127 -9.14616 6.6
      vertex 14.7143 -32.3055 6.6
      vertex 6.69637 -8.72689 6.6
    endloop
  endfacet
  facet normal -0 0 1
    outer loop
      vertex 5.5 -9.52628 6.6
      vertex 14.7143 -32.3055 6.6
      vertex 6.11127 -9.14616 6.6
    endloop
  endfacet
  facet normal -0 0 1
    outer loop
      vertex 4.86518 -9.8656 6.6
      vertex 14.7143 -32.3055 6.6
      vertex 5.5 -9.52628 6.6
    endloop
  endfacet
  facet normal 0 0 1
    outer loop
      vertex 14.7143 -32.3055 6.6
      vertex 4.86518 -9.8656 6.6
      vertex 14.4435 -32.4289 6.6
    endloop
  endfacet
  facet normal -0 0 1
    outer loop
      vertex 4.20952 -10.1627 6.6
      vertex 14.4435 -32.4289 6.6
      vertex 4.86518 -9.8656 6.6
    endloop
  endfacet
  facet normal 0 0 1
    outer loop
      vertex 14.4435 -32.4289 6.6
      vertex 4.20952 -10.1627 6.6
      vertex 14.4339 -32.4332 6.6
    endloop
  endfacet
  facet normal 0 0 1
    outer loop
      vertex 14.4339 -32.4332 6.6
      vertex 4.20952 -10.1627 6.6
      vertex 13.8759 -32.6758 6.6
    endloop
  endfacet
  facet normal 0 0 1
    outer loop
      vertex 13.8759 -32.6758 6.6
      vertex 4.20952 -10.1627 6.6
      vertex 13.8662 -32.6799 6.6
    endloop
  endfacet
  facet normal 0 0 1
    outer loop
      vertex 13.8662 -32.6799 6.6
      vertex 4.20952 -10.1627 6.6
      vertex 13.3034 -32.913 6.6
    endloop
  endfacet
  facet normal 0 0 1
    outer loop
      vertex 13.3034 -32.913 6.6
      vertex 4.20952 -10.1627 6.6
      vertex 13.2937 -32.9169 6.6
    endloop
  endfacet
  facet normal 0 0 1
    outer loop
      vertex 13.2937 -32.9169 6.6
      vertex 4.20952 -10.1627 6.6
      vertex 12.7274 -33.14 6.6
    endloop
  endfacet
  facet normal 0 0 1
    outer loop
      vertex 12.7274 -33.14 6.6
      vertex 4.20952 -10.1627 6.6
      vertex 12.7176 -33.1438 6.6
    endloop
  endfacet
  facet normal 0 0 1
    outer loop
      vertex 12.7176 -33.1438 6.6
      vertex 4.20952 -10.1627 6.6
      vertex 12.1463 -33.3574 6.6
    endloop
  endfacet
  facet normal -0 0 1
    outer loop
      vertex 3.53583 -10.4162 6.6
      vertex 12.1463 -33.3574 6.6
      vertex 4.20952 -10.1627 6.6
    endloop
  endfacet
  facet normal 0 0 1
    outer loop
      vertex 12.1463 -33.3574 6.6
      vertex 3.53583 -10.4162 6.6
      vertex 12.1365 -33.3609 6.6
    endloop
  endfacet
  facet normal 0 0 1
    outer loop
      vertex 12.1365 -33.3609 6.6
      vertex 3.53583 -10.4162 6.6
      vertex 11.563 -33.564 6.6
    endloop
  endfacet
  facet normal 0 0 1
    outer loop
      vertex 11.563 -33.564 6.6
      vertex 3.53583 -10.4162 6.6
      vertex 11.5531 -33.5674 6.6
    endloop
  endfacet
  facet normal 0 0 1
    outer loop
      vertex 11.5531 -33.5674 6.6
      vertex 3.53583 -10.4162 6.6
      vertex 10.9749 -33.7609 6.6
    endloop
  endfacet
  facet normal 0 0 1
    outer loop
      vertex 10.9749 -33.7609 6.6
      vertex 3.53583 -10.4162 6.6
      vertex 10.965 -33.7641 6.6
    endloop
  endfacet
  facet normal 0 0 1
    outer loop
      vertex 10.965 -33.7641 6.6
      vertex 3.53583 -10.4162 6.6
      vertex 10.384 -33.9473 6.6
    endloop
  endfacet
  facet normal 0 0 1
    outer loop
      vertex 10.384 -33.9473 6.6
      vertex 3.53583 -10.4162 6.6
      vertex 10.374 -33.9503 6.6
    endloop
  endfacet
  facet normal -0 0 1
    outer loop
      vertex 2.84701 -10.6252 6.6
      vertex 10.374 -33.9503 6.6
      vertex 3.53583 -10.4162 6.6
    endloop
  endfacet
  facet normal 0 0 1
    outer loop
      vertex 10.374 -33.9503 6.6
      vertex 2.84701 -10.6252 6.6
      vertex 9.79053 -34.1232 6.6
    endloop
  endfacet
  facet normal 0 0 1
    outer loop
      vertex 9.79053 -34.1232 6.6
      vertex 2.84701 -10.6252 6.6
      vertex 9.78044 -34.1261 6.6
    endloop
  endfacet
  facet normal 0 0 1
    outer loop
      vertex 9.78044 -34.1261 6.6
      vertex 2.84701 -10.6252 6.6
      vertex 9.19279 -34.289 6.6
    endloop
  endfacet
  facet normal 0 0 1
    outer loop
      vertex 9.19279 -34.289 6.6
      vertex 2.84701 -10.6252 6.6
      vertex 9.18269 -34.2917 6.6
    endloop
  endfacet
  facet normal 0 0 1
    outer loop
      vertex 9.18269 -34.2917 6.6
      vertex 2.84701 -10.6252 6.6
      vertex 8.59305 -34.4442 6.6
    endloop
  endfacet
  facet normal 0 0 1
    outer loop
      vertex 8.59305 -34.4442 6.6
      vertex 2.84701 -10.6252 6.6
      vertex 8.58289 -34.4468 6.6
    endloop
  endfacet
  facet normal 0 0 1
    outer loop
      vertex 8.58289 -34.4468 6.6
      vertex 2.84701 -10.6252 6.6
      vertex 7.99132 -34.5888 6.6
    endloop
  endfacet
  facet normal 0 0 1
    outer loop
      vertex 7.99132 -34.5888 6.6
      vertex 2.84701 -10.6252 6.6
      vertex 7.98109 -34.5912 6.6
    endloop
  endfacet
  facet normal -0 0 1
    outer loop
      vertex 2.14599 -10.7886 6.6
      vertex 7.98109 -34.5912 6.6
      vertex 2.84701 -10.6252 6.6
    endloop
  endfacet
  facet normal 0 0 1
    outer loop
      vertex 7.98109 -34.5912 6.6
      vertex 2.14599 -10.7886 6.6
      vertex 7.38562 -34.7232 6.6
    endloop
  endfacet
  facet normal 0 0 1
    outer loop
      vertex 7.38562 -34.7232 6.6
      vertex 2.14599 -10.7886 6.6
      vertex 7.3754 -34.7253 6.6
    endloop
  endfacet
  facet normal 0 0 1
    outer loop
      vertex 7.3754 -34.7253 6.6
      vertex 2.14599 -10.7886 6.6
      vertex 6.77869 -34.8468 6.6
    endloop
  endfacet
  facet normal 0 0 1
    outer loop
      vertex 6.77869 -34.8468 6.6
      vertex 2.14599 -10.7886 6.6
      vertex 6.76839 -34.8488 6.6
    endloop
  endfacet
  facet normal 0 0 1
    outer loop
      vertex 6.76839 -34.8488 6.6
      vertex 2.14599 -10.7886 6.6
      vertex 6.16963 -34.9597 6.6
    endloop
  endfacet
  facet normal 0 0 1
    outer loop
      vertex 6.16963 -34.9597 6.6
      vertex 2.14599 -10.7886 6.6
      vertex 6.15933 -34.9615 6.6
    endloop
  endfacet
  facet normal 0 0 1
    outer loop
      vertex 6.15933 -34.9615 6.6
      vertex 2.14599 -10.7886 6.6
      vertex 5.55911 -35.062 6.6
    endloop
  endfacet
  facet normal -0 0 1
    outer loop
      vertex 1.43579 -10.9059 6.6
      vertex 5.55911 -35.062 6.6
      vertex 2.14599 -10.7886 6.6
    endloop
  endfacet
  facet normal 0 0 1
    outer loop
      vertex 5.55911 -35.062 6.6
      vertex 1.43579 -10.9059 6.6
      vertex 5.54877 -35.0636 6.6
    endloop
  endfacet
  facet normal 0 0 1
    outer loop
      vertex 5.54877 -35.0636 6.6
      vertex 1.43579 -10.9059 6.6
      vertex 4.94534 -35.1538 6.6
    endloop
  endfacet
  facet normal 0 0 1
    outer loop
      vertex 4.94534 -35.1538 6.6
      vertex 1.43579 -10.9059 6.6
      vertex 4.93498 -35.1553 6.6
    endloop
  endfacet
  facet normal 0 0 1
    outer loop
      vertex 4.93498 -35.1553 6.6
      vertex 1.43579 -10.9059 6.6
      vertex 4.33199 -35.2346 6.6
    endloop
  endfacet
  facet normal 0 0 1
    outer loop
      vertex 4.33199 -35.2346 6.6
      vertex 1.43579 -10.9059 6.6
      vertex 4.32158 -35.2359 6.6
    endloop
  endfacet
  facet normal 0 0 1
    outer loop
      vertex 4.32158 -35.2359 6.6
      vertex 1.43579 -10.9059 6.6
      vertex 3.71605 -35.3049 6.6
    endloop
  endfacet
  facet normal 0 0 1
    outer loop
      vertex 3.71605 -35.3049 6.6
      vertex 1.43579 -10.9059 6.6
      vertex 3.70563 -35.306 6.6
    endloop
  endfacet
  facet normal 0 0 1
    outer loop
      vertex 3.70563 -35.306 6.6
      vertex 1.43579 -10.9059 6.6
      vertex 3.09859 -35.3645 6.6
    endloop
  endfacet
  facet normal -0 0 1
    outer loop
      vertex 0.719434 -10.9764 6.6
      vertex 3.09859 -35.3645 6.6
      vertex 1.43579 -10.9059 6.6
    endloop
  endfacet
  facet normal 0 0 1
    outer loop
      vertex 3.09859 -35.3645 6.6
      vertex 0.719434 -10.9764 6.6
      vertex 3.08817 -35.3654 6.6
    endloop
  endfacet
  facet normal 0 0 1
    outer loop
      vertex 3.08817 -35.3654 6.6
      vertex 0.719434 -10.9764 6.6
      vertex 2.4817 -35.4131 6.6
    endloop
  endfacet
  facet normal 0 0 1
    outer loop
      vertex 2.4817 -35.4131 6.6
      vertex 0.719434 -10.9764 6.6
      vertex 2.47127 -35.4138 6.6
    endloop
  endfacet
  facet normal 0 0 1
    outer loop
      vertex 2.47127 -35.4138 6.6
      vertex 0.719434 -10.9764 6.6
      vertex 1.8632 -35.451 6.6
    endloop
  endfacet
  facet normal 0 0 1
    outer loop
      vertex 1.8632 -35.451 6.6
      vertex 0.719434 -10.9764 6.6
      vertex 1.85274 -35.4516 6.6
    endloop
  endfacet
  facet normal 0 0 1
    outer loop
      vertex 1.85274 -35.4516 6.6
      vertex 0.719434 -10.9764 6.6
      vertex 1.24422 -35.4781 6.6
    endloop
  endfacet
  facet normal 0 0 1
    outer loop
      vertex 1.24422 -35.4781 6.6
      vertex 0.719434 -10.9764 6.6
      vertex 1.23376 -35.4785 6.6
    endloop
  endfacet
  facet normal 0 0 1
    outer loop
      vertex 1.23376 -35.4785 6.6
      vertex 0.719434 -10.9764 6.6
      vertex 0.771347 -35.4906 6.6
    endloop
  endfacet
  facet normal -0 0 1
    outer loop
      vertex 0 -11 6.6
      vertex 0.771347 -35.4906 6.6
      vertex 0.719434 -10.9764 6.6
    endloop
  endfacet
  facet normal 0 0 1
    outer loop
      vertex -0.719434 -10.9764 6.6
      vertex 0.771347 -35.4906 6.6
      vertex 0 -11 6.6
    endloop
  endfacet
  facet normal 0 0 1
    outer loop
      vertex -1.43579 -10.9059 6.6
      vertex 0.771347 -35.4906 6.6
      vertex -0.719434 -10.9764 6.6
    endloop
  endfacet
  facet normal 0 0 1
    outer loop
      vertex -2.14599 -10.7886 6.6
      vertex 0.771347 -35.4906 6.6
      vertex -1.43579 -10.9059 6.6
    endloop
  endfacet
  facet normal 0 -0 1
    outer loop
      vertex -3.49385 -39.3525 6.6
      vertex 0.771347 -35.4906 6.6
      vertex -4.8262 -39.2114 6.6
    endloop
  endfacet
  facet normal 0 -0 1
    outer loop
      vertex -3.47327 -39.3543 6.6
      vertex 0.771347 -35.4906 6.6
      vertex -3.49385 -39.3525 6.6
    endloop
  endfacet
  facet normal 0 -0 1
    outer loop
      vertex -2.13736 -39.4494 6.6
      vertex 0.771347 -35.4906 6.6
      vertex -3.47327 -39.3543 6.6
    endloop
  endfacet
  facet normal 0 0 1
    outer loop
      vertex 0.771347 -35.4906 6.6
      vertex -2.13736 -39.4494 6.6
      vertex -0.614059 -39.0997 6.6
    endloop
  endfacet
  facet normal 0 0 1
    outer loop
      vertex -0.614059 -39.0997 6.6
      vertex -1.1962 -39.4843 6.6
      vertex -0.629318 -39.1359 6.6
    endloop
  endfacet
  facet normal 0 0 1
    outer loop
      vertex -0.629318 -39.1359 6.6
      vertex -1.1962 -39.4843 6.6
      vertex -0.646912 -39.171 6.6
    endloop
  endfacet
  facet normal 0 0 1
    outer loop
      vertex -0.666779 -39.2049 6.6
      vertex -1.1962 -39.4843 6.6
      vertex -0.688797 -39.2374 6.6
    endloop
  endfacet
  facet normal 0 0 1
    outer loop
      vertex -0.688797 -39.2374 6.6
      vertex -1.1962 -39.4843 6.6
      vertex -0.712906 -39.2684 6.6
    endloop
  endfacet
  facet normal 0 0 1
    outer loop
      vertex -0.712906 -39.2684 6.6
      vertex -1.1962 -39.4843 6.6
      vertex -0.738983 -39.2977 6.6
    endloop
  endfacet
  facet normal 0 0 1
    outer loop
      vertex -0.738983 -39.2977 6.6
      vertex -1.1962 -39.4843 6.6
      vertex -0.766922 -39.3253 6.6
    endloop
  endfacet
  facet normal 0 0 1
    outer loop
      vertex -0.796616 -39.351 6.6
      vertex -1.1962 -39.4843 6.6
      vertex -0.827927 -39.3747 6.6
    endloop
  endfacet
  facet normal 0 0 1
    outer loop
      vertex -0.827927 -39.3747 6.6
      vertex -1.1962 -39.4843 6.6
      vertex -0.860703 -39.3963 6.6
    endloop
  endfacet
  facet normal 0 0 1
    outer loop
      vertex -0.860703 -39.3963 6.6
      vertex -1.1962 -39.4843 6.6
      vertex -0.894836 -39.4157 6.6
    endloop
  endfacet
  facet normal 0 0 1
    outer loop
      vertex -0.930161 -39.4328 6.6
      vertex -1.1962 -39.4843 6.6
      vertex -0.966537 -39.4476 6.6
    endloop
  endfacet
  facet normal 0 0 1
    outer loop
      vertex -0.966537 -39.4476 6.6
      vertex -1.1962 -39.4843 6.6
      vertex -1.0038 -39.46 6.6
    endloop
  endfacet
  facet normal 0 0 1
    outer loop
      vertex -1.0038 -39.46 6.6
      vertex -1.1962 -39.4843 6.6
      vertex -1.04179 -39.4699 6.6
    endloop
  endfacet
  facet normal 0 0 1
    outer loop
      vertex -1.04179 -39.4699 6.6
      vertex -1.1962 -39.4843 6.6
      vertex -1.08035 -39.4773 6.6
    endloop
  endfacet
  facet normal 0 0 1
    outer loop
      vertex -1.11931 -39.4822 6.6
      vertex -1.1962 -39.4843 6.6
      vertex -1.15851 -39.4845 6.6
    endloop
  endfacet
  facet normal 0 -0 1
    outer loop
      vertex -1.1962 -39.4843 6.6
      vertex -0.614059 -39.0997 6.6
      vertex -2.11674 -39.4505 6.6
    endloop
  endfacet
  facet normal 0 0 1
    outer loop
      vertex -1.08035 -39.4773 6.6
      vertex -1.1962 -39.4843 6.6
      vertex -1.11931 -39.4822 6.6
    endloop
  endfacet
  facet normal 0 0 1
    outer loop
      vertex -0.894836 -39.4157 6.6
      vertex -1.1962 -39.4843 6.6
      vertex -0.930161 -39.4328 6.6
    endloop
  endfacet
  facet normal 0 0 1
    outer loop
      vertex -2.84701 -10.6252 6.6
      vertex 0.771347 -35.4906 6.6
      vertex -2.14599 -10.7886 6.6
    endloop
  endfacet
  facet normal 0 0 1
    outer loop
      vertex -3.53583 -10.4162 6.6
      vertex 0.771347 -35.4906 6.6
      vertex -2.84701 -10.6252 6.6
    endloop
  endfacet
  facet normal 0 0 1
    outer loop
      vertex -0.766922 -39.3253 6.6
      vertex -1.1962 -39.4843 6.6
      vertex -0.796616 -39.351 6.6
    endloop
  endfacet
  facet normal 0 0 1
    outer loop
      vertex -0.646912 -39.171 6.6
      vertex -1.1962 -39.4843 6.6
      vertex -0.666779 -39.2049 6.6
    endloop
  endfacet
  facet normal 0 0 1
    outer loop
      vertex 0.771347 -35.4906 6.6
      vertex -3.53583 -10.4162 6.6
      vertex -11.4719 -37.805 6.6
    endloop
  endfacet
  facet normal 0 0 1
    outer loop
      vertex -11.4719 -37.805 6.6
      vertex -3.53583 -10.4162 6.6
      vertex -4.20952 -10.1627 6.6
    endloop
  endfacet
  facet normal 0 -0 1
    outer loop
      vertex -2.11674 -39.4505 6.6
      vertex -0.614059 -39.0997 6.6
      vertex -2.13736 -39.4494 6.6
    endloop
  endfacet
  facet normal 0 0 1
    outer loop
      vertex 0.771347 -35.4906 6.6
      vertex -4.84671 -39.2089 6.6
      vertex -4.8262 -39.2114 6.6
    endloop
  endfacet
  facet normal 0 0 1
    outer loop
      vertex -11.4719 -37.805 6.6
      vertex -4.20952 -10.1627 6.6
      vertex -4.86518 -9.8656 6.6
    endloop
  endfacet
  facet normal 0 0 1
    outer loop
      vertex -11.4719 -37.805 6.6
      vertex -4.86518 -9.8656 6.6
      vertex -5.5 -9.52628 6.6
    endloop
  endfacet
  facet normal 0 0 1
    outer loop
      vertex -11.4719 -37.805 6.6
      vertex -5.5 -9.52628 6.6
      vertex -6.11127 -9.14616 6.6
    endloop
  endfacet
  facet normal 0 0 1
    outer loop
      vertex 0.771347 -35.4906 6.6
      vertex -6.17311 -39.022 6.6
      vertex -4.84671 -39.2089 6.6
    endloop
  endfacet
  facet normal 0 0 1
    outer loop
      vertex 0.771347 -35.4906 6.6
      vertex -6.19351 -39.0188 6.6
      vertex -6.17311 -39.022 6.6
    endloop
  endfacet
  facet normal 0 0 1
    outer loop
      vertex -11.4719 -37.805 6.6
      vertex -6.11127 -9.14616 6.6
      vertex -6.69637 -8.72689 6.6
    endloop
  endfacet
  facet normal 0 0 1
    outer loop
      vertex -11.4719 -37.805 6.6
      vertex -6.69637 -8.72689 6.6
      vertex -7.2528 -8.27024 6.6
    endloop
  endfacet
  facet normal 0 0 1
    outer loop
      vertex 0.771347 -35.4906 6.6
      vertex -7.51233 -38.7865 6.6
      vertex -6.19351 -39.0188 6.6
    endloop
  endfacet
  facet normal 0 0 1
    outer loop
      vertex 0.771347 -35.4906 6.6
      vertex -7.53261 -38.7825 6.6
      vertex -7.51233 -38.7865 6.6
    endloop
  endfacet
  facet normal 0 0 1
    outer loop
      vertex -11.4719 -37.805 6.6
      vertex -7.2528 -8.27024 6.6
      vertex -7.77817 -7.77817 6.6
    endloop
  endfacet
  facet normal 0 0 1
    outer loop
      vertex -11.4719 -37.805 6.6
      vertex -7.77817 -7.77817 6.6
      vertex -8.27024 -7.2528 6.6
    endloop
  endfacet
  facet normal 0 0 1
    outer loop
      vertex -11.4719 -37.805 6.6
      vertex -8.27024 -7.2528 6.6
      vertex -8.72689 -6.69637 6.6
    endloop
  endfacet
  facet normal 0 0 1
    outer loop
      vertex 0.771347 -35.4906 6.6
      vertex -8.84367 -38.5047 6.6
      vertex -7.53261 -38.7825 6.6
    endloop
  endfacet
  facet normal 0 0 1
    outer loop
      vertex 0.771347 -35.4906 6.6
      vertex -8.8638 -38.5001 6.6
      vertex -8.84367 -38.5047 6.6
    endloop
  endfacet
  facet normal 0 0 1
    outer loop
      vertex -11.4719 -37.805 6.6
      vertex -8.72689 -6.69637 6.6
      vertex -9.14616 -6.11127 6.6
    endloop
  endfacet
  facet normal 0 0 1
    outer loop
      vertex -11.4719 -37.805 6.6
      vertex -9.14616 -6.11127 6.6
      vertex -9.52628 -5.5 6.6
    endloop
  endfacet
  facet normal 0 0 1
    outer loop
      vertex -11.4719 -37.805 6.6
      vertex -9.52628 -5.5 6.6
      vertex -9.8656 -4.86518 6.6
    endloop
  endfacet
  facet normal 0 0 1
    outer loop
      vertex -11.4719 -37.805 6.6
      vertex -9.8656 -4.86518 6.6
      vertex -10.1627 -4.20952 6.6
    endloop
  endfacet
  facet normal 0 0 1
    outer loop
      vertex 0.771347 -35.4906 6.6
      vertex -10.1634 -38.1776 6.6
      vertex -8.8638 -38.5001 6.6
    endloop
  endfacet
  facet normal 0 0 1
    outer loop
      vertex 0.771347 -35.4906 6.6
      vertex -10.1833 -38.1723 6.6
      vertex -10.1634 -38.1776 6.6
    endloop
  endfacet
  facet normal 0 0 1
    outer loop
      vertex -11.4719 -37.805 6.6
      vertex -10.1627 -4.20952 6.6
      vertex -10.4162 -3.53583 6.6
    endloop
  endfacet
  facet normal 0 0 1
    outer loop
      vertex -11.4719 -37.805 6.6
      vertex -10.4162 -3.53583 6.6
      vertex -10.6252 -2.84701 6.6
    endloop
  endfacet
  facet normal 0 0 1
    outer loop
      vertex -11.4719 -37.805 6.6
      vertex -10.6252 -2.84701 6.6
      vertex -10.7886 -2.14599 6.6
    endloop
  endfacet
  facet normal 0 0 1
    outer loop
      vertex -11.4719 -37.805 6.6
      vertex -10.7886 -2.14599 6.6
      vertex -10.9059 -1.43579 6.6
    endloop
  endfacet
  facet normal 0 0 1
    outer loop
      vertex -11.4719 -37.805 6.6
      vertex -10.9059 -1.43579 6.6
      vertex -10.9764 -0.719434 6.6
    endloop
  endfacet
  facet normal 0 0 1
    outer loop
      vertex -11.4719 -37.805 6.6
      vertex -10.9764 -0.719434 6.6
      vertex -11 0 6.6
    endloop
  endfacet
  facet normal 0 0 1
    outer loop
      vertex 0.771347 -35.4906 6.6
      vertex -11.4719 -37.805 6.6
      vertex -10.1833 -38.1723 6.6
    endloop
  endfacet
  facet normal -0 0 1
    outer loop
      vertex -27.1909 22.8232 6.6
      vertex -8.27024 7.2528 6.6
      vertex -26.7957 23.2859 6.6
    endloop
  endfacet
  facet normal 0 0 1
    outer loop
      vertex -11 0 6.6
      vertex -24.6565 -25.5402 6.6
      vertex -24.441 -25.7447 6.6
    endloop
  endfacet
  facet normal -0 0 1
    outer loop
      vertex -27.1976 22.8152 6.6
      vertex -8.27024 7.2528 6.6
      vertex -27.1909 22.8232 6.6
    endloop
  endfacet
  facet normal 0 0 1
    outer loop
      vertex -11 0 6.6
      vertex -24.6641 -25.5329 6.6
      vertex -24.6565 -25.5402 6.6
    endloop
  endfacet
  facet normal 0 0 1
    outer loop
      vertex -8.27024 7.2528 6.6
      vertex -27.1976 22.8152 6.6
      vertex -8.72689 6.69637 6.6
    endloop
  endfacet
  facet normal 0 0 1
    outer loop
      vertex -11 0 6.6
      vertex -25.0986 -25.1059 6.6
      vertex -24.6641 -25.5329 6.6
    endloop
  endfacet
  facet normal -0 0 1
    outer loop
      vertex -27.5856 22.3446 6.6
      vertex -8.72689 6.69637 6.6
      vertex -27.1976 22.8152 6.6
    endloop
  endfacet
  facet normal 0 0 1
    outer loop
      vertex -11 0 6.6
      vertex -25.1059 -25.0986 6.6
      vertex -25.0986 -25.1059 6.6
    endloop
  endfacet
  facet normal -0 0 1
    outer loop
      vertex -27.5922 22.3364 6.6
      vertex -8.72689 6.69637 6.6
      vertex -27.5856 22.3446 6.6
    endloop
  endfacet
  facet normal 0 0 1
    outer loop
      vertex -11 0 6.6
      vertex -25.5329 -24.6641 6.6
      vertex -25.1059 -25.0986 6.6
    endloop
  endfacet
  facet normal -0 0 1
    outer loop
      vertex -27.9713 21.8598 6.6
      vertex -8.72689 6.69637 6.6
      vertex -27.5922 22.3364 6.6
    endloop
  endfacet
  facet normal 0 0 1
    outer loop
      vertex -11 0 6.6
      vertex -25.5402 -24.6565 6.6
      vertex -25.5329 -24.6641 6.6
    endloop
  endfacet
  facet normal -0 0 1
    outer loop
      vertex -27.9778 21.8515 6.6
      vertex -8.72689 6.69637 6.6
      vertex -27.9713 21.8598 6.6
    endloop
  endfacet
  facet normal 0 0 1
    outer loop
      vertex -11 0 6.6
      vertex -25.9591 -24.2151 6.6
      vertex -25.5402 -24.6565 6.6
    endloop
  endfacet
  facet normal -0 0 1
    outer loop
      vertex -28.3483 21.3686 6.6
      vertex -8.72689 6.69637 6.6
      vertex -27.9778 21.8515 6.6
    endloop
  endfacet
  facet normal 0 0 1
    outer loop
      vertex -11 0 6.6
      vertex -25.9662 -24.2075 6.6
      vertex -25.9591 -24.2151 6.6
    endloop
  endfacet
  facet normal -0 0 1
    outer loop
      vertex -28.3546 21.3603 6.6
      vertex -8.72689 6.69637 6.6
      vertex -28.3483 21.3686 6.6
    endloop
  endfacet
  facet normal 0 0 1
    outer loop
      vertex -11 0 6.6
      vertex -26.3781 -23.7579 6.6
      vertex -25.9662 -24.2075 6.6
    endloop
  endfacet
  facet normal -0 0 1
    outer loop
      vertex -28.7168 20.8709 6.6
      vertex -8.72689 6.69637 6.6
      vertex -28.3546 21.3603 6.6
    endloop
  endfacet
  facet normal 0 0 1
    outer loop
      vertex -11 0 6.6
      vertex -26.3852 -23.7502 6.6
      vertex -26.3781 -23.7579 6.6
    endloop
  endfacet
  facet normal -0 0 1
    outer loop
      vertex -28.7229 20.8624 6.6
      vertex -8.72689 6.69637 6.6
      vertex -28.7168 20.8709 6.6
    endloop
  endfacet
  facet normal 0 0 1
    outer loop
      vertex -11 0 6.6
      vertex -26.7889 -23.2938 6.6
      vertex -26.3852 -23.7502 6.6
    endloop
  endfacet
  facet normal 0 0 1
    outer loop
      vertex -8.72689 6.69637 6.6
      vertex -28.7229 20.8624 6.6
      vertex -9.14616 6.11127 6.6
    endloop
  endfacet
  facet normal 0 0 1
    outer loop
      vertex -11 0 6.6
      vertex -26.7957 -23.2859 6.6
      vertex -26.7889 -23.2938 6.6
    endloop
  endfacet
  facet normal -0 0 1
    outer loop
      vertex -29.077 20.3661 6.6
      vertex -9.14616 6.11127 6.6
      vertex -28.7229 20.8624 6.6
    endloop
  endfacet
  facet normal 0 0 1
    outer loop
      vertex -11 0 6.6
      vertex -27.1909 -22.8232 6.6
      vertex -26.7957 -23.2859 6.6
    endloop
  endfacet
  facet normal -0 0 1
    outer loop
      vertex -29.0829 20.3575 6.6
      vertex -9.14616 6.11127 6.6
      vertex -29.077 20.3661 6.6
    endloop
  endfacet
  facet normal 0 0 1
    outer loop
      vertex -11 0 6.6
      vertex -27.1976 -22.8152 6.6
      vertex -27.1909 -22.8232 6.6
    endloop
  endfacet
  facet normal -0 0 1
    outer loop
      vertex -29.4278 19.8558 6.6
      vertex -9.14616 6.11127 6.6
      vertex -29.0829 20.3575 6.6
    endloop
  endfacet
  facet normal 0 0 1
    outer loop
      vertex -11 0 6.6
      vertex -27.5856 -22.3446 6.6
      vertex -27.1976 -22.8152 6.6
    endloop
  endfacet
  facet normal -0 0 1
    outer loop
      vertex -29.4336 19.8471 6.6
      vertex -9.14616 6.11127 6.6
      vertex -29.4278 19.8558 6.6
    endloop
  endfacet
  facet normal 0 0 1
    outer loop
      vertex -11 0 6.6
      vertex -27.5922 -22.3364 6.6
      vertex -27.5856 -22.3446 6.6
    endloop
  endfacet
  facet normal -0 0 1
    outer loop
      vertex -29.7701 19.3388 6.6
      vertex -9.14616 6.11127 6.6
      vertex -29.4336 19.8471 6.6
    endloop
  endfacet
  facet normal 0 0 1
    outer loop
      vertex -11 0 6.6
      vertex -27.9713 -21.8598 6.6
      vertex -27.5922 -22.3364 6.6
    endloop
  endfacet
  facet normal -0 0 1
    outer loop
      vertex -29.7758 19.33 6.6
      vertex -9.14616 6.11127 6.6
      vertex -29.7701 19.3388 6.6
    endloop
  endfacet
  facet normal 0 0 1
    outer loop
      vertex -11 0 6.6
      vertex -27.9778 -21.8515 6.6
      vertex -27.9713 -21.8598 6.6
    endloop
  endfacet
  facet normal -0 0 1
    outer loop
      vertex -30.103 18.8164 6.6
      vertex -9.14616 6.11127 6.6
      vertex -29.7758 19.33 6.6
    endloop
  endfacet
  facet normal 0 0 1
    outer loop
      vertex -11 0 6.6
      vertex -28.3483 -21.3686 6.6
      vertex -27.9778 -21.8515 6.6
    endloop
  endfacet
  facet normal 0 0 1
    outer loop
      vertex -9.14616 6.11127 6.6
      vertex -30.103 18.8164 6.6
      vertex -9.52628 5.5 6.6
    endloop
  endfacet
  facet normal 0 0 1
    outer loop
      vertex -11 0 6.6
      vertex -28.3546 -21.3603 6.6
      vertex -28.3483 -21.3686 6.6
    endloop
  endfacet
  facet normal -0 0 1
    outer loop
      vertex -30.1086 18.8075 6.6
      vertex -9.52628 5.5 6.6
      vertex -30.103 18.8164 6.6
    endloop
  endfacet
  facet normal 0 0 1
    outer loop
      vertex -11 0 6.6
      vertex -28.7168 -20.8709 6.6
      vertex -28.3546 -21.3603 6.6
    endloop
  endfacet
  facet normal -0 0 1
    outer loop
      vertex -30.4266 18.2885 6.6
      vertex -9.52628 5.5 6.6
      vertex -30.1086 18.8075 6.6
    endloop
  endfacet
  facet normal 0 0 1
    outer loop
      vertex -11 0 6.6
      vertex -28.7229 -20.8624 6.6
      vertex -28.7168 -20.8709 6.6
    endloop
  endfacet
  facet normal -0 0 1
    outer loop
      vertex -30.432 18.2795 6.6
      vertex -9.52628 5.5 6.6
      vertex -30.4266 18.2885 6.6
    endloop
  endfacet
  facet normal 0 0 1
    outer loop
      vertex -11 0 6.6
      vertex -29.077 -20.3661 6.6
      vertex -28.7229 -20.8624 6.6
    endloop
  endfacet
  facet normal -0 0 1
    outer loop
      vertex -30.7402 17.7562 6.6
      vertex -9.52628 5.5 6.6
      vertex -30.432 18.2795 6.6
    endloop
  endfacet
  facet normal 0 0 1
    outer loop
      vertex -11 0 6.6
      vertex -29.0829 -20.3575 6.6
      vertex -29.077 -20.3661 6.6
    endloop
  endfacet
  facet normal 0 0 1
    outer loop
      vertex -9.52628 5.5 6.6
      vertex -30.7402 17.7562 6.6
      vertex -9.8656 4.86518 6.6
    endloop
  endfacet
  facet normal 0 0 1
    outer loop
      vertex -11 0 6.6
      vertex -29.4278 -19.8558 6.6
      vertex -29.0829 -20.3575 6.6
    endloop
  endfacet
  facet normal 0 0 1
    outer loop
      vertex -9.8656 4.86518 6.6
      vertex -30.7402 17.7562 6.6
      vertex -10.1627 4.20952 6.6
    endloop
  endfacet
  facet normal 0 0 1
    outer loop
      vertex -11 0 6.6
      vertex -29.4336 -19.8471 6.6
      vertex -29.4278 -19.8558 6.6
    endloop
  endfacet
  facet normal 0 0 1
    outer loop
      vertex -10.1627 4.20952 6.6
      vertex -30.7402 17.7562 6.6
      vertex -10.4162 3.53583 6.6
    endloop
  endfacet
  facet normal 0 0 1
    outer loop
      vertex -11 0 6.6
      vertex -29.7701 -19.3388 6.6
      vertex -29.4336 -19.8471 6.6
    endloop
  endfacet
  facet normal 0 0 1
    outer loop
      vertex -10.4162 3.53583 6.6
      vertex -30.7402 17.7562 6.6
      vertex -10.6252 2.84701 6.6
    endloop
  endfacet
  facet normal 0 0 1
    outer loop
      vertex -11 0 6.6
      vertex -29.7758 -19.33 6.6
      vertex -29.7701 -19.3388 6.6
    endloop
  endfacet
  facet normal 0 0 1
    outer loop
      vertex -10.6252 2.84701 6.6
      vertex -30.7402 17.7562 6.6
      vertex -10.7886 2.14599 6.6
    endloop
  endfacet
  facet normal 0 0 1
    outer loop
      vertex -11 0 6.6
      vertex -30.103 -18.8164 6.6
      vertex -29.7758 -19.33 6.6
    endloop
  endfacet
  facet normal -0 0 1
    outer loop
      vertex -38.7437 7.73001 6.6
      vertex -10.7886 2.14599 6.6
      vertex -30.7402 17.7562 6.6
    endloop
  endfacet
  facet normal 0 0 1
    outer loop
      vertex -11 0 6.6
      vertex -30.1086 -18.8075 6.6
      vertex -30.103 -18.8164 6.6
    endloop
  endfacet
  facet normal -0 0 1
    outer loop
      vertex -38.9832 6.41341 6.6
      vertex -10.7886 2.14599 6.6
      vertex -38.7437 7.73001 6.6
    endloop
  endfacet
  facet normal 0 0 1
    outer loop
      vertex -11 0 6.6
      vertex -30.4266 -18.2885 6.6
      vertex -30.1086 -18.8075 6.6
    endloop
  endfacet
  facet normal 0 0 1
    outer loop
      vertex -10.7886 2.14599 6.6
      vertex -38.9832 6.41341 6.6
      vertex -10.9059 1.43579 6.6
    endloop
  endfacet
  facet normal 0 0 1
    outer loop
      vertex -11 0 6.6
      vertex -30.432 -18.2795 6.6
      vertex -30.4266 -18.2885 6.6
    endloop
  endfacet
  facet normal -0 0 1
    outer loop
      vertex -38.9866 6.39304 6.6
      vertex -10.9059 1.43579 6.6
      vertex -38.9832 6.41341 6.6
    endloop
  endfacet
  facet normal 0 0 1
    outer loop
      vertex -11 0 6.6
      vertex -30.7411 -17.7548 6.6
      vertex -30.432 -18.2795 6.6
    endloop
  endfacet
  facet normal 0 0 1
    outer loop
      vertex -11 0 6.6
      vertex -30.7463 -17.7457 6.6
      vertex -30.7411 -17.7548 6.6
    endloop
  endfacet
  facet normal 0 0 1
    outer loop
      vertex -11 0 6.6
      vertex -31.0465 -17.2152 6.6
      vertex -30.7463 -17.7457 6.6
    endloop
  endfacet
  facet normal 0 0 1
    outer loop
      vertex -11 0 6.6
      vertex -31.0515 -17.206 6.6
      vertex -31.0465 -17.2152 6.6
    endloop
  endfacet
  facet normal 0 0 1
    outer loop
      vertex -11 0 6.6
      vertex -31.3422 -16.6707 6.6
      vertex -31.0515 -17.206 6.6
    endloop
  endfacet
  facet normal 0 0 1
    outer loop
      vertex -11 0 6.6
      vertex -31.3471 -16.6615 6.6
      vertex -31.3422 -16.6707 6.6
    endloop
  endfacet
  facet normal 0 0 1
    outer loop
      vertex -11 0 6.6
      vertex -31.6284 -16.1211 6.6
      vertex -31.3471 -16.6615 6.6
    endloop
  endfacet
  facet normal 0 0 1
    outer loop
      vertex -11 0 6.6
      vertex -31.6332 -16.1118 6.6
      vertex -31.6284 -16.1211 6.6
    endloop
  endfacet
  facet normal 0 0 1
    outer loop
      vertex -11 0 6.6
      vertex -31.9046 -15.5672 6.6
      vertex -31.6332 -16.1118 6.6
    endloop
  endfacet
  facet normal 0 0 1
    outer loop
      vertex -11 0 6.6
      vertex -31.9092 -15.5578 6.6
      vertex -31.9046 -15.5672 6.6
    endloop
  endfacet
  facet normal 0 0 1
    outer loop
      vertex -11 0 6.6
      vertex -32.1717 -15.0076 6.6
      vertex -31.9092 -15.5578 6.6
    endloop
  endfacet
  facet normal 0 0 1
    outer loop
      vertex -11 0 6.6
      vertex -32.1761 -14.9982 6.6
      vertex -32.1717 -15.0076 6.6
    endloop
  endfacet
  facet normal 0 0 1
    outer loop
      vertex -11 0 6.6
      vertex -32.4289 -14.4435 6.6
      vertex -32.1761 -14.9982 6.6
    endloop
  endfacet
  facet normal 0 0 1
    outer loop
      vertex -11 0 6.6
      vertex -32.4332 -14.4339 6.6
      vertex -32.4289 -14.4435 6.6
    endloop
  endfacet
  facet normal 0 0 1
    outer loop
      vertex -11 0 6.6
      vertex -32.6758 -13.8759 6.6
      vertex -32.4332 -14.4339 6.6
    endloop
  endfacet
  facet normal 0 0 1
    outer loop
      vertex -11 0 6.6
      vertex -32.6799 -13.8662 6.6
      vertex -32.6758 -13.8759 6.6
    endloop
  endfacet
  facet normal 0 0 1
    outer loop
      vertex -11 0 6.6
      vertex -32.913 -13.3034 6.6
      vertex -32.6799 -13.8662 6.6
    endloop
  endfacet
  facet normal 0 0 1
    outer loop
      vertex -11 0 6.6
      vertex -32.9169 -13.2937 6.6
      vertex -32.913 -13.3034 6.6
    endloop
  endfacet
  facet normal 0 0 1
    outer loop
      vertex -11 0 6.6
      vertex -33.14 -12.7274 6.6
      vertex -32.9169 -13.2937 6.6
    endloop
  endfacet
  facet normal 0 0 1
    outer loop
      vertex -11 0 6.6
      vertex -33.1438 -12.7176 6.6
      vertex -33.14 -12.7274 6.6
    endloop
  endfacet
  facet normal 0 0 1
    outer loop
      vertex -11 0 6.6
      vertex -33.3574 -12.1463 6.6
      vertex -33.1438 -12.7176 6.6
    endloop
  endfacet
  facet normal 0 0 1
    outer loop
      vertex -11 0 6.6
      vertex -33.3609 -12.1365 6.6
      vertex -33.3574 -12.1463 6.6
    endloop
  endfacet
  facet normal 0 0 1
    outer loop
      vertex -11 0 6.6
      vertex -33.564 -11.563 6.6
      vertex -33.3609 -12.1365 6.6
    endloop
  endfacet
  facet normal 0 0 1
    outer loop
      vertex -11 0 6.6
      vertex -33.5674 -11.5531 6.6
      vertex -33.564 -11.563 6.6
    endloop
  endfacet
  facet normal 0 0 1
    outer loop
      vertex -11 0 6.6
      vertex -33.7609 -10.9749 6.6
      vertex -33.5674 -11.5531 6.6
    endloop
  endfacet
  facet normal 0 0 1
    outer loop
      vertex -11 0 6.6
      vertex -33.7641 -10.965 6.6
      vertex -33.7609 -10.9749 6.6
    endloop
  endfacet
  facet normal 0 0 1
    outer loop
      vertex -11 0 6.6
      vertex -33.9473 -10.384 6.6
      vertex -33.7641 -10.965 6.6
    endloop
  endfacet
  facet normal 0 0 1
    outer loop
      vertex -11 0 6.6
      vertex -33.9503 -10.374 6.6
      vertex -33.9473 -10.384 6.6
    endloop
  endfacet
  facet normal -0 0 1
    outer loop
      vertex -35.1848 17.968 6.6
      vertex -30.7402 17.7562 6.6
      vertex -34.0449 18.9918 6.6
    endloop
  endfacet
  facet normal 0 0 1
    outer loop
      vertex -34.7832 18.7144 6.6
      vertex -34.0449 18.9918 6.6
      vertex -34.0789 19.0033 6.6
    endloop
  endfacet
  facet normal 0 0 1
    outer loop
      vertex -34.7832 18.7144 6.6
      vertex -34.0789 19.0033 6.6
      vertex -34.1168 19.0136 6.6
    endloop
  endfacet
  facet normal 0 0 1
    outer loop
      vertex -11 0 6.6
      vertex -34.1232 -9.79053 6.6
      vertex -33.9503 -10.374 6.6
    endloop
  endfacet
  facet normal 0 0 1
    outer loop
      vertex -11 0 6.6
      vertex -34.1261 -9.78044 6.6
      vertex -34.1232 -9.79053 6.6
    endloop
  endfacet
  facet normal 0 0 1
    outer loop
      vertex -34.7832 18.7144 6.6
      vertex -34.1168 19.0136 6.6
      vertex -34.1553 19.0214 6.6
    endloop
  endfacet
  facet normal 0 0 1
    outer loop
      vertex -34.7832 18.7144 6.6
      vertex -34.1553 19.0214 6.6
      vertex -34.1942 19.0267 6.6
    endloop
  endfacet
  facet normal 0 0 1
    outer loop
      vertex -34.7832 18.7144 6.6
      vertex -34.1942 19.0267 6.6
      vertex -34.2334 19.0294 6.6
    endloop
  endfacet
  facet normal 0 0 1
    outer loop
      vertex -34.7832 18.7144 6.6
      vertex -34.2334 19.0294 6.6
      vertex -34.2727 19.0295 6.6
    endloop
  endfacet
  facet normal 0 0 1
    outer loop
      vertex -11 0 6.6
      vertex -34.289 -9.19279 6.6
      vertex -34.1261 -9.78044 6.6
    endloop
  endfacet
  facet normal 0 0 1
    outer loop
      vertex -11 0 6.6
      vertex -34.2917 -9.18269 6.6
      vertex -34.289 -9.19279 6.6
    endloop
  endfacet
  facet normal 0 0 1
    outer loop
      vertex -34.7832 18.7144 6.6
      vertex -34.2727 19.0295 6.6
      vertex -34.3118 19.0271 6.6
    endloop
  endfacet
  facet normal 0 0 1
    outer loop
      vertex -34.7832 18.7144 6.6
      vertex -34.3118 19.0271 6.6
      vertex -34.3508 19.0221 6.6
    endloop
  endfacet
  facet normal 0 0 1
    outer loop
      vertex -34.7832 18.7144 6.6
      vertex -34.3508 19.0221 6.6
      vertex -34.3893 19.0145 6.6
    endloop
  endfacet
  facet normal 0 0 1
    outer loop
      vertex -34.7832 18.7144 6.6
      vertex -34.3893 19.0145 6.6
      vertex -34.4273 19.0045 6.6
    endloop
  endfacet
  facet normal 0 0 1
    outer loop
      vertex -11 0 6.6
      vertex -34.4442 -8.59305 6.6
      vertex -34.2917 -9.18269 6.6
    endloop
  endfacet
  facet normal 0 0 1
    outer loop
      vertex -11 0 6.6
      vertex -34.4468 -8.58287 6.6
      vertex -34.4442 -8.59305 6.6
    endloop
  endfacet
  facet normal 0 0 1
    outer loop
      vertex -34.7832 18.7144 6.6
      vertex -34.4273 19.0045 6.6
      vertex -34.4645 18.992 6.6
    endloop
  endfacet
  facet normal 0 0 1
    outer loop
      vertex -34.7832 18.7144 6.6
      vertex -34.4645 18.992 6.6
      vertex -34.5008 18.9771 6.6
    endloop
  endfacet
  facet normal 0 0 1
    outer loop
      vertex -34.7832 18.7144 6.6
      vertex -34.5008 18.9771 6.6
      vertex -34.5361 18.9599 6.6
    endloop
  endfacet
  facet normal 0 0 1
    outer loop
      vertex -34.7832 18.7144 6.6
      vertex -34.5361 18.9599 6.6
      vertex -34.5702 18.9403 6.6
    endloop
  endfacet
  facet normal 0 0 1
    outer loop
      vertex -11 0 6.6
      vertex -34.5889 -7.99083 6.6
      vertex -34.4468 -8.58287 6.6
    endloop
  endfacet
  facet normal 0 0 1
    outer loop
      vertex -11 0 6.6
      vertex -34.5913 -7.98065 6.6
      vertex -34.5889 -7.99083 6.6
    endloop
  endfacet
  facet normal 0 0 1
    outer loop
      vertex -34.7832 18.7144 6.6
      vertex -34.5702 18.9403 6.6
      vertex -34.6029 18.9186 6.6
    endloop
  endfacet
  facet normal 0 0 1
    outer loop
      vertex -11 0 6.6
      vertex -34.6243 -7.83153 6.6
      vertex -34.5913 -7.98065 6.6
    endloop
  endfacet
  facet normal 0 0 1
    outer loop
      vertex -34.7832 18.7144 6.6
      vertex -34.6029 18.9186 6.6
      vertex -34.6341 18.8948 6.6
    endloop
  endfacet
  facet normal 0 0 1
    outer loop
      vertex -34.7832 18.7144 6.6
      vertex -34.6341 18.8948 6.6
      vertex -34.6637 18.869 6.6
    endloop
  endfacet
  facet normal 0 0 1
    outer loop
      vertex -34.7832 18.7144 6.6
      vertex -34.6637 18.869 6.6
      vertex -34.6916 18.8414 6.6
    endloop
  endfacet
  facet normal 0 0 1
    outer loop
      vertex -34.7832 18.7144 6.6
      vertex -34.6916 18.8414 6.6
      vertex -34.7176 18.8119 6.6
    endloop
  endfacet
  facet normal 0 0 1
    outer loop
      vertex -34.7832 18.7144 6.6
      vertex -34.7176 18.8119 6.6
      vertex -34.7416 18.7809 6.6
    endloop
  endfacet
  facet normal 0 0 1
    outer loop
      vertex -34.7832 18.7144 6.6
      vertex -34.7416 18.7809 6.6
      vertex -34.7635 18.7483 6.6
    endloop
  endfacet
  facet normal 0 0 1
    outer loop
      vertex -34.0449 18.9918 6.6
      vertex -34.7832 18.7144 6.6
      vertex -35.1742 17.9888 6.6
    endloop
  endfacet
  facet normal 0 0 1
    outer loop
      vertex -34.0449 18.9918 6.6
      vertex -35.1742 17.9888 6.6
      vertex -35.1848 17.968 6.6
    endloop
  endfacet
  facet normal 0 0 1
    outer loop
      vertex -30.7402 17.7562 6.6
      vertex -35.1848 17.968 6.6
      vertex -35.7728 16.767 6.6
    endloop
  endfacet
  facet normal 0 0 1
    outer loop
      vertex -30.7402 17.7562 6.6
      vertex -35.7728 16.767 6.6
      vertex -35.7815 16.7483 6.6
    endloop
  endfacet
  facet normal 0 0 1
    outer loop
      vertex -30.7402 17.7562 6.6
      vertex -35.7815 16.7483 6.6
      vertex -36.3285 15.5263 6.6
    endloop
  endfacet
  facet normal 0 0 1
    outer loop
      vertex -30.7402 17.7562 6.6
      vertex -36.3285 15.5263 6.6
      vertex -36.3366 15.5074 6.6
    endloop
  endfacet
  facet normal 0 0 1
    outer loop
      vertex -30.7402 17.7562 6.6
      vertex -36.3366 15.5074 6.6
      vertex -36.8411 14.2674 6.6
    endloop
  endfacet
  facet normal 0 0 1
    outer loop
      vertex -30.7402 17.7562 6.6
      vertex -36.8411 14.2674 6.6
      vertex -36.8485 14.2482 6.6
    endloop
  endfacet
  facet normal 0 0 1
    outer loop
      vertex -30.7402 17.7562 6.6
      vertex -36.8485 14.2482 6.6
      vertex -37.31 12.9919 6.6
    endloop
  endfacet
  facet normal 0 0 1
    outer loop
      vertex -30.7402 17.7562 6.6
      vertex -37.31 12.9919 6.6
      vertex -37.3168 12.9724 6.6
    endloop
  endfacet
  facet normal 0 0 1
    outer loop
      vertex -37.7349 11.7005 6.6
      vertex -30.7402 17.7562 6.6
      vertex -37.3168 12.9724 6.6
    endloop
  endfacet
  facet normal 0 0 1
    outer loop
      vertex -37.741 11.6808 6.6
      vertex -30.7402 17.7562 6.6
      vertex -37.7349 11.7005 6.6
    endloop
  endfacet
  facet normal 0 0 1
    outer loop
      vertex -38.115 10.3958 6.6
      vertex -30.7402 17.7562 6.6
      vertex -37.741 11.6808 6.6
    endloop
  endfacet
  facet normal 0 0 1
    outer loop
      vertex -38.1204 10.3759 6.6
      vertex -30.7402 17.7562 6.6
      vertex -38.115 10.3958 6.6
    endloop
  endfacet
  facet normal 0 0 1
    outer loop
      vertex -38.4501 9.07811 6.6
      vertex -30.7402 17.7562 6.6
      vertex -38.1204 10.3759 6.6
    endloop
  endfacet
  facet normal 0 0 1
    outer loop
      vertex -38.4549 9.05801 6.6
      vertex -30.7402 17.7562 6.6
      vertex -38.4501 9.07811 6.6
    endloop
  endfacet
  facet normal 0 0 1
    outer loop
      vertex -38.7396 7.75026 6.6
      vertex -30.7402 17.7562 6.6
      vertex -38.4549 9.05801 6.6
    endloop
  endfacet
  facet normal 0 0 1
    outer loop
      vertex -38.7437 7.73001 6.6
      vertex -30.7402 17.7562 6.6
      vertex -38.7396 7.75026 6.6
    endloop
  endfacet
  facet normal -0 0 1
    outer loop
      vertex -39.1808 5.06821 6.6
      vertex -10.9059 1.43579 6.6
      vertex -38.9866 6.39304 6.6
    endloop
  endfacet
  facet normal -0 0 1
    outer loop
      vertex -39.1835 5.04774 6.6
      vertex -10.9059 1.43579 6.6
      vertex -39.1808 5.06821 6.6
    endloop
  endfacet
  facet normal 0 -0 1
    outer loop
      vertex -34.6243 -7.83153 6.6
      vertex -10.9059 1.43579 6.6
      vertex -39.1835 5.04774 6.6
    endloop
  endfacet
  facet normal 0 0 1
    outer loop
      vertex -10.9059 1.43579 6.6
      vertex -34.6243 -7.83153 6.6
      vertex -10.9764 0.719434 6.6
    endloop
  endfacet
  facet normal 0 0 1
    outer loop
      vertex -10.9764 0.719434 6.6
      vertex -34.6243 -7.83153 6.6
      vertex -11 0 6.6
    endloop
  endfacet
  facet normal -0 0 1
    outer loop
      vertex -39.332 3.71747 6.6
      vertex -34.6243 -7.83153 6.6
      vertex -39.1835 5.04774 6.6
    endloop
  endfacet
  facet normal -0 0 1
    outer loop
      vertex -39.3339 3.69691 6.6
      vertex -34.6243 -7.83153 6.6
      vertex -39.332 3.71747 6.6
    endloop
  endfacet
  facet normal -0 0 1
    outer loop
      vertex -39.4366 2.36198 6.6
      vertex -34.6243 -7.83153 6.6
      vertex -39.3339 3.69691 6.6
    endloop
  endfacet
  facet normal -0 0 1
    outer loop
      vertex -39.4378 2.34137 6.6
      vertex -34.6243 -7.83153 6.6
      vertex -39.4366 2.36198 6.6
    endloop
  endfacet
  facet normal -0 0 1
    outer loop
      vertex -39.4945 1.00421 6.6
      vertex -34.6243 -7.83153 6.6
      vertex -39.4378 2.34137 6.6
    endloop
  endfacet
  facet normal -0 0 1
    outer loop
      vertex -39.495 0.983582 6.6
      vertex -34.6243 -7.83153 6.6
      vertex -39.4945 1.00421 6.6
    endloop
  endfacet
  facet normal -0 0 1
    outer loop
      vertex -39.5057 -0.354736 6.6
      vertex -34.6243 -7.83153 6.6
      vertex -39.495 0.983582 6.6
    endloop
  endfacet
  facet normal -0 -0 1
    outer loop
      vertex -39.4701 -1.71371 6.6
      vertex -34.6243 -7.83153 6.6
      vertex -39.5055 -0.375381 6.6
    endloop
  endfacet
  facet normal -0 -0 1
    outer loop
      vertex -39.4692 -1.73434 6.6
      vertex -34.6243 -7.83153 6.6
      vertex -39.4701 -1.71371 6.6
    endloop
  endfacet
  facet normal -0 -0 1
    outer loop
      vertex -39.3878 -3.07074 6.6
      vertex -34.6243 -7.83153 6.6
      vertex -39.4692 -1.73434 6.6
    endloop
  endfacet
  facet normal -0 -0 1
    outer loop
      vertex -39.3861 -3.09131 6.6
      vertex -34.6243 -7.83153 6.6
      vertex -39.3878 -3.07074 6.6
    endloop
  endfacet
  facet normal -0 -0 1
    outer loop
      vertex -39.2588 -4.42363 6.6
      vertex -34.6243 -7.83153 6.6
      vertex -39.3861 -3.09131 6.6
    endloop
  endfacet
  facet normal -0 -0 1
    outer loop
      vertex -39.2565 -4.44415 6.6
      vertex -34.6243 -7.83153 6.6
      vertex -39.2588 -4.42363 6.6
    endloop
  endfacet
  facet normal -0 -0 1
    outer loop
      vertex -39.0835 -5.77107 6.6
      vertex -34.6243 -7.83153 6.6
      vertex -39.2565 -4.44415 6.6
    endloop
  endfacet
  facet normal 0 0 1
    outer loop
      vertex -38.4372 -7.19348 6.6
      vertex -38.9301 -6.69971 6.6
      vertex -38.4757 -7.18575 6.6
    endloop
  endfacet
  facet normal 0 0 1
    outer loop
      vertex -38.6561 -7.11055 6.6
      vertex -38.9301 -6.69971 6.6
      vertex -38.6887 -7.08865 6.6
    endloop
  endfacet
  facet normal 0 0 1
    outer loop
      vertex -38.8852 -6.84814 6.6
      vertex -38.9301 -6.69971 6.6
      vertex -38.9002 -6.81184 6.6
    endloop
  endfacet
  facet normal 0 0 1
    outer loop
      vertex -38.9002 -6.81184 6.6
      vertex -38.9301 -6.69971 6.6
      vertex -38.9127 -6.77463 6.6
    endloop
  endfacet
  facet normal 0 0 1
    outer loop
      vertex -38.9127 -6.77463 6.6
      vertex -38.9301 -6.69971 6.6
      vertex -38.9228 -6.73669 6.6
    endloop
  endfacet
  facet normal 0 0 1
    outer loop
      vertex -38.8679 -6.88339 6.6
      vertex -38.9301 -6.69971 6.6
      vertex -38.8852 -6.84814 6.6
    endloop
  endfacet
  facet normal 0 0 1
    outer loop
      vertex -38.8028 -6.98134 6.6
      vertex -38.9301 -6.69971 6.6
      vertex -38.8266 -6.95013 6.6
    endloop
  endfacet
  facet normal 0 0 1
    outer loop
      vertex -38.8266 -6.95013 6.6
      vertex -38.9301 -6.69971 6.6
      vertex -38.8484 -6.91745 6.6
    endloop
  endfacet
  facet normal 0 0 1
    outer loop
      vertex -38.8484 -6.91745 6.6
      vertex -38.9301 -6.69971 6.6
      vertex -38.8679 -6.88339 6.6
    endloop
  endfacet
  facet normal 0 0 1
    outer loop
      vertex -38.777 -7.01091 6.6
      vertex -38.9301 -6.69971 6.6
      vertex -38.8028 -6.98134 6.6
    endloop
  endfacet
  facet normal 0 0 1
    outer loop
      vertex -38.6887 -7.08865 6.6
      vertex -38.9301 -6.69971 6.6
      vertex -38.7198 -7.0647 6.6
    endloop
  endfacet
  facet normal 0 0 1
    outer loop
      vertex -38.7198 -7.0647 6.6
      vertex -38.9301 -6.69971 6.6
      vertex -38.7493 -7.03874 6.6
    endloop
  endfacet
  facet normal 0 0 1
    outer loop
      vertex -38.7493 -7.03874 6.6
      vertex -38.9301 -6.69971 6.6
      vertex -38.777 -7.01091 6.6
    endloop
  endfacet
  facet normal 0 0 1
    outer loop
      vertex -38.6222 -7.13025 6.6
      vertex -38.9301 -6.69971 6.6
      vertex -38.6561 -7.11055 6.6
    endloop
  endfacet
  facet normal 0 0 1
    outer loop
      vertex -38.5136 -7.17549 6.6
      vertex -38.9301 -6.69971 6.6
      vertex -38.5507 -7.1628 6.6
    endloop
  endfacet
  facet normal 0 0 1
    outer loop
      vertex -38.5507 -7.1628 6.6
      vertex -38.9301 -6.69971 6.6
      vertex -38.587 -7.14769 6.6
    endloop
  endfacet
  facet normal 0 0 1
    outer loop
      vertex -38.587 -7.14769 6.6
      vertex -38.9301 -6.69971 6.6
      vertex -38.6222 -7.13025 6.6
    endloop
  endfacet
  facet normal 0 0 1
    outer loop
      vertex -38.4757 -7.18575 6.6
      vertex -38.9301 -6.69971 6.6
      vertex -38.5136 -7.17549 6.6
    endloop
  endfacet
  facet normal -0 -0 1
    outer loop
      vertex -38.9301 -6.69971 6.6
      vertex -38.4372 -7.19348 6.6
      vertex -39.0805 -5.79147 6.6
    endloop
  endfacet
  facet normal 0 0 1
    outer loop
      vertex -34.6243 -7.83153 6.6
      vertex -39.0835 -5.77107 6.6
      vertex -38.4372 -7.19348 6.6
    endloop
  endfacet
  facet normal -0 -0 1
    outer loop
      vertex -39.0805 -5.79147 6.6
      vertex -38.4372 -7.19348 6.6
      vertex -39.0835 -5.77107 6.6
    endloop
  endfacet
  facet normal 0 0 1
    outer loop
      vertex -34.6243 -7.83153 6.6
      vertex -39.5057 -0.354736 6.6
      vertex -39.5055 -0.375381 6.6
    endloop
  endfacet
  facet normal -0 0 1
    outer loop
      vertex -23.707 31.6039 6.6
      vertex -23.4038 26.6916 6.6
      vertex -22.6083 32.3989 6.6
    endloop
  endfacet
  facet normal 0 0 1
    outer loop
      vertex -24.6624 30.3467 6.6
      vertex -23.707 31.6039 6.6
      vertex -23.7237 31.5913 6.6
    endloop
  endfacet
  facet normal 0 0 1
    outer loop
      vertex -24.6624 30.3467 6.6
      vertex -23.7237 31.5913 6.6
      vertex -24.4635 31.0156 6.6
    endloop
  endfacet
  facet normal 0 0 1
    outer loop
      vertex -24.6624 30.3467 6.6
      vertex -24.4635 31.0156 6.6
      vertex -24.4926 30.9915 6.6
    endloop
  endfacet
  facet normal 0 0 1
    outer loop
      vertex -24.6624 30.3467 6.6
      vertex -24.4926 30.9915 6.6
      vertex -24.5212 30.9645 6.6
    endloop
  endfacet
  facet normal 0 0 1
    outer loop
      vertex -24.6624 30.3467 6.6
      vertex -24.5212 30.9645 6.6
      vertex -24.5479 30.9357 6.6
    endloop
  endfacet
  facet normal 0 0 1
    outer loop
      vertex -24.6624 30.3467 6.6
      vertex -24.5479 30.9357 6.6
      vertex -24.5727 30.9053 6.6
    endloop
  endfacet
  facet normal 0 0 1
    outer loop
      vertex -24.6624 30.3467 6.6
      vertex -24.5727 30.9053 6.6
      vertex -24.5954 30.8732 6.6
    endloop
  endfacet
  facet normal 0 0 1
    outer loop
      vertex -24.6624 30.3467 6.6
      vertex -24.5954 30.8732 6.6
      vertex -24.616 30.8398 6.6
    endloop
  endfacet
  facet normal 0 0 1
    outer loop
      vertex -24.6624 30.3467 6.6
      vertex -24.616 30.8398 6.6
      vertex -24.6343 30.8051 6.6
    endloop
  endfacet
  facet normal 0 0 1
    outer loop
      vertex -24.6624 30.3467 6.6
      vertex -24.6343 30.8051 6.6
      vertex -24.6504 30.7693 6.6
    endloop
  endfacet
  facet normal 0 0 1
    outer loop
      vertex -23.707 31.6039 6.6
      vertex -24.6624 30.3467 6.6
      vertex -23.4038 26.6916 6.6
    endloop
  endfacet
  facet normal -0 0 1
    outer loop
      vertex -24.6641 30.7325 6.6
      vertex -24.6624 30.3467 6.6
      vertex -24.6504 30.7693 6.6
    endloop
  endfacet
  facet normal 0 0 1
    outer loop
      vertex -24.6641 30.7325 6.6
      vertex -24.6739 30.3843 6.6
      vertex -24.6624 30.3467 6.6
    endloop
  endfacet
  facet normal -0 0 1
    outer loop
      vertex -24.6753 30.6948 6.6
      vertex -24.6739 30.3843 6.6
      vertex -24.6641 30.7325 6.6
    endloop
  endfacet
  facet normal 0 0 1
    outer loop
      vertex -24.6753 30.6948 6.6
      vertex -24.683 30.4225 6.6
      vertex -24.6739 30.3843 6.6
    endloop
  endfacet
  facet normal -0 0 1
    outer loop
      vertex -24.684 30.6566 6.6
      vertex -24.683 30.4225 6.6
      vertex -24.6753 30.6948 6.6
    endloop
  endfacet
  facet normal 0 0 1
    outer loop
      vertex -24.684 30.6566 6.6
      vertex -24.6896 30.4612 6.6
      vertex -24.683 30.4225 6.6
    endloop
  endfacet
  facet normal -0 0 1
    outer loop
      vertex -24.6903 30.6178 6.6
      vertex -24.6896 30.4612 6.6
      vertex -24.684 30.6566 6.6
    endloop
  endfacet
  facet normal 0 0 1
    outer loop
      vertex -24.6903 30.6178 6.6
      vertex -24.6936 30.5002 6.6
      vertex -24.6896 30.4612 6.6
    endloop
  endfacet
  facet normal -0 0 1
    outer loop
      vertex -24.6939 30.5787 6.6
      vertex -24.6936 30.5002 6.6
      vertex -24.6903 30.6178 6.6
    endloop
  endfacet
  facet normal 0 0 1
    outer loop
      vertex -24.6936 30.5002 6.6
      vertex -24.6939 30.5787 6.6
      vertex -24.6951 30.5395 6.6
    endloop
  endfacet
  facet normal 0.124787 -0.992184 0
    outer loop
      vertex -1.11931 -39.4822 0
      vertex -1.08035 -39.4773 6.6
      vertex -1.11931 -39.4822 6.6
    endloop
  endfacet
  facet normal 0.124787 -0.992184 0
    outer loop
      vertex -1.08035 -39.4773 6.6
      vertex -1.11931 -39.4822 0
      vertex -1.08035 -39.4773 0
    endloop
  endfacet
  facet normal 0.18847 -0.982079 0
    outer loop
      vertex -1.08035 -39.4773 0
      vertex -1.04179 -39.4699 6.6
      vertex -1.08035 -39.4773 6.6
    endloop
  endfacet
  facet normal 0.18847 -0.982079 0
    outer loop
      vertex -1.04179 -39.4699 6.6
      vertex -1.08035 -39.4773 0
      vertex -1.04179 -39.4699 0
    endloop
  endfacet
  facet normal 0.252173 -0.967682 0
    outer loop
      vertex -1.04179 -39.4699 0
      vertex -1.0038 -39.46 6.6
      vertex -1.04179 -39.4699 6.6
    endloop
  endfacet
  facet normal 0.252173 -0.967682 0
    outer loop
      vertex -1.0038 -39.46 6.6
      vertex -1.04179 -39.4699 0
      vertex -1.0038 -39.46 0
    endloop
  endfacet
  facet normal 0.315746 -0.948844 0
    outer loop
      vertex -1.0038 -39.46 0
      vertex -0.966537 -39.4476 6.6
      vertex -1.0038 -39.46 6.6
    endloop
  endfacet
  facet normal 0.315746 -0.948844 0
    outer loop
      vertex -0.966537 -39.4476 6.6
      vertex -1.0038 -39.46 0
      vertex -0.966537 -39.4476 0
    endloop
  endfacet
  facet normal 0.376863 -0.926269 0
    outer loop
      vertex -0.966537 -39.4476 0
      vertex -0.930161 -39.4328 6.6
      vertex -0.966537 -39.4476 6.6
    endloop
  endfacet
  facet normal 0.376863 -0.926269 0
    outer loop
      vertex -0.930161 -39.4328 6.6
      vertex -0.966537 -39.4476 0
      vertex -0.930161 -39.4328 0
    endloop
  endfacet
  facet normal 0.435711 -0.900087 0
    outer loop
      vertex -0.930161 -39.4328 0
      vertex -0.894836 -39.4157 6.6
      vertex -0.930161 -39.4328 6.6
    endloop
  endfacet
  facet normal 0.435711 -0.900087 0
    outer loop
      vertex -0.894836 -39.4157 6.6
      vertex -0.930161 -39.4328 0
      vertex -0.894836 -39.4157 0
    endloop
  endfacet
  facet normal 0.49413 -0.869388 0
    outer loop
      vertex -0.894836 -39.4157 0
      vertex -0.860703 -39.3963 6.6
      vertex -0.894836 -39.4157 6.6
    endloop
  endfacet
  facet normal 0.49413 -0.869388 0
    outer loop
      vertex -0.860703 -39.3963 6.6
      vertex -0.894836 -39.4157 0
      vertex -0.860703 -39.3963 0
    endloop
  endfacet
  facet normal 0.550271 -0.834986 0
    outer loop
      vertex -0.860703 -39.3963 0
      vertex -0.827927 -39.3747 6.6
      vertex -0.860703 -39.3963 6.6
    endloop
  endfacet
  facet normal 0.550271 -0.834986 0
    outer loop
      vertex -0.827927 -39.3747 6.6
      vertex -0.860703 -39.3963 0
      vertex -0.827927 -39.3747 0
    endloop
  endfacet
  facet normal 0.603527 -0.797343 0
    outer loop
      vertex -0.827927 -39.3747 0
      vertex -0.796616 -39.351 6.6
      vertex -0.827927 -39.3747 6.6
    endloop
  endfacet
  facet normal 0.603527 -0.797343 0
    outer loop
      vertex -0.796616 -39.351 6.6
      vertex -0.827927 -39.3747 0
      vertex -0.796616 -39.351 0
    endloop
  endfacet
  facet normal 0.654424 -0.756127 0
    outer loop
      vertex -0.796616 -39.351 0
      vertex -0.766922 -39.3253 6.6
      vertex -0.796616 -39.351 6.6
    endloop
  endfacet
  facet normal 0.654424 -0.756127 0
    outer loop
      vertex -0.766922 -39.3253 6.6
      vertex -0.796616 -39.351 0
      vertex -0.766922 -39.3253 0
    endloop
  endfacet
  facet normal 0.702778 -0.71141 0
    outer loop
      vertex -0.766922 -39.3253 0
      vertex -0.738983 -39.2977 6.6
      vertex -0.766922 -39.3253 6.6
    endloop
  endfacet
  facet normal 0.702778 -0.71141 0
    outer loop
      vertex -0.738983 -39.2977 6.6
      vertex -0.766922 -39.3253 0
      vertex -0.738983 -39.2977 0
    endloop
  endfacet
  facet normal 0.746997 -0.664827 0
    outer loop
      vertex -0.738983 -39.2977 6.6
      vertex -0.712906 -39.2684 0
      vertex -0.712906 -39.2684 6.6
    endloop
  endfacet
  facet normal 0.746997 -0.664827 0
    outer loop
      vertex -0.712906 -39.2684 0
      vertex -0.738983 -39.2977 6.6
      vertex -0.738983 -39.2977 0
    endloop
  endfacet
  facet normal 0.789378 -0.613907 0
    outer loop
      vertex -0.712906 -39.2684 6.6
      vertex -0.688797 -39.2374 0
      vertex -0.688797 -39.2374 6.6
    endloop
  endfacet
  facet normal 0.789378 -0.613907 0
    outer loop
      vertex -0.688797 -39.2374 0
      vertex -0.712906 -39.2684 6.6
      vertex -0.712906 -39.2684 0
    endloop
  endfacet
  facet normal 0.827897 -0.560881 0
    outer loop
      vertex -0.688797 -39.2374 6.6
      vertex -0.666779 -39.2049 0
      vertex -0.666779 -39.2049 6.6
    endloop
  endfacet
  facet normal 0.827897 -0.560881 0
    outer loop
      vertex -0.666779 -39.2049 0
      vertex -0.688797 -39.2374 6.6
      vertex -0.688797 -39.2374 0
    endloop
  endfacet
  facet normal 0.862758 -0.505617 0
    outer loop
      vertex -0.666779 -39.2049 6.6
      vertex -0.646912 -39.171 0
      vertex -0.646912 -39.171 6.6
    endloop
  endfacet
  facet normal 0.862758 -0.505617 0
    outer loop
      vertex -0.646912 -39.171 0
      vertex -0.666779 -39.2049 6.6
      vertex -0.666779 -39.2049 0
    endloop
  endfacet
  facet normal 0.893978 -0.44811 0
    outer loop
      vertex -0.646912 -39.171 6.6
      vertex -0.629318 -39.1359 0
      vertex -0.629318 -39.1359 6.6
    endloop
  endfacet
  facet normal 0.893978 -0.44811 0
    outer loop
      vertex -0.629318 -39.1359 0
      vertex -0.646912 -39.171 6.6
      vertex -0.646912 -39.171 0
    endloop
  endfacet
  facet normal 0.921481 -0.388422 0
    outer loop
      vertex -0.629318 -39.1359 6.6
      vertex -0.614059 -39.0997 0
      vertex -0.614059 -39.0997 6.6
    endloop
  endfacet
  facet normal 0.921481 -0.388422 0
    outer loop
      vertex -0.614059 -39.0997 0
      vertex -0.629318 -39.1359 6.6
      vertex -0.629318 -39.1359 0
    endloop
  endfacet
  facet normal 0.93358 -0.358368 0
    outer loop
      vertex -0.614059 -39.0997 6.6
      vertex 0.771347 -35.4906 0
      vertex 0.771347 -35.4906 6.6
    endloop
  endfacet
  facet normal 0.93358 -0.358368 0
    outer loop
      vertex 0.771347 -35.4906 0
      vertex -0.614059 -39.0997 6.6
      vertex -0.614059 -39.0997 0
    endloop
  endfacet
  facet normal 0.0261581 -0.999658 0
    outer loop
      vertex 0.771347 -35.4906 0
      vertex 1.23376 -35.4785 6.6
      vertex 0.771347 -35.4906 6.6
    endloop
  endfacet
  facet normal 0.0261581 -0.999658 0
    outer loop
      vertex 1.23376 -35.4785 6.6
      vertex 0.771347 -35.4906 0
      vertex 1.23376 -35.4785 0
    endloop
  endfacet
  facet normal 0.038213 -0.99927 0
    outer loop
      vertex 1.23376 -35.4785 0
      vertex 1.24422 -35.4781 6.6
      vertex 1.23376 -35.4785 6.6
    endloop
  endfacet
  facet normal 0.038213 -0.99927 0
    outer loop
      vertex 1.24422 -35.4781 6.6
      vertex 1.23376 -35.4785 0
      vertex 1.24422 -35.4781 0
    endloop
  endfacet
  facet normal 0.043507 -0.999053 0
    outer loop
      vertex 1.24422 -35.4781 0
      vertex 1.85274 -35.4516 6.6
      vertex 1.24422 -35.4781 6.6
    endloop
  endfacet
  facet normal 0.043507 -0.999053 0
    outer loop
      vertex 1.85274 -35.4516 6.6
      vertex 1.24422 -35.4781 0
      vertex 1.85274 -35.4516 0
    endloop
  endfacet
  facet normal 0.0572672 -0.998359 0
    outer loop
      vertex 1.85274 -35.4516 0
      vertex 1.8632 -35.451 6.6
      vertex 1.85274 -35.4516 6.6
    endloop
  endfacet
  facet normal 0.0572672 -0.998359 0
    outer loop
      vertex 1.8632 -35.451 6.6
      vertex 1.85274 -35.4516 0
      vertex 1.8632 -35.451 0
    endloop
  endfacet
  facet normal 0.061063 -0.998134 0
    outer loop
      vertex 1.8632 -35.451 0
      vertex 2.47127 -35.4138 6.6
      vertex 1.8632 -35.451 6.6
    endloop
  endfacet
  facet normal 0.061063 -0.998134 0
    outer loop
      vertex 2.47127 -35.4138 6.6
      vertex 1.8632 -35.451 0
      vertex 2.47127 -35.4138 0
    endloop
  endfacet
  facet normal 0.0669635 -0.997755 0
    outer loop
      vertex 2.47127 -35.4138 0
      vertex 2.4817 -35.4131 6.6
      vertex 2.47127 -35.4138 6.6
    endloop
  endfacet
  facet normal 0.0669635 -0.997755 0
    outer loop
      vertex 2.4817 -35.4131 6.6
      vertex 2.47127 -35.4138 0
      vertex 2.4817 -35.4131 0
    endloop
  endfacet
  facet normal 0.0784097 -0.996921 0
    outer loop
      vertex 2.4817 -35.4131 0
      vertex 3.08817 -35.3654 6.6
      vertex 2.4817 -35.4131 6.6
    endloop
  endfacet
  facet normal 0.0784097 -0.996921 0
    outer loop
      vertex 3.08817 -35.3654 6.6
      vertex 2.4817 -35.4131 0
      vertex 3.08817 -35.3654 0
    endloop
  endfacet
  facet normal 0.086052 -0.996291 0
    outer loop
      vertex 3.08817 -35.3654 0
      vertex 3.09859 -35.3645 6.6
      vertex 3.08817 -35.3654 6.6
    endloop
  endfacet
  facet normal 0.086052 -0.996291 0
    outer loop
      vertex 3.09859 -35.3645 6.6
      vertex 3.08817 -35.3654 0
      vertex 3.09859 -35.3645 0
    endloop
  endfacet
  facet normal 0.0959249 -0.995389 0
    outer loop
      vertex 3.09859 -35.3645 0
      vertex 3.70563 -35.306 6.6
      vertex 3.09859 -35.3645 6.6
    endloop
  endfacet
  facet normal 0.0959249 -0.995389 0
    outer loop
      vertex 3.70563 -35.306 6.6
      vertex 3.09859 -35.3645 0
      vertex 3.70563 -35.306 0
    endloop
  endfacet
  facet normal 0.104983 -0.994474 0
    outer loop
      vertex 3.70563 -35.306 0
      vertex 3.71605 -35.3049 6.6
      vertex 3.70563 -35.306 6.6
    endloop
  endfacet
  facet normal 0.104983 -0.994474 0
    outer loop
      vertex 3.71605 -35.3049 6.6
      vertex 3.70563 -35.306 0
      vertex 3.71605 -35.3049 0
    endloop
  endfacet
  facet normal 0.113217 -0.99357 0
    outer loop
      vertex 3.71605 -35.3049 0
      vertex 4.32158 -35.2359 6.6
      vertex 3.71605 -35.3049 6.6
    endloop
  endfacet
  facet normal 0.113217 -0.99357 0
    outer loop
      vertex 4.32158 -35.2359 6.6
      vertex 3.71605 -35.3049 0
      vertex 4.32158 -35.2359 0
    endloop
  endfacet
  facet normal 0.123917 -0.992293 0
    outer loop
      vertex 4.32158 -35.2359 0
      vertex 4.33199 -35.2346 6.6
      vertex 4.32158 -35.2359 6.6
    endloop
  endfacet
  facet normal 0.123917 -0.992293 0
    outer loop
      vertex 4.33199 -35.2346 6.6
      vertex 4.32158 -35.2359 0
      vertex 4.33199 -35.2346 0
    endloop
  endfacet
  facet normal 0.130389 -0.991463 0
    outer loop
      vertex 4.33199 -35.2346 0
      vertex 4.93498 -35.1553 6.6
      vertex 4.33199 -35.2346 6.6
    endloop
  endfacet
  facet normal 0.130389 -0.991463 0
    outer loop
      vertex 4.93498 -35.1553 6.6
      vertex 4.33199 -35.2346 0
      vertex 4.93498 -35.1553 0
    endloop
  endfacet
  facet normal 0.143293 -0.98968 0
    outer loop
      vertex 4.93498 -35.1553 0
      vertex 4.94534 -35.1538 6.6
      vertex 4.93498 -35.1553 6.6
    endloop
  endfacet
  facet normal 0.143293 -0.98968 0
    outer loop
      vertex 4.94534 -35.1538 6.6
      vertex 4.93498 -35.1553 0
      vertex 4.94534 -35.1538 0
    endloop
  endfacet
  facet normal 0.147836 -0.989012 0
    outer loop
      vertex 4.94534 -35.1538 0
      vertex 5.54877 -35.0636 6.6
      vertex 4.94534 -35.1538 6.6
    endloop
  endfacet
  facet normal 0.147836 -0.989012 0
    outer loop
      vertex 5.54877 -35.0636 6.6
      vertex 4.94534 -35.1538 0
      vertex 5.54877 -35.0636 0
    endloop
  endfacet
  facet normal 0.152919 -0.988239 0
    outer loop
      vertex 5.54877 -35.0636 0
      vertex 5.55911 -35.062 6.6
      vertex 5.54877 -35.0636 6.6
    endloop
  endfacet
  facet normal 0.152919 -0.988239 0
    outer loop
      vertex 5.55911 -35.062 6.6
      vertex 5.54877 -35.0636 0
      vertex 5.55911 -35.062 0
    endloop
  endfacet
  facet normal 0.16514 -0.98627 0
    outer loop
      vertex 5.55911 -35.062 0
      vertex 6.15933 -34.9615 6.6
      vertex 5.55911 -35.062 6.6
    endloop
  endfacet
  facet normal 0.16514 -0.98627 0
    outer loop
      vertex 6.15933 -34.9615 6.6
      vertex 5.55911 -35.062 0
      vertex 6.15933 -34.9615 0
    endloop
  endfacet
  facet normal 0.172148 -0.985071 0
    outer loop
      vertex 6.15933 -34.9615 0
      vertex 6.16963 -34.9597 6.6
      vertex 6.15933 -34.9615 6.6
    endloop
  endfacet
  facet normal 0.172148 -0.985071 0
    outer loop
      vertex 6.16963 -34.9597 6.6
      vertex 6.15933 -34.9615 0
      vertex 6.16963 -34.9597 0
    endloop
  endfacet
  facet normal 0.182119 -0.983277 0
    outer loop
      vertex 6.16963 -34.9597 0
      vertex 6.76839 -34.8488 6.6
      vertex 6.16963 -34.9597 6.6
    endloop
  endfacet
  facet normal 0.182119 -0.983277 0
    outer loop
      vertex 6.76839 -34.8488 6.6
      vertex 6.16963 -34.9597 0
      vertex 6.76839 -34.8488 0
    endloop
  endfacet
  facet normal 0.190615 -0.981665 0
    outer loop
      vertex 6.76839 -34.8488 0
      vertex 6.77869 -34.8468 6.6
      vertex 6.76839 -34.8488 6.6
    endloop
  endfacet
  facet normal 0.190615 -0.981665 0
    outer loop
      vertex 6.77869 -34.8468 6.6
      vertex 6.76839 -34.8488 0
      vertex 6.77869 -34.8468 0
    endloop
  endfacet
  facet normal 0.199522 -0.979893 0
    outer loop
      vertex 6.77869 -34.8468 0
      vertex 7.3754 -34.7253 6.6
      vertex 6.77869 -34.8468 6.6
    endloop
  endfacet
  facet normal 0.199522 -0.979893 0
    outer loop
      vertex 7.3754 -34.7253 6.6
      vertex 6.77869 -34.8468 0
      vertex 7.3754 -34.7253 0
    endloop
  endfacet
  facet normal 0.201274 -0.979535 0
    outer loop
      vertex 7.3754 -34.7253 0
      vertex 7.38562 -34.7232 6.6
      vertex 7.3754 -34.7253 6.6
    endloop
  endfacet
  facet normal 0.201274 -0.979535 0
    outer loop
      vertex 7.38562 -34.7232 6.6
      vertex 7.3754 -34.7253 0
      vertex 7.38562 -34.7232 0
    endloop
  endfacet
  facet normal 0.21642 -0.9763 0
    outer loop
      vertex 7.38562 -34.7232 0
      vertex 7.98109 -34.5912 6.6
      vertex 7.38562 -34.7232 6.6
    endloop
  endfacet
  facet normal 0.21642 -0.9763 0
    outer loop
      vertex 7.98109 -34.5912 6.6
      vertex 7.38562 -34.7232 0
      vertex 7.98109 -34.5912 0
    endloop
  endfacet
  facet normal 0.228403 -0.973567 0
    outer loop
      vertex 7.98109 -34.5912 0
      vertex 7.99132 -34.5888 6.6
      vertex 7.98109 -34.5912 6.6
    endloop
  endfacet
  facet normal 0.228403 -0.973567 0
    outer loop
      vertex 7.99132 -34.5888 6.6
      vertex 7.98109 -34.5912 0
      vertex 7.99132 -34.5888 0
    endloop
  endfacet
  facet normal 0.233409 -0.972379 0
    outer loop
      vertex 7.99132 -34.5888 0
      vertex 8.58289 -34.4468 6.6
      vertex 7.99132 -34.5888 6.6
    endloop
  endfacet
  facet normal 0.233409 -0.972379 0
    outer loop
      vertex 8.58289 -34.4468 6.6
      vertex 7.99132 -34.5888 0
      vertex 8.58289 -34.4468 0
    endloop
  endfacet
  facet normal 0.247917 -0.968781 0
    outer loop
      vertex 8.58289 -34.4468 0
      vertex 8.59305 -34.4442 6.6
      vertex 8.58289 -34.4468 6.6
    endloop
  endfacet
  facet normal 0.247917 -0.968781 0
    outer loop
      vertex 8.59305 -34.4442 6.6
      vertex 8.58289 -34.4468 0
      vertex 8.59305 -34.4442 0
    endloop
  endfacet
  facet normal 0.250393 -0.968144 0
    outer loop
      vertex 8.59305 -34.4442 0
      vertex 9.18269 -34.2917 6.6
      vertex 8.59305 -34.4442 6.6
    endloop
  endfacet
  facet normal 0.250393 -0.968144 0
    outer loop
      vertex 9.18269 -34.2917 6.6
      vertex 8.59305 -34.4442 0
      vertex 9.18269 -34.2917 0
    endloop
  endfacet
  facet normal 0.258258 -0.966076 0
    outer loop
      vertex 9.18269 -34.2917 0
      vertex 9.19279 -34.289 6.6
      vertex 9.18269 -34.2917 6.6
    endloop
  endfacet
  facet normal 0.258258 -0.966076 0
    outer loop
      vertex 9.19279 -34.289 6.6
      vertex 9.18269 -34.2917 0
      vertex 9.19279 -34.289 0
    endloop
  endfacet
  facet normal 0.267132 -0.96366 0
    outer loop
      vertex 9.19279 -34.289 0
      vertex 9.78044 -34.1261 6.6
      vertex 9.19279 -34.289 6.6
    endloop
  endfacet
  facet normal 0.267132 -0.96366 0
    outer loop
      vertex 9.78044 -34.1261 6.6
      vertex 9.19279 -34.289 0
      vertex 9.78044 -34.1261 0
    endloop
  endfacet
  facet normal 0.27623 -0.961091 0
    outer loop
      vertex 9.78044 -34.1261 0
      vertex 9.79053 -34.1232 6.6
      vertex 9.78044 -34.1261 6.6
    endloop
  endfacet
  facet normal 0.27623 -0.961091 0
    outer loop
      vertex 9.79053 -34.1232 6.6
      vertex 9.78044 -34.1261 0
      vertex 9.79053 -34.1232 0
    endloop
  endfacet
  facet normal 0.284119 -0.958789 0
    outer loop
      vertex 9.79053 -34.1232 0
      vertex 10.374 -33.9503 6.6
      vertex 9.79053 -34.1232 6.6
    endloop
  endfacet
  facet normal 0.284119 -0.958789 0
    outer loop
      vertex 10.374 -33.9503 6.6
      vertex 9.79053 -34.1232 0
      vertex 10.374 -33.9503 0
    endloop
  endfacet
  facet normal 0.287348 -0.957826 0
    outer loop
      vertex 10.374 -33.9503 0
      vertex 10.384 -33.9473 6.6
      vertex 10.374 -33.9503 6.6
    endloop
  endfacet
  facet normal 0.287348 -0.957826 0
    outer loop
      vertex 10.384 -33.9473 6.6
      vertex 10.374 -33.9503 0
      vertex 10.384 -33.9473 0
    endloop
  endfacet
  facet normal 0.300723 -0.953712 0
    outer loop
      vertex 10.384 -33.9473 0
      vertex 10.965 -33.7641 6.6
      vertex 10.384 -33.9473 6.6
    endloop
  endfacet
  facet normal 0.300723 -0.953712 0
    outer loop
      vertex 10.965 -33.7641 6.6
      vertex 10.384 -33.9473 0
      vertex 10.965 -33.7641 0
    endloop
  endfacet
  facet normal 0.307564 -0.951527 0
    outer loop
      vertex 10.965 -33.7641 0
      vertex 10.9749 -33.7609 6.6
      vertex 10.965 -33.7641 6.6
    endloop
  endfacet
  facet normal 0.307564 -0.951527 0
    outer loop
      vertex 10.9749 -33.7609 6.6
      vertex 10.965 -33.7641 0
      vertex 10.9749 -33.7609 0
    endloop
  endfacet
  facet normal 0.317359 -0.948305 0
    outer loop
      vertex 10.9749 -33.7609 0
      vertex 11.5531 -33.5674 6.6
      vertex 10.9749 -33.7609 6.6
    endloop
  endfacet
  facet normal 0.317359 -0.948305 0
    outer loop
      vertex 11.5531 -33.5674 6.6
      vertex 10.9749 -33.7609 0
      vertex 11.5531 -33.5674 0
    endloop
  endfacet
  facet normal 0.324813 -0.945778 0
    outer loop
      vertex 11.5531 -33.5674 0
      vertex 11.563 -33.564 6.6
      vertex 11.5531 -33.5674 6.6
    endloop
  endfacet
  facet normal 0.324813 -0.945778 0
    outer loop
      vertex 11.563 -33.564 6.6
      vertex 11.5531 -33.5674 0
      vertex 11.563 -33.564 0
    endloop
  endfacet
  facet normal 0.333826 -0.942635 0
    outer loop
      vertex 11.563 -33.564 0
      vertex 12.1365 -33.3609 6.6
      vertex 11.563 -33.564 6.6
    endloop
  endfacet
  facet normal 0.333826 -0.942635 0
    outer loop
      vertex 12.1365 -33.3609 6.6
      vertex 11.563 -33.564 0
      vertex 12.1365 -33.3609 0
    endloop
  endfacet
  facet normal 0.336336 -0.941742 0
    outer loop
      vertex 12.1365 -33.3609 0
      vertex 12.1463 -33.3574 6.6
      vertex 12.1365 -33.3609 6.6
    endloop
  endfacet
  facet normal 0.336336 -0.941742 0
    outer loop
      vertex 12.1463 -33.3574 6.6
      vertex 12.1365 -33.3609 0
      vertex 12.1463 -33.3574 0
    endloop
  endfacet
  facet normal 0.350207 -0.936672 0
    outer loop
      vertex 12.1463 -33.3574 0
      vertex 12.7176 -33.1438 6.6
      vertex 12.1463 -33.3574 6.6
    endloop
  endfacet
  facet normal 0.350207 -0.936672 0
    outer loop
      vertex 12.7176 -33.1438 6.6
      vertex 12.1463 -33.3574 0
      vertex 12.7176 -33.1438 0
    endloop
  endfacet
  facet normal 0.361528 -0.932361 0
    outer loop
      vertex 12.7176 -33.1438 0
      vertex 12.7274 -33.14 6.6
      vertex 12.7176 -33.1438 6.6
    endloop
  endfacet
  facet normal 0.361528 -0.932361 0
    outer loop
      vertex 12.7274 -33.14 6.6
      vertex 12.7176 -33.1438 0
      vertex 12.7274 -33.14 0
    endloop
  endfacet
  facet normal 0.366542 -0.930402 0
    outer loop
      vertex 12.7274 -33.14 0
      vertex 13.2937 -32.9169 6.6
      vertex 12.7274 -33.14 6.6
    endloop
  endfacet
  facet normal 0.366542 -0.930402 0
    outer loop
      vertex 13.2937 -32.9169 6.6
      vertex 12.7274 -33.14 0
      vertex 13.2937 -32.9169 0
    endloop
  endfacet
  facet normal 0.373039 -0.927816 0
    outer loop
      vertex 13.2937 -32.9169 0
      vertex 13.3034 -32.913 6.6
      vertex 13.2937 -32.9169 6.6
    endloop
  endfacet
  facet normal 0.373039 -0.927816 0
    outer loop
      vertex 13.3034 -32.913 6.6
      vertex 13.2937 -32.9169 0
      vertex 13.3034 -32.913 0
    endloop
  endfacet
  facet normal 0.382656 -0.923891 0
    outer loop
      vertex 13.3034 -32.913 0
      vertex 13.8662 -32.6799 6.6
      vertex 13.3034 -32.913 6.6
    endloop
  endfacet
  facet normal 0.382656 -0.923891 0
    outer loop
      vertex 13.8662 -32.6799 6.6
      vertex 13.3034 -32.913 0
      vertex 13.8662 -32.6799 0
    endloop
  endfacet
  facet normal 0.38933 -0.921098 0
    outer loop
      vertex 13.8662 -32.6799 0
      vertex 13.8759 -32.6758 6.6
      vertex 13.8662 -32.6799 6.6
    endloop
  endfacet
  facet normal 0.38933 -0.921098 0
    outer loop
      vertex 13.8759 -32.6758 6.6
      vertex 13.8662 -32.6799 0
      vertex 13.8759 -32.6758 0
    endloop
  endfacet
  facet normal 0.398714 -0.917075 0
    outer loop
      vertex 13.8759 -32.6758 0
      vertex 14.4339 -32.4332 6.6
      vertex 13.8759 -32.6758 6.6
    endloop
  endfacet
  facet normal 0.398714 -0.917075 0
    outer loop
      vertex 14.4339 -32.4332 6.6
      vertex 13.8759 -32.6758 0
      vertex 14.4339 -32.4332 0
    endloop
  endfacet
  facet normal 0.408783 -0.912632 0
    outer loop
      vertex 14.4339 -32.4332 0
      vertex 14.4435 -32.4289 6.6
      vertex 14.4339 -32.4332 6.6
    endloop
  endfacet
  facet normal 0.408783 -0.912632 0
    outer loop
      vertex 14.4435 -32.4289 6.6
      vertex 14.4339 -32.4332 0
      vertex 14.4435 -32.4289 0
    endloop
  endfacet
  facet normal 0.414664 -0.909975 0
    outer loop
      vertex 14.4435 -32.4289 0
      vertex 14.7143 -32.3055 6.6
      vertex 14.4435 -32.4289 6.6
    endloop
  endfacet
  facet normal 0.414664 -0.909975 0
    outer loop
      vertex 14.7143 -32.3055 6.6
      vertex 14.4435 -32.4289 0
      vertex 14.7143 -32.3055 0
    endloop
  endfacet
  facet normal -0.829035 -0.559197 0
    outer loop
      vertex 16.688 -35.2316 0
      vertex 14.7143 -32.3055 6.6
      vertex 14.7143 -32.3055 0
    endloop
  endfacet
  facet normal -0.829035 -0.559197 0
    outer loop
      vertex 14.7143 -32.3055 6.6
      vertex 16.688 -35.2316 0
      vertex 16.688 -35.2316 6.6
    endloop
  endfacet
  facet normal -0.813545 -0.581503 0
    outer loop
      vertex 16.7088 -35.2607 0
      vertex 16.688 -35.2316 6.6
      vertex 16.688 -35.2316 0
    endloop
  endfacet
  facet normal -0.813545 -0.581503 0
    outer loop
      vertex 16.688 -35.2316 6.6
      vertex 16.7088 -35.2607 0
      vertex 16.7088 -35.2607 6.6
    endloop
  endfacet
  facet normal -0.772592 -0.634903 0
    outer loop
      vertex 16.7337 -35.291 0
      vertex 16.7088 -35.2607 6.6
      vertex 16.7088 -35.2607 0
    endloop
  endfacet
  facet normal -0.772592 -0.634903 0
    outer loop
      vertex 16.7088 -35.2607 6.6
      vertex 16.7337 -35.291 0
      vertex 16.7337 -35.291 6.6
    endloop
  endfacet
  facet normal -0.730886 -0.6825 0
    outer loop
      vertex 16.7605 -35.3197 0
      vertex 16.7337 -35.291 6.6
      vertex 16.7337 -35.291 0
    endloop
  endfacet
  facet normal -0.730886 -0.6825 0
    outer loop
      vertex 16.7337 -35.291 6.6
      vertex 16.7605 -35.3197 0
      vertex 16.7605 -35.3197 6.6
    endloop
  endfacet
  facet normal -0.685126 -0.728424 0
    outer loop
      vertex 16.7605 -35.3197 0
      vertex 16.7891 -35.3466 6.6
      vertex 16.7605 -35.3197 6.6
    endloop
  endfacet
  facet normal -0.685126 -0.728424 -0
    outer loop
      vertex 16.7891 -35.3466 6.6
      vertex 16.7605 -35.3197 0
      vertex 16.7891 -35.3466 0
    endloop
  endfacet
  facet normal -0.636421 -0.771342 0
    outer loop
      vertex 16.7891 -35.3466 0
      vertex 16.8194 -35.3716 6.6
      vertex 16.7891 -35.3466 6.6
    endloop
  endfacet
  facet normal -0.636421 -0.771342 -0
    outer loop
      vertex 16.8194 -35.3716 6.6
      vertex 16.7891 -35.3466 0
      vertex 16.8194 -35.3716 0
    endloop
  endfacet
  facet normal -0.583164 -0.812355 0
    outer loop
      vertex 16.8194 -35.3716 0
      vertex 16.8513 -35.3945 6.6
      vertex 16.8194 -35.3716 6.6
    endloop
  endfacet
  facet normal -0.583164 -0.812355 -0
    outer loop
      vertex 16.8513 -35.3945 6.6
      vertex 16.8194 -35.3716 0
      vertex 16.8513 -35.3945 0
    endloop
  endfacet
  facet normal -0.52977 -0.848141 0
    outer loop
      vertex 16.8513 -35.3945 0
      vertex 16.8846 -35.4153 6.6
      vertex 16.8513 -35.3945 6.6
    endloop
  endfacet
  facet normal -0.52977 -0.848141 -0
    outer loop
      vertex 16.8846 -35.4153 6.6
      vertex 16.8513 -35.3945 0
      vertex 16.8846 -35.4153 0
    endloop
  endfacet
  facet normal -0.471514 -0.881859 0
    outer loop
      vertex 16.8846 -35.4153 0
      vertex 16.9192 -35.4338 6.6
      vertex 16.8846 -35.4153 6.6
    endloop
  endfacet
  facet normal -0.471514 -0.881859 -0
    outer loop
      vertex 16.9192 -35.4338 6.6
      vertex 16.8846 -35.4153 0
      vertex 16.9192 -35.4338 0
    endloop
  endfacet
  facet normal -0.414377 -0.910105 0
    outer loop
      vertex 16.9192 -35.4338 0
      vertex 16.955 -35.4501 6.6
      vertex 16.9192 -35.4338 6.6
    endloop
  endfacet
  facet normal -0.414377 -0.910105 -0
    outer loop
      vertex 16.955 -35.4501 6.6
      vertex 16.9192 -35.4338 0
      vertex 16.955 -35.4501 0
    endloop
  endfacet
  facet normal -0.354193 -0.935172 0
    outer loop
      vertex 16.955 -35.4501 0
      vertex 16.9917 -35.464 6.6
      vertex 16.955 -35.4501 6.6
    endloop
  endfacet
  facet normal -0.354193 -0.935172 -0
    outer loop
      vertex 16.9917 -35.464 6.6
      vertex 16.955 -35.4501 0
      vertex 16.9917 -35.464 0
    endloop
  endfacet
  facet normal -0.290149 -0.956982 0
    outer loop
      vertex 16.9917 -35.464 0
      vertex 17.0293 -35.4754 6.6
      vertex 16.9917 -35.464 6.6
    endloop
  endfacet
  facet normal -0.290149 -0.956982 -0
    outer loop
      vertex 17.0293 -35.4754 6.6
      vertex 16.9917 -35.464 0
      vertex 17.0293 -35.4754 0
    endloop
  endfacet
  facet normal -0.229323 -0.97335 0
    outer loop
      vertex 17.0293 -35.4754 0
      vertex 17.0675 -35.4844 6.6
      vertex 17.0293 -35.4754 6.6
    endloop
  endfacet
  facet normal -0.229323 -0.97335 -0
    outer loop
      vertex 17.0675 -35.4844 6.6
      vertex 17.0293 -35.4754 0
      vertex 17.0675 -35.4844 0
    endloop
  endfacet
  facet normal -0.165639 -0.986187 0
    outer loop
      vertex 17.0675 -35.4844 0
      vertex 17.1062 -35.4909 6.6
      vertex 17.0675 -35.4844 6.6
    endloop
  endfacet
  facet normal -0.165639 -0.986187 -0
    outer loop
      vertex 17.1062 -35.4909 6.6
      vertex 17.0675 -35.4844 0
      vertex 17.1062 -35.4909 0
    endloop
  endfacet
  facet normal -0.0992517 -0.995062 0
    outer loop
      vertex 17.1062 -35.4909 0
      vertex 17.1453 -35.4948 6.6
      vertex 17.1062 -35.4909 6.6
    endloop
  endfacet
  facet normal -0.0992517 -0.995062 -0
    outer loop
      vertex 17.1453 -35.4948 6.6
      vertex 17.1062 -35.4909 0
      vertex 17.1453 -35.4948 0
    endloop
  endfacet
  facet normal -0.033145 -0.999451 0
    outer loop
      vertex 17.1453 -35.4948 0
      vertex 17.1845 -35.4961 6.6
      vertex 17.1453 -35.4948 6.6
    endloop
  endfacet
  facet normal -0.033145 -0.999451 -0
    outer loop
      vertex 17.1845 -35.4961 6.6
      vertex 17.1453 -35.4948 0
      vertex 17.1845 -35.4961 0
    endloop
  endfacet
  facet normal 0.0305201 -0.999534 0
    outer loop
      vertex 17.1845 -35.4961 0
      vertex 17.2238 -35.4949 6.6
      vertex 17.1845 -35.4961 6.6
    endloop
  endfacet
  facet normal 0.0305201 -0.999534 0
    outer loop
      vertex 17.2238 -35.4949 6.6
      vertex 17.1845 -35.4961 0
      vertex 17.2238 -35.4949 0
    endloop
  endfacet
  facet normal 0.0969766 -0.995287 0
    outer loop
      vertex 17.2238 -35.4949 0
      vertex 17.2628 -35.4911 6.6
      vertex 17.2238 -35.4949 6.6
    endloop
  endfacet
  facet normal 0.0969766 -0.995287 0
    outer loop
      vertex 17.2628 -35.4911 6.6
      vertex 17.2238 -35.4949 0
      vertex 17.2628 -35.4911 0
    endloop
  endfacet
  facet normal 0.160272 -0.987073 0
    outer loop
      vertex 17.2628 -35.4911 0
      vertex 17.3016 -35.4848 6.6
      vertex 17.2628 -35.4911 6.6
    endloop
  endfacet
  facet normal 0.160272 -0.987073 0
    outer loop
      vertex 17.3016 -35.4848 6.6
      vertex 17.2628 -35.4911 0
      vertex 17.3016 -35.4848 0
    endloop
  endfacet
  facet normal 0.226907 -0.973916 0
    outer loop
      vertex 17.3016 -35.4848 0
      vertex 17.3398 -35.4759 6.6
      vertex 17.3016 -35.4848 6.6
    endloop
  endfacet
  facet normal 0.226907 -0.973916 0
    outer loop
      vertex 17.3398 -35.4759 6.6
      vertex 17.3016 -35.4848 0
      vertex 17.3398 -35.4759 0
    endloop
  endfacet
  facet normal 0.287815 -0.957686 0
    outer loop
      vertex 17.3398 -35.4759 0
      vertex 17.3774 -35.4646 6.6
      vertex 17.3398 -35.4759 6.6
    endloop
  endfacet
  facet normal 0.287815 -0.957686 0
    outer loop
      vertex 17.3774 -35.4646 6.6
      vertex 17.3398 -35.4759 0
      vertex 17.3774 -35.4646 0
    endloop
  endfacet
  facet normal 0.351123 -0.936329 0
    outer loop
      vertex 17.3774 -35.4646 0
      vertex 17.4142 -35.4508 6.6
      vertex 17.3774 -35.4646 6.6
    endloop
  endfacet
  facet normal 0.351123 -0.936329 0
    outer loop
      vertex 17.4142 -35.4508 6.6
      vertex 17.3774 -35.4646 0
      vertex 17.4142 -35.4508 0
    endloop
  endfacet
  facet normal 0.412268 -0.911062 0
    outer loop
      vertex 17.4142 -35.4508 0
      vertex 17.45 -35.4346 6.6
      vertex 17.4142 -35.4508 6.6
    endloop
  endfacet
  facet normal 0.412268 -0.911062 0
    outer loop
      vertex 17.45 -35.4346 6.6
      vertex 17.4142 -35.4508 0
      vertex 17.45 -35.4346 0
    endloop
  endfacet
  facet normal 0.440909 -0.897552 0
    outer loop
      vertex 17.45 -35.4346 0
      vertex 18.1688 -35.0815 6.6
      vertex 17.45 -35.4346 6.6
    endloop
  endfacet
  facet normal 0.440909 -0.897552 0
    outer loop
      vertex 18.1688 -35.0815 6.6
      vertex 17.45 -35.4346 0
      vertex 18.1688 -35.0815 0
    endloop
  endfacet
  facet normal 0.455876 -0.890043 0
    outer loop
      vertex 18.1688 -35.0815 0
      vertex 18.1893 -35.071 6.6
      vertex 18.1688 -35.0815 6.6
    endloop
  endfacet
  facet normal 0.455876 -0.890043 0
    outer loop
      vertex 18.1893 -35.071 6.6
      vertex 18.1688 -35.0815 0
      vertex 18.1893 -35.071 0
    endloop
  endfacet
  facet normal 0.475084 -0.87994 0
    outer loop
      vertex 18.1893 -35.071 0
      vertex 19.3458 -34.4466 6.6
      vertex 18.1893 -35.071 6.6
    endloop
  endfacet
  facet normal 0.475084 -0.87994 0
    outer loop
      vertex 19.3458 -34.4466 6.6
      vertex 18.1893 -35.071 0
      vertex 19.3458 -34.4466 0
    endloop
  endfacet
  facet normal 0.491895 -0.870654 0
    outer loop
      vertex 19.3458 -34.4466 0
      vertex 19.3635 -34.4366 6.6
      vertex 19.3458 -34.4466 6.6
    endloop
  endfacet
  facet normal 0.491895 -0.870654 0
    outer loop
      vertex 19.3635 -34.4366 6.6
      vertex 19.3458 -34.4466 0
      vertex 19.3635 -34.4366 0
    endloop
  endfacet
  facet normal 0.504542 -0.863387 0
    outer loop
      vertex 19.3635 -34.4366 0
      vertex 20.4989 -33.7731 6.6
      vertex 19.3635 -34.4366 6.6
    endloop
  endfacet
  facet normal 0.504542 -0.863387 0
    outer loop
      vertex 20.4989 -33.7731 6.6
      vertex 19.3635 -34.4366 0
      vertex 20.4989 -33.7731 0
    endloop
  endfacet
  facet normal 0.522446 -0.852672 0
    outer loop
      vertex 20.4989 -33.7731 0
      vertex 20.5162 -33.7625 6.6
      vertex 20.4989 -33.7731 6.6
    endloop
  endfacet
  facet normal 0.522446 -0.852672 0
    outer loop
      vertex 20.5162 -33.7625 6.6
      vertex 20.4989 -33.7731 0
      vertex 20.5162 -33.7625 0
    endloop
  endfacet
  facet normal 0.533412 -0.845855 0
    outer loop
      vertex 20.5162 -33.7625 0
      vertex 21.6286 -33.061 6.6
      vertex 20.5162 -33.7625 6.6
    endloop
  endfacet
  facet normal 0.533412 -0.845855 0
    outer loop
      vertex 21.6286 -33.061 6.6
      vertex 20.5162 -33.7625 0
      vertex 21.6286 -33.061 0
    endloop
  endfacet
  facet normal 0.54898 -0.835835 0
    outer loop
      vertex 21.6286 -33.061 0
      vertex 21.6455 -33.0499 6.6
      vertex 21.6286 -33.061 6.6
    endloop
  endfacet
  facet normal 0.54898 -0.835835 0
    outer loop
      vertex 21.6455 -33.0499 6.6
      vertex 21.6286 -33.061 0
      vertex 21.6455 -33.0499 0
    endloop
  endfacet
  facet normal 0.561715 -0.827331 0
    outer loop
      vertex 21.6455 -33.0499 0
      vertex 22.7338 -32.311 6.6
      vertex 21.6455 -33.0499 6.6
    endloop
  endfacet
  facet normal 0.561715 -0.827331 0
    outer loop
      vertex 22.7338 -32.311 6.6
      vertex 21.6455 -33.0499 0
      vertex 22.7338 -32.311 0
    endloop
  endfacet
  facet normal 0.576103 -0.817377 0
    outer loop
      vertex 22.7338 -32.311 0
      vertex 22.7504 -32.2993 6.6
      vertex 22.7338 -32.311 6.6
    endloop
  endfacet
  facet normal 0.576103 -0.817377 0
    outer loop
      vertex 22.7504 -32.2993 6.6
      vertex 22.7338 -32.311 0
      vertex 22.7504 -32.2993 0
    endloop
  endfacet
  facet normal 0.589414 -0.807831 0
    outer loop
      vertex 22.7504 -32.2993 0
      vertex 23.813 -31.524 6.6
      vertex 22.7504 -32.2993 6.6
    endloop
  endfacet
  facet normal 0.589414 -0.807831 0
    outer loop
      vertex 23.813 -31.524 6.6
      vertex 22.7504 -32.2993 0
      vertex 23.813 -31.524 0
    endloop
  endfacet
  facet normal 0.601577 -0.798815 0
    outer loop
      vertex 23.813 -31.524 0
      vertex 23.8292 -31.5118 6.6
      vertex 23.813 -31.524 6.6
    endloop
  endfacet
  facet normal 0.601577 -0.798815 0
    outer loop
      vertex 23.8292 -31.5118 6.6
      vertex 23.813 -31.524 0
      vertex 23.8292 -31.5118 0
    endloop
  endfacet
  facet normal 0.616327 -0.787491 0
    outer loop
      vertex 23.8292 -31.5118 0
      vertex 24.8653 -30.7009 6.6
      vertex 23.8292 -31.5118 6.6
    endloop
  endfacet
  facet normal 0.616327 -0.787491 0
    outer loop
      vertex 24.8653 -30.7009 6.6
      vertex 23.8292 -31.5118 0
      vertex 24.8653 -30.7009 0
    endloop
  endfacet
  facet normal 0.629481 -0.777016 0
    outer loop
      vertex 24.8653 -30.7009 0
      vertex 24.8811 -30.6881 6.6
      vertex 24.8653 -30.7009 6.6
    endloop
  endfacet
  facet normal 0.629481 -0.777016 0
    outer loop
      vertex 24.8811 -30.6881 6.6
      vertex 24.8653 -30.7009 0
      vertex 24.8811 -30.6881 0
    endloop
  endfacet
  facet normal 0.64265 -0.76616 0
    outer loop
      vertex 24.8811 -30.6881 0
      vertex 25.8885 -29.8431 6.6
      vertex 24.8811 -30.6881 6.6
    endloop
  endfacet
  facet normal 0.64265 -0.76616 0
    outer loop
      vertex 25.8885 -29.8431 6.6
      vertex 24.8811 -30.6881 0
      vertex 25.8885 -29.8431 0
    endloop
  endfacet
  facet normal 0.656057 -0.754712 0
    outer loop
      vertex 25.8885 -29.8431 0
      vertex 25.9038 -29.8298 6.6
      vertex 25.8885 -29.8431 6.6
    endloop
  endfacet
  facet normal 0.656057 -0.754712 0
    outer loop
      vertex 25.9038 -29.8298 6.6
      vertex 25.8885 -29.8431 0
      vertex 25.9038 -29.8298 0
    endloop
  endfacet
  facet normal 0.668116 -0.744057 0
    outer loop
      vertex 25.9038 -29.8298 0
      vertex 26.8826 -28.9509 6.6
      vertex 25.9038 -29.8298 6.6
    endloop
  endfacet
  facet normal 0.668116 -0.744057 0
    outer loop
      vertex 26.8826 -28.9509 6.6
      vertex 25.9038 -29.8298 0
      vertex 26.8826 -28.9509 0
    endloop
  endfacet
  facet normal 0.682143 -0.731218 0
    outer loop
      vertex 26.8826 -28.9509 0
      vertex 26.8975 -28.937 6.6
      vertex 26.8826 -28.9509 6.6
    endloop
  endfacet
  facet normal 0.682143 -0.731218 0
    outer loop
      vertex 26.8975 -28.937 6.6
      vertex 26.8826 -28.9509 0
      vertex 26.8975 -28.937 0
    endloop
  endfacet
  facet normal 0.692939 -0.720997 0
    outer loop
      vertex 26.8975 -28.937 0
      vertex 27.8457 -28.0257 6.6
      vertex 26.8975 -28.937 6.6
    endloop
  endfacet
  facet normal 0.692939 -0.720997 0
    outer loop
      vertex 27.8457 -28.0257 6.6
      vertex 26.8975 -28.937 0
      vertex 27.8457 -28.0257 0
    endloop
  endfacet
  facet normal 0.704639 -0.709566 0
    outer loop
      vertex 27.8457 -28.0257 0
      vertex 27.8601 -28.0114 6.6
      vertex 27.8457 -28.0257 6.6
    endloop
  endfacet
  facet normal 0.704639 -0.709566 0
    outer loop
      vertex 27.8601 -28.0114 6.6
      vertex 27.8457 -28.0257 0
      vertex 27.8601 -28.0114 0
    endloop
  endfacet
  facet normal 0.71692 -0.697155 0
    outer loop
      vertex 27.8601 -28.0114 6.6
      vertex 28.7772 -27.0683 0
      vertex 28.7772 -27.0683 6.6
    endloop
  endfacet
  facet normal 0.71692 -0.697155 0
    outer loop
      vertex 28.7772 -27.0683 0
      vertex 27.8601 -28.0114 6.6
      vertex 27.8601 -28.0114 0
    endloop
  endfacet
  facet normal 0.726602 -0.687059 0
    outer loop
      vertex 28.7772 -27.0683 6.6
      vertex 28.7911 -27.0536 0
      vertex 28.7911 -27.0536 6.6
    endloop
  endfacet
  facet normal 0.726602 -0.687059 0
    outer loop
      vertex 28.7911 -27.0536 0
      vertex 28.7772 -27.0683 6.6
      vertex 28.7772 -27.0683 0
    endloop
  endfacet
  facet normal 0.740016 -0.67259 0
    outer loop
      vertex 28.7911 -27.0536 6.6
      vertex 29.6759 -26.0801 0
      vertex 29.6759 -26.0801 6.6
    endloop
  endfacet
  facet normal 0.740016 -0.67259 0
    outer loop
      vertex 29.6759 -26.0801 0
      vertex 28.7911 -27.0536 6.6
      vertex 28.7911 -27.0536 0
    endloop
  endfacet
  facet normal 0.752272 -0.658853 0
    outer loop
      vertex 29.6759 -26.0801 6.6
      vertex 29.6893 -26.0648 0
      vertex 29.6893 -26.0648 6.6
    endloop
  endfacet
  facet normal 0.752272 -0.658853 0
    outer loop
      vertex 29.6893 -26.0648 0
      vertex 29.6759 -26.0801 6.6
      vertex 29.6759 -26.0801 0
    endloop
  endfacet
  facet normal 0.762388 -0.647121 0
    outer loop
      vertex 29.6893 -26.0648 6.6
      vertex 30.5404 -25.0621 0
      vertex 30.5404 -25.0621 6.6
    endloop
  endfacet
  facet normal 0.762388 -0.647121 0
    outer loop
      vertex 30.5404 -25.0621 0
      vertex 29.6893 -26.0648 6.6
      vertex 29.6893 -26.0648 0
    endloop
  endfacet
  facet normal 0.775056 -0.631893 0
    outer loop
      vertex 30.5404 -25.0621 6.6
      vertex 30.5532 -25.0464 0
      vertex 30.5532 -25.0464 6.6
    endloop
  endfacet
  facet normal 0.775056 -0.631893 0
    outer loop
      vertex 30.5532 -25.0464 0
      vertex 30.5404 -25.0621 6.6
      vertex 30.5404 -25.0621 0
    endloop
  endfacet
  facet normal 0.783798 -0.621016 0
    outer loop
      vertex 30.5532 -25.0464 6.6
      vertex 31.37 -24.0155 0
      vertex 31.37 -24.0155 6.6
    endloop
  endfacet
  facet normal 0.783798 -0.621016 0
    outer loop
      vertex 31.37 -24.0155 0
      vertex 30.5532 -25.0464 6.6
      vertex 30.5532 -25.0464 0
    endloop
  endfacet
  facet normal 0.792258 -0.610186 0
    outer loop
      vertex 31.37 -24.0155 6.6
      vertex 31.3824 -23.9994 0
      vertex 31.3824 -23.9994 6.6
    endloop
  endfacet
  facet normal 0.792258 -0.610186 0
    outer loop
      vertex 31.3824 -23.9994 0
      vertex 31.37 -24.0155 6.6
      vertex 31.37 -24.0155 0
    endloop
  endfacet
  facet normal 0.804314 -0.594205 0
    outer loop
      vertex 31.3824 -23.9994 6.6
      vertex 32.1638 -22.9417 0
      vertex 32.1638 -22.9417 6.6
    endloop
  endfacet
  facet normal 0.804314 -0.594205 0
    outer loop
      vertex 32.1638 -22.9417 0
      vertex 31.3824 -23.9994 6.6
      vertex 31.3824 -23.9994 0
    endloop
  endfacet
  facet normal 0.817377 -0.576103 0
    outer loop
      vertex 32.1638 -22.9417 6.6
      vertex 32.1755 -22.9251 0
      vertex 32.1755 -22.9251 6.6
    endloop
  endfacet
  facet normal 0.817377 -0.576103 0
    outer loop
      vertex 32.1755 -22.9251 0
      vertex 32.1638 -22.9417 6.6
      vertex 32.1638 -22.9417 0
    endloop
  endfacet
  facet normal 0.823967 -0.566638 0
    outer loop
      vertex 32.1755 -22.9251 6.6
      vertex 32.9211 -21.8409 0
      vertex 32.9211 -21.8409 6.6
    endloop
  endfacet
  facet normal 0.823967 -0.566638 0
    outer loop
      vertex 32.9211 -21.8409 0
      vertex 32.1755 -22.9251 6.6
      vertex 32.1755 -22.9251 0
    endloop
  endfacet
  facet normal 0.833565 -0.552422 0
    outer loop
      vertex 32.9211 -21.8409 6.6
      vertex 32.9323 -21.824 0
      vertex 32.9323 -21.824 6.6
    endloop
  endfacet
  facet normal 0.833565 -0.552422 0
    outer loop
      vertex 32.9323 -21.824 0
      vertex 32.9211 -21.8409 6.6
      vertex 32.9211 -21.8409 0
    endloop
  endfacet
  facet normal 0.842645 -0.538469 0
    outer loop
      vertex 32.9323 -21.824 6.6
      vertex 33.6404 -20.7159 0
      vertex 33.6404 -20.7159 6.6
    endloop
  endfacet
  facet normal 0.842645 -0.538469 0
    outer loop
      vertex 33.6404 -20.7159 0
      vertex 32.9323 -21.824 6.6
      vertex 32.9323 -21.824 0
    endloop
  endfacet
  facet normal 0.851318 -0.52465 0
    outer loop
      vertex 33.6404 -20.7159 6.6
      vertex 33.651 -20.6987 0
      vertex 33.651 -20.6987 6.6
    endloop
  endfacet
  facet normal 0.851318 -0.52465 0
    outer loop
      vertex 33.651 -20.6987 0
      vertex 33.6404 -20.7159 6.6
      vertex 33.6404 -20.7159 0
    endloop
  endfacet
  facet normal 0.860357 -0.509692 0
    outer loop
      vertex 33.651 -20.6987 6.6
      vertex 34.3215 -19.5669 0
      vertex 34.3215 -19.5669 6.6
    endloop
  endfacet
  facet normal 0.860357 -0.509692 0
    outer loop
      vertex 34.3215 -19.5669 0
      vertex 33.651 -20.6987 6.6
      vertex 33.651 -20.6987 0
    endloop
  endfacet
  facet normal 0.870654 -0.491895 0
    outer loop
      vertex 34.3215 -19.5669 6.6
      vertex 34.3315 -19.5492 0
      vertex 34.3315 -19.5492 6.6
    endloop
  endfacet
  facet normal 0.870654 -0.491895 0
    outer loop
      vertex 34.3315 -19.5492 0
      vertex 34.3215 -19.5669 6.6
      vertex 34.3215 -19.5669 0
    endloop
  endfacet
  facet normal 0.877107 -0.480295 0
    outer loop
      vertex 34.3315 -19.5492 6.6
      vertex 34.9632 -18.3956 0
      vertex 34.9632 -18.3956 6.6
    endloop
  endfacet
  facet normal 0.877107 -0.480295 0
    outer loop
      vertex 34.9632 -18.3956 0
      vertex 34.3315 -19.5492 6.6
      vertex 34.3315 -19.5492 0
    endloop
  endfacet
  facet normal 0.883307 -0.468794 0
    outer loop
      vertex 34.9632 -18.3956 6.6
      vertex 34.9727 -18.3777 0
      vertex 34.9727 -18.3777 6.6
    endloop
  endfacet
  facet normal 0.883307 -0.468794 0
    outer loop
      vertex 34.9727 -18.3777 0
      vertex 34.9632 -18.3956 6.6
      vertex 34.9632 -18.3956 0
    endloop
  endfacet
  facet normal 0.892855 -0.450343 0
    outer loop
      vertex 34.9727 -18.3777 6.6
      vertex 35.565 -17.2034 0
      vertex 35.565 -17.2034 6.6
    endloop
  endfacet
  facet normal 0.892855 -0.450343 0
    outer loop
      vertex 35.565 -17.2034 0
      vertex 34.9727 -18.3777 6.6
      vertex 34.9727 -18.3777 0
    endloop
  endfacet
  facet normal 0.901215 -0.433371 0
    outer loop
      vertex 35.565 -17.2034 6.6
      vertex 35.5738 -17.1851 0
      vertex 35.5738 -17.1851 6.6
    endloop
  endfacet
  facet normal 0.901215 -0.433371 0
    outer loop
      vertex 35.5738 -17.1851 0
      vertex 35.565 -17.2034 6.6
      vertex 35.565 -17.2034 0
    endloop
  endfacet
  facet normal 0.907547 -0.41995 0
    outer loop
      vertex 35.5738 -17.1851 6.6
      vertex 36.1263 -15.9911 0
      vertex 36.1263 -15.9911 6.6
    endloop
  endfacet
  facet normal 0.907547 -0.41995 0
    outer loop
      vertex 36.1263 -15.9911 0
      vertex 35.5738 -17.1851 6.6
      vertex 35.5738 -17.1851 0
    endloop
  endfacet
  facet normal 0.915025 -0.403398 0
    outer loop
      vertex 36.1263 -15.9911 6.6
      vertex 36.1345 -15.9725 0
      vertex 36.1345 -15.9725 6.6
    endloop
  endfacet
  facet normal 0.915025 -0.403398 0
    outer loop
      vertex 36.1345 -15.9725 0
      vertex 36.1263 -15.9911 6.6
      vertex 36.1263 -15.9911 0
    endloop
  endfacet
  facet normal 0.921233 -0.389012 0
    outer loop
      vertex 36.1345 -15.9725 6.6
      vertex 36.646 -14.7612 0
      vertex 36.646 -14.7612 6.6
    endloop
  endfacet
  facet normal 0.921233 -0.389012 0
    outer loop
      vertex 36.646 -14.7612 0
      vertex 36.1345 -15.9725 6.6
      vertex 36.1345 -15.9725 0
    endloop
  endfacet
  facet normal 0.92711 -0.374789 0
    outer loop
      vertex 36.646 -14.7612 6.6
      vertex 36.6536 -14.7424 0
      vertex 36.6536 -14.7424 6.6
    endloop
  endfacet
  facet normal 0.92711 -0.374789 0
    outer loop
      vertex 36.6536 -14.7424 0
      vertex 36.646 -14.7612 6.6
      vertex 36.646 -14.7612 0
    endloop
  endfacet
  facet normal 0.933842 -0.357685 0
    outer loop
      vertex 36.6536 -14.7424 6.6
      vertex 37.1243 -13.5135 0
      vertex 37.1243 -13.5135 6.6
    endloop
  endfacet
  facet normal 0.933842 -0.357685 0
    outer loop
      vertex 37.1243 -13.5135 0
      vertex 36.6536 -14.7424 6.6
      vertex 36.6536 -14.7424 0
    endloop
  endfacet
  facet normal 0.939938 -0.341346 0
    outer loop
      vertex 37.1243 -13.5135 6.6
      vertex 37.1312 -13.4945 0
      vertex 37.1312 -13.4945 6.6
    endloop
  endfacet
  facet normal 0.939938 -0.341346 0
    outer loop
      vertex 37.1312 -13.4945 0
      vertex 37.1243 -13.5135 6.6
      vertex 37.1243 -13.5135 0
    endloop
  endfacet
  facet normal 0.945425 -0.325838 0
    outer loop
      vertex 37.1312 -13.4945 6.6
      vertex 37.5597 -12.2512 0
      vertex 37.5597 -12.2512 6.6
    endloop
  endfacet
  facet normal 0.945425 -0.325838 0
    outer loop
      vertex 37.5597 -12.2512 0
      vertex 37.1312 -13.4945 6.6
      vertex 37.1312 -13.4945 0
    endloop
  endfacet
  facet normal 0.950635 -0.310311 0
    outer loop
      vertex 37.5597 -12.2512 6.6
      vertex 37.566 -12.2319 0
      vertex 37.566 -12.2319 6.6
    endloop
  endfacet
  facet normal 0.950635 -0.310311 0
    outer loop
      vertex 37.566 -12.2319 0
      vertex 37.5597 -12.2512 6.6
      vertex 37.5597 -12.2512 0
    endloop
  endfacet
  facet normal 0.955868 -0.293796 0
    outer loop
      vertex 37.566 -12.2319 6.6
      vertex 37.8295 -11.3746 0
      vertex 37.8295 -11.3746 6.6
    endloop
  endfacet
  facet normal 0.955868 -0.293796 0
    outer loop
      vertex 37.8295 -11.3746 0
      vertex 37.566 -12.2319 6.6
      vertex 37.566 -12.2319 0
    endloop
  endfacet
  facet normal 0.965072 -0.261986 0
    outer loop
      vertex 37.8295 -11.3746 6.6
      vertex 37.8393 -11.3385 0
      vertex 37.8393 -11.3385 6.6
    endloop
  endfacet
  facet normal 0.965072 -0.261986 0
    outer loop
      vertex 37.8393 -11.3385 0
      vertex 37.8295 -11.3746 6.6
      vertex 37.8295 -11.3746 0
    endloop
  endfacet
  facet normal 0.979086 -0.203446 0
    outer loop
      vertex 37.8393 -11.3385 6.6
      vertex 37.8473 -11.3 0
      vertex 37.8473 -11.3 6.6
    endloop
  endfacet
  facet normal 0.979086 -0.203446 0
    outer loop
      vertex 37.8473 -11.3 0
      vertex 37.8393 -11.3385 6.6
      vertex 37.8393 -11.3385 0
    endloop
  endfacet
  facet normal 0.990846 -0.135 0
    outer loop
      vertex 37.8473 -11.3 6.6
      vertex 37.8526 -11.2611 0
      vertex 37.8526 -11.2611 6.6
    endloop
  endfacet
  facet normal 0.990846 -0.135 0
    outer loop
      vertex 37.8526 -11.2611 0
      vertex 37.8473 -11.3 6.6
      vertex 37.8473 -11.3 0
    endloop
  endfacet
  facet normal 0.997261 -0.0739656 0
    outer loop
      vertex 37.8526 -11.2611 6.6
      vertex 37.8555 -11.222 0
      vertex 37.8555 -11.222 6.6
    endloop
  endfacet
  facet normal 0.997261 -0.0739656 0
    outer loop
      vertex 37.8555 -11.222 0
      vertex 37.8526 -11.2611 6.6
      vertex 37.8526 -11.2611 0
    endloop
  endfacet
  facet normal 0.999987 -0.00508899 0
    outer loop
      vertex 37.8555 -11.222 6.6
      vertex 37.8557 -11.1827 0
      vertex 37.8557 -11.1827 6.6
    endloop
  endfacet
  facet normal 0.999987 -0.00508899 0
    outer loop
      vertex 37.8557 -11.1827 0
      vertex 37.8555 -11.222 6.6
      vertex 37.8555 -11.222 0
    endloop
  endfacet
  facet normal 0.998283 0.0585727 0
    outer loop
      vertex 37.8557 -11.1827 6.6
      vertex 37.8534 -11.1435 0
      vertex 37.8534 -11.1435 6.6
    endloop
  endfacet
  facet normal 0.998283 0.0585727 0
    outer loop
      vertex 37.8534 -11.1435 0
      vertex 37.8557 -11.1827 6.6
      vertex 37.8557 -11.1827 0
    endloop
  endfacet
  facet normal 0.992199 0.124661 0
    outer loop
      vertex 37.8534 -11.1435 6.6
      vertex 37.8485 -11.1045 0
      vertex 37.8485 -11.1045 6.6
    endloop
  endfacet
  facet normal 0.992199 0.124661 0
    outer loop
      vertex 37.8485 -11.1045 0
      vertex 37.8534 -11.1435 6.6
      vertex 37.8534 -11.1435 0
    endloop
  endfacet
  facet normal 0.982025 0.188753 0
    outer loop
      vertex 37.8485 -11.1045 6.6
      vertex 37.8411 -11.066 0
      vertex 37.8411 -11.066 6.6
    endloop
  endfacet
  facet normal 0.982025 0.188753 0
    outer loop
      vertex 37.8411 -11.066 0
      vertex 37.8485 -11.1045 6.6
      vertex 37.8485 -11.1045 0
    endloop
  endfacet
  facet normal 0.967698 0.252111 0
    outer loop
      vertex 37.8411 -11.066 6.6
      vertex 37.8312 -11.028 0
      vertex 37.8312 -11.028 6.6
    endloop
  endfacet
  facet normal 0.967698 0.252111 0
    outer loop
      vertex 37.8312 -11.028 0
      vertex 37.8411 -11.066 6.6
      vertex 37.8411 -11.066 0
    endloop
  endfacet
  facet normal 0.948937 0.315464 0
    outer loop
      vertex 37.8312 -11.028 6.6
      vertex 37.8188 -10.9907 0
      vertex 37.8188 -10.9907 6.6
    endloop
  endfacet
  facet normal 0.948937 0.315464 0
    outer loop
      vertex 37.8188 -10.9907 0
      vertex 37.8312 -11.028 6.6
      vertex 37.8312 -11.028 0
    endloop
  endfacet
  facet normal 0.925993 0.37754 0
    outer loop
      vertex 37.8188 -10.9907 6.6
      vertex 37.804 -10.9544 0
      vertex 37.804 -10.9544 6.6
    endloop
  endfacet
  facet normal 0.925993 0.37754 0
    outer loop
      vertex 37.804 -10.9544 0
      vertex 37.8188 -10.9907 6.6
      vertex 37.8188 -10.9907 0
    endloop
  endfacet
  facet normal 0.900449 0.434962 0
    outer loop
      vertex 37.804 -10.9544 6.6
      vertex 37.7869 -10.919 0
      vertex 37.7869 -10.919 6.6
    endloop
  endfacet
  facet normal 0.900449 0.434962 0
    outer loop
      vertex 37.7869 -10.919 0
      vertex 37.804 -10.9544 6.6
      vertex 37.804 -10.9544 0
    endloop
  endfacet
  facet normal 0.869183 0.494491 0
    outer loop
      vertex 37.7869 -10.919 6.6
      vertex 37.7675 -10.8849 0
      vertex 37.7675 -10.8849 6.6
    endloop
  endfacet
  facet normal 0.869183 0.494491 0
    outer loop
      vertex 37.7675 -10.8849 0
      vertex 37.7869 -10.919 6.6
      vertex 37.7869 -10.919 0
    endloop
  endfacet
  facet normal 0.835171 0.549991 0
    outer loop
      vertex 37.7675 -10.8849 6.6
      vertex 37.7459 -10.8521 0
      vertex 37.7459 -10.8521 6.6
    endloop
  endfacet
  facet normal 0.835171 0.549991 0
    outer loop
      vertex 37.7459 -10.8521 0
      vertex 37.7675 -10.8849 6.6
      vertex 37.7675 -10.8849 0
    endloop
  endfacet
  facet normal 0.797241 0.603662 0
    outer loop
      vertex 37.7459 -10.8521 6.6
      vertex 37.7222 -10.8208 0
      vertex 37.7222 -10.8208 6.6
    endloop
  endfacet
  facet normal 0.797241 0.603662 0
    outer loop
      vertex 37.7222 -10.8208 0
      vertex 37.7459 -10.8521 6.6
      vertex 37.7459 -10.8521 0
    endloop
  endfacet
  facet normal 0.756193 0.654349 0
    outer loop
      vertex 37.7222 -10.8208 6.6
      vertex 37.6965 -10.7911 0
      vertex 37.6965 -10.7911 6.6
    endloop
  endfacet
  facet normal 0.756193 0.654349 0
    outer loop
      vertex 37.6965 -10.7911 0
      vertex 37.7222 -10.8208 6.6
      vertex 37.7222 -10.8208 0
    endloop
  endfacet
  facet normal 0.710919 0.703274 0
    outer loop
      vertex 37.6965 -10.7911 6.6
      vertex 37.6689 -10.7632 0
      vertex 37.6689 -10.7632 6.6
    endloop
  endfacet
  facet normal 0.710919 0.703274 0
    outer loop
      vertex 37.6689 -10.7632 0
      vertex 37.6965 -10.7911 6.6
      vertex 37.6965 -10.7911 0
    endloop
  endfacet
  facet normal 0.665154 0.746706 -0
    outer loop
      vertex 37.6689 -10.7632 0
      vertex 37.6396 -10.7371 6.6
      vertex 37.6689 -10.7632 6.6
    endloop
  endfacet
  facet normal 0.665154 0.746706 0
    outer loop
      vertex 37.6396 -10.7371 6.6
      vertex 37.6689 -10.7632 0
      vertex 37.6396 -10.7371 0
    endloop
  endfacet
  facet normal 0.613764 0.789489 -0
    outer loop
      vertex 37.6396 -10.7371 0
      vertex 37.6086 -10.713 6.6
      vertex 37.6396 -10.7371 6.6
    endloop
  endfacet
  facet normal 0.613764 0.789489 0
    outer loop
      vertex 37.6086 -10.713 6.6
      vertex 37.6396 -10.7371 0
      vertex 37.6086 -10.713 0
    endloop
  endfacet
  facet normal 0.587784 0.809018 -0
    outer loop
      vertex 37.6086 -10.713 0
      vertex 34.4809 -8.4406 6.6
      vertex 37.6086 -10.713 6.6
    endloop
  endfacet
  facet normal 0.587784 0.809018 0
    outer loop
      vertex 34.4809 -8.4406 6.6
      vertex 37.6086 -10.713 0
      vertex 34.4809 -8.4406 0
    endloop
  endfacet
  facet normal 0.972354 -0.233512 0
    outer loop
      vertex 34.4809 -8.4406 6.6
      vertex 34.5888 -7.9913 0
      vertex 34.5888 -7.9913 6.6
    endloop
  endfacet
  facet normal 0.972354 -0.233512 0
    outer loop
      vertex 34.5888 -7.9913 0
      vertex 34.4809 -8.4406 6.6
      vertex 34.4809 -8.4406 0
    endloop
  endfacet
  facet normal 0.973467 -0.228827 0
    outer loop
      vertex 34.5888 -7.9913 6.6
      vertex 34.5912 -7.98109 0
      vertex 34.5912 -7.98109 6.6
    endloop
  endfacet
  facet normal 0.973467 -0.228827 0
    outer loop
      vertex 34.5912 -7.98109 0
      vertex 34.5888 -7.9913 6.6
      vertex 34.5888 -7.9913 0
    endloop
  endfacet
  facet normal 0.9763 -0.21642 0
    outer loop
      vertex 34.5912 -7.98109 6.6
      vertex 34.7232 -7.38562 0
      vertex 34.7232 -7.38562 6.6
    endloop
  endfacet
  facet normal 0.9763 -0.21642 0
    outer loop
      vertex 34.7232 -7.38562 0
      vertex 34.5912 -7.98109 6.6
      vertex 34.5912 -7.98109 0
    endloop
  endfacet
  facet normal 0.979535 -0.201274 0
    outer loop
      vertex 34.7232 -7.38562 6.6
      vertex 34.7253 -7.3754 0
      vertex 34.7253 -7.3754 6.6
    endloop
  endfacet
  facet normal 0.979535 -0.201274 0
    outer loop
      vertex 34.7253 -7.3754 0
      vertex 34.7232 -7.38562 6.6
      vertex 34.7232 -7.38562 0
    endloop
  endfacet
  facet normal 0.979893 -0.199522 0
    outer loop
      vertex 34.7253 -7.3754 6.6
      vertex 34.8468 -6.77869 0
      vertex 34.8468 -6.77869 6.6
    endloop
  endfacet
  facet normal 0.979893 -0.199522 0
    outer loop
      vertex 34.8468 -6.77869 0
      vertex 34.7253 -7.3754 6.6
      vertex 34.7253 -7.3754 0
    endloop
  endfacet
  facet normal 0.981665 -0.190615 0
    outer loop
      vertex 34.8468 -6.77869 6.6
      vertex 34.8488 -6.76839 0
      vertex 34.8488 -6.76839 6.6
    endloop
  endfacet
  facet normal 0.981665 -0.190615 0
    outer loop
      vertex 34.8488 -6.76839 0
      vertex 34.8468 -6.77869 6.6
      vertex 34.8468 -6.77869 0
    endloop
  endfacet
  facet normal 0.983277 -0.182119 0
    outer loop
      vertex 34.8488 -6.76839 6.6
      vertex 34.9597 -6.16963 0
      vertex 34.9597 -6.16963 6.6
    endloop
  endfacet
  facet normal 0.983277 -0.182119 0
    outer loop
      vertex 34.9597 -6.16963 0
      vertex 34.8488 -6.76839 6.6
      vertex 34.8488 -6.76839 0
    endloop
  endfacet
  facet normal 0.985071 -0.172148 0
    outer loop
      vertex 34.9597 -6.16963 6.6
      vertex 34.9615 -6.15933 0
      vertex 34.9615 -6.15933 6.6
    endloop
  endfacet
  facet normal 0.985071 -0.172148 0
    outer loop
      vertex 34.9615 -6.15933 0
      vertex 34.9597 -6.16963 6.6
      vertex 34.9597 -6.16963 0
    endloop
  endfacet
  facet normal 0.98627 -0.16514 0
    outer loop
      vertex 34.9615 -6.15933 6.6
      vertex 35.062 -5.55911 0
      vertex 35.062 -5.55911 6.6
    endloop
  endfacet
  facet normal 0.98627 -0.16514 0
    outer loop
      vertex 35.062 -5.55911 0
      vertex 34.9615 -6.15933 6.6
      vertex 34.9615 -6.15933 0
    endloop
  endfacet
  facet normal 0.988239 -0.152919 0
    outer loop
      vertex 35.062 -5.55911 6.6
      vertex 35.0636 -5.54877 0
      vertex 35.0636 -5.54877 6.6
    endloop
  endfacet
  facet normal 0.988239 -0.152919 0
    outer loop
      vertex 35.0636 -5.54877 0
      vertex 35.062 -5.55911 6.6
      vertex 35.062 -5.55911 0
    endloop
  endfacet
  facet normal 0.989012 -0.147836 0
    outer loop
      vertex 35.0636 -5.54877 6.6
      vertex 35.1538 -4.94534 0
      vertex 35.1538 -4.94534 6.6
    endloop
  endfacet
  facet normal 0.989012 -0.147836 0
    outer loop
      vertex 35.1538 -4.94534 0
      vertex 35.0636 -5.54877 6.6
      vertex 35.0636 -5.54877 0
    endloop
  endfacet
  facet normal 0.98968 -0.143293 0
    outer loop
      vertex 35.1538 -4.94534 6.6
      vertex 35.1553 -4.93498 0
      vertex 35.1553 -4.93498 6.6
    endloop
  endfacet
  facet normal 0.98968 -0.143293 0
    outer loop
      vertex 35.1553 -4.93498 0
      vertex 35.1538 -4.94534 6.6
      vertex 35.1538 -4.94534 0
    endloop
  endfacet
  facet normal 0.991463 -0.130389 0
    outer loop
      vertex 35.1553 -4.93498 6.6
      vertex 35.2346 -4.33199 0
      vertex 35.2346 -4.33199 6.6
    endloop
  endfacet
  facet normal 0.991463 -0.130389 0
    outer loop
      vertex 35.2346 -4.33199 0
      vertex 35.1553 -4.93498 6.6
      vertex 35.1553 -4.93498 0
    endloop
  endfacet
  facet normal 0.992293 -0.123917 0
    outer loop
      vertex 35.2346 -4.33199 6.6
      vertex 35.2359 -4.32158 0
      vertex 35.2359 -4.32158 6.6
    endloop
  endfacet
  facet normal 0.992293 -0.123917 0
    outer loop
      vertex 35.2359 -4.32158 0
      vertex 35.2346 -4.33199 6.6
      vertex 35.2346 -4.33199 0
    endloop
  endfacet
  facet normal 0.99357 -0.113217 0
    outer loop
      vertex 35.2359 -4.32158 6.6
      vertex 35.3049 -3.71605 0
      vertex 35.3049 -3.71605 6.6
    endloop
  endfacet
  facet normal 0.99357 -0.113217 0
    outer loop
      vertex 35.3049 -3.71605 0
      vertex 35.2359 -4.32158 6.6
      vertex 35.2359 -4.32158 0
    endloop
  endfacet
  facet normal 0.994474 -0.104983 0
    outer loop
      vertex 35.3049 -3.71605 6.6
      vertex 35.306 -3.70563 0
      vertex 35.306 -3.70563 6.6
    endloop
  endfacet
  facet normal 0.994474 -0.104983 0
    outer loop
      vertex 35.306 -3.70563 0
      vertex 35.3049 -3.71605 6.6
      vertex 35.3049 -3.71605 0
    endloop
  endfacet
  facet normal 0.995389 -0.0959249 0
    outer loop
      vertex 35.306 -3.70563 6.6
      vertex 35.3645 -3.09859 0
      vertex 35.3645 -3.09859 6.6
    endloop
  endfacet
  facet normal 0.995389 -0.0959249 0
    outer loop
      vertex 35.3645 -3.09859 0
      vertex 35.306 -3.70563 6.6
      vertex 35.306 -3.70563 0
    endloop
  endfacet
  facet normal 0.996291 -0.086052 0
    outer loop
      vertex 35.3645 -3.09859 6.6
      vertex 35.3654 -3.08817 0
      vertex 35.3654 -3.08817 6.6
    endloop
  endfacet
  facet normal 0.996291 -0.086052 0
    outer loop
      vertex 35.3654 -3.08817 0
      vertex 35.3645 -3.09859 6.6
      vertex 35.3645 -3.09859 0
    endloop
  endfacet
  facet normal 0.996921 -0.0784097 0
    outer loop
      vertex 35.3654 -3.08817 6.6
      vertex 35.4131 -2.4817 0
      vertex 35.4131 -2.4817 6.6
    endloop
  endfacet
  facet normal 0.996921 -0.0784097 0
    outer loop
      vertex 35.4131 -2.4817 0
      vertex 35.3654 -3.08817 6.6
      vertex 35.3654 -3.08817 0
    endloop
  endfacet
  facet normal 0.997755 -0.0669635 0
    outer loop
      vertex 35.4131 -2.4817 6.6
      vertex 35.4138 -2.47127 0
      vertex 35.4138 -2.47127 6.6
    endloop
  endfacet
  facet normal 0.997755 -0.0669635 0
    outer loop
      vertex 35.4138 -2.47127 0
      vertex 35.4131 -2.4817 6.6
      vertex 35.4131 -2.4817 0
    endloop
  endfacet
  facet normal 0.998134 -0.061063 0
    outer loop
      vertex 35.4138 -2.47127 6.6
      vertex 35.451 -1.8632 0
      vertex 35.451 -1.8632 6.6
    endloop
  endfacet
  facet normal 0.998134 -0.061063 0
    outer loop
      vertex 35.451 -1.8632 0
      vertex 35.4138 -2.47127 6.6
      vertex 35.4138 -2.47127 0
    endloop
  endfacet
  facet normal 0.998359 -0.0572672 0
    outer loop
      vertex 35.451 -1.8632 6.6
      vertex 35.4516 -1.85274 0
      vertex 35.4516 -1.85274 6.6
    endloop
  endfacet
  facet normal 0.998359 -0.0572672 0
    outer loop
      vertex 35.4516 -1.85274 0
      vertex 35.451 -1.8632 6.6
      vertex 35.451 -1.8632 0
    endloop
  endfacet
  facet normal 0.999053 -0.0435049 0
    outer loop
      vertex 35.4516 -1.85274 6.6
      vertex 35.4781 -1.24419 0
      vertex 35.4781 -1.24419 6.6
    endloop
  endfacet
  facet normal 0.999053 -0.0435049 0
    outer loop
      vertex 35.4781 -1.24419 0
      vertex 35.4516 -1.85274 6.6
      vertex 35.4516 -1.85274 0
    endloop
  endfacet
  facet normal 0.999271 -0.0381765 0
    outer loop
      vertex 35.4781 -1.24419 6.6
      vertex 35.4785 -1.23372 0
      vertex 35.4785 -1.23372 6.6
    endloop
  endfacet
  facet normal 0.999271 -0.0381765 0
    outer loop
      vertex 35.4785 -1.23372 0
      vertex 35.4781 -1.24419 6.6
      vertex 35.4781 -1.24419 0
    endloop
  endfacet
  facet normal 0.999659 -0.0261036 0
    outer loop
      vertex 35.4785 -1.23372 6.6
      vertex 35.4944 -0.624817 0
      vertex 35.4944 -0.624817 6.6
    endloop
  endfacet
  facet normal 0.999659 -0.0261036 0
    outer loop
      vertex 35.4944 -0.624817 0
      vertex 35.4785 -1.23372 6.6
      vertex 35.4785 -1.23372 0
    endloop
  endfacet
  facet normal 0.999817 -0.0191316 0
    outer loop
      vertex 35.4944 -0.624817 6.6
      vertex 35.4946 -0.614365 0
      vertex 35.4946 -0.614365 6.6
    endloop
  endfacet
  facet normal 0.999817 -0.0191316 0
    outer loop
      vertex 35.4946 -0.614365 0
      vertex 35.4944 -0.624817 6.6
      vertex 35.4944 -0.624817 0
    endloop
  endfacet
  facet normal 0.999961 -0.00886496 0
    outer loop
      vertex 35.4946 -0.614365 6.6
      vertex 35.5 -0.00524902 0
      vertex 35.5 -0.00524902 6.6
    endloop
  endfacet
  facet normal 0.999961 -0.00886496 0
    outer loop
      vertex 35.5 -0.00524902 0
      vertex 35.4946 -0.614365 6.6
      vertex 35.4946 -0.614365 0
    endloop
  endfacet
  facet normal 1 -0 0
    outer loop
      vertex 35.5 -0.00524902 6.6
      vertex 35.5 0.00524902 0
      vertex 35.5 0.00524902 6.6
    endloop
  endfacet
  facet normal 1 0 0
    outer loop
      vertex 35.5 0.00524902 0
      vertex 35.5 -0.00524902 6.6
      vertex 35.5 -0.00524902 0
    endloop
  endfacet
  facet normal 0.999961 0.00886496 0
    outer loop
      vertex 35.5 0.00524902 6.6
      vertex 35.4946 0.614365 0
      vertex 35.4946 0.614365 6.6
    endloop
  endfacet
  facet normal 0.999961 0.00886496 0
    outer loop
      vertex 35.4946 0.614365 0
      vertex 35.5 0.00524902 6.6
      vertex 35.5 0.00524902 0
    endloop
  endfacet
  facet normal 0.999817 0.0191316 0
    outer loop
      vertex 35.4946 0.614365 6.6
      vertex 35.4944 0.624817 0
      vertex 35.4944 0.624817 6.6
    endloop
  endfacet
  facet normal 0.999817 0.0191316 0
    outer loop
      vertex 35.4944 0.624817 0
      vertex 35.4946 0.614365 6.6
      vertex 35.4946 0.614365 0
    endloop
  endfacet
  facet normal 0.999659 0.0261036 0
    outer loop
      vertex 35.4944 0.624817 6.6
      vertex 35.4785 1.23372 0
      vertex 35.4785 1.23372 6.6
    endloop
  endfacet
  facet normal 0.999659 0.0261036 0
    outer loop
      vertex 35.4785 1.23372 0
      vertex 35.4944 0.624817 6.6
      vertex 35.4944 0.624817 0
    endloop
  endfacet
  facet normal 0.999271 0.0381765 0
    outer loop
      vertex 35.4785 1.23372 6.6
      vertex 35.4781 1.24419 0
      vertex 35.4781 1.24419 6.6
    endloop
  endfacet
  facet normal 0.999271 0.0381765 0
    outer loop
      vertex 35.4781 1.24419 0
      vertex 35.4785 1.23372 6.6
      vertex 35.4785 1.23372 0
    endloop
  endfacet
  facet normal 0.999053 0.0435049 0
    outer loop
      vertex 35.4781 1.24419 6.6
      vertex 35.4516 1.85274 0
      vertex 35.4516 1.85274 6.6
    endloop
  endfacet
  facet normal 0.999053 0.0435049 0
    outer loop
      vertex 35.4516 1.85274 0
      vertex 35.4781 1.24419 6.6
      vertex 35.4781 1.24419 0
    endloop
  endfacet
  facet normal 0.998359 0.0572672 0
    outer loop
      vertex 35.4516 1.85274 6.6
      vertex 35.451 1.8632 0
      vertex 35.451 1.8632 6.6
    endloop
  endfacet
  facet normal 0.998359 0.0572672 0
    outer loop
      vertex 35.451 1.8632 0
      vertex 35.4516 1.85274 6.6
      vertex 35.4516 1.85274 0
    endloop
  endfacet
  facet normal 0.998134 0.061063 0
    outer loop
      vertex 35.451 1.8632 6.6
      vertex 35.4138 2.47127 0
      vertex 35.4138 2.47127 6.6
    endloop
  endfacet
  facet normal 0.998134 0.061063 0
    outer loop
      vertex 35.4138 2.47127 0
      vertex 35.451 1.8632 6.6
      vertex 35.451 1.8632 0
    endloop
  endfacet
  facet normal 0.997755 0.0669635 0
    outer loop
      vertex 35.4138 2.47127 6.6
      vertex 35.4131 2.4817 0
      vertex 35.4131 2.4817 6.6
    endloop
  endfacet
  facet normal 0.997755 0.0669635 0
    outer loop
      vertex 35.4131 2.4817 0
      vertex 35.4138 2.47127 6.6
      vertex 35.4138 2.47127 0
    endloop
  endfacet
  facet normal 0.996921 0.0784173 0
    outer loop
      vertex 35.4131 2.4817 6.6
      vertex 35.3655 3.08684 0
      vertex 35.3655 3.08684 6.6
    endloop
  endfacet
  facet normal 0.996921 0.0784173 0
    outer loop
      vertex 35.3655 3.08684 0
      vertex 35.4131 2.4817 6.6
      vertex 35.4131 2.4817 0
    endloop
  endfacet
  facet normal 0.25038 -0.968148 0
    outer loop
      vertex 35.3655 3.08684 0
      vertex 38.781 3.97015 6.6
      vertex 35.3655 3.08684 6.6
    endloop
  endfacet
  facet normal 0.25038 -0.968148 0
    outer loop
      vertex 38.781 3.97015 6.6
      vertex 35.3655 3.08684 0
      vertex 38.781 3.97015 0
    endloop
  endfacet
  facet normal 0.279214 -0.960229 0
    outer loop
      vertex 38.781 3.97015 0
      vertex 38.8157 3.98024 6.6
      vertex 38.781 3.97015 6.6
    endloop
  endfacet
  facet normal 0.279214 -0.960229 0
    outer loop
      vertex 38.8157 3.98024 6.6
      vertex 38.781 3.97015 0
      vertex 38.8157 3.98024 0
    endloop
  endfacet
  facet normal 0.338719 -0.940887 0
    outer loop
      vertex 38.8157 3.98024 0
      vertex 38.8527 3.99356 6.6
      vertex 38.8157 3.98024 6.6
    endloop
  endfacet
  facet normal 0.338719 -0.940887 0
    outer loop
      vertex 38.8527 3.99356 6.6
      vertex 38.8157 3.98024 0
      vertex 38.8527 3.99356 0
    endloop
  endfacet
  facet normal 0.39975 -0.916624 0
    outer loop
      vertex 38.8527 3.99356 0
      vertex 38.8887 4.00926 6.6
      vertex 38.8527 3.99356 6.6
    endloop
  endfacet
  facet normal 0.39975 -0.916624 0
    outer loop
      vertex 38.8887 4.00926 6.6
      vertex 38.8527 3.99356 0
      vertex 38.8887 4.00926 0
    endloop
  endfacet
  facet normal 0.459826 -0.888009 0
    outer loop
      vertex 38.8887 4.00926 0
      vertex 38.9235 4.02728 6.6
      vertex 38.8887 4.00926 6.6
    endloop
  endfacet
  facet normal 0.459826 -0.888009 0
    outer loop
      vertex 38.9235 4.02728 6.6
      vertex 38.8887 4.00926 0
      vertex 38.9235 4.02728 0
    endloop
  endfacet
  facet normal 0.515617 -0.856819 0
    outer loop
      vertex 38.9235 4.02728 0
      vertex 38.9572 4.04756 6.6
      vertex 38.9235 4.02728 6.6
    endloop
  endfacet
  facet normal 0.515617 -0.856819 0
    outer loop
      vertex 38.9572 4.04756 6.6
      vertex 38.9235 4.02728 0
      vertex 38.9572 4.04756 0
    endloop
  endfacet
  facet normal 0.571408 -0.820666 0
    outer loop
      vertex 38.9572 4.04756 0
      vertex 38.9894 4.06998 6.6
      vertex 38.9572 4.04756 6.6
    endloop
  endfacet
  facet normal 0.571408 -0.820666 0
    outer loop
      vertex 38.9894 4.06998 6.6
      vertex 38.9572 4.04756 0
      vertex 38.9894 4.06998 0
    endloop
  endfacet
  facet normal 0.623608 -0.781738 0
    outer loop
      vertex 38.9894 4.06998 0
      vertex 39.0201 4.09447 6.6
      vertex 38.9894 4.06998 6.6
    endloop
  endfacet
  facet normal 0.623608 -0.781738 0
    outer loop
      vertex 39.0201 4.09447 6.6
      vertex 38.9894 4.06998 0
      vertex 39.0201 4.09447 0
    endloop
  endfacet
  facet normal 0.673598 -0.739098 0
    outer loop
      vertex 39.0201 4.09447 0
      vertex 39.0491 4.1209 6.6
      vertex 39.0201 4.09447 6.6
    endloop
  endfacet
  facet normal 0.673598 -0.739098 0
    outer loop
      vertex 39.0491 4.1209 6.6
      vertex 39.0201 4.09447 0
      vertex 39.0491 4.1209 0
    endloop
  endfacet
  facet normal 0.71934 -0.694658 0
    outer loop
      vertex 39.0491 4.1209 6.6
      vertex 39.0764 4.14917 0
      vertex 39.0764 4.14917 6.6
    endloop
  endfacet
  facet normal 0.71934 -0.694658 0
    outer loop
      vertex 39.0764 4.14917 0
      vertex 39.0491 4.1209 6.6
      vertex 39.0491 4.1209 0
    endloop
  endfacet
  facet normal 0.764448 -0.644685 0
    outer loop
      vertex 39.0764 4.14917 6.6
      vertex 39.1017 4.17917 0
      vertex 39.1017 4.17917 6.6
    endloop
  endfacet
  facet normal 0.764448 -0.644685 0
    outer loop
      vertex 39.1017 4.17917 0
      vertex 39.0764 4.14917 6.6
      vertex 39.0764 4.14917 0
    endloop
  endfacet
  facet normal 0.804864 -0.59346 0
    outer loop
      vertex 39.1017 4.17917 6.6
      vertex 39.125 4.21077 0
      vertex 39.125 4.21077 6.6
    endloop
  endfacet
  facet normal 0.804864 -0.59346 0
    outer loop
      vertex 39.125 4.21077 0
      vertex 39.1017 4.17917 6.6
      vertex 39.1017 4.17917 0
    endloop
  endfacet
  facet normal 0.841716 -0.539921 0
    outer loop
      vertex 39.125 4.21077 6.6
      vertex 39.1462 4.24382 0
      vertex 39.1462 4.24382 6.6
    endloop
  endfacet
  facet normal 0.841716 -0.539921 0
    outer loop
      vertex 39.1462 4.24382 0
      vertex 39.125 4.21077 6.6
      vertex 39.125 4.21077 0
    endloop
  endfacet
  facet normal 0.875117 -0.483912 0
    outer loop
      vertex 39.1462 4.24382 6.6
      vertex 39.1652 4.27818 0
      vertex 39.1652 4.27818 6.6
    endloop
  endfacet
  facet normal 0.875117 -0.483912 0
    outer loop
      vertex 39.1652 4.27818 0
      vertex 39.1462 4.24382 6.6
      vertex 39.1462 4.24382 0
    endloop
  endfacet
  facet normal 0.905061 -0.425282 0
    outer loop
      vertex 39.1652 4.27818 6.6
      vertex 39.1819 4.31372 0
      vertex 39.1819 4.31372 6.6
    endloop
  endfacet
  facet normal 0.905061 -0.425282 0
    outer loop
      vertex 39.1819 4.31372 0
      vertex 39.1652 4.27818 6.6
      vertex 39.1652 4.27818 0
    endloop
  endfacet
  facet normal 0.931262 -0.364351 0
    outer loop
      vertex 39.1819 4.31372 6.6
      vertex 39.1962 4.35027 0
      vertex 39.1962 4.35027 6.6
    endloop
  endfacet
  facet normal 0.931262 -0.364351 0
    outer loop
      vertex 39.1962 4.35027 0
      vertex 39.1819 4.31372 6.6
      vertex 39.1819 4.31372 0
    endloop
  endfacet
  facet normal 0.952949 -0.30313 0
    outer loop
      vertex 39.1962 4.35027 6.6
      vertex 39.2081 4.38768 0
      vertex 39.2081 4.38768 6.6
    endloop
  endfacet
  facet normal 0.952949 -0.30313 0
    outer loop
      vertex 39.2081 4.38768 0
      vertex 39.1962 4.35027 6.6
      vertex 39.1962 4.35027 0
    endloop
  endfacet
  facet normal 0.970292 -0.241936 0
    outer loop
      vertex 39.2081 4.38768 6.6
      vertex 39.2176 4.42578 0
      vertex 39.2176 4.42578 6.6
    endloop
  endfacet
  facet normal 0.970292 -0.241936 0
    outer loop
      vertex 39.2176 4.42578 0
      vertex 39.2081 4.38768 6.6
      vertex 39.2081 4.38768 0
    endloop
  endfacet
  facet normal 0.984435 -0.175747 0
    outer loop
      vertex 39.2176 4.42578 6.6
      vertex 39.2245 4.46443 0
      vertex 39.2245 4.46443 6.6
    endloop
  endfacet
  facet normal 0.984435 -0.175747 0
    outer loop
      vertex 39.2245 4.46443 0
      vertex 39.2176 4.42578 6.6
      vertex 39.2176 4.42578 0
    endloop
  endfacet
  facet normal 0.993702 -0.112053 0
    outer loop
      vertex 39.2245 4.46443 6.6
      vertex 39.2289 4.50345 0
      vertex 39.2289 4.50345 6.6
    endloop
  endfacet
  facet normal 0.993702 -0.112053 0
    outer loop
      vertex 39.2289 4.50345 0
      vertex 39.2245 4.46443 6.6
      vertex 39.2245 4.46443 0
    endloop
  endfacet
  facet normal 0.998828 -0.0484002 0
    outer loop
      vertex 39.2289 4.50345 6.6
      vertex 39.2308 4.54266 0
      vertex 39.2308 4.54266 6.6
    endloop
  endfacet
  facet normal 0.998828 -0.0484002 0
    outer loop
      vertex 39.2308 4.54266 0
      vertex 39.2289 4.50345 6.6
      vertex 39.2289 4.50345 0
    endloop
  endfacet
  facet normal 0.999792 0.0203727 0
    outer loop
      vertex 39.2308 4.54266 6.6
      vertex 39.23 4.58192 0
      vertex 39.23 4.58192 6.6
    endloop
  endfacet
  facet normal 0.999792 0.0203727 0
    outer loop
      vertex 39.23 4.58192 0
      vertex 39.2308 4.54266 6.6
      vertex 39.2308 4.54266 0
    endloop
  endfacet
  facet normal 0.996463 0.084036 0
    outer loop
      vertex 39.23 4.58192 6.6
      vertex 39.2267 4.62105 0
      vertex 39.2267 4.62105 6.6
    endloop
  endfacet
  facet normal 0.996463 0.084036 0
    outer loop
      vertex 39.2267 4.62105 0
      vertex 39.23 4.58192 6.6
      vertex 39.23 4.58192 0
    endloop
  endfacet
  facet normal 0.993171 0.11667 0
    outer loop
      vertex 39.2267 4.62105 6.6
      vertex 39.1285 5.45699 0
      vertex 39.1285 5.45699 6.6
    endloop
  endfacet
  facet normal 0.993171 0.11667 0
    outer loop
      vertex 39.1285 5.45699 0
      vertex 39.2267 4.62105 6.6
      vertex 39.2267 4.62105 0
    endloop
  endfacet
  facet normal 0.990771 0.135548 0
    outer loop
      vertex 39.1285 5.45699 6.6
      vertex 39.1253 5.48038 0
      vertex 39.1253 5.48038 6.6
    endloop
  endfacet
  facet normal 0.990771 0.135548 0
    outer loop
      vertex 39.1253 5.48038 0
      vertex 39.1285 5.45699 6.6
      vertex 39.1285 5.45699 0
    endloop
  endfacet
  facet normal 0.987807 0.155684 0
    outer loop
      vertex 39.1253 5.48038 6.6
      vertex 38.9144 6.81853 0
      vertex 38.9144 6.81853 6.6
    endloop
  endfacet
  facet normal 0.987807 0.155684 0
    outer loop
      vertex 38.9144 6.81853 0
      vertex 39.1253 5.48038 6.6
      vertex 39.1253 5.48038 0
    endloop
  endfacet
  facet normal 0.985043 0.172311 0
    outer loop
      vertex 38.9144 6.81853 6.6
      vertex 38.9108 6.83911 0
      vertex 38.9108 6.83911 6.6
    endloop
  endfacet
  facet normal 0.985043 0.172311 0
    outer loop
      vertex 38.9108 6.83911 0
      vertex 38.9144 6.81853 6.6
      vertex 38.9144 6.81853 0
    endloop
  endfacet
  facet normal 0.981789 0.189976 0
    outer loop
      vertex 38.9108 6.83911 6.6
      vertex 38.6533 8.16986 0
      vertex 38.6533 8.16986 6.6
    endloop
  endfacet
  facet normal 0.981789 0.189976 0
    outer loop
      vertex 38.6533 8.16986 0
      vertex 38.9108 6.83911 6.6
      vertex 38.9108 6.83911 0
    endloop
  endfacet
  facet normal 0.978621 0.205673 0
    outer loop
      vertex 38.6533 8.16986 6.6
      vertex 38.649 8.19032 0
      vertex 38.649 8.19032 6.6
    endloop
  endfacet
  facet normal 0.978621 0.205673 0
    outer loop
      vertex 38.649 8.19032 0
      vertex 38.6533 8.16986 6.6
      vertex 38.6533 8.16986 0
    endloop
  endfacet
  facet normal 0.974561 0.224123 0
    outer loop
      vertex 38.649 8.19032 6.6
      vertex 38.3449 9.51265 0
      vertex 38.3449 9.51265 6.6
    endloop
  endfacet
  facet normal 0.974561 0.224123 0
    outer loop
      vertex 38.3449 9.51265 0
      vertex 38.649 8.19032 6.6
      vertex 38.649 8.19032 0
    endloop
  endfacet
  facet normal 0.970953 0.239269 0
    outer loop
      vertex 38.3449 9.51265 6.6
      vertex 38.3399 9.53294 0
      vertex 38.3399 9.53294 6.6
    endloop
  endfacet
  facet normal 0.970953 0.239269 0
    outer loop
      vertex 38.3399 9.53294 0
      vertex 38.3449 9.51265 6.6
      vertex 38.3449 9.51265 0
    endloop
  endfacet
  facet normal 0.966164 0.257927 0
    outer loop
      vertex 38.3399 9.53294 6.6
      vertex 37.9903 10.8425 0
      vertex 37.9903 10.8425 6.6
    endloop
  endfacet
  facet normal 0.966164 0.257927 0
    outer loop
      vertex 37.9903 10.8425 0
      vertex 38.3399 9.53294 6.6
      vertex 38.3399 9.53294 0
    endloop
  endfacet
  facet normal 0.962064 0.272824 0
    outer loop
      vertex 37.9903 10.8425 6.6
      vertex 37.9846 10.8626 0
      vertex 37.9846 10.8626 6.6
    endloop
  endfacet
  facet normal 0.962064 0.272824 0
    outer loop
      vertex 37.9846 10.8626 0
      vertex 37.9903 10.8425 6.6
      vertex 37.9903 10.8425 0
    endloop
  endfacet
  facet normal 0.956604 0.29139 0
    outer loop
      vertex 37.9846 10.8626 6.6
      vertex 37.5894 12.16 0
      vertex 37.5894 12.16 6.6
    endloop
  endfacet
  facet normal 0.956604 0.29139 0
    outer loop
      vertex 37.5894 12.16 0
      vertex 37.9846 10.8626 6.6
      vertex 37.9846 10.8626 0
    endloop
  endfacet
  facet normal 0.950577 0.31049 0
    outer loop
      vertex 37.5894 12.16 6.6
      vertex 37.5829 12.1799 0
      vertex 37.5829 12.1799 6.6
    endloop
  endfacet
  facet normal 0.950577 0.31049 0
    outer loop
      vertex 37.5829 12.1799 0
      vertex 37.5894 12.16 6.6
      vertex 37.5894 12.16 0
    endloop
  endfacet
  facet normal 0.945874 0.324534 0
    outer loop
      vertex 37.5829 12.1799 6.6
      vertex 37.1428 13.4626 0
      vertex 37.1428 13.4626 6.6
    endloop
  endfacet
  facet normal 0.945874 0.324534 0
    outer loop
      vertex 37.1428 13.4626 0
      vertex 37.5829 12.1799 6.6
      vertex 37.5829 12.1799 0
    endloop
  endfacet
  facet normal 0.93867 0.344817 0
    outer loop
      vertex 37.1428 13.4626 6.6
      vertex 37.1356 13.4822 0
      vertex 37.1356 13.4822 6.6
    endloop
  endfacet
  facet normal 0.93867 0.344817 0
    outer loop
      vertex 37.1356 13.4822 0
      vertex 37.1428 13.4626 6.6
      vertex 37.1428 13.4626 0
    endloop
  endfacet
  facet normal 0.933981 0.357323 0
    outer loop
      vertex 37.1356 13.4822 6.6
      vertex 36.6511 14.7486 0
      vertex 36.6511 14.7486 6.6
    endloop
  endfacet
  facet normal 0.933981 0.357323 0
    outer loop
      vertex 36.6511 14.7486 0
      vertex 37.1356 13.4822 6.6
      vertex 37.1356 13.4822 0
    endloop
  endfacet
  facet normal 0.927816 0.373039 0
    outer loop
      vertex 36.6511 14.7486 6.6
      vertex 36.6433 14.768 0
      vertex 36.6433 14.768 6.6
    endloop
  endfacet
  facet normal 0.927816 0.373039 0
    outer loop
      vertex 36.6433 14.768 0
      vertex 36.6511 14.7486 6.6
      vertex 36.6511 14.7486 0
    endloop
  endfacet
  facet normal 0.920948 0.389686 0
    outer loop
      vertex 36.6433 14.768 6.6
      vertex 36.1151 16.0163 0
      vertex 36.1151 16.0163 6.6
    endloop
  endfacet
  facet normal 0.920948 0.389686 0
    outer loop
      vertex 36.1151 16.0163 0
      vertex 36.6433 14.768 6.6
      vertex 36.6433 14.768 0
    endloop
  endfacet
  facet normal 0.913614 0.406582 0
    outer loop
      vertex 36.1151 16.0163 6.6
      vertex 36.1066 16.0354 0
      vertex 36.1066 16.0354 6.6
    endloop
  endfacet
  facet normal 0.913614 0.406582 0
    outer loop
      vertex 36.1066 16.0354 0
      vertex 36.1151 16.0163 6.6
      vertex 36.1151 16.0163 0
    endloop
  endfacet
  facet normal 0.906828 0.421501 0
    outer loop
      vertex 36.1066 16.0354 6.6
      vertex 35.5347 17.2658 0
      vertex 35.5347 17.2658 6.6
    endloop
  endfacet
  facet normal 0.906828 0.421501 0
    outer loop
      vertex 35.5347 17.2658 0
      vertex 36.1066 16.0354 6.6
      vertex 36.1066 16.0354 0
    endloop
  endfacet
  facet normal 0.901002 0.433816 0
    outer loop
      vertex 35.5347 17.2658 6.6
      vertex 35.5256 17.2847 0
      vertex 35.5256 17.2847 6.6
    endloop
  endfacet
  facet normal 0.901002 0.433816 0
    outer loop
      vertex 35.5256 17.2847 0
      vertex 35.5347 17.2658 6.6
      vertex 35.5347 17.2658 0
    endloop
  endfacet
  facet normal 0.891547 0.452929 0
    outer loop
      vertex 35.5256 17.2847 6.6
      vertex 34.9116 18.4933 0
      vertex 34.9116 18.4933 6.6
    endloop
  endfacet
  facet normal 0.891547 0.452929 0
    outer loop
      vertex 34.9116 18.4933 0
      vertex 35.5256 17.2847 6.6
      vertex 35.5256 17.2847 0
    endloop
  endfacet
  facet normal 0.885644 0.464365 0
    outer loop
      vertex 34.9116 18.4933 6.6
      vertex 34.9019 18.5118 0
      vertex 34.9019 18.5118 6.6
    endloop
  endfacet
  facet normal 0.885644 0.464365 0
    outer loop
      vertex 34.9019 18.5118 0
      vertex 34.9116 18.4933 6.6
      vertex 34.9116 18.4933 0
    endloop
  endfacet
  facet normal 0.875241 0.483688 0
    outer loop
      vertex 34.9019 18.5118 6.6
      vertex 34.2462 19.6983 0
      vertex 34.2462 19.6983 6.6
    endloop
  endfacet
  facet normal 0.875241 0.483688 0
    outer loop
      vertex 34.2462 19.6983 0
      vertex 34.9019 18.5118 6.6
      vertex 34.9019 18.5118 0
    endloop
  endfacet
  facet normal 0.86499 0.50179 0
    outer loop
      vertex 34.2462 19.6983 6.6
      vertex 34.2357 19.7164 0
      vertex 34.2357 19.7164 6.6
    endloop
  endfacet
  facet normal 0.86499 0.50179 0
    outer loop
      vertex 34.2357 19.7164 0
      vertex 34.2462 19.6983 6.6
      vertex 34.2462 19.6983 0
    endloop
  endfacet
  facet normal 0.857889 0.513834 0
    outer loop
      vertex 34.2357 19.7164 6.6
      vertex 33.5387 20.8801 0
      vertex 33.5387 20.8801 6.6
    endloop
  endfacet
  facet normal 0.857889 0.513834 0
    outer loop
      vertex 33.5387 20.8801 0
      vertex 34.2357 19.7164 6.6
      vertex 34.2357 19.7164 0
    endloop
  endfacet
  facet normal 0.848533 0.529142 0
    outer loop
      vertex 33.5387 20.8801 6.6
      vertex 33.5276 20.8979 0
      vertex 33.5276 20.8979 6.6
    endloop
  endfacet
  facet normal 0.848533 0.529142 0
    outer loop
      vertex 33.5276 20.8979 0
      vertex 33.5387 20.8801 6.6
      vertex 33.5387 20.8801 0
    endloop
  endfacet
  facet normal 0.839432 0.543465 0
    outer loop
      vertex 33.5276 20.8979 6.6
      vertex 32.7909 22.0358 0
      vertex 32.7909 22.0358 6.6
    endloop
  endfacet
  facet normal 0.839432 0.543465 0
    outer loop
      vertex 32.7909 22.0358 0
      vertex 33.5276 20.8979 6.6
      vertex 33.5276 20.8979 0
    endloop
  endfacet
  facet normal 0.83205 0.5547 0
    outer loop
      vertex 32.7909 22.0358 6.6
      vertex 32.7793 22.0532 0
      vertex 32.7793 22.0532 6.6
    endloop
  endfacet
  facet normal 0.83205 0.5547 0
    outer loop
      vertex 32.7793 22.0532 0
      vertex 32.7909 22.0358 6.6
      vertex 32.7909 22.0358 0
    endloop
  endfacet
  facet normal 0.819983 0.572388 0
    outer loop
      vertex 32.7793 22.0532 6.6
      vertex 32.003 23.1653 0
      vertex 32.003 23.1653 6.6
    endloop
  endfacet
  facet normal 0.819983 0.572388 0
    outer loop
      vertex 32.003 23.1653 0
      vertex 32.7793 22.0532 6.6
      vertex 32.7793 22.0532 0
    endloop
  endfacet
  facet normal 0.810806 0.585315 0
    outer loop
      vertex 32.003 23.1653 6.6
      vertex 31.9908 23.1822 0
      vertex 31.9908 23.1822 6.6
    endloop
  endfacet
  facet normal 0.810806 0.585315 0
    outer loop
      vertex 31.9908 23.1822 0
      vertex 32.003 23.1653 6.6
      vertex 32.003 23.1653 0
    endloop
  endfacet
  facet normal 0.79954 0.600613 0
    outer loop
      vertex 31.9908 23.1822 6.6
      vertex 31.1765 24.2662 0
      vertex 31.1765 24.2662 6.6
    endloop
  endfacet
  facet normal 0.79954 0.600613 0
    outer loop
      vertex 31.1765 24.2662 0
      vertex 31.9908 23.1822 6.6
      vertex 31.9908 23.1822 0
    endloop
  endfacet
  facet normal 0.790125 0.612946 0
    outer loop
      vertex 31.1765 24.2662 6.6
      vertex 31.1637 24.2827 0
      vertex 31.1637 24.2827 6.6
    endloop
  endfacet
  facet normal 0.790125 0.612946 0
    outer loop
      vertex 31.1637 24.2827 0
      vertex 31.1765 24.2662 6.6
      vertex 31.1765 24.2662 0
    endloop
  endfacet
  facet normal 0.778106 0.628133 0
    outer loop
      vertex 31.1637 24.2827 6.6
      vertex 30.3118 25.338 0
      vertex 30.3118 25.338 6.6
    endloop
  endfacet
  facet normal 0.778106 0.628133 0
    outer loop
      vertex 30.3118 25.338 0
      vertex 31.1637 24.2827 6.6
      vertex 31.1637 24.2827 0
    endloop
  endfacet
  facet normal 0.768612 0.639715 0
    outer loop
      vertex 30.3118 25.338 6.6
      vertex 30.2984 25.3541 0
      vertex 30.2984 25.3541 6.6
    endloop
  endfacet
  facet normal 0.768612 0.639715 0
    outer loop
      vertex 30.2984 25.3541 0
      vertex 30.3118 25.338 6.6
      vertex 30.3118 25.338 0
    endloop
  endfacet
  facet normal 0.755811 0.65479 0
    outer loop
      vertex 30.2984 25.3541 6.6
      vertex 29.4104 26.3791 0
      vertex 29.4104 26.3791 6.6
    endloop
  endfacet
  facet normal 0.755811 0.65479 0
    outer loop
      vertex 29.4104 26.3791 0
      vertex 30.2984 25.3541 6.6
      vertex 30.2984 25.3541 0
    endloop
  endfacet
  facet normal 0.742103 0.670286 0
    outer loop
      vertex 29.4104 26.3791 6.6
      vertex 29.3964 26.3946 0
      vertex 29.3964 26.3946 6.6
    endloop
  endfacet
  facet normal 0.742103 0.670286 0
    outer loop
      vertex 29.3964 26.3946 0
      vertex 29.4104 26.3791 6.6
      vertex 29.4104 26.3791 0
    endloop
  endfacet
  facet normal 0.73252 0.680745 0
    outer loop
      vertex 29.3964 26.3946 6.6
      vertex 28.4734 27.3878 0
      vertex 28.4734 27.3878 6.6
    endloop
  endfacet
  facet normal 0.73252 0.680745 0
    outer loop
      vertex 28.4734 27.3878 0
      vertex 29.3964 26.3946 6.6
      vertex 29.3964 26.3946 0
    endloop
  endfacet
  facet normal 0.718988 0.695022 0
    outer loop
      vertex 28.4734 27.3878 6.6
      vertex 28.4589 27.4028 0
      vertex 28.4589 27.4028 6.6
    endloop
  endfacet
  facet normal 0.718988 0.695022 0
    outer loop
      vertex 28.4589 27.4028 0
      vertex 28.4734 27.3878 6.6
      vertex 28.4734 27.3878 0
    endloop
  endfacet
  facet normal 0.70836 0.705852 0
    outer loop
      vertex 28.4589 27.4028 6.6
      vertex 27.5019 28.3632 0
      vertex 27.5019 28.3632 6.6
    endloop
  endfacet
  facet normal 0.70836 0.705852 0
    outer loop
      vertex 27.5019 28.3632 0
      vertex 28.4589 27.4028 6.6
      vertex 28.4589 27.4028 0
    endloop
  endfacet
  facet normal 0.695104 0.718909 -0
    outer loop
      vertex 27.5019 28.3632 0
      vertex 27.4868 28.3778 6.6
      vertex 27.5019 28.3632 6.6
    endloop
  endfacet
  facet normal 0.695104 0.718909 0
    outer loop
      vertex 27.4868 28.3778 6.6
      vertex 27.5019 28.3632 0
      vertex 27.4868 28.3778 0
    endloop
  endfacet
  facet normal 0.683306 0.730133 -0
    outer loop
      vertex 27.4868 28.3778 0
      vertex 26.4967 29.3044 6.6
      vertex 27.4868 28.3778 6.6
    endloop
  endfacet
  facet normal 0.683306 0.730133 0
    outer loop
      vertex 26.4967 29.3044 6.6
      vertex 27.4868 28.3778 0
      vertex 26.4967 29.3044 0
    endloop
  endfacet
  facet normal 0.670286 0.742103 -0
    outer loop
      vertex 26.4967 29.3044 0
      vertex 26.4812 29.3184 6.6
      vertex 26.4967 29.3044 6.6
    endloop
  endfacet
  facet normal 0.670286 0.742103 0
    outer loop
      vertex 26.4812 29.3184 6.6
      vertex 26.4967 29.3044 0
      vertex 26.4812 29.3184 0
    endloop
  endfacet
  facet normal 0.657465 0.753485 -0
    outer loop
      vertex 26.4812 29.3184 0
      vertex 25.4595 30.2099 6.6
      vertex 26.4812 29.3184 6.6
    endloop
  endfacet
  facet normal 0.657465 0.753485 0
    outer loop
      vertex 25.4595 30.2099 6.6
      vertex 26.4812 29.3184 0
      vertex 25.4595 30.2099 0
    endloop
  endfacet
  facet normal 0.644871 0.764291 -0
    outer loop
      vertex 25.4595 30.2099 0
      vertex 25.4435 30.2234 6.6
      vertex 25.4595 30.2099 6.6
    endloop
  endfacet
  facet normal 0.644871 0.764291 0
    outer loop
      vertex 25.4435 30.2234 6.6
      vertex 25.4595 30.2099 0
      vertex 25.4435 30.2234 0
    endloop
  endfacet
  facet normal 0.630781 0.775961 -0
    outer loop
      vertex 25.4435 30.2234 0
      vertex 24.3911 31.0789 6.6
      vertex 25.4435 30.2234 6.6
    endloop
  endfacet
  facet normal 0.630781 0.775961 0
    outer loop
      vertex 24.3911 31.0789 6.6
      vertex 25.4435 30.2234 0
      vertex 24.3911 31.0789 0
    endloop
  endfacet
  facet normal 0.618245 0.785986 -0
    outer loop
      vertex 24.3911 31.0789 0
      vertex 24.3747 31.0918 6.6
      vertex 24.3911 31.0789 6.6
    endloop
  endfacet
  facet normal 0.618245 0.785986 0
    outer loop
      vertex 24.3747 31.0918 6.6
      vertex 24.3911 31.0789 0
      vertex 24.3747 31.0918 0
    endloop
  endfacet
  facet normal 0.60334 0.797484 -0
    outer loop
      vertex 24.3747 31.0918 0
      vertex 23.6271 31.6574 6.6
      vertex 24.3747 31.0918 6.6
    endloop
  endfacet
  facet normal 0.60334 0.797484 0
    outer loop
      vertex 23.6271 31.6574 6.6
      vertex 24.3747 31.0918 0
      vertex 23.6271 31.6574 0
    endloop
  endfacet
  facet normal 0.579485 0.814983 -0
    outer loop
      vertex 23.6271 31.6574 0
      vertex 23.5963 31.6793 6.6
      vertex 23.6271 31.6574 6.6
    endloop
  endfacet
  facet normal 0.579485 0.814983 0
    outer loop
      vertex 23.5963 31.6793 6.6
      vertex 23.6271 31.6574 0
      vertex 23.5963 31.6793 0
    endloop
  endfacet
  facet normal 0.521965 0.852967 -0
    outer loop
      vertex 23.5963 31.6793 0
      vertex 23.5628 31.6998 6.6
      vertex 23.5963 31.6793 6.6
    endloop
  endfacet
  facet normal 0.521965 0.852967 0
    outer loop
      vertex 23.5628 31.6998 6.6
      vertex 23.5963 31.6793 0
      vertex 23.5628 31.6998 0
    endloop
  endfacet
  facet normal 0.468473 0.883478 -0
    outer loop
      vertex 23.5628 31.6998 0
      vertex 23.5281 31.7182 6.6
      vertex 23.5628 31.6998 6.6
    endloop
  endfacet
  facet normal 0.468473 0.883478 0
    outer loop
      vertex 23.5281 31.7182 6.6
      vertex 23.5628 31.6998 0
      vertex 23.5281 31.7182 0
    endloop
  endfacet
  facet normal 0.410153 0.912017 -0
    outer loop
      vertex 23.5281 31.7182 0
      vertex 23.4923 31.7343 6.6
      vertex 23.5281 31.7182 6.6
    endloop
  endfacet
  facet normal 0.410153 0.912017 0
    outer loop
      vertex 23.4923 31.7343 6.6
      vertex 23.5281 31.7182 0
      vertex 23.4923 31.7343 0
    endloop
  endfacet
  facet normal 0.34665 0.937994 -0
    outer loop
      vertex 23.4923 31.7343 0
      vertex 23.4555 31.7479 6.6
      vertex 23.4923 31.7343 6.6
    endloop
  endfacet
  facet normal 0.34665 0.937994 0
    outer loop
      vertex 23.4555 31.7479 6.6
      vertex 23.4923 31.7343 0
      vertex 23.4555 31.7479 0
    endloop
  endfacet
  facet normal 0.287815 0.957686 -0
    outer loop
      vertex 23.4555 31.7479 0
      vertex 23.4179 31.7592 6.6
      vertex 23.4555 31.7479 6.6
    endloop
  endfacet
  facet normal 0.287815 0.957686 0
    outer loop
      vertex 23.4179 31.7592 6.6
      vertex 23.4555 31.7479 0
      vertex 23.4179 31.7592 0
    endloop
  endfacet
  facet normal 0.221511 0.975158 -0
    outer loop
      vertex 23.4179 31.7592 0
      vertex 23.3796 31.7679 6.6
      vertex 23.4179 31.7592 6.6
    endloop
  endfacet
  facet normal 0.221511 0.975158 0
    outer loop
      vertex 23.3796 31.7679 6.6
      vertex 23.4179 31.7592 0
      vertex 23.3796 31.7679 0
    endloop
  endfacet
  facet normal 0.157792 0.987472 -0
    outer loop
      vertex 23.3796 31.7679 0
      vertex 23.3408 31.7741 6.6
      vertex 23.3796 31.7679 6.6
    endloop
  endfacet
  facet normal 0.157792 0.987472 0
    outer loop
      vertex 23.3408 31.7741 6.6
      vertex 23.3796 31.7679 0
      vertex 23.3408 31.7741 0
    endloop
  endfacet
  facet normal 0.0942083 0.995553 -0
    outer loop
      vertex 23.3408 31.7741 0
      vertex 23.3017 31.7778 6.6
      vertex 23.3408 31.7741 6.6
    endloop
  endfacet
  facet normal 0.0942083 0.995553 0
    outer loop
      vertex 23.3017 31.7778 6.6
      vertex 23.3408 31.7741 0
      vertex 23.3017 31.7778 0
    endloop
  endfacet
  facet normal 0.0280502 0.999607 -0
    outer loop
      vertex 23.3017 31.7778 0
      vertex 23.2625 31.7789 6.6
      vertex 23.3017 31.7778 6.6
    endloop
  endfacet
  facet normal 0.0280502 0.999607 0
    outer loop
      vertex 23.2625 31.7789 6.6
      vertex 23.3017 31.7778 0
      vertex 23.2625 31.7789 0
    endloop
  endfacet
  facet normal -0.0356915 0.999363 0
    outer loop
      vertex 23.2625 31.7789 0
      vertex 23.2233 31.7775 6.6
      vertex 23.2625 31.7789 6.6
    endloop
  endfacet
  facet normal -0.0356915 0.999363 0
    outer loop
      vertex 23.2233 31.7775 6.6
      vertex 23.2625 31.7789 0
      vertex 23.2233 31.7775 0
    endloop
  endfacet
  facet normal -0.104288 0.994547 0
    outer loop
      vertex 23.2233 31.7775 0
      vertex 23.1842 31.7734 6.6
      vertex 23.2233 31.7775 6.6
    endloop
  endfacet
  facet normal -0.104288 0.994547 0
    outer loop
      vertex 23.1842 31.7734 6.6
      vertex 23.2233 31.7775 0
      vertex 23.1842 31.7734 0
    endloop
  endfacet
  facet normal -0.165639 0.986187 0
    outer loop
      vertex 23.1842 31.7734 0
      vertex 23.1455 31.7669 6.6
      vertex 23.1842 31.7734 6.6
    endloop
  endfacet
  facet normal -0.165639 0.986187 0
    outer loop
      vertex 23.1455 31.7669 6.6
      vertex 23.1842 31.7734 0
      vertex 23.1455 31.7669 0
    endloop
  endfacet
  facet normal -0.231735 0.972779 0
    outer loop
      vertex 23.1455 31.7669 0
      vertex 23.1073 31.7578 6.6
      vertex 23.1455 31.7669 6.6
    endloop
  endfacet
  facet normal -0.231735 0.972779 0
    outer loop
      vertex 23.1073 31.7578 6.6
      vertex 23.1455 31.7669 0
      vertex 23.1073 31.7578 0
    endloop
  endfacet
  facet normal -0.295518 0.955337 0
    outer loop
      vertex 23.1073 31.7578 0
      vertex 23.0698 31.7462 6.6
      vertex 23.1073 31.7578 6.6
    endloop
  endfacet
  facet normal -0.295518 0.955337 0
    outer loop
      vertex 23.0698 31.7462 6.6
      vertex 23.1073 31.7578 0
      vertex 23.0698 31.7462 0
    endloop
  endfacet
  facet normal -0.356419 0.934326 0
    outer loop
      vertex 23.0698 31.7462 0
      vertex 23.0331 31.7322 6.6
      vertex 23.0698 31.7462 6.6
    endloop
  endfacet
  facet normal -0.356419 0.934326 0
    outer loop
      vertex 23.0331 31.7322 6.6
      vertex 23.0698 31.7462 0
      vertex 23.0331 31.7322 0
    endloop
  endfacet
  facet normal -0.415338 0.909667 0
    outer loop
      vertex 23.0331 31.7322 0
      vertex 22.9974 31.7159 6.6
      vertex 23.0331 31.7322 6.6
    endloop
  endfacet
  facet normal -0.415338 0.909667 0
    outer loop
      vertex 22.9974 31.7159 6.6
      vertex 23.0331 31.7322 0
      vertex 22.9974 31.7159 0
    endloop
  endfacet
  facet normal -0.475464 0.879735 0
    outer loop
      vertex 22.9974 31.7159 0
      vertex 22.9628 31.6972 6.6
      vertex 22.9974 31.7159 6.6
    endloop
  endfacet
  facet normal -0.475464 0.879735 0
    outer loop
      vertex 22.9628 31.6972 6.6
      vertex 22.9974 31.7159 0
      vertex 22.9628 31.6972 0
    endloop
  endfacet
  facet normal -0.532746 0.846275 0
    outer loop
      vertex 22.9628 31.6972 0
      vertex 22.9296 31.6763 6.6
      vertex 22.9628 31.6972 6.6
    endloop
  endfacet
  facet normal -0.532746 0.846275 0
    outer loop
      vertex 22.9296 31.6763 6.6
      vertex 22.9628 31.6972 0
      vertex 22.9296 31.6763 0
    endloop
  endfacet
  facet normal -0.559187 0.829041 0
    outer loop
      vertex 22.9296 31.6763 0
      vertex 19.7247 29.5146 6.6
      vertex 22.9296 31.6763 6.6
    endloop
  endfacet
  facet normal -0.559187 0.829041 0
    outer loop
      vertex 19.7247 29.5146 6.6
      vertex 22.9296 31.6763 0
      vertex 19.7247 29.5146 0
    endloop
  endfacet
  facet normal 0.552055 0.833808 -0
    outer loop
      vertex 19.7247 29.5146 0
      vertex 19.3388 29.7701 6.6
      vertex 19.7247 29.5146 6.6
    endloop
  endfacet
  facet normal 0.552055 0.833808 0
    outer loop
      vertex 19.3388 29.7701 6.6
      vertex 19.7247 29.5146 0
      vertex 19.3388 29.7701 0
    endloop
  endfacet
  facet normal 0.543647 0.839314 -0
    outer loop
      vertex 19.3388 29.7701 0
      vertex 19.33 29.7758 6.6
      vertex 19.3388 29.7701 6.6
    endloop
  endfacet
  facet normal 0.543647 0.839314 0
    outer loop
      vertex 19.33 29.7758 6.6
      vertex 19.3388 29.7701 0
      vertex 19.33 29.7758 0
    endloop
  endfacet
  facet normal 0.5373 0.843391 -0
    outer loop
      vertex 19.33 29.7758 0
      vertex 18.8164 30.103 6.6
      vertex 19.33 29.7758 6.6
    endloop
  endfacet
  facet normal 0.5373 0.843391 0
    outer loop
      vertex 18.8164 30.103 6.6
      vertex 19.33 29.7758 0
      vertex 18.8164 30.103 0
    endloop
  endfacet
  facet normal 0.532561 0.846392 -0
    outer loop
      vertex 18.8164 30.103 0
      vertex 18.8075 30.1086 6.6
      vertex 18.8164 30.103 6.6
    endloop
  endfacet
  facet normal 0.532561 0.846392 0
    outer loop
      vertex 18.8075 30.1086 6.6
      vertex 18.8164 30.103 0
      vertex 18.8075 30.1086 0
    endloop
  endfacet
  facet normal 0.522446 0.852672 -0
    outer loop
      vertex 18.8075 30.1086 0
      vertex 18.2885 30.4266 6.6
      vertex 18.8075 30.1086 6.6
    endloop
  endfacet
  facet normal 0.522446 0.852672 0
    outer loop
      vertex 18.2885 30.4266 6.6
      vertex 18.8075 30.1086 0
      vertex 18.2885 30.4266 0
    endloop
  endfacet
  facet normal 0.514496 0.857493 -0
    outer loop
      vertex 18.2885 30.4266 0
      vertex 18.2795 30.432 6.6
      vertex 18.2885 30.4266 6.6
    endloop
  endfacet
  facet normal 0.514496 0.857493 0
    outer loop
      vertex 18.2795 30.432 6.6
      vertex 18.2885 30.4266 0
      vertex 18.2795 30.432 0
    endloop
  endfacet
  facet normal 0.507573 0.861609 -0
    outer loop
      vertex 18.2795 30.432 0
      vertex 17.7548 30.7411 6.6
      vertex 18.2795 30.432 6.6
    endloop
  endfacet
  facet normal 0.507573 0.861609 0
    outer loop
      vertex 17.7548 30.7411 6.6
      vertex 18.2795 30.432 0
      vertex 17.7548 30.7411 0
    endloop
  endfacet
  facet normal 0.496139 0.868243 -0
    outer loop
      vertex 17.7548 30.7411 0
      vertex 17.7457 30.7463 6.6
      vertex 17.7548 30.7411 6.6
    endloop
  endfacet
  facet normal 0.496139 0.868243 0
    outer loop
      vertex 17.7457 30.7463 6.6
      vertex 17.7548 30.7411 0
      vertex 17.7457 30.7463 0
    endloop
  endfacet
  facet normal 0.492495 0.870315 -0
    outer loop
      vertex 17.7457 30.7463 0
      vertex 17.2152 31.0465 6.6
      vertex 17.7457 30.7463 6.6
    endloop
  endfacet
  facet normal 0.492495 0.870315 0
    outer loop
      vertex 17.2152 31.0465 6.6
      vertex 17.7457 30.7463 0
      vertex 17.2152 31.0465 0
    endloop
  endfacet
  facet normal 0.477513 0.878625 -0
    outer loop
      vertex 17.2152 31.0465 0
      vertex 17.206 31.0515 6.6
      vertex 17.2152 31.0465 6.6
    endloop
  endfacet
  facet normal 0.477513 0.878625 0
    outer loop
      vertex 17.206 31.0515 6.6
      vertex 17.2152 31.0465 0
      vertex 17.206 31.0515 0
    endloop
  endfacet
  facet normal 0.47723 0.878779 -0
    outer loop
      vertex 17.206 31.0515 0
      vertex 16.6707 31.3422 6.6
      vertex 17.206 31.0515 6.6
    endloop
  endfacet
  facet normal 0.47723 0.878779 0
    outer loop
      vertex 16.6707 31.3422 6.6
      vertex 17.206 31.0515 0
      vertex 16.6707 31.3422 0
    endloop
  endfacet
  facet normal 0.47009 0.882618 -0
    outer loop
      vertex 16.6707 31.3422 0
      vertex 16.6615 31.3471 6.6
      vertex 16.6707 31.3422 6.6
    endloop
  endfacet
  facet normal 0.47009 0.882618 0
    outer loop
      vertex 16.6615 31.3471 6.6
      vertex 16.6707 31.3422 0
      vertex 16.6615 31.3471 0
    endloop
  endfacet
  facet normal 0.46173 0.887021 -0
    outer loop
      vertex 16.6615 31.3471 0
      vertex 16.1211 31.6284 6.6
      vertex 16.6615 31.3471 6.6
    endloop
  endfacet
  facet normal 0.46173 0.887021 0
    outer loop
      vertex 16.1211 31.6284 6.6
      vertex 16.6615 31.3471 0
      vertex 16.1211 31.6284 0
    endloop
  endfacet
  facet normal 0.458643 0.888621 -0
    outer loop
      vertex 16.1211 31.6284 0
      vertex 16.1118 31.6332 6.6
      vertex 16.1211 31.6284 6.6
    endloop
  endfacet
  facet normal 0.458643 0.888621 0
    outer loop
      vertex 16.1118 31.6332 6.6
      vertex 16.1211 31.6284 0
      vertex 16.1118 31.6332 0
    endloop
  endfacet
  facet normal 0.44603 0.895018 -0
    outer loop
      vertex 16.1118 31.6332 0
      vertex 15.5672 31.9046 6.6
      vertex 16.1118 31.6332 6.6
    endloop
  endfacet
  facet normal 0.44603 0.895018 0
    outer loop
      vertex 15.5672 31.9046 6.6
      vertex 16.1118 31.6332 0
      vertex 15.5672 31.9046 0
    endloop
  endfacet
  facet normal 0.439553 0.898217 -0
    outer loop
      vertex 15.5672 31.9046 0
      vertex 15.5578 31.9092 6.6
      vertex 15.5672 31.9046 6.6
    endloop
  endfacet
  facet normal 0.439553 0.898217 0
    outer loop
      vertex 15.5578 31.9092 6.6
      vertex 15.5672 31.9046 0
      vertex 15.5578 31.9092 0
    endloop
  endfacet
  facet normal 0.430602 0.902542 -0
    outer loop
      vertex 15.5578 31.9092 0
      vertex 15.0076 32.1717 6.6
      vertex 15.5578 31.9092 6.6
    endloop
  endfacet
  facet normal 0.430602 0.902542 0
    outer loop
      vertex 15.0076 32.1717 6.6
      vertex 15.5578 31.9092 0
      vertex 15.0076 32.1717 0
    endloop
  endfacet
  facet normal 0.42394 0.90569 -0
    outer loop
      vertex 15.0076 32.1717 0
      vertex 14.9982 32.1761 6.6
      vertex 15.0076 32.1717 6.6
    endloop
  endfacet
  facet normal 0.42394 0.90569 0
    outer loop
      vertex 14.9982 32.1761 6.6
      vertex 15.0076 32.1717 0
      vertex 14.9982 32.1761 0
    endloop
  endfacet
  facet normal 0.414705 0.909956 -0
    outer loop
      vertex 14.9982 32.1761 0
      vertex 14.4435 32.4289 6.6
      vertex 14.9982 32.1761 6.6
    endloop
  endfacet
  facet normal 0.414705 0.909956 0
    outer loop
      vertex 14.4435 32.4289 6.6
      vertex 14.9982 32.1761 0
      vertex 14.4435 32.4289 0
    endloop
  endfacet
  facet normal 0.408783 0.912632 -0
    outer loop
      vertex 14.4435 32.4289 0
      vertex 14.4339 32.4332 6.6
      vertex 14.4435 32.4289 6.6
    endloop
  endfacet
  facet normal 0.408783 0.912632 0
    outer loop
      vertex 14.4339 32.4332 6.6
      vertex 14.4435 32.4289 0
      vertex 14.4339 32.4332 0
    endloop
  endfacet
  facet normal 0.398714 0.917075 -0
    outer loop
      vertex 14.4339 32.4332 0
      vertex 13.8759 32.6758 6.6
      vertex 14.4339 32.4332 6.6
    endloop
  endfacet
  facet normal 0.398714 0.917075 0
    outer loop
      vertex 13.8759 32.6758 6.6
      vertex 14.4339 32.4332 0
      vertex 13.8759 32.6758 0
    endloop
  endfacet
  facet normal 0.38933 0.921098 -0
    outer loop
      vertex 13.8759 32.6758 0
      vertex 13.8662 32.6799 6.6
      vertex 13.8759 32.6758 6.6
    endloop
  endfacet
  facet normal 0.38933 0.921098 0
    outer loop
      vertex 13.8662 32.6799 6.6
      vertex 13.8759 32.6758 0
      vertex 13.8662 32.6799 0
    endloop
  endfacet
  facet normal 0.382656 0.923891 -0
    outer loop
      vertex 13.8662 32.6799 0
      vertex 13.3034 32.913 6.6
      vertex 13.8662 32.6799 6.6
    endloop
  endfacet
  facet normal 0.382656 0.923891 0
    outer loop
      vertex 13.3034 32.913 6.6
      vertex 13.8662 32.6799 0
      vertex 13.3034 32.913 0
    endloop
  endfacet
  facet normal 0.373039 0.927816 -0
    outer loop
      vertex 13.3034 32.913 0
      vertex 13.2937 32.9169 6.6
      vertex 13.3034 32.913 6.6
    endloop
  endfacet
  facet normal 0.373039 0.927816 0
    outer loop
      vertex 13.2937 32.9169 6.6
      vertex 13.3034 32.913 0
      vertex 13.2937 32.9169 0
    endloop
  endfacet
  facet normal 0.366542 0.930402 -0
    outer loop
      vertex 13.2937 32.9169 0
      vertex 12.7274 33.14 6.6
      vertex 13.2937 32.9169 6.6
    endloop
  endfacet
  facet normal 0.366542 0.930402 0
    outer loop
      vertex 12.7274 33.14 6.6
      vertex 13.2937 32.9169 0
      vertex 12.7274 33.14 0
    endloop
  endfacet
  facet normal 0.361528 0.932361 -0
    outer loop
      vertex 12.7274 33.14 0
      vertex 12.7176 33.1438 6.6
      vertex 12.7274 33.14 6.6
    endloop
  endfacet
  facet normal 0.361528 0.932361 0
    outer loop
      vertex 12.7176 33.1438 6.6
      vertex 12.7274 33.14 0
      vertex 12.7176 33.1438 0
    endloop
  endfacet
  facet normal 0.350207 0.936672 -0
    outer loop
      vertex 12.7176 33.1438 0
      vertex 12.1463 33.3574 6.6
      vertex 12.7176 33.1438 6.6
    endloop
  endfacet
  facet normal 0.350207 0.936672 0
    outer loop
      vertex 12.1463 33.3574 6.6
      vertex 12.7176 33.1438 0
      vertex 12.1463 33.3574 0
    endloop
  endfacet
  facet normal 0.336336 0.941742 -0
    outer loop
      vertex 12.1463 33.3574 0
      vertex 12.1365 33.3609 6.6
      vertex 12.1463 33.3574 6.6
    endloop
  endfacet
  facet normal 0.336336 0.941742 0
    outer loop
      vertex 12.1365 33.3609 6.6
      vertex 12.1463 33.3574 0
      vertex 12.1365 33.3609 0
    endloop
  endfacet
  facet normal 0.333826 0.942635 -0
    outer loop
      vertex 12.1365 33.3609 0
      vertex 11.563 33.564 6.6
      vertex 12.1365 33.3609 6.6
    endloop
  endfacet
  facet normal 0.333826 0.942635 0
    outer loop
      vertex 11.563 33.564 6.6
      vertex 12.1365 33.3609 0
      vertex 11.563 33.564 0
    endloop
  endfacet
  facet normal 0.324813 0.945778 -0
    outer loop
      vertex 11.563 33.564 0
      vertex 11.5531 33.5674 6.6
      vertex 11.563 33.564 6.6
    endloop
  endfacet
  facet normal 0.324813 0.945778 0
    outer loop
      vertex 11.5531 33.5674 6.6
      vertex 11.563 33.564 0
      vertex 11.5531 33.5674 0
    endloop
  endfacet
  facet normal 0.317359 0.948305 -0
    outer loop
      vertex 11.5531 33.5674 0
      vertex 10.9749 33.7609 6.6
      vertex 11.5531 33.5674 6.6
    endloop
  endfacet
  facet normal 0.317359 0.948305 0
    outer loop
      vertex 10.9749 33.7609 6.6
      vertex 11.5531 33.5674 0
      vertex 10.9749 33.7609 0
    endloop
  endfacet
  facet normal 0.307564 0.951527 -0
    outer loop
      vertex 10.9749 33.7609 0
      vertex 10.965 33.7641 6.6
      vertex 10.9749 33.7609 6.6
    endloop
  endfacet
  facet normal 0.307564 0.951527 0
    outer loop
      vertex 10.965 33.7641 6.6
      vertex 10.9749 33.7609 0
      vertex 10.965 33.7641 0
    endloop
  endfacet
  facet normal 0.300723 0.953712 -0
    outer loop
      vertex 10.965 33.7641 0
      vertex 10.384 33.9473 6.6
      vertex 10.965 33.7641 6.6
    endloop
  endfacet
  facet normal 0.300723 0.953712 0
    outer loop
      vertex 10.384 33.9473 6.6
      vertex 10.965 33.7641 0
      vertex 10.384 33.9473 0
    endloop
  endfacet
  facet normal 0.287348 0.957826 -0
    outer loop
      vertex 10.384 33.9473 0
      vertex 10.374 33.9503 6.6
      vertex 10.384 33.9473 6.6
    endloop
  endfacet
  facet normal 0.287348 0.957826 0
    outer loop
      vertex 10.374 33.9503 6.6
      vertex 10.384 33.9473 0
      vertex 10.374 33.9503 0
    endloop
  endfacet
  facet normal 0.284119 0.958789 -0
    outer loop
      vertex 10.374 33.9503 0
      vertex 9.79053 34.1232 6.6
      vertex 10.374 33.9503 6.6
    endloop
  endfacet
  facet normal 0.284119 0.958789 0
    outer loop
      vertex 9.79053 34.1232 6.6
      vertex 10.374 33.9503 0
      vertex 9.79053 34.1232 0
    endloop
  endfacet
  facet normal 0.27623 0.961091 -0
    outer loop
      vertex 9.79053 34.1232 0
      vertex 9.78044 34.1261 6.6
      vertex 9.79053 34.1232 6.6
    endloop
  endfacet
  facet normal 0.27623 0.961091 0
    outer loop
      vertex 9.78044 34.1261 6.6
      vertex 9.79053 34.1232 0
      vertex 9.78044 34.1261 0
    endloop
  endfacet
  facet normal 0.267132 0.96366 -0
    outer loop
      vertex 9.78044 34.1261 0
      vertex 9.19279 34.289 6.6
      vertex 9.78044 34.1261 6.6
    endloop
  endfacet
  facet normal 0.267132 0.96366 0
    outer loop
      vertex 9.19279 34.289 6.6
      vertex 9.78044 34.1261 0
      vertex 9.19279 34.289 0
    endloop
  endfacet
  facet normal 0.258258 0.966076 -0
    outer loop
      vertex 9.19279 34.289 0
      vertex 9.18269 34.2917 6.6
      vertex 9.19279 34.289 6.6
    endloop
  endfacet
  facet normal 0.258258 0.966076 0
    outer loop
      vertex 9.18269 34.2917 6.6
      vertex 9.19279 34.289 0
      vertex 9.18269 34.2917 0
    endloop
  endfacet
  facet normal 0.250393 0.968144 -0
    outer loop
      vertex 9.18269 34.2917 0
      vertex 8.59305 34.4442 6.6
      vertex 9.18269 34.2917 6.6
    endloop
  endfacet
  facet normal 0.250393 0.968144 0
    outer loop
      vertex 8.59305 34.4442 6.6
      vertex 9.18269 34.2917 0
      vertex 8.59305 34.4442 0
    endloop
  endfacet
  facet normal 0.247917 0.968781 -0
    outer loop
      vertex 8.59305 34.4442 0
      vertex 8.58289 34.4468 6.6
      vertex 8.59305 34.4442 6.6
    endloop
  endfacet
  facet normal 0.247917 0.968781 0
    outer loop
      vertex 8.58289 34.4468 6.6
      vertex 8.59305 34.4442 0
      vertex 8.58289 34.4468 0
    endloop
  endfacet
  facet normal 0.233409 0.972379 -0
    outer loop
      vertex 8.58289 34.4468 0
      vertex 7.99132 34.5888 6.6
      vertex 8.58289 34.4468 6.6
    endloop
  endfacet
  facet normal 0.233409 0.972379 0
    outer loop
      vertex 7.99132 34.5888 6.6
      vertex 8.58289 34.4468 0
      vertex 7.99132 34.5888 0
    endloop
  endfacet
  facet normal 0.228403 0.973567 -0
    outer loop
      vertex 7.99132 34.5888 0
      vertex 7.98109 34.5912 6.6
      vertex 7.99132 34.5888 6.6
    endloop
  endfacet
  facet normal 0.228403 0.973567 0
    outer loop
      vertex 7.98109 34.5912 6.6
      vertex 7.99132 34.5888 0
      vertex 7.98109 34.5912 0
    endloop
  endfacet
  facet normal 0.21642 0.9763 -0
    outer loop
      vertex 7.98109 34.5912 0
      vertex 7.38562 34.7232 6.6
      vertex 7.98109 34.5912 6.6
    endloop
  endfacet
  facet normal 0.21642 0.9763 0
    outer loop
      vertex 7.38562 34.7232 6.6
      vertex 7.98109 34.5912 0
      vertex 7.38562 34.7232 0
    endloop
  endfacet
  facet normal 0.201274 0.979535 -0
    outer loop
      vertex 7.38562 34.7232 0
      vertex 7.3754 34.7253 6.6
      vertex 7.38562 34.7232 6.6
    endloop
  endfacet
  facet normal 0.201274 0.979535 0
    outer loop
      vertex 7.3754 34.7253 6.6
      vertex 7.38562 34.7232 0
      vertex 7.3754 34.7253 0
    endloop
  endfacet
  facet normal 0.199522 0.979893 -0
    outer loop
      vertex 7.3754 34.7253 0
      vertex 6.77869 34.8468 6.6
      vertex 7.3754 34.7253 6.6
    endloop
  endfacet
  facet normal 0.199522 0.979893 0
    outer loop
      vertex 6.77869 34.8468 6.6
      vertex 7.3754 34.7253 0
      vertex 6.77869 34.8468 0
    endloop
  endfacet
  facet normal 0.190615 0.981665 -0
    outer loop
      vertex 6.77869 34.8468 0
      vertex 6.76839 34.8488 6.6
      vertex 6.77869 34.8468 6.6
    endloop
  endfacet
  facet normal 0.190615 0.981665 0
    outer loop
      vertex 6.76839 34.8488 6.6
      vertex 6.77869 34.8468 0
      vertex 6.76839 34.8488 0
    endloop
  endfacet
  facet normal 0.182219 0.983258 -0
    outer loop
      vertex 6.76839 34.8488 0
      vertex 6.17159 34.9594 6.6
      vertex 6.76839 34.8488 6.6
    endloop
  endfacet
  facet normal 0.182219 0.983258 0
    outer loop
      vertex 6.17159 34.9594 6.6
      vertex 6.76839 34.8488 0
      vertex 6.17159 34.9594 0
    endloop
  endfacet
  facet normal 0.999962 -0.00873032 0
    outer loop
      vertex 6.17159 34.9594 6.6
      vertex 6.20239 38.4872 0
      vertex 6.20239 38.4872 6.6
    endloop
  endfacet
  facet normal 0.999962 -0.00873032 0
    outer loop
      vertex 6.20239 38.4872 0
      vertex 6.17159 34.9594 6.6
      vertex 6.17159 34.9594 0
    endloop
  endfacet
  facet normal 0.999767 0.0216016 0
    outer loop
      vertex 6.20239 38.4872 6.6
      vertex 6.20161 38.5233 0
      vertex 6.20161 38.5233 6.6
    endloop
  endfacet
  facet normal 0.999767 0.0216016 0
    outer loop
      vertex 6.20161 38.5233 0
      vertex 6.20239 38.4872 6.6
      vertex 6.20239 38.4872 0
    endloop
  endfacet
  facet normal 0.996479 0.0838469 0
    outer loop
      vertex 6.20161 38.5233 6.6
      vertex 6.19832 38.5624 0
      vertex 6.19832 38.5624 6.6
    endloop
  endfacet
  facet normal 0.996479 0.0838469 0
    outer loop
      vertex 6.19832 38.5624 0
      vertex 6.20161 38.5233 6.6
      vertex 6.20161 38.5233 0
    endloop
  endfacet
  facet normal 0.988786 0.149337 0
    outer loop
      vertex 6.19832 38.5624 6.6
      vertex 6.19246 38.6012 0
      vertex 6.19246 38.6012 6.6
    endloop
  endfacet
  facet normal 0.988786 0.149337 0
    outer loop
      vertex 6.19246 38.6012 0
      vertex 6.19832 38.5624 6.6
      vertex 6.19832 38.5624 0
    endloop
  endfacet
  facet normal 0.977006 0.213211 0
    outer loop
      vertex 6.19246 38.6012 6.6
      vertex 6.18408 38.6396 0
      vertex 6.18408 38.6396 6.6
    endloop
  endfacet
  facet normal 0.977006 0.213211 0
    outer loop
      vertex 6.18408 38.6396 0
      vertex 6.19246 38.6012 6.6
      vertex 6.19246 38.6012 0
    endloop
  endfacet
  facet normal 0.960925 0.276808 0
    outer loop
      vertex 6.18408 38.6396 6.6
      vertex 6.17322 38.6773 0
      vertex 6.17322 38.6773 6.6
    endloop
  endfacet
  facet normal 0.960925 0.276808 0
    outer loop
      vertex 6.17322 38.6773 0
      vertex 6.18408 38.6396 6.6
      vertex 6.18408 38.6396 0
    endloop
  endfacet
  facet normal 0.940595 0.339532 0
    outer loop
      vertex 6.17322 38.6773 6.6
      vertex 6.1599 38.7142 0
      vertex 6.1599 38.7142 6.6
    endloop
  endfacet
  facet normal 0.940595 0.339532 0
    outer loop
      vertex 6.1599 38.7142 0
      vertex 6.17322 38.6773 6.6
      vertex 6.17322 38.6773 0
    endloop
  endfacet
  facet normal 0.916624 0.39975 0
    outer loop
      vertex 6.1599 38.7142 6.6
      vertex 6.1442 38.7502 0
      vertex 6.1442 38.7502 6.6
    endloop
  endfacet
  facet normal 0.916624 0.39975 0
    outer loop
      vertex 6.1442 38.7502 0
      vertex 6.1599 38.7142 6.6
      vertex 6.1599 38.7142 0
    endloop
  endfacet
  facet normal 0.888443 0.458987 0
    outer loop
      vertex 6.1442 38.7502 6.6
      vertex 6.12617 38.7851 0
      vertex 6.12617 38.7851 6.6
    endloop
  endfacet
  facet normal 0.888443 0.458987 0
    outer loop
      vertex 6.12617 38.7851 0
      vertex 6.1442 38.7502 6.6
      vertex 6.1442 38.7502 0
    endloop
  endfacet
  facet normal 0.856931 0.51543 0
    outer loop
      vertex 6.12617 38.7851 6.6
      vertex 6.1059 38.8188 0
      vertex 6.1059 38.8188 6.6
    endloop
  endfacet
  facet normal 0.856931 0.51543 0
    outer loop
      vertex 6.1059 38.8188 0
      vertex 6.12617 38.7851 6.6
      vertex 6.12617 38.7851 0
    endloop
  endfacet
  facet normal 0.820666 0.571408 0
    outer loop
      vertex 6.1059 38.8188 6.6
      vertex 6.08348 38.851 0
      vertex 6.08348 38.851 6.6
    endloop
  endfacet
  facet normal 0.820666 0.571408 0
    outer loop
      vertex 6.08348 38.851 0
      vertex 6.1059 38.8188 6.6
      vertex 6.1059 38.8188 0
    endloop
  endfacet
  facet normal 0.781738 0.623608 0
    outer loop
      vertex 6.08348 38.851 6.6
      vertex 6.05899 38.8817 0
      vertex 6.05899 38.8817 6.6
    endloop
  endfacet
  facet normal 0.781738 0.623608 0
    outer loop
      vertex 6.05899 38.8817 0
      vertex 6.08348 38.851 6.6
      vertex 6.08348 38.851 0
    endloop
  endfacet
  facet normal 0.739098 0.673598 0
    outer loop
      vertex 6.05899 38.8817 6.6
      vertex 6.03256 38.9107 0
      vertex 6.03256 38.9107 6.6
    endloop
  endfacet
  facet normal 0.739098 0.673598 0
    outer loop
      vertex 6.03256 38.9107 0
      vertex 6.05899 38.8817 6.6
      vertex 6.05899 38.8817 0
    endloop
  endfacet
  facet normal 0.693338 0.720613 -0
    outer loop
      vertex 6.03256 38.9107 0
      vertex 6.00429 38.9379 6.6
      vertex 6.03256 38.9107 6.6
    endloop
  endfacet
  facet normal 0.693338 0.720613 0
    outer loop
      vertex 6.00429 38.9379 6.6
      vertex 6.03256 38.9107 0
      vertex 6.00429 38.9379 0
    endloop
  endfacet
  facet normal 0.645919 0.763406 -0
    outer loop
      vertex 6.00429 38.9379 0
      vertex 5.97427 38.9633 6.6
      vertex 6.00429 38.9379 6.6
    endloop
  endfacet
  facet normal 0.645919 0.763406 0
    outer loop
      vertex 5.97427 38.9633 6.6
      vertex 6.00429 38.9379 0
      vertex 5.97427 38.9633 0
    endloop
  endfacet
  facet normal 0.593703 0.804684 -0
    outer loop
      vertex 5.97427 38.9633 0
      vertex 5.94269 38.9866 6.6
      vertex 5.97427 38.9633 6.6
    endloop
  endfacet
  facet normal 0.593703 0.804684 0
    outer loop
      vertex 5.94269 38.9866 6.6
      vertex 5.97427 38.9633 0
      vertex 5.94269 38.9866 0
    endloop
  endfacet
  facet normal 0.539921 0.841716 -0
    outer loop
      vertex 5.94269 38.9866 0
      vertex 5.90964 39.0078 6.6
      vertex 5.94269 38.9866 6.6
    endloop
  endfacet
  facet normal 0.539921 0.841716 0
    outer loop
      vertex 5.90964 39.0078 6.6
      vertex 5.94269 38.9866 0
      vertex 5.90964 39.0078 0
    endloop
  endfacet
  facet normal 0.483804 0.875176 -0
    outer loop
      vertex 5.90964 39.0078 0
      vertex 5.87527 39.0268 6.6
      vertex 5.90964 39.0078 6.6
    endloop
  endfacet
  facet normal 0.483804 0.875176 0
    outer loop
      vertex 5.87527 39.0268 6.6
      vertex 5.90964 39.0078 0
      vertex 5.87527 39.0268 0
    endloop
  endfacet
  facet normal 0.42538 0.905015 -0
    outer loop
      vertex 5.87527 39.0268 0
      vertex 5.83974 39.0435 6.6
      vertex 5.87527 39.0268 6.6
    endloop
  endfacet
  facet normal 0.42538 0.905015 0
    outer loop
      vertex 5.83974 39.0435 6.6
      vertex 5.87527 39.0268 0
      vertex 5.83974 39.0435 0
    endloop
  endfacet
  facet normal 0.364351 0.931262 -0
    outer loop
      vertex 5.83974 39.0435 0
      vertex 5.80319 39.0578 6.6
      vertex 5.83974 39.0435 6.6
    endloop
  endfacet
  facet normal 0.364351 0.931262 0
    outer loop
      vertex 5.80319 39.0578 6.6
      vertex 5.83974 39.0435 0
      vertex 5.80319 39.0578 0
    endloop
  endfacet
  facet normal 0.30313 0.952949 -0
    outer loop
      vertex 5.80319 39.0578 0
      vertex 5.76578 39.0697 6.6
      vertex 5.80319 39.0578 6.6
    endloop
  endfacet
  facet normal 0.30313 0.952949 0
    outer loop
      vertex 5.76578 39.0697 6.6
      vertex 5.80319 39.0578 0
      vertex 5.76578 39.0697 0
    endloop
  endfacet
  facet normal 0.241936 0.970292 -0
    outer loop
      vertex 5.76578 39.0697 0
      vertex 5.72768 39.0792 6.6
      vertex 5.76578 39.0697 6.6
    endloop
  endfacet
  facet normal 0.241936 0.970292 0
    outer loop
      vertex 5.72768 39.0792 6.6
      vertex 5.76578 39.0697 0
      vertex 5.72768 39.0792 0
    endloop
  endfacet
  facet normal 0.175747 0.984435 -0
    outer loop
      vertex 5.72768 39.0792 0
      vertex 5.68903 39.0861 6.6
      vertex 5.72768 39.0792 6.6
    endloop
  endfacet
  facet normal 0.175747 0.984435 0
    outer loop
      vertex 5.68903 39.0861 6.6
      vertex 5.72768 39.0792 0
      vertex 5.68903 39.0861 0
    endloop
  endfacet
  facet normal 0.144358 0.989525 -0
    outer loop
      vertex 5.68903 39.0861 0
      vertex 4.85619 39.2076 6.6
      vertex 5.68903 39.0861 6.6
    endloop
  endfacet
  facet normal 0.144358 0.989525 0
    outer loop
      vertex 4.85619 39.2076 6.6
      vertex 5.68903 39.0861 0
      vertex 4.85619 39.2076 0
    endloop
  endfacet
  facet normal 0.126951 0.991909 -0
    outer loop
      vertex 4.85619 39.2076 0
      vertex 4.83275 39.2106 6.6
      vertex 4.85619 39.2076 6.6
    endloop
  endfacet
  facet normal 0.126951 0.991909 0
    outer loop
      vertex 4.83275 39.2106 6.6
      vertex 4.85619 39.2076 0
      vertex 4.83275 39.2106 0
    endloop
  endfacet
  facet normal 0.105254 0.994445 -0
    outer loop
      vertex 4.83275 39.2106 0
      vertex 3.48546 39.3532 6.6
      vertex 4.83275 39.2106 6.6
    endloop
  endfacet
  facet normal 0.105254 0.994445 0
    outer loop
      vertex 3.48546 39.3532 6.6
      vertex 4.83275 39.2106 0
      vertex 3.48546 39.3532 0
    endloop
  endfacet
  facet normal 0.0861751 0.99628 -0
    outer loop
      vertex 3.48546 39.3532 0
      vertex 3.46465 39.355 6.6
      vertex 3.48546 39.3532 6.6
    endloop
  endfacet
  facet normal 0.0861751 0.99628 0
    outer loop
      vertex 3.46465 39.355 6.6
      vertex 3.48546 39.3532 0
      vertex 3.46465 39.355 0
    endloop
  endfacet
  facet normal 0.0706626 0.9975 -0
    outer loop
      vertex 3.46465 39.355 0
      vertex 2.1123 39.4508 6.6
      vertex 3.46465 39.355 6.6
    endloop
  endfacet
  facet normal 0.0706626 0.9975 0
    outer loop
      vertex 2.1123 39.4508 6.6
      vertex 3.46465 39.355 0
      vertex 2.1123 39.4508 0
    endloop
  endfacet
  facet normal 0.052609 0.998615 -0
    outer loop
      vertex 2.1123 39.4508 0
      vertex 2.09142 39.4519 6.6
      vertex 2.1123 39.4508 6.6
    endloop
  endfacet
  facet normal 0.052609 0.998615 0
    outer loop
      vertex 2.09142 39.4519 6.6
      vertex 2.1123 39.4508 0
      vertex 2.09142 39.4519 0
    endloop
  endfacet
  facet normal 0.0357761 0.99936 -0
    outer loop
      vertex 2.09142 39.4519 0
      vertex 0.736633 39.5004 6.6
      vertex 2.09142 39.4519 6.6
    endloop
  endfacet
  facet normal 0.0357761 0.99936 0
    outer loop
      vertex 0.736633 39.5004 6.6
      vertex 2.09142 39.4519 0
      vertex 0.736633 39.5004 0
    endloop
  endfacet
  facet normal 0.0191316 0.999817 -0
    outer loop
      vertex 0.736633 39.5004 0
      vertex 0.715729 39.5008 6.6
      vertex 0.736633 39.5004 6.6
    endloop
  endfacet
  facet normal 0.0191316 0.999817 0
    outer loop
      vertex 0.715729 39.5008 6.6
      vertex 0.736633 39.5004 0
      vertex 0.715729 39.5008 0
    endloop
  endfacet
  facet normal 0.000958322 1 -0
    outer loop
      vertex 0.715729 39.5008 0
      vertex -0.640808 39.5021 6.6
      vertex 0.715729 39.5008 6.6
    endloop
  endfacet
  facet normal 0.000958322 1 0
    outer loop
      vertex -0.640808 39.5021 6.6
      vertex 0.715729 39.5008 0
      vertex -0.640808 39.5021 0
    endloop
  endfacet
  facet normal -0.0191307 0.999817 0
    outer loop
      vertex -0.640808 39.5021 0
      vertex -0.661713 39.5017 6.6
      vertex -0.640808 39.5021 6.6
    endloop
  endfacet
  facet normal -0.0191307 0.999817 0
    outer loop
      vertex -0.661713 39.5017 6.6
      vertex -0.640808 39.5021 0
      vertex -0.661713 39.5017 0
    endloop
  endfacet
  facet normal -0.0338582 0.999427 0
    outer loop
      vertex -0.661713 39.5017 0
      vertex -2.01659 39.4558 6.6
      vertex -0.661713 39.5017 6.6
    endloop
  endfacet
  facet normal -0.0338582 0.999427 0
    outer loop
      vertex -2.01659 39.4558 6.6
      vertex -0.661713 39.5017 0
      vertex -2.01659 39.4558 0
    endloop
  endfacet
  facet normal -0.0525839 0.998617 0
    outer loop
      vertex -2.01659 39.4558 0
      vertex -2.03748 39.4547 6.6
      vertex -2.01659 39.4558 6.6
    endloop
  endfacet
  facet normal -0.0525839 0.998617 0
    outer loop
      vertex -2.03748 39.4547 6.6
      vertex -2.01659 39.4558 0
      vertex -2.03748 39.4547 0
    endloop
  endfacet
  facet normal -0.0687236 0.997636 0
    outer loop
      vertex -2.03748 39.4547 0
      vertex -3.39043 39.3615 6.6
      vertex -2.03748 39.4547 6.6
    endloop
  endfacet
  facet normal -0.0687236 0.997636 0
    outer loop
      vertex -3.39043 39.3615 6.6
      vertex -2.03748 39.4547 0
      vertex -3.39043 39.3615 0
    endloop
  endfacet
  facet normal -0.086134 0.996284 0
    outer loop
      vertex -3.39043 39.3615 0
      vertex -3.41125 39.3597 6.6
      vertex -3.39043 39.3615 6.6
    endloop
  endfacet
  facet normal -0.086134 0.996284 0
    outer loop
      vertex -3.41125 39.3597 6.6
      vertex -3.39043 39.3615 0
      vertex -3.41125 39.3597 0
    endloop
  endfacet
  facet normal -0.103375 0.994642 0
    outer loop
      vertex -3.41125 39.3597 0
      vertex -4.76021 39.2195 6.6
      vertex -3.41125 39.3597 6.6
    endloop
  endfacet
  facet normal -0.103375 0.994642 0
    outer loop
      vertex -4.76021 39.2195 6.6
      vertex -3.41125 39.3597 0
      vertex -4.76021 39.2195 0
    endloop
  endfacet
  facet normal -0.124329 0.992241 0
    outer loop
      vertex -4.76021 39.2195 0
      vertex -4.78096 39.2169 6.6
      vertex -4.76021 39.2195 6.6
    endloop
  endfacet
  facet normal -0.124329 0.992241 0
    outer loop
      vertex -4.78096 39.2169 6.6
      vertex -4.76021 39.2195 0
      vertex -4.78096 39.2169 0
    endloop
  endfacet
  facet normal -0.138 0.990432 0
    outer loop
      vertex -4.78096 39.2169 0
      vertex -6.12379 39.0298 6.6
      vertex -4.78096 39.2169 6.6
    endloop
  endfacet
  facet normal -0.138 0.990432 0
    outer loop
      vertex -6.12379 39.0298 6.6
      vertex -4.78096 39.2169 0
      vertex -6.12379 39.0298 0
    endloop
  endfacet
  facet normal -0.15773 0.987482 0
    outer loop
      vertex -6.12379 39.0298 0
      vertex -6.14445 39.0265 6.6
      vertex -6.12379 39.0298 6.6
    endloop
  endfacet
  facet normal -0.15773 0.987482 0
    outer loop
      vertex -6.14445 39.0265 6.6
      vertex -6.12379 39.0298 0
      vertex -6.14445 39.0265 0
    endloop
  endfacet
  facet normal -0.172405 0.985026 0
    outer loop
      vertex -6.14445 39.0265 0
      vertex -7.47968 38.7928 6.6
      vertex -6.14445 39.0265 6.6
    endloop
  endfacet
  facet normal -0.172405 0.985026 0
    outer loop
      vertex -7.47968 38.7928 6.6
      vertex -6.14445 39.0265 0
      vertex -7.47968 38.7928 0
    endloop
  endfacet
  facet normal -0.191241 0.981543 0
    outer loop
      vertex -7.47968 38.7928 0
      vertex -7.50021 38.7888 6.6
      vertex -7.47968 38.7928 6.6
    endloop
  endfacet
  facet normal -0.191241 0.981543 0
    outer loop
      vertex -7.50021 38.7888 6.6
      vertex -7.47968 38.7928 0
      vertex -7.50021 38.7888 0
    endloop
  endfacet
  facet normal -0.206629 0.978419 0
    outer loop
      vertex -7.50021 38.7888 0
      vertex -8.82747 38.5085 6.6
      vertex -7.50021 38.7888 6.6
    endloop
  endfacet
  facet normal -0.206629 0.978419 0
    outer loop
      vertex -8.82747 38.5085 6.6
      vertex -7.50021 38.7888 0
      vertex -8.82747 38.5085 0
    endloop
  endfacet
  facet normal -0.22472 0.974423 0
    outer loop
      vertex -8.82747 38.5085 0
      vertex -8.84785 38.5038 6.6
      vertex -8.82747 38.5085 6.6
    endloop
  endfacet
  facet normal -0.22472 0.974423 0
    outer loop
      vertex -8.84785 38.5038 6.6
      vertex -8.82747 38.5085 0
      vertex -8.84785 38.5038 0
    endloop
  endfacet
  facet normal -0.240652 0.970611 0
    outer loop
      vertex -8.84785 38.5038 0
      vertex -10.1639 38.1775 6.6
      vertex -8.84785 38.5038 6.6
    endloop
  endfacet
  facet normal -0.240652 0.970611 0
    outer loop
      vertex -10.1639 38.1775 6.6
      vertex -8.84785 38.5038 0
      vertex -10.1639 38.1775 0
    endloop
  endfacet
  facet normal -0.258258 0.966076 0
    outer loop
      vertex -10.1639 38.1775 0
      vertex -10.1841 38.1721 6.6
      vertex -10.1639 38.1775 6.6
    endloop
  endfacet
  facet normal -0.258258 0.966076 0
    outer loop
      vertex -10.1841 38.1721 6.6
      vertex -10.1639 38.1775 0
      vertex -10.1841 38.1721 0
    endloop
  endfacet
  facet normal -0.274332 0.961635 0
    outer loop
      vertex -10.1841 38.1721 0
      vertex -11.4881 37.8001 6.6
      vertex -10.1841 38.1721 6.6
    endloop
  endfacet
  facet normal -0.274332 0.961635 0
    outer loop
      vertex -11.4881 37.8001 6.6
      vertex -10.1841 38.1721 0
      vertex -11.4881 37.8001 0
    endloop
  endfacet
  facet normal -0.291732 0.9565 0
    outer loop
      vertex -11.4881 37.8001 0
      vertex -11.5081 37.794 6.6
      vertex -11.4881 37.8001 6.6
    endloop
  endfacet
  facet normal -0.291732 0.9565 0
    outer loop
      vertex -11.5081 37.794 6.6
      vertex -11.4881 37.8001 0
      vertex -11.5081 37.794 0
    endloop
  endfacet
  facet normal -0.30763 0.951506 0
    outer loop
      vertex -11.5081 37.794 0
      vertex -12.7982 37.3769 6.6
      vertex -11.5081 37.794 6.6
    endloop
  endfacet
  facet normal -0.30763 0.951506 0
    outer loop
      vertex -12.7982 37.3769 6.6
      vertex -11.5081 37.794 0
      vertex -12.7982 37.3769 0
    endloop
  endfacet
  facet normal -0.326286 0.945271 0
    outer loop
      vertex -12.7982 37.3769 0
      vertex -12.8179 37.3701 6.6
      vertex -12.7982 37.3769 6.6
    endloop
  endfacet
  facet normal -0.326286 0.945271 0
    outer loop
      vertex -12.8179 37.3701 6.6
      vertex -12.7982 37.3769 0
      vertex -12.8179 37.3701 0
    endloop
  endfacet
  facet normal -0.340612 0.940204 0
    outer loop
      vertex -12.8179 37.3701 0
      vertex -14.0929 36.9082 6.6
      vertex -12.8179 37.3701 6.6
    endloop
  endfacet
  facet normal -0.340612 0.940204 0
    outer loop
      vertex -14.0929 36.9082 6.6
      vertex -12.8179 37.3701 0
      vertex -14.0929 36.9082 0
    endloop
  endfacet
  facet normal -0.358979 0.933346 0
    outer loop
      vertex -14.0929 36.9082 0
      vertex -14.1124 36.9007 6.6
      vertex -14.0929 36.9082 6.6
    endloop
  endfacet
  facet normal -0.358979 0.933346 0
    outer loop
      vertex -14.1124 36.9007 6.6
      vertex -14.0929 36.9082 0
      vertex -14.1124 36.9007 0
    endloop
  endfacet
  facet normal -0.373145 0.927773 0
    outer loop
      vertex -14.1124 36.9007 0
      vertex -15.3705 36.3947 6.6
      vertex -14.1124 36.9007 6.6
    endloop
  endfacet
  facet normal -0.373145 0.927773 0
    outer loop
      vertex -15.3705 36.3947 6.6
      vertex -14.1124 36.9007 0
      vertex -15.3705 36.3947 0
    endloop
  endfacet
  facet normal -0.39104 0.920374 0
    outer loop
      vertex -15.3705 36.3947 0
      vertex -15.3898 36.3865 6.6
      vertex -15.3705 36.3947 6.6
    endloop
  endfacet
  facet normal -0.39104 0.920374 0
    outer loop
      vertex -15.3898 36.3865 6.6
      vertex -15.3705 36.3947 0
      vertex -15.3898 36.3865 0
    endloop
  endfacet
  facet normal -0.405283 0.914191 0
    outer loop
      vertex -15.3898 36.3865 0
      vertex -16.6293 35.837 6.6
      vertex -15.3898 36.3865 6.6
    endloop
  endfacet
  facet normal -0.405283 0.914191 0
    outer loop
      vertex -16.6293 35.837 6.6
      vertex -15.3898 36.3865 0
      vertex -16.6293 35.837 0
    endloop
  endfacet
  facet normal -0.420269 0.907399 0
    outer loop
      vertex -16.6293 35.837 0
      vertex -16.6483 35.8282 6.6
      vertex -16.6293 35.837 6.6
    endloop
  endfacet
  facet normal -0.420269 0.907399 0
    outer loop
      vertex -16.6483 35.8282 6.6
      vertex -16.6293 35.837 0
      vertex -16.6483 35.8282 0
    endloop
  endfacet
  facet normal -0.436948 0.899487 0
    outer loop
      vertex -16.6483 35.8282 0
      vertex -17.868 35.2357 6.6
      vertex -16.6483 35.8282 6.6
    endloop
  endfacet
  facet normal -0.436948 0.899487 0
    outer loop
      vertex -17.868 35.2357 6.6
      vertex -16.6483 35.8282 0
      vertex -17.868 35.2357 0
    endloop
  endfacet
  facet normal -0.449124 0.89347 0
    outer loop
      vertex -17.868 35.2357 0
      vertex -17.8867 35.2263 6.6
      vertex -17.868 35.2357 6.6
    endloop
  endfacet
  facet normal -0.449124 0.89347 0
    outer loop
      vertex -17.8867 35.2263 6.6
      vertex -17.868 35.2357 0
      vertex -17.8867 35.2263 0
    endloop
  endfacet
  facet normal -0.467976 0.883741 0
    outer loop
      vertex -17.8867 35.2263 0
      vertex -19.0851 34.5917 6.6
      vertex -17.8867 35.2263 6.6
    endloop
  endfacet
  facet normal -0.467976 0.883741 0
    outer loop
      vertex -19.0851 34.5917 6.6
      vertex -17.8867 35.2263 0
      vertex -19.0851 34.5917 0
    endloop
  endfacet
  facet normal -0.483204 0.875508 0
    outer loop
      vertex -19.0851 34.5917 0
      vertex -19.1034 34.5816 6.6
      vertex -19.0851 34.5917 6.6
    endloop
  endfacet
  facet normal -0.483204 0.875508 0
    outer loop
      vertex -19.1034 34.5816 6.6
      vertex -19.0851 34.5917 0
      vertex -19.1034 34.5816 0
    endloop
  endfacet
  facet normal -0.498528 0.866874 0
    outer loop
      vertex -19.1034 34.5816 0
      vertex -20.2787 33.9057 6.6
      vertex -19.1034 34.5816 6.6
    endloop
  endfacet
  facet normal -0.498528 0.866874 0
    outer loop
      vertex -20.2787 33.9057 6.6
      vertex -19.1034 34.5816 0
      vertex -20.2787 33.9057 0
    endloop
  endfacet
  facet normal -0.51098 0.859593 0
    outer loop
      vertex -20.2787 33.9057 0
      vertex -20.2967 33.895 6.6
      vertex -20.2787 33.9057 6.6
    endloop
  endfacet
  facet normal -0.51098 0.859593 0
    outer loop
      vertex -20.2967 33.895 6.6
      vertex -20.2787 33.9057 0
      vertex -20.2967 33.895 0
    endloop
  endfacet
  facet normal -0.528394 0.848999 0
    outer loop
      vertex -20.2967 33.895 0
      vertex -21.4481 33.1784 6.6
      vertex -20.2967 33.895 6.6
    endloop
  endfacet
  facet normal -0.528394 0.848999 0
    outer loop
      vertex -21.4481 33.1784 6.6
      vertex -20.2967 33.895 0
      vertex -21.4481 33.1784 0
    endloop
  endfacet
  facet normal -0.54583 0.837896 0
    outer loop
      vertex -21.4481 33.1784 0
      vertex -21.4656 33.167 6.6
      vertex -21.4481 33.1784 6.6
    endloop
  endfacet
  facet normal -0.54583 0.837896 0
    outer loop
      vertex -21.4656 33.167 6.6
      vertex -21.4481 33.1784 0
      vertex -21.4656 33.167 0
    endloop
  endfacet
  facet normal -0.557658 0.830071 0
    outer loop
      vertex -21.4656 33.167 0
      vertex -22.5912 32.4108 6.6
      vertex -21.4656 33.167 6.6
    endloop
  endfacet
  facet normal -0.557658 0.830071 0
    outer loop
      vertex -22.5912 32.4108 6.6
      vertex -21.4656 33.167 0
      vertex -22.5912 32.4108 0
    endloop
  endfacet
  facet normal -0.571205 0.820807 0
    outer loop
      vertex -22.5912 32.4108 0
      vertex -22.6083 32.3989 6.6
      vertex -22.5912 32.4108 6.6
    endloop
  endfacet
  facet normal -0.571205 0.820807 0
    outer loop
      vertex -22.6083 32.3989 6.6
      vertex -22.5912 32.4108 0
      vertex -22.6083 32.3989 0
    endloop
  endfacet
  facet normal -0.586215 0.810156 0
    outer loop
      vertex -22.6083 32.3989 0
      vertex -23.707 31.6039 6.6
      vertex -22.6083 32.3989 6.6
    endloop
  endfacet
  facet normal -0.586215 0.810156 0
    outer loop
      vertex -23.707 31.6039 6.6
      vertex -22.6083 32.3989 0
      vertex -23.707 31.6039 0
    endloop
  endfacet
  facet normal -0.602292 0.798276 0
    outer loop
      vertex -23.707 31.6039 0
      vertex -23.7237 31.5913 6.6
      vertex -23.707 31.6039 6.6
    endloop
  endfacet
  facet normal -0.602292 0.798276 0
    outer loop
      vertex -23.7237 31.5913 6.6
      vertex -23.707 31.6039 0
      vertex -23.7237 31.5913 0
    endloop
  endfacet
  facet normal -0.61414 0.789197 0
    outer loop
      vertex -23.7237 31.5913 0
      vertex -24.4635 31.0156 6.6
      vertex -23.7237 31.5913 6.6
    endloop
  endfacet
  facet normal -0.61414 0.789197 0
    outer loop
      vertex -24.4635 31.0156 6.6
      vertex -23.7237 31.5913 0
      vertex -24.4635 31.0156 0
    endloop
  endfacet
  facet normal -0.637839 0.77017 0
    outer loop
      vertex -24.4635 31.0156 0
      vertex -24.4926 30.9915 6.6
      vertex -24.4635 31.0156 6.6
    endloop
  endfacet
  facet normal -0.637839 0.77017 0
    outer loop
      vertex -24.4926 30.9915 6.6
      vertex -24.4635 31.0156 0
      vertex -24.4926 30.9915 0
    endloop
  endfacet
  facet normal -0.686474 0.727154 0
    outer loop
      vertex -24.4926 30.9915 0
      vertex -24.5212 30.9645 6.6
      vertex -24.4926 30.9915 6.6
    endloop
  endfacet
  facet normal -0.686474 0.727154 0
    outer loop
      vertex -24.5212 30.9645 6.6
      vertex -24.4926 30.9915 0
      vertex -24.5212 30.9645 0
    endloop
  endfacet
  facet normal -0.733337 0.679865 0
    outer loop
      vertex -24.5479 30.9357 0
      vertex -24.5212 30.9645 6.6
      vertex -24.5212 30.9645 0
    endloop
  endfacet
  facet normal -0.733337 0.679865 0
    outer loop
      vertex -24.5212 30.9645 6.6
      vertex -24.5479 30.9357 0
      vertex -24.5479 30.9357 6.6
    endloop
  endfacet
  facet normal -0.774865 0.632127 0
    outer loop
      vertex -24.5727 30.9053 0
      vertex -24.5479 30.9357 6.6
      vertex -24.5479 30.9357 0
    endloop
  endfacet
  facet normal -0.774865 0.632127 0
    outer loop
      vertex -24.5479 30.9357 6.6
      vertex -24.5727 30.9053 0
      vertex -24.5727 30.9053 6.6
    endloop
  endfacet
  facet normal -0.816474 0.577382 0
    outer loop
      vertex -24.5954 30.8732 0
      vertex -24.5727 30.9053 6.6
      vertex -24.5727 30.9053 0
    endloop
  endfacet
  facet normal -0.816474 0.577382 0
    outer loop
      vertex -24.5727 30.9053 6.6
      vertex -24.5954 30.8732 0
      vertex -24.5954 30.8732 6.6
    endloop
  endfacet
  facet normal -0.851133 0.52495 0
    outer loop
      vertex -24.616 30.8398 0
      vertex -24.5954 30.8732 6.6
      vertex -24.5954 30.8732 0
    endloop
  endfacet
  facet normal -0.851133 0.52495 0
    outer loop
      vertex -24.5954 30.8732 6.6
      vertex -24.616 30.8398 0
      vertex -24.616 30.8398 6.6
    endloop
  endfacet
  facet normal -0.884531 0.466482 0
    outer loop
      vertex -24.6343 30.8051 0
      vertex -24.616 30.8398 6.6
      vertex -24.616 30.8398 0
    endloop
  endfacet
  facet normal -0.884531 0.466482 0
    outer loop
      vertex -24.616 30.8398 6.6
      vertex -24.6343 30.8051 0
      vertex -24.6343 30.8051 6.6
    endloop
  endfacet
  facet normal -0.912017 0.410153 0
    outer loop
      vertex -24.6504 30.7693 0
      vertex -24.6343 30.8051 6.6
      vertex -24.6343 30.8051 0
    endloop
  endfacet
  facet normal -0.912017 0.410153 0
    outer loop
      vertex -24.6343 30.8051 6.6
      vertex -24.6504 30.7693 0
      vertex -24.6504 30.7693 6.6
    endloop
  endfacet
  facet normal -0.937164 0.34889 0
    outer loop
      vertex -24.6641 30.7325 0
      vertex -24.6504 30.7693 6.6
      vertex -24.6504 30.7693 0
    endloop
  endfacet
  facet normal -0.937164 0.34889 0
    outer loop
      vertex -24.6504 30.7693 6.6
      vertex -24.6641 30.7325 0
      vertex -24.6641 30.7325 6.6
    endloop
  endfacet
  facet normal -0.958593 0.284781 0
    outer loop
      vertex -24.6753 30.6948 0
      vertex -24.6641 30.7325 6.6
      vertex -24.6641 30.7325 0
    endloop
  endfacet
  facet normal -0.958593 0.284781 0
    outer loop
      vertex -24.6641 30.7325 6.6
      vertex -24.6753 30.6948 0
      vertex -24.6753 30.6948 6.6
    endloop
  endfacet
  facet normal -0.975032 0.222062 0
    outer loop
      vertex -24.684 30.6566 0
      vertex -24.6753 30.6948 6.6
      vertex -24.6753 30.6948 0
    endloop
  endfacet
  facet normal -0.975032 0.222062 0
    outer loop
      vertex -24.6753 30.6948 6.6
      vertex -24.684 30.6566 0
      vertex -24.684 30.6566 6.6
    endloop
  endfacet
  facet normal -0.987073 0.160272 0
    outer loop
      vertex -24.6903 30.6178 0
      vertex -24.684 30.6566 6.6
      vertex -24.684 30.6566 0
    endloop
  endfacet
  facet normal -0.987073 0.160272 0
    outer loop
      vertex -24.684 30.6566 6.6
      vertex -24.6903 30.6178 0
      vertex -24.6903 30.6178 6.6
    endloop
  endfacet
  facet normal -0.995788 0.0916838 0
    outer loop
      vertex -24.6939 30.5787 0
      vertex -24.6903 30.6178 6.6
      vertex -24.6903 30.6178 0
    endloop
  endfacet
  facet normal -0.995788 0.0916838 0
    outer loop
      vertex -24.6903 30.6178 6.6
      vertex -24.6939 30.5787 0
      vertex -24.6939 30.5787 6.6
    endloop
  endfacet
  facet normal -0.999532 0.0305979 0
    outer loop
      vertex -24.6951 30.5395 0
      vertex -24.6939 30.5787 6.6
      vertex -24.6939 30.5787 0
    endloop
  endfacet
  facet normal -0.999532 0.0305979 0
    outer loop
      vertex -24.6939 30.5787 6.6
      vertex -24.6951 30.5395 0
      vertex -24.6951 30.5395 6.6
    endloop
  endfacet
  facet normal -0.999272 -0.0381402 0
    outer loop
      vertex -24.6936 30.5002 0
      vertex -24.6951 30.5395 6.6
      vertex -24.6951 30.5395 0
    endloop
  endfacet
  facet normal -0.999272 -0.0381402 0
    outer loop
      vertex -24.6951 30.5395 6.6
      vertex -24.6936 30.5002 0
      vertex -24.6936 30.5002 6.6
    endloop
  endfacet
  facet normal -0.994781 -0.102029 0
    outer loop
      vertex -24.6896 30.4612 0
      vertex -24.6936 30.5002 6.6
      vertex -24.6936 30.5002 0
    endloop
  endfacet
  facet normal -0.994781 -0.102029 0
    outer loop
      vertex -24.6936 30.5002 6.6
      vertex -24.6896 30.4612 0
      vertex -24.6896 30.4612 6.6
    endloop
  endfacet
  facet normal -0.985767 -0.168115 0
    outer loop
      vertex -24.683 30.4225 0
      vertex -24.6896 30.4612 6.6
      vertex -24.6896 30.4612 0
    endloop
  endfacet
  facet normal -0.985767 -0.168115 0
    outer loop
      vertex -24.6896 30.4612 6.6
      vertex -24.683 30.4225 0
      vertex -24.683 30.4225 6.6
    endloop
  endfacet
  facet normal -0.972779 -0.231735 0
    outer loop
      vertex -24.6739 30.3843 0
      vertex -24.683 30.4225 6.6
      vertex -24.683 30.4225 0
    endloop
  endfacet
  facet normal -0.972779 -0.231735 0
    outer loop
      vertex -24.683 30.4225 6.6
      vertex -24.6739 30.3843 0
      vertex -24.6739 30.3843 6.6
    endloop
  endfacet
  facet normal -0.956273 -0.292477 0
    outer loop
      vertex -24.6624 30.3467 0
      vertex -24.6739 30.3843 6.6
      vertex -24.6739 30.3843 0
    endloop
  endfacet
  facet normal -0.956273 -0.292477 0
    outer loop
      vertex -24.6739 30.3843 6.6
      vertex -24.6624 30.3467 0
      vertex -24.6624 30.3467 6.6
    endloop
  endfacet
  facet normal -0.945515 -0.325579 0
    outer loop
      vertex -23.4038 26.6916 0
      vertex -24.6624 30.3467 6.6
      vertex -24.6624 30.3467 0
    endloop
  endfacet
  facet normal -0.945515 -0.325579 0
    outer loop
      vertex -24.6624 30.3467 6.6
      vertex -23.4038 26.6916 0
      vertex -23.4038 26.6916 6.6
    endloop
  endfacet
  facet normal -0.662709 0.748877 0
    outer loop
      vertex -23.4038 26.6916 0
      vertex -23.7497 26.3855 6.6
      vertex -23.4038 26.6916 6.6
    endloop
  endfacet
  facet normal -0.662709 0.748877 0
    outer loop
      vertex -23.7497 26.3855 6.6
      vertex -23.4038 26.6916 0
      vertex -23.7497 26.3855 0
    endloop
  endfacet
  facet normal -0.66791 0.744242 0
    outer loop
      vertex -23.7497 26.3855 0
      vertex -23.7575 26.3785 6.6
      vertex -23.7497 26.3855 6.6
    endloop
  endfacet
  facet normal -0.66791 0.744242 0
    outer loop
      vertex -23.7575 26.3785 6.6
      vertex -23.7497 26.3855 0
      vertex -23.7575 26.3785 0
    endloop
  endfacet
  facet normal -0.675547 0.737317 0
    outer loop
      vertex -23.7575 26.3785 0
      vertex -24.2075 25.9662 6.6
      vertex -23.7575 26.3785 6.6
    endloop
  endfacet
  facet normal -0.675547 0.737317 0
    outer loop
      vertex -24.2075 25.9662 6.6
      vertex -23.7575 26.3785 0
      vertex -24.2075 25.9662 0
    endloop
  endfacet
  facet normal -0.682661 0.730735 0
    outer loop
      vertex -24.2075 25.9662 0
      vertex -24.2151 25.9591 6.6
      vertex -24.2075 25.9662 6.6
    endloop
  endfacet
  facet normal -0.682661 0.730735 0
    outer loop
      vertex -24.2151 25.9591 6.6
      vertex -24.2075 25.9662 0
      vertex -24.2151 25.9591 0
    endloop
  endfacet
  facet normal -0.688378 0.725352 0
    outer loop
      vertex -24.2151 25.9591 0
      vertex -24.6565 25.5402 6.6
      vertex -24.2151 25.9591 6.6
    endloop
  endfacet
  facet normal -0.688378 0.725352 0
    outer loop
      vertex -24.6565 25.5402 6.6
      vertex -24.2151 25.9591 0
      vertex -24.6565 25.5402 0
    endloop
  endfacet
  facet normal -0.692729 0.721198 0
    outer loop
      vertex -24.6565 25.5402 0
      vertex -24.6641 25.5329 6.6
      vertex -24.6565 25.5402 6.6
    endloop
  endfacet
  facet normal -0.692729 0.721198 0
    outer loop
      vertex -24.6641 25.5329 6.6
      vertex -24.6565 25.5402 0
      vertex -24.6641 25.5329 0
    endloop
  endfacet
  facet normal -0.700924 0.713236 0
    outer loop
      vertex -24.6641 25.5329 0
      vertex -25.0986 25.1059 6.6
      vertex -24.6641 25.5329 6.6
    endloop
  endfacet
  facet normal -0.700924 0.713236 0
    outer loop
      vertex -25.0986 25.1059 6.6
      vertex -24.6641 25.5329 0
      vertex -25.0986 25.1059 0
    endloop
  endfacet
  facet normal -0.707107 0.707107 0
    outer loop
      vertex -25.1059 25.0986 0
      vertex -25.0986 25.1059 6.6
      vertex -25.0986 25.1059 0
    endloop
  endfacet
  facet normal -0.707107 0.707107 0
    outer loop
      vertex -25.0986 25.1059 6.6
      vertex -25.1059 25.0986 0
      vertex -25.1059 25.0986 6.6
    endloop
  endfacet
  facet normal -0.713236 0.700924 0
    outer loop
      vertex -25.5329 24.6641 0
      vertex -25.1059 25.0986 6.6
      vertex -25.1059 25.0986 0
    endloop
  endfacet
  facet normal -0.713236 0.700924 0
    outer loop
      vertex -25.1059 25.0986 6.6
      vertex -25.5329 24.6641 0
      vertex -25.5329 24.6641 6.6
    endloop
  endfacet
  facet normal -0.721198 0.692729 0
    outer loop
      vertex -25.5402 24.6565 0
      vertex -25.5329 24.6641 6.6
      vertex -25.5329 24.6641 0
    endloop
  endfacet
  facet normal -0.721198 0.692729 0
    outer loop
      vertex -25.5329 24.6641 6.6
      vertex -25.5402 24.6565 0
      vertex -25.5402 24.6565 6.6
    endloop
  endfacet
  facet normal -0.725352 0.688378 0
    outer loop
      vertex -25.9591 24.2151 0
      vertex -25.5402 24.6565 6.6
      vertex -25.5402 24.6565 0
    endloop
  endfacet
  facet normal -0.725352 0.688378 0
    outer loop
      vertex -25.5402 24.6565 6.6
      vertex -25.9591 24.2151 0
      vertex -25.9591 24.2151 6.6
    endloop
  endfacet
  facet normal -0.730735 0.682661 0
    outer loop
      vertex -25.9662 24.2075 0
      vertex -25.9591 24.2151 6.6
      vertex -25.9591 24.2151 0
    endloop
  endfacet
  facet normal -0.730735 0.682661 0
    outer loop
      vertex -25.9591 24.2151 6.6
      vertex -25.9662 24.2075 0
      vertex -25.9662 24.2075 6.6
    endloop
  endfacet
  facet normal -0.737345 0.675517 0
    outer loop
      vertex -26.3781 23.7579 0
      vertex -25.9662 24.2075 6.6
      vertex -25.9662 24.2075 0
    endloop
  endfacet
  facet normal -0.737345 0.675517 0
    outer loop
      vertex -25.9662 24.2075 6.6
      vertex -26.3781 23.7579 0
      vertex -26.3781 23.7579 6.6
    endloop
  endfacet
  facet normal -0.735169 0.677883 0
    outer loop
      vertex -26.3852 23.7502 0
      vertex -26.3781 23.7579 6.6
      vertex -26.3781 23.7579 0
    endloop
  endfacet
  facet normal -0.735169 0.677883 0
    outer loop
      vertex -26.3781 23.7579 6.6
      vertex -26.3852 23.7502 0
      vertex -26.3852 23.7502 6.6
    endloop
  endfacet
  facet normal -0.749028 0.662538 0
    outer loop
      vertex -26.7889 23.2938 0
      vertex -26.3852 23.7502 6.6
      vertex -26.3852 23.7502 0
    endloop
  endfacet
  facet normal -0.749028 0.662538 0
    outer loop
      vertex -26.3852 23.7502 6.6
      vertex -26.7889 23.2938 0
      vertex -26.7889 23.2938 6.6
    endloop
  endfacet
  facet normal -0.757901 0.65237 0
    outer loop
      vertex -26.7957 23.2859 0
      vertex -26.7889 23.2938 6.6
      vertex -26.7889 23.2938 0
    endloop
  endfacet
  facet normal -0.757901 0.65237 0
    outer loop
      vertex -26.7889 23.2938 6.6
      vertex -26.7957 23.2859 0
      vertex -26.7957 23.2859 6.6
    endloop
  endfacet
  facet normal -0.760392 0.649464 0
    outer loop
      vertex -27.1909 22.8232 0
      vertex -26.7957 23.2859 6.6
      vertex -26.7957 23.2859 0
    endloop
  endfacet
  facet normal -0.760392 0.649464 0
    outer loop
      vertex -26.7957 23.2859 6.6
      vertex -27.1909 22.8232 0
      vertex -27.1909 22.8232 6.6
    endloop
  endfacet
  facet normal -0.766648 0.642068 0
    outer loop
      vertex -27.1976 22.8152 0
      vertex -27.1909 22.8232 6.6
      vertex -27.1909 22.8232 0
    endloop
  endfacet
  facet normal -0.766648 0.642068 0
    outer loop
      vertex -27.1909 22.8232 6.6
      vertex -27.1976 22.8152 0
      vertex -27.1976 22.8152 6.6
    endloop
  endfacet
  facet normal -0.77157 0.636144 0
    outer loop
      vertex -27.5856 22.3446 0
      vertex -27.1976 22.8152 6.6
      vertex -27.1976 22.8152 0
    endloop
  endfacet
  facet normal -0.77157 0.636144 0
    outer loop
      vertex -27.1976 22.8152 6.6
      vertex -27.5856 22.3446 0
      vertex -27.5856 22.3446 6.6
    endloop
  endfacet
  facet normal -0.779012 0.627009 0
    outer loop
      vertex -27.5922 22.3364 0
      vertex -27.5856 22.3446 6.6
      vertex -27.5856 22.3446 0
    endloop
  endfacet
  facet normal -0.779012 0.627009 0
    outer loop
      vertex -27.5856 22.3446 6.6
      vertex -27.5922 22.3364 0
      vertex -27.5922 22.3364 6.6
    endloop
  endfacet
  facet normal -0.782612 0.62251 0
    outer loop
      vertex -27.9713 21.8598 0
      vertex -27.5922 22.3364 6.6
      vertex -27.5922 22.3364 0
    endloop
  endfacet
  facet normal -0.782612 0.62251 0
    outer loop
      vertex -27.5922 22.3364 6.6
      vertex -27.9713 21.8598 0
      vertex -27.9713 21.8598 6.6
    endloop
  endfacet
  facet normal -0.787305 0.616564 0
    outer loop
      vertex -27.9778 21.8515 0
      vertex -27.9713 21.8598 6.6
      vertex -27.9713 21.8598 0
    endloop
  endfacet
  facet normal -0.787305 0.616564 0
    outer loop
      vertex -27.9713 21.8598 6.6
      vertex -27.9778 21.8515 0
      vertex -27.9778 21.8515 6.6
    endloop
  endfacet
  facet normal -0.793387 0.608718 0
    outer loop
      vertex -28.3483 21.3686 0
      vertex -27.9778 21.8515 6.6
      vertex -27.9778 21.8515 0
    endloop
  endfacet
  facet normal -0.793387 0.608718 0
    outer loop
      vertex -27.9778 21.8515 6.6
      vertex -28.3483 21.3686 0
      vertex -28.3483 21.3686 6.6
    endloop
  endfacet
  facet normal -0.796532 0.604597 0
    outer loop
      vertex -28.3546 21.3603 0
      vertex -28.3483 21.3686 6.6
      vertex -28.3483 21.3686 0
    endloop
  endfacet
  facet normal -0.796532 0.604597 0
    outer loop
      vertex -28.3483 21.3686 6.6
      vertex -28.3546 21.3603 0
      vertex -28.3546 21.3603 6.6
    endloop
  endfacet
  facet normal -0.803807 0.59489 0
    outer loop
      vertex -28.7168 20.8709 0
      vertex -28.3546 21.3603 6.6
      vertex -28.3546 21.3603 0
    endloop
  endfacet
  facet normal -0.803807 0.59489 0
    outer loop
      vertex -28.3546 21.3603 6.6
      vertex -28.7168 20.8709 0
      vertex -28.7168 20.8709 6.6
    endloop
  endfacet
  facet normal -0.81244 0.583045 0
    outer loop
      vertex -28.7229 20.8624 0
      vertex -28.7168 20.8709 6.6
      vertex -28.7168 20.8709 0
    endloop
  endfacet
  facet normal -0.81244 0.583045 0
    outer loop
      vertex -28.7168 20.8709 6.6
      vertex -28.7229 20.8624 0
      vertex -28.7229 20.8624 6.6
    endloop
  endfacet
  facet normal -0.814044 0.580804 0
    outer loop
      vertex -29.077 20.3661 0
      vertex -28.7229 20.8624 6.6
      vertex -28.7229 20.8624 0
    endloop
  endfacet
  facet normal -0.814044 0.580804 0
    outer loop
      vertex -28.7229 20.8624 6.6
      vertex -29.077 20.3661 0
      vertex -29.077 20.3661 6.6
    endloop
  endfacet
  facet normal -0.824601 0.565715 0
    outer loop
      vertex -29.0829 20.3575 0
      vertex -29.077 20.3661 6.6
      vertex -29.077 20.3661 0
    endloop
  endfacet
  facet normal -0.824601 0.565715 0
    outer loop
      vertex -29.077 20.3661 6.6
      vertex -29.0829 20.3575 0
      vertex -29.0829 20.3575 6.6
    endloop
  endfacet
  facet normal -0.824056 0.566508 0
    outer loop
      vertex -29.4278 19.8558 0
      vertex -29.0829 20.3575 6.6
      vertex -29.0829 20.3575 0
    endloop
  endfacet
  facet normal -0.824056 0.566508 0
    outer loop
      vertex -29.0829 20.3575 6.6
      vertex -29.4278 19.8558 0
      vertex -29.4278 19.8558 6.6
    endloop
  endfacet
  facet normal -0.83205 0.5547 0
    outer loop
      vertex -29.4336 19.8471 0
      vertex -29.4278 19.8558 6.6
      vertex -29.4278 19.8558 0
    endloop
  endfacet
  facet normal -0.83205 0.5547 0
    outer loop
      vertex -29.4278 19.8558 6.6
      vertex -29.4336 19.8471 0
      vertex -29.4336 19.8471 6.6
    endloop
  endfacet
  facet normal -0.833838 0.552009 0
    outer loop
      vertex -29.7701 19.3388 0
      vertex -29.4336 19.8471 6.6
      vertex -29.4336 19.8471 0
    endloop
  endfacet
  facet normal -0.833838 0.552009 0
    outer loop
      vertex -29.4336 19.8471 6.6
      vertex -29.7701 19.3388 0
      vertex -29.7701 19.3388 6.6
    endloop
  endfacet
  facet normal -0.839314 0.543647 0
    outer loop
      vertex -29.7758 19.33 0
      vertex -29.7701 19.3388 6.6
      vertex -29.7701 19.3388 0
    endloop
  endfacet
  facet normal -0.839314 0.543647 0
    outer loop
      vertex -29.7701 19.3388 6.6
      vertex -29.7758 19.33 0
      vertex -29.7758 19.33 6.6
    endloop
  endfacet
  facet normal -0.843391 0.5373 0
    outer loop
      vertex -30.103 18.8164 0
      vertex -29.7758 19.33 6.6
      vertex -29.7758 19.33 0
    endloop
  endfacet
  facet normal -0.843391 0.5373 0
    outer loop
      vertex -29.7758 19.33 6.6
      vertex -30.103 18.8164 0
      vertex -30.103 18.8164 6.6
    endloop
  endfacet
  facet normal -0.846392 0.532561 0
    outer loop
      vertex -30.1086 18.8075 0
      vertex -30.103 18.8164 6.6
      vertex -30.103 18.8164 0
    endloop
  endfacet
  facet normal -0.846392 0.532561 0
    outer loop
      vertex -30.103 18.8164 6.6
      vertex -30.1086 18.8075 0
      vertex -30.1086 18.8075 6.6
    endloop
  endfacet
  facet normal -0.852672 0.522446 0
    outer loop
      vertex -30.4266 18.2885 0
      vertex -30.1086 18.8075 6.6
      vertex -30.1086 18.8075 0
    endloop
  endfacet
  facet normal -0.852672 0.522446 0
    outer loop
      vertex -30.1086 18.8075 6.6
      vertex -30.4266 18.2885 0
      vertex -30.4266 18.2885 6.6
    endloop
  endfacet
  facet normal -0.857493 0.514496 0
    outer loop
      vertex -30.432 18.2795 0
      vertex -30.4266 18.2885 6.6
      vertex -30.4266 18.2885 0
    endloop
  endfacet
  facet normal -0.857493 0.514496 0
    outer loop
      vertex -30.4266 18.2885 6.6
      vertex -30.432 18.2795 0
      vertex -30.432 18.2795 6.6
    endloop
  endfacet
  facet normal -0.861663 0.507481 0
    outer loop
      vertex -30.7402 17.7562 0
      vertex -30.432 18.2795 6.6
      vertex -30.432 18.2795 0
    endloop
  endfacet
  facet normal -0.861663 0.507481 0
    outer loop
      vertex -30.432 18.2795 6.6
      vertex -30.7402 17.7562 0
      vertex -30.7402 17.7562 6.6
    endloop
  endfacet
  facet normal 0.350213 0.93667 -0
    outer loop
      vertex -30.7402 17.7562 0
      vertex -34.0449 18.9918 6.6
      vertex -30.7402 17.7562 6.6
    endloop
  endfacet
  facet normal 0.350213 0.93667 0
    outer loop
      vertex -34.0449 18.9918 6.6
      vertex -30.7402 17.7562 0
      vertex -34.0449 18.9918 0
    endloop
  endfacet
  facet normal 0.320404 0.947281 -0
    outer loop
      vertex -34.0449 18.9918 0
      vertex -34.0789 19.0033 6.6
      vertex -34.0449 18.9918 6.6
    endloop
  endfacet
  facet normal 0.320404 0.947281 0
    outer loop
      vertex -34.0789 19.0033 6.6
      vertex -34.0449 18.9918 0
      vertex -34.0789 19.0033 0
    endloop
  endfacet
  facet normal 0.262256 0.964998 -0
    outer loop
      vertex -34.0789 19.0033 0
      vertex -34.1168 19.0136 6.6
      vertex -34.0789 19.0033 6.6
    endloop
  endfacet
  facet normal 0.262256 0.964998 0
    outer loop
      vertex -34.1168 19.0136 6.6
      vertex -34.0789 19.0033 0
      vertex -34.1168 19.0136 0
    endloop
  endfacet
  facet normal 0.198563 0.980088 -0
    outer loop
      vertex -34.1168 19.0136 0
      vertex -34.1553 19.0214 6.6
      vertex -34.1168 19.0136 6.6
    endloop
  endfacet
  facet normal 0.198563 0.980088 0
    outer loop
      vertex -34.1553 19.0214 6.6
      vertex -34.1168 19.0136 0
      vertex -34.1553 19.0214 0
    endloop
  endfacet
  facet normal 0.135 0.990846 -0
    outer loop
      vertex -34.1553 19.0214 0
      vertex -34.1942 19.0267 6.6
      vertex -34.1553 19.0214 6.6
    endloop
  endfacet
  facet normal 0.135 0.990846 0
    outer loop
      vertex -34.1942 19.0267 6.6
      vertex -34.1553 19.0214 0
      vertex -34.1942 19.0267 0
    endloop
  endfacet
  facet normal 0.0687147 0.997636 -0
    outer loop
      vertex -34.1942 19.0267 0
      vertex -34.2334 19.0294 6.6
      vertex -34.1942 19.0267 6.6
    endloop
  endfacet
  facet normal 0.0687147 0.997636 0
    outer loop
      vertex -34.2334 19.0294 6.6
      vertex -34.1942 19.0267 0
      vertex -34.2334 19.0294 0
    endloop
  endfacet
  facet normal 0.00254452 0.999997 -0
    outer loop
      vertex -34.2334 19.0294 0
      vertex -34.2727 19.0295 6.6
      vertex -34.2334 19.0294 6.6
    endloop
  endfacet
  facet normal 0.00254452 0.999997 0
    outer loop
      vertex -34.2727 19.0295 6.6
      vertex -34.2334 19.0294 0
      vertex -34.2727 19.0295 0
    endloop
  endfacet
  facet normal -0.0612658 0.998121 0
    outer loop
      vertex -34.2727 19.0295 0
      vertex -34.3118 19.0271 6.6
      vertex -34.2727 19.0295 6.6
    endloop
  endfacet
  facet normal -0.0612658 0.998121 0
    outer loop
      vertex -34.3118 19.0271 6.6
      vertex -34.2727 19.0295 0
      vertex -34.3118 19.0271 0
    endloop
  endfacet
  facet normal -0.127164 0.991882 0
    outer loop
      vertex -34.3118 19.0271 0
      vertex -34.3508 19.0221 6.6
      vertex -34.3118 19.0271 6.6
    endloop
  endfacet
  facet normal -0.127164 0.991882 0
    outer loop
      vertex -34.3508 19.0221 6.6
      vertex -34.3118 19.0271 0
      vertex -34.3508 19.0221 0
    endloop
  endfacet
  facet normal -0.193665 0.981068 0
    outer loop
      vertex -34.3508 19.0221 0
      vertex -34.3893 19.0145 6.6
      vertex -34.3508 19.0221 6.6
    endloop
  endfacet
  facet normal -0.193665 0.981068 0
    outer loop
      vertex -34.3893 19.0145 6.6
      vertex -34.3508 19.0221 0
      vertex -34.3893 19.0145 0
    endloop
  endfacet
  facet normal -0.254493 0.967075 0
    outer loop
      vertex -34.3893 19.0145 0
      vertex -34.4273 19.0045 6.6
      vertex -34.3893 19.0145 6.6
    endloop
  endfacet
  facet normal -0.254493 0.967075 0
    outer loop
      vertex -34.4273 19.0045 6.6
      vertex -34.3893 19.0145 0
      vertex -34.4273 19.0045 0
    endloop
  endfacet
  facet normal -0.31852 0.947916 0
    outer loop
      vertex -34.4273 19.0045 0
      vertex -34.4645 18.992 6.6
      vertex -34.4273 19.0045 6.6
    endloop
  endfacet
  facet normal -0.31852 0.947916 0
    outer loop
      vertex -34.4645 18.992 6.6
      vertex -34.4273 19.0045 0
      vertex -34.4645 18.992 0
    endloop
  endfacet
  facet normal -0.379724 0.9251 0
    outer loop
      vertex -34.4645 18.992 0
      vertex -34.5008 18.9771 6.6
      vertex -34.4645 18.992 6.6
    endloop
  endfacet
  facet normal -0.379724 0.9251 0
    outer loop
      vertex -34.5008 18.9771 6.6
      vertex -34.4645 18.992 0
      vertex -34.5008 18.9771 0
    endloop
  endfacet
  facet normal -0.438022 0.898964 0
    outer loop
      vertex -34.5008 18.9771 0
      vertex -34.5361 18.9599 6.6
      vertex -34.5008 18.9771 6.6
    endloop
  endfacet
  facet normal -0.438022 0.898964 0
    outer loop
      vertex -34.5361 18.9599 6.6
      vertex -34.5008 18.9771 0
      vertex -34.5361 18.9599 0
    endloop
  endfacet
  facet normal -0.498328 0.866989 0
    outer loop
      vertex -34.5361 18.9599 0
      vertex -34.5702 18.9403 6.6
      vertex -34.5361 18.9599 6.6
    endloop
  endfacet
  facet normal -0.498328 0.866989 0
    outer loop
      vertex -34.5702 18.9403 6.6
      vertex -34.5361 18.9599 0
      vertex -34.5702 18.9403 0
    endloop
  endfacet
  facet normal -0.552935 0.833224 0
    outer loop
      vertex -34.5702 18.9403 0
      vertex -34.6029 18.9186 6.6
      vertex -34.5702 18.9403 6.6
    endloop
  endfacet
  facet normal -0.552935 0.833224 0
    outer loop
      vertex -34.6029 18.9186 6.6
      vertex -34.5702 18.9403 0
      vertex -34.6029 18.9186 0
    endloop
  endfacet
  facet normal -0.606504 0.795081 0
    outer loop
      vertex -34.6029 18.9186 0
      vertex -34.6341 18.8948 6.6
      vertex -34.6029 18.9186 6.6
    endloop
  endfacet
  facet normal -0.606504 0.795081 0
    outer loop
      vertex -34.6341 18.8948 6.6
      vertex -34.6029 18.9186 0
      vertex -34.6341 18.8948 0
    endloop
  endfacet
  facet normal -0.657061 0.753837 0
    outer loop
      vertex -34.6341 18.8948 0
      vertex -34.6637 18.869 6.6
      vertex -34.6341 18.8948 6.6
    endloop
  endfacet
  facet normal -0.657061 0.753837 0
    outer loop
      vertex -34.6637 18.869 6.6
      vertex -34.6341 18.8948 0
      vertex -34.6637 18.869 0
    endloop
  endfacet
  facet normal -0.703274 0.710919 0
    outer loop
      vertex -34.6637 18.869 0
      vertex -34.6916 18.8414 6.6
      vertex -34.6637 18.869 6.6
    endloop
  endfacet
  facet normal -0.703274 0.710919 0
    outer loop
      vertex -34.6916 18.8414 6.6
      vertex -34.6637 18.869 0
      vertex -34.6916 18.8414 0
    endloop
  endfacet
  facet normal -0.750209 0.661201 0
    outer loop
      vertex -34.7176 18.8119 0
      vertex -34.6916 18.8414 6.6
      vertex -34.6916 18.8414 0
    endloop
  endfacet
  facet normal -0.750209 0.661201 0
    outer loop
      vertex -34.6916 18.8414 6.6
      vertex -34.7176 18.8119 0
      vertex -34.7176 18.8119 6.6
    endloop
  endfacet
  facet normal -0.790724 0.612173 0
    outer loop
      vertex -34.7416 18.7809 0
      vertex -34.7176 18.8119 6.6
      vertex -34.7176 18.8119 0
    endloop
  endfacet
  facet normal -0.790724 0.612173 0
    outer loop
      vertex -34.7176 18.8119 6.6
      vertex -34.7416 18.7809 0
      vertex -34.7416 18.7809 6.6
    endloop
  endfacet
  facet normal -0.830086 0.557635 0
    outer loop
      vertex -34.7635 18.7483 0
      vertex -34.7416 18.7809 6.6
      vertex -34.7416 18.7809 0
    endloop
  endfacet
  facet normal -0.830086 0.557635 0
    outer loop
      vertex -34.7416 18.7809 6.6
      vertex -34.7635 18.7483 0
      vertex -34.7635 18.7483 6.6
    endloop
  endfacet
  facet normal -0.86461 0.502443 0
    outer loop
      vertex -34.7832 18.7144 0
      vertex -34.7635 18.7483 6.6
      vertex -34.7635 18.7483 0
    endloop
  endfacet
  facet normal -0.86461 0.502443 0
    outer loop
      vertex -34.7635 18.7483 6.6
      vertex -34.7832 18.7144 0
      vertex -34.7832 18.7144 6.6
    endloop
  endfacet
  facet normal -0.880323 0.474375 0
    outer loop
      vertex -35.1742 17.9888 0
      vertex -34.7832 18.7144 6.6
      vertex -34.7832 18.7144 0
    endloop
  endfacet
  facet normal -0.880323 0.474375 0
    outer loop
      vertex -34.7832 18.7144 6.6
      vertex -35.1742 17.9888 0
      vertex -35.1742 17.9888 6.6
    endloop
  endfacet
  facet normal -0.890974 0.454054 0
    outer loop
      vertex -35.1848 17.968 0
      vertex -35.1742 17.9888 6.6
      vertex -35.1742 17.9888 0
    endloop
  endfacet
  facet normal -0.890974 0.454054 0
    outer loop
      vertex -35.1742 17.9888 6.6
      vertex -35.1848 17.968 0
      vertex -35.1848 17.968 6.6
    endloop
  endfacet
  facet normal -0.898135 0.43972 0
    outer loop
      vertex -35.7728 16.767 0
      vertex -35.1848 17.968 6.6
      vertex -35.1848 17.968 0
    endloop
  endfacet
  facet normal -0.898135 0.43972 0
    outer loop
      vertex -35.1848 17.968 6.6
      vertex -35.7728 16.767 0
      vertex -35.7728 16.767 6.6
    endloop
  endfacet
  facet normal -0.906678 0.421823 0
    outer loop
      vertex -35.7815 16.7483 0
      vertex -35.7728 16.767 6.6
      vertex -35.7728 16.767 0
    endloop
  endfacet
  facet normal -0.906678 0.421823 0
    outer loop
      vertex -35.7728 16.767 6.6
      vertex -35.7815 16.7483 0
      vertex -35.7815 16.7483 6.6
    endloop
  endfacet
  facet normal -0.91273 0.408563 0
    outer loop
      vertex -36.3285 15.5263 0
      vertex -35.7815 16.7483 6.6
      vertex -35.7815 16.7483 0
    endloop
  endfacet
  facet normal -0.91273 0.408563 0
    outer loop
      vertex -35.7815 16.7483 6.6
      vertex -36.3285 15.5263 0
      vertex -36.3285 15.5263 6.6
    endloop
  endfacet
  facet normal -0.919145 0.393919 0
    outer loop
      vertex -36.3366 15.5074 0
      vertex -36.3285 15.5263 6.6
      vertex -36.3285 15.5263 0
    endloop
  endfacet
  facet normal -0.919145 0.393919 0
    outer loop
      vertex -36.3285 15.5263 6.6
      vertex -36.3366 15.5074 0
      vertex -36.3366 15.5074 6.6
    endloop
  endfacet
  facet normal -0.926271 0.376858 0
    outer loop
      vertex -36.8411 14.2674 0
      vertex -36.3366 15.5074 6.6
      vertex -36.3366 15.5074 0
    endloop
  endfacet
  facet normal -0.926271 0.376858 0
    outer loop
      vertex -36.3366 15.5074 6.6
      vertex -36.8411 14.2674 0
      vertex -36.8411 14.2674 6.6
    endloop
  endfacet
  facet normal -0.933095 0.35963 0
    outer loop
      vertex -36.8485 14.2482 0
      vertex -36.8411 14.2674 6.6
      vertex -36.8411 14.2674 0
    endloop
  endfacet
  facet normal -0.933095 0.35963 0
    outer loop
      vertex -36.8411 14.2674 6.6
      vertex -36.8485 14.2482 0
      vertex -36.8485 14.2482 6.6
    endloop
  endfacet
  facet normal -0.938669 0.344819 0
    outer loop
      vertex -37.31 12.9919 0
      vertex -36.8485 14.2482 6.6
      vertex -36.8485 14.2482 0
    endloop
  endfacet
  facet normal -0.938669 0.344819 0
    outer loop
      vertex -36.8485 14.2482 6.6
      vertex -37.31 12.9919 0
      vertex -37.31 12.9919 6.6
    endloop
  endfacet
  facet normal -0.944235 0.329272 0
    outer loop
      vertex -37.3168 12.9724 0
      vertex -37.31 12.9919 6.6
      vertex -37.31 12.9919 0
    endloop
  endfacet
  facet normal -0.944235 0.329272 0
    outer loop
      vertex -37.31 12.9919 6.6
      vertex -37.3168 12.9724 0
      vertex -37.3168 12.9724 6.6
    endloop
  endfacet
  facet normal -0.94999 0.312281 0
    outer loop
      vertex -37.7349 11.7005 0
      vertex -37.3168 12.9724 6.6
      vertex -37.3168 12.9724 0
    endloop
  endfacet
  facet normal -0.94999 0.312281 0
    outer loop
      vertex -37.3168 12.9724 6.6
      vertex -37.7349 11.7005 0
      vertex -37.7349 11.7005 6.6
    endloop
  endfacet
  facet normal -0.955253 0.295789 0
    outer loop
      vertex -37.741 11.6808 0
      vertex -37.7349 11.7005 6.6
      vertex -37.7349 11.7005 0
    endloop
  endfacet
  facet normal -0.955253 0.295789 0
    outer loop
      vertex -37.7349 11.7005 6.6
      vertex -37.741 11.6808 0
      vertex -37.741 11.6808 6.6
    endloop
  endfacet
  facet normal -0.960159 0.279455 0
    outer loop
      vertex -38.115 10.3958 0
      vertex -37.741 11.6808 6.6
      vertex -37.741 11.6808 0
    endloop
  endfacet
  facet normal -0.960159 0.279455 0
    outer loop
      vertex -37.741 11.6808 6.6
      vertex -38.115 10.3958 0
      vertex -38.115 10.3958 6.6
    endloop
  endfacet
  facet normal -0.965099 0.261886 0
    outer loop
      vertex -38.1204 10.3759 0
      vertex -38.115 10.3958 6.6
      vertex -38.115 10.3958 0
    endloop
  endfacet
  facet normal -0.965099 0.261886 0
    outer loop
      vertex -38.115 10.3958 6.6
      vertex -38.1204 10.3759 0
      vertex -38.1204 10.3759 6.6
    endloop
  endfacet
  facet normal -0.969212 0.246226 0
    outer loop
      vertex -38.4501 9.07811 0
      vertex -38.1204 10.3759 6.6
      vertex -38.1204 10.3759 0
    endloop
  endfacet
  facet normal -0.969212 0.246226 0
    outer loop
      vertex -38.1204 10.3759 6.6
      vertex -38.4501 9.07811 0
      vertex -38.4501 9.07811 6.6
    endloop
  endfacet
  facet normal -0.97265 0.232275 0
    outer loop
      vertex -38.4549 9.05801 0
      vertex -38.4501 9.07811 6.6
      vertex -38.4501 9.07811 0
    endloop
  endfacet
  facet normal -0.97265 0.232275 0
    outer loop
      vertex -38.4501 9.07811 6.6
      vertex -38.4549 9.05801 0
      vertex -38.4549 9.05801 6.6
    endloop
  endfacet
  facet normal -0.977113 0.21272 0
    outer loop
      vertex -38.7396 7.75026 0
      vertex -38.4549 9.05801 6.6
      vertex -38.4549 9.05801 0
    endloop
  endfacet
  facet normal -0.977113 0.21272 0
    outer loop
      vertex -38.4549 9.05801 6.6
      vertex -38.7396 7.75026 0
      vertex -38.7396 7.75026 6.6
    endloop
  endfacet
  facet normal -0.980113 0.198443 0
    outer loop
      vertex -38.7437 7.73001 0
      vertex -38.7396 7.75026 6.6
      vertex -38.7396 7.75026 0
    endloop
  endfacet
  facet normal -0.980113 0.198443 0
    outer loop
      vertex -38.7396 7.75026 6.6
      vertex -38.7437 7.73001 0
      vertex -38.7437 7.73001 6.6
    endloop
  endfacet
  facet normal -0.983854 0.178971 0
    outer loop
      vertex -38.9832 6.41341 0
      vertex -38.7437 7.73001 6.6
      vertex -38.7437 7.73001 0
    endloop
  endfacet
  facet normal -0.983854 0.178971 0
    outer loop
      vertex -38.7437 7.73001 6.6
      vertex -38.9832 6.41341 0
      vertex -38.9832 6.41341 6.6
    endloop
  endfacet
  facet normal -0.986355 0.164635 0
    outer loop
      vertex -38.9866 6.39304 0
      vertex -38.9832 6.41341 6.6
      vertex -38.9832 6.41341 0
    endloop
  endfacet
  facet normal -0.986355 0.164635 0
    outer loop
      vertex -38.9832 6.41341 6.6
      vertex -38.9866 6.39304 0
      vertex -38.9866 6.39304 6.6
    endloop
  endfacet
  facet normal -0.989427 0.145035 0
    outer loop
      vertex -39.1808 5.06821 0
      vertex -38.9866 6.39304 6.6
      vertex -38.9866 6.39304 0
    endloop
  endfacet
  facet normal -0.989427 0.145035 0
    outer loop
      vertex -38.9866 6.39304 6.6
      vertex -39.1808 5.06821 0
      vertex -39.1808 5.06821 6.6
    endloop
  endfacet
  facet normal -0.991413 0.130768 0
    outer loop
      vertex -39.1835 5.04774 0
      vertex -39.1808 5.06821 6.6
      vertex -39.1808 5.06821 0
    endloop
  endfacet
  facet normal -0.991413 0.130768 0
    outer loop
      vertex -39.1808 5.06821 6.6
      vertex -39.1835 5.04774 0
      vertex -39.1835 5.04774 6.6
    endloop
  endfacet
  facet normal -0.993827 0.110942 0
    outer loop
      vertex -39.332 3.71747 0
      vertex -39.1835 5.04774 6.6
      vertex -39.1835 5.04774 0
    endloop
  endfacet
  facet normal -0.993827 0.110942 0
    outer loop
      vertex -39.1835 5.04774 6.6
      vertex -39.332 3.71747 0
      vertex -39.332 3.71747 6.6
    endloop
  endfacet
  facet normal -0.995757 0.0920204 0
    outer loop
      vertex -39.3339 3.69691 0
      vertex -39.332 3.71747 6.6
      vertex -39.332 3.71747 0
    endloop
  endfacet
  facet normal -0.995757 0.0920204 0
    outer loop
      vertex -39.332 3.71747 6.6
      vertex -39.3339 3.69691 0
      vertex -39.3339 3.69691 6.6
    endloop
  endfacet
  facet normal -0.997054 0.0767062 0
    outer loop
      vertex -39.4366 2.36198 0
      vertex -39.3339 3.69691 6.6
      vertex -39.3339 3.69691 0
    endloop
  endfacet
  facet normal -0.997054 0.0767062 0
    outer loop
      vertex -39.3339 3.69691 6.6
      vertex -39.4366 2.36198 0
      vertex -39.4366 2.36198 6.6
    endloop
  endfacet
  facet normal -0.998309 0.0581257 0
    outer loop
      vertex -39.4378 2.34137 0
      vertex -39.4366 2.36198 6.6
      vertex -39.4366 2.36198 0
    endloop
  endfacet
  facet normal -0.998309 0.0581257 0
    outer loop
      vertex -39.4366 2.36198 6.6
      vertex -39.4378 2.34137 0
      vertex -39.4378 2.34137 6.6
    endloop
  endfacet
  facet normal -0.999102 0.0423652 0
    outer loop
      vertex -39.4945 1.00421 0
      vertex -39.4378 2.34137 6.6
      vertex -39.4378 2.34137 0
    endloop
  endfacet
  facet normal -0.999102 0.0423652 0
    outer loop
      vertex -39.4378 2.34137 6.6
      vertex -39.4945 1.00421 0
      vertex -39.4945 1.00421 6.6
    endloop
  endfacet
  facet normal -0.999706 0.0242318 0
    outer loop
      vertex -39.495 0.983582 0
      vertex -39.4945 1.00421 6.6
      vertex -39.4945 1.00421 0
    endloop
  endfacet
  facet normal -0.999706 0.0242318 0
    outer loop
      vertex -39.4945 1.00421 6.6
      vertex -39.495 0.983582 0
      vertex -39.495 0.983582 6.6
    endloop
  endfacet
  facet normal -0.999968 0.00799485 0
    outer loop
      vertex -39.5057 -0.354736 0
      vertex -39.495 0.983582 6.6
      vertex -39.495 0.983582 0
    endloop
  endfacet
  facet normal -0.999968 0.00799485 0
    outer loop
      vertex -39.495 0.983582 6.6
      vertex -39.5057 -0.354736 0
      vertex -39.5057 -0.354736 6.6
    endloop
  endfacet
  facet normal -0.999953 -0.00968712 0
    outer loop
      vertex -39.5055 -0.375381 0
      vertex -39.5057 -0.354736 6.6
      vertex -39.5057 -0.354736 0
    endloop
  endfacet
  facet normal -0.999953 -0.00968712 0
    outer loop
      vertex -39.5057 -0.354736 6.6
      vertex -39.5055 -0.375381 0
      vertex -39.5055 -0.375381 6.6
    endloop
  endfacet
  facet normal -0.99965 -0.0264416 0
    outer loop
      vertex -39.4701 -1.71371 0
      vertex -39.5055 -0.375381 6.6
      vertex -39.5055 -0.375381 0
    endloop
  endfacet
  facet normal -0.99965 -0.0264416 0
    outer loop
      vertex -39.5055 -0.375381 6.6
      vertex -39.4701 -1.71371 0
      vertex -39.4701 -1.71371 6.6
    endloop
  endfacet
  facet normal -0.99905 -0.0435843 0
    outer loop
      vertex -39.4692 -1.73434 0
      vertex -39.4701 -1.71371 6.6
      vertex -39.4701 -1.71371 0
    endloop
  endfacet
  facet normal -0.99905 -0.0435843 0
    outer loop
      vertex -39.4701 -1.71371 6.6
      vertex -39.4692 -1.73434 0
      vertex -39.4692 -1.73434 6.6
    endloop
  endfacet
  facet normal -0.99815 -0.0607972 0
    outer loop
      vertex -39.3878 -3.07074 0
      vertex -39.4692 -1.73434 6.6
      vertex -39.4692 -1.73434 0
    endloop
  endfacet
  facet normal -0.99815 -0.0607972 0
    outer loop
      vertex -39.4692 -1.73434 6.6
      vertex -39.3878 -3.07074 0
      vertex -39.3878 -3.07074 6.6
    endloop
  endfacet
  facet normal -0.996602 -0.0823638 0
    outer loop
      vertex -39.3861 -3.09131 0
      vertex -39.3878 -3.07074 6.6
      vertex -39.3878 -3.07074 0
    endloop
  endfacet
  facet normal -0.996602 -0.0823638 0
    outer loop
      vertex -39.3878 -3.07074 6.6
      vertex -39.3861 -3.09131 0
      vertex -39.3861 -3.09131 6.6
    endloop
  endfacet
  facet normal -0.995466 -0.0951144 0
    outer loop
      vertex -39.2588 -4.42363 0
      vertex -39.3861 -3.09131 6.6
      vertex -39.3861 -3.09131 0
    endloop
  endfacet
  facet normal -0.995466 -0.0951144 0
    outer loop
      vertex -39.3861 -3.09131 6.6
      vertex -39.2588 -4.42363 0
      vertex -39.2588 -4.42363 6.6
    endloop
  endfacet
  facet normal -0.993777 -0.111388 0
    outer loop
      vertex -39.2565 -4.44415 0
      vertex -39.2588 -4.42363 6.6
      vertex -39.2588 -4.42363 0
    endloop
  endfacet
  facet normal -0.993777 -0.111388 0
    outer loop
      vertex -39.2588 -4.42363 6.6
      vertex -39.2565 -4.44415 0
      vertex -39.2565 -4.44415 6.6
    endloop
  endfacet
  facet normal -0.991608 -0.129283 0
    outer loop
      vertex -39.0835 -5.77107 0
      vertex -39.2565 -4.44415 6.6
      vertex -39.2565 -4.44415 0
    endloop
  endfacet
  facet normal -0.991608 -0.129283 0
    outer loop
      vertex -39.2565 -4.44415 6.6
      vertex -39.0835 -5.77107 0
      vertex -39.0835 -5.77107 6.6
    endloop
  endfacet
  facet normal -0.989359 -0.145494 0
    outer loop
      vertex -39.0805 -5.79147 0
      vertex -39.0835 -5.77107 6.6
      vertex -39.0835 -5.77107 0
    endloop
  endfacet
  facet normal -0.989359 -0.145494 0
    outer loop
      vertex -39.0835 -5.77107 6.6
      vertex -39.0805 -5.79147 0
      vertex -39.0805 -5.79147 6.6
    endloop
  endfacet
  facet normal -0.986565 -0.16337 0
    outer loop
      vertex -38.9301 -6.69971 0
      vertex -39.0805 -5.79147 6.6
      vertex -39.0805 -5.79147 0
    endloop
  endfacet
  facet normal -0.986565 -0.16337 0
    outer loop
      vertex -39.0805 -5.79147 6.6
      vertex -38.9301 -6.69971 0
      vertex -38.9301 -6.69971 6.6
    endloop
  endfacet
  facet normal -0.981067 -0.193667 0
    outer loop
      vertex -38.9228 -6.73669 0
      vertex -38.9301 -6.69971 6.6
      vertex -38.9301 -6.69971 0
    endloop
  endfacet
  facet normal -0.981067 -0.193667 0
    outer loop
      vertex -38.9301 -6.69971 6.6
      vertex -38.9228 -6.73669 0
      vertex -38.9228 -6.73669 6.6
    endloop
  endfacet
  facet normal -0.966345 -0.25725 0
    outer loop
      vertex -38.9127 -6.77463 0
      vertex -38.9228 -6.73669 6.6
      vertex -38.9228 -6.73669 0
    endloop
  endfacet
  facet normal -0.966345 -0.25725 0
    outer loop
      vertex -38.9228 -6.73669 6.6
      vertex -38.9127 -6.77463 0
      vertex -38.9127 -6.77463 6.6
    endloop
  endfacet
  facet normal -0.947942 -0.318443 0
    outer loop
      vertex -38.9002 -6.81184 0
      vertex -38.9127 -6.77463 6.6
      vertex -38.9127 -6.77463 0
    endloop
  endfacet
  facet normal -0.947942 -0.318443 0
    outer loop
      vertex -38.9127 -6.77463 6.6
      vertex -38.9002 -6.81184 0
      vertex -38.9002 -6.81184 6.6
    endloop
  endfacet
  facet normal -0.924203 -0.381902 0
    outer loop
      vertex -38.8852 -6.84814 0
      vertex -38.9002 -6.81184 6.6
      vertex -38.9002 -6.81184 0
    endloop
  endfacet
  facet normal -0.924203 -0.381902 0
    outer loop
      vertex -38.9002 -6.81184 6.6
      vertex -38.8852 -6.84814 0
      vertex -38.8852 -6.84814 6.6
    endloop
  endfacet
  facet normal -0.897713 -0.44058 0
    outer loop
      vertex -38.8679 -6.88339 0
      vertex -38.8852 -6.84814 6.6
      vertex -38.8852 -6.84814 0
    endloop
  endfacet
  facet normal -0.897713 -0.44058 0
    outer loop
      vertex -38.8852 -6.84814 6.6
      vertex -38.8679 -6.88339 0
      vertex -38.8679 -6.88339 6.6
    endloop
  endfacet
  facet normal -0.867835 -0.496852 0
    outer loop
      vertex -38.8484 -6.91745 0
      vertex -38.8679 -6.88339 6.6
      vertex -38.8679 -6.88339 0
    endloop
  endfacet
  facet normal -0.867835 -0.496852 0
    outer loop
      vertex -38.8679 -6.88339 6.6
      vertex -38.8484 -6.91745 0
      vertex -38.8484 -6.91745 6.6
    endloop
  endfacet
  facet normal -0.831894 -0.554935 0
    outer loop
      vertex -38.8266 -6.95013 0
      vertex -38.8484 -6.91745 6.6
      vertex -38.8484 -6.91745 0
    endloop
  endfacet
  facet normal -0.831894 -0.554935 0
    outer loop
      vertex -38.8484 -6.91745 6.6
      vertex -38.8266 -6.95013 0
      vertex -38.8266 -6.95013 6.6
    endloop
  endfacet
  facet normal -0.795174 -0.606381 0
    outer loop
      vertex -38.8028 -6.98134 0
      vertex -38.8266 -6.95013 6.6
      vertex -38.8266 -6.95013 0
    endloop
  endfacet
  facet normal -0.795174 -0.606381 0
    outer loop
      vertex -38.8266 -6.95013 6.6
      vertex -38.8028 -6.98134 0
      vertex -38.8028 -6.98134 6.6
    endloop
  endfacet
  facet normal -0.753507 -0.65744 0
    outer loop
      vertex -38.777 -7.01091 0
      vertex -38.8028 -6.98134 6.6
      vertex -38.8028 -6.98134 0
    endloop
  endfacet
  facet normal -0.753507 -0.65744 0
    outer loop
      vertex -38.8028 -6.98134 6.6
      vertex -38.777 -7.01091 0
      vertex -38.777 -7.01091 6.6
    endloop
  endfacet
  facet normal -0.70876 -0.705449 0
    outer loop
      vertex -38.7493 -7.03874 0
      vertex -38.777 -7.01091 6.6
      vertex -38.777 -7.01091 0
    endloop
  endfacet
  facet normal -0.70876 -0.705449 0
    outer loop
      vertex -38.777 -7.01091 6.6
      vertex -38.7493 -7.03874 0
      vertex -38.7493 -7.03874 6.6
    endloop
  endfacet
  facet normal -0.660628 -0.750714 0
    outer loop
      vertex -38.7493 -7.03874 0
      vertex -38.7198 -7.0647 6.6
      vertex -38.7493 -7.03874 6.6
    endloop
  endfacet
  facet normal -0.660628 -0.750714 -0
    outer loop
      vertex -38.7198 -7.0647 6.6
      vertex -38.7493 -7.03874 0
      vertex -38.7198 -7.0647 0
    endloop
  endfacet
  facet normal -0.610142 -0.792292 0
    outer loop
      vertex -38.7198 -7.0647 0
      vertex -38.6887 -7.08865 6.6
      vertex -38.7198 -7.0647 6.6
    endloop
  endfacet
  facet normal -0.610142 -0.792292 -0
    outer loop
      vertex -38.6887 -7.08865 6.6
      vertex -38.7198 -7.0647 0
      vertex -38.6887 -7.08865 0
    endloop
  endfacet
  facet normal -0.557635 -0.830086 0
    outer loop
      vertex -38.6887 -7.08865 0
      vertex -38.6561 -7.11055 6.6
      vertex -38.6887 -7.08865 6.6
    endloop
  endfacet
  facet normal -0.557635 -0.830086 -0
    outer loop
      vertex -38.6561 -7.11055 6.6
      vertex -38.6887 -7.08865 0
      vertex -38.6561 -7.11055 0
    endloop
  endfacet
  facet normal -0.502443 -0.86461 0
    outer loop
      vertex -38.6561 -7.11055 0
      vertex -38.6222 -7.13025 6.6
      vertex -38.6561 -7.11055 6.6
    endloop
  endfacet
  facet normal -0.502443 -0.86461 -0
    outer loop
      vertex -38.6222 -7.13025 6.6
      vertex -38.6561 -7.11055 0
      vertex -38.6222 -7.13025 0
    endloop
  endfacet
  facet normal -0.443952 -0.89605 0
    outer loop
      vertex -38.6222 -7.13025 0
      vertex -38.587 -7.14769 6.6
      vertex -38.6222 -7.13025 6.6
    endloop
  endfacet
  facet normal -0.443952 -0.89605 -0
    outer loop
      vertex -38.587 -7.14769 6.6
      vertex -38.6222 -7.13025 0
      vertex -38.587 -7.14769 0
    endloop
  endfacet
  facet normal -0.38429 -0.923212 0
    outer loop
      vertex -38.587 -7.14769 0
      vertex -38.5507 -7.1628 6.6
      vertex -38.587 -7.14769 6.6
    endloop
  endfacet
  facet normal -0.38429 -0.923212 -0
    outer loop
      vertex -38.5507 -7.1628 6.6
      vertex -38.587 -7.14769 0
      vertex -38.5507 -7.1628 0
    endloop
  endfacet
  facet normal -0.32364 -0.94618 0
    outer loop
      vertex -38.5507 -7.1628 0
      vertex -38.5136 -7.17549 6.6
      vertex -38.5507 -7.1628 6.6
    endloop
  endfacet
  facet normal -0.32364 -0.94618 -0
    outer loop
      vertex -38.5136 -7.17549 6.6
      vertex -38.5507 -7.1628 0
      vertex -38.5136 -7.17549 0
    endloop
  endfacet
  facet normal -0.261307 -0.965256 0
    outer loop
      vertex -38.5136 -7.17549 0
      vertex -38.4757 -7.18575 6.6
      vertex -38.5136 -7.17549 6.6
    endloop
  endfacet
  facet normal -0.261307 -0.965256 -0
    outer loop
      vertex -38.4757 -7.18575 6.6
      vertex -38.5136 -7.17549 0
      vertex -38.4757 -7.18575 0
    endloop
  endfacet
  facet normal -0.196851 -0.980433 0
    outer loop
      vertex -38.4757 -7.18575 0
      vertex -38.4372 -7.19348 6.6
      vertex -38.4757 -7.18575 6.6
    endloop
  endfacet
  facet normal -0.196851 -0.980433 -0
    outer loop
      vertex -38.4372 -7.19348 6.6
      vertex -38.4757 -7.18575 0
      vertex -38.4372 -7.19348 0
    endloop
  endfacet
  facet normal -0.165045 -0.986286 0
    outer loop
      vertex -38.4372 -7.19348 0
      vertex -34.6243 -7.83153 6.6
      vertex -38.4372 -7.19348 6.6
    endloop
  endfacet
  facet normal -0.165045 -0.986286 -0
    outer loop
      vertex -34.6243 -7.83153 6.6
      vertex -38.4372 -7.19348 0
      vertex -34.6243 -7.83153 0
    endloop
  endfacet
  facet normal -0.976378 -0.216071 0
    outer loop
      vertex -34.5913 -7.98065 0
      vertex -34.6243 -7.83153 6.6
      vertex -34.6243 -7.83153 0
    endloop
  endfacet
  facet normal -0.976378 -0.216071 0
    outer loop
      vertex -34.6243 -7.83153 6.6
      vertex -34.5913 -7.98065 0
      vertex -34.5913 -7.98065 6.6
    endloop
  endfacet
  facet normal -0.973317 -0.229466 0
    outer loop
      vertex -34.5889 -7.99083 0
      vertex -34.5913 -7.98065 6.6
      vertex -34.5913 -7.98065 0
    endloop
  endfacet
  facet normal -0.973317 -0.229466 0
    outer loop
      vertex -34.5913 -7.98065 6.6
      vertex -34.5889 -7.99083 0
      vertex -34.5889 -7.99083 6.6
    endloop
  endfacet
  facet normal -0.972383 -0.233389 0
    outer loop
      vertex -34.4468 -8.58287 0
      vertex -34.5889 -7.99083 6.6
      vertex -34.5889 -7.99083 0
    endloop
  endfacet
  facet normal -0.972383 -0.233389 0
    outer loop
      vertex -34.5889 -7.99083 6.6
      vertex -34.4468 -8.58287 0
      vertex -34.4468 -8.58287 6.6
    endloop
  endfacet
  facet normal -0.968898 -0.247459 0
    outer loop
      vertex -34.4442 -8.59305 0
      vertex -34.4468 -8.58287 6.6
      vertex -34.4468 -8.58287 0
    endloop
  endfacet
  facet normal -0.968898 -0.247459 0
    outer loop
      vertex -34.4468 -8.58287 6.6
      vertex -34.4442 -8.59305 0
      vertex -34.4442 -8.59305 6.6
    endloop
  endfacet
  facet normal -0.968144 -0.250393 0
    outer loop
      vertex -34.2917 -9.18269 0
      vertex -34.4442 -8.59305 6.6
      vertex -34.4442 -8.59305 0
    endloop
  endfacet
  facet normal -0.968144 -0.250393 0
    outer loop
      vertex -34.4442 -8.59305 6.6
      vertex -34.2917 -9.18269 0
      vertex -34.2917 -9.18269 6.6
    endloop
  endfacet
  facet normal -0.966076 -0.258258 0
    outer loop
      vertex -34.289 -9.19279 0
      vertex -34.2917 -9.18269 6.6
      vertex -34.2917 -9.18269 0
    endloop
  endfacet
  facet normal -0.966076 -0.258258 0
    outer loop
      vertex -34.2917 -9.18269 6.6
      vertex -34.289 -9.19279 0
      vertex -34.289 -9.19279 6.6
    endloop
  endfacet
  facet normal -0.96366 -0.267132 0
    outer loop
      vertex -34.1261 -9.78044 0
      vertex -34.289 -9.19279 6.6
      vertex -34.289 -9.19279 0
    endloop
  endfacet
  facet normal -0.96366 -0.267132 0
    outer loop
      vertex -34.289 -9.19279 6.6
      vertex -34.1261 -9.78044 0
      vertex -34.1261 -9.78044 6.6
    endloop
  endfacet
  facet normal -0.961091 -0.27623 0
    outer loop
      vertex -34.1232 -9.79053 0
      vertex -34.1261 -9.78044 6.6
      vertex -34.1261 -9.78044 0
    endloop
  endfacet
  facet normal -0.961091 -0.27623 0
    outer loop
      vertex -34.1261 -9.78044 6.6
      vertex -34.1232 -9.79053 0
      vertex -34.1232 -9.79053 6.6
    endloop
  endfacet
  facet normal -0.958789 -0.284119 0
    outer loop
      vertex -33.9503 -10.374 0
      vertex -34.1232 -9.79053 6.6
      vertex -34.1232 -9.79053 0
    endloop
  endfacet
  facet normal -0.958789 -0.284119 0
    outer loop
      vertex -34.1232 -9.79053 6.6
      vertex -33.9503 -10.374 0
      vertex -33.9503 -10.374 6.6
    endloop
  endfacet
  facet normal -0.957826 -0.287348 0
    outer loop
      vertex -33.9473 -10.384 0
      vertex -33.9503 -10.374 6.6
      vertex -33.9503 -10.374 0
    endloop
  endfacet
  facet normal -0.957826 -0.287348 0
    outer loop
      vertex -33.9503 -10.374 6.6
      vertex -33.9473 -10.384 0
      vertex -33.9473 -10.384 6.6
    endloop
  endfacet
  facet normal -0.953712 -0.300723 0
    outer loop
      vertex -33.7641 -10.965 0
      vertex -33.9473 -10.384 6.6
      vertex -33.9473 -10.384 0
    endloop
  endfacet
  facet normal -0.953712 -0.300723 0
    outer loop
      vertex -33.9473 -10.384 6.6
      vertex -33.7641 -10.965 0
      vertex -33.7641 -10.965 6.6
    endloop
  endfacet
  facet normal -0.951527 -0.307564 0
    outer loop
      vertex -33.7609 -10.9749 0
      vertex -33.7641 -10.965 6.6
      vertex -33.7641 -10.965 0
    endloop
  endfacet
  facet normal -0.951527 -0.307564 0
    outer loop
      vertex -33.7641 -10.965 6.6
      vertex -33.7609 -10.9749 0
      vertex -33.7609 -10.9749 6.6
    endloop
  endfacet
  facet normal -0.948305 -0.317359 0
    outer loop
      vertex -33.5674 -11.5531 0
      vertex -33.7609 -10.9749 6.6
      vertex -33.7609 -10.9749 0
    endloop
  endfacet
  facet normal -0.948305 -0.317359 0
    outer loop
      vertex -33.7609 -10.9749 6.6
      vertex -33.5674 -11.5531 0
      vertex -33.5674 -11.5531 6.6
    endloop
  endfacet
  facet normal -0.945778 -0.324813 0
    outer loop
      vertex -33.564 -11.563 0
      vertex -33.5674 -11.5531 6.6
      vertex -33.5674 -11.5531 0
    endloop
  endfacet
  facet normal -0.945778 -0.324813 0
    outer loop
      vertex -33.5674 -11.5531 6.6
      vertex -33.564 -11.563 0
      vertex -33.564 -11.563 6.6
    endloop
  endfacet
  facet normal -0.942635 -0.333826 0
    outer loop
      vertex -33.3609 -12.1365 0
      vertex -33.564 -11.563 6.6
      vertex -33.564 -11.563 0
    endloop
  endfacet
  facet normal -0.942635 -0.333826 0
    outer loop
      vertex -33.564 -11.563 6.6
      vertex -33.3609 -12.1365 0
      vertex -33.3609 -12.1365 6.6
    endloop
  endfacet
  facet normal -0.941742 -0.336336 0
    outer loop
      vertex -33.3574 -12.1463 0
      vertex -33.3609 -12.1365 6.6
      vertex -33.3609 -12.1365 0
    endloop
  endfacet
  facet normal -0.941742 -0.336336 0
    outer loop
      vertex -33.3609 -12.1365 6.6
      vertex -33.3574 -12.1463 0
      vertex -33.3574 -12.1463 6.6
    endloop
  endfacet
  facet normal -0.936672 -0.350207 0
    outer loop
      vertex -33.1438 -12.7176 0
      vertex -33.3574 -12.1463 6.6
      vertex -33.3574 -12.1463 0
    endloop
  endfacet
  facet normal -0.936672 -0.350207 0
    outer loop
      vertex -33.3574 -12.1463 6.6
      vertex -33.1438 -12.7176 0
      vertex -33.1438 -12.7176 6.6
    endloop
  endfacet
  facet normal -0.932361 -0.361528 0
    outer loop
      vertex -33.14 -12.7274 0
      vertex -33.1438 -12.7176 6.6
      vertex -33.1438 -12.7176 0
    endloop
  endfacet
  facet normal -0.932361 -0.361528 0
    outer loop
      vertex -33.1438 -12.7176 6.6
      vertex -33.14 -12.7274 0
      vertex -33.14 -12.7274 6.6
    endloop
  endfacet
  facet normal -0.930402 -0.366542 0
    outer loop
      vertex -32.9169 -13.2937 0
      vertex -33.14 -12.7274 6.6
      vertex -33.14 -12.7274 0
    endloop
  endfacet
  facet normal -0.930402 -0.366542 0
    outer loop
      vertex -33.14 -12.7274 6.6
      vertex -32.9169 -13.2937 0
      vertex -32.9169 -13.2937 6.6
    endloop
  endfacet
  facet normal -0.927816 -0.373039 0
    outer loop
      vertex -32.913 -13.3034 0
      vertex -32.9169 -13.2937 6.6
      vertex -32.9169 -13.2937 0
    endloop
  endfacet
  facet normal -0.927816 -0.373039 0
    outer loop
      vertex -32.9169 -13.2937 6.6
      vertex -32.913 -13.3034 0
      vertex -32.913 -13.3034 6.6
    endloop
  endfacet
  facet normal -0.923891 -0.382656 0
    outer loop
      vertex -32.6799 -13.8662 0
      vertex -32.913 -13.3034 6.6
      vertex -32.913 -13.3034 0
    endloop
  endfacet
  facet normal -0.923891 -0.382656 0
    outer loop
      vertex -32.913 -13.3034 6.6
      vertex -32.6799 -13.8662 0
      vertex -32.6799 -13.8662 6.6
    endloop
  endfacet
  facet normal -0.921098 -0.38933 0
    outer loop
      vertex -32.6758 -13.8759 0
      vertex -32.6799 -13.8662 6.6
      vertex -32.6799 -13.8662 0
    endloop
  endfacet
  facet normal -0.921098 -0.38933 0
    outer loop
      vertex -32.6799 -13.8662 6.6
      vertex -32.6758 -13.8759 0
      vertex -32.6758 -13.8759 6.6
    endloop
  endfacet
  facet normal -0.917075 -0.398714 0
    outer loop
      vertex -32.4332 -14.4339 0
      vertex -32.6758 -13.8759 6.6
      vertex -32.6758 -13.8759 0
    endloop
  endfacet
  facet normal -0.917075 -0.398714 0
    outer loop
      vertex -32.6758 -13.8759 6.6
      vertex -32.4332 -14.4339 0
      vertex -32.4332 -14.4339 6.6
    endloop
  endfacet
  facet normal -0.912632 -0.408783 0
    outer loop
      vertex -32.4289 -14.4435 0
      vertex -32.4332 -14.4339 6.6
      vertex -32.4332 -14.4339 0
    endloop
  endfacet
  facet normal -0.912632 -0.408783 0
    outer loop
      vertex -32.4332 -14.4339 6.6
      vertex -32.4289 -14.4435 0
      vertex -32.4289 -14.4435 6.6
    endloop
  endfacet
  facet normal -0.909956 -0.414705 0
    outer loop
      vertex -32.1761 -14.9982 0
      vertex -32.4289 -14.4435 6.6
      vertex -32.4289 -14.4435 0
    endloop
  endfacet
  facet normal -0.909956 -0.414705 0
    outer loop
      vertex -32.4289 -14.4435 6.6
      vertex -32.1761 -14.9982 0
      vertex -32.1761 -14.9982 6.6
    endloop
  endfacet
  facet normal -0.90569 -0.42394 0
    outer loop
      vertex -32.1717 -15.0076 0
      vertex -32.1761 -14.9982 6.6
      vertex -32.1761 -14.9982 0
    endloop
  endfacet
  facet normal -0.90569 -0.42394 0
    outer loop
      vertex -32.1761 -14.9982 6.6
      vertex -32.1717 -15.0076 0
      vertex -32.1717 -15.0076 6.6
    endloop
  endfacet
  facet normal -0.902542 -0.430602 0
    outer loop
      vertex -31.9092 -15.5578 0
      vertex -32.1717 -15.0076 6.6
      vertex -32.1717 -15.0076 0
    endloop
  endfacet
  facet normal -0.902542 -0.430602 0
    outer loop
      vertex -32.1717 -15.0076 6.6
      vertex -31.9092 -15.5578 0
      vertex -31.9092 -15.5578 6.6
    endloop
  endfacet
  facet normal -0.898217 -0.439553 0
    outer loop
      vertex -31.9046 -15.5672 0
      vertex -31.9092 -15.5578 6.6
      vertex -31.9092 -15.5578 0
    endloop
  endfacet
  facet normal -0.898217 -0.439553 0
    outer loop
      vertex -31.9092 -15.5578 6.6
      vertex -31.9046 -15.5672 0
      vertex -31.9046 -15.5672 6.6
    endloop
  endfacet
  facet normal -0.895018 -0.44603 0
    outer loop
      vertex -31.6332 -16.1118 0
      vertex -31.9046 -15.5672 6.6
      vertex -31.9046 -15.5672 0
    endloop
  endfacet
  facet normal -0.895018 -0.44603 0
    outer loop
      vertex -31.9046 -15.5672 6.6
      vertex -31.6332 -16.1118 0
      vertex -31.6332 -16.1118 6.6
    endloop
  endfacet
  facet normal -0.888621 -0.458643 0
    outer loop
      vertex -31.6284 -16.1211 0
      vertex -31.6332 -16.1118 6.6
      vertex -31.6332 -16.1118 0
    endloop
  endfacet
  facet normal -0.888621 -0.458643 0
    outer loop
      vertex -31.6332 -16.1118 6.6
      vertex -31.6284 -16.1211 0
      vertex -31.6284 -16.1211 6.6
    endloop
  endfacet
  facet normal -0.887021 -0.46173 0
    outer loop
      vertex -31.3471 -16.6615 0
      vertex -31.6284 -16.1211 6.6
      vertex -31.6284 -16.1211 0
    endloop
  endfacet
  facet normal -0.887021 -0.46173 0
    outer loop
      vertex -31.6284 -16.1211 6.6
      vertex -31.3471 -16.6615 0
      vertex -31.3471 -16.6615 6.6
    endloop
  endfacet
  facet normal -0.882618 -0.47009 0
    outer loop
      vertex -31.3422 -16.6707 0
      vertex -31.3471 -16.6615 6.6
      vertex -31.3471 -16.6615 0
    endloop
  endfacet
  facet normal -0.882618 -0.47009 0
    outer loop
      vertex -31.3471 -16.6615 6.6
      vertex -31.3422 -16.6707 0
      vertex -31.3422 -16.6707 6.6
    endloop
  endfacet
  facet normal -0.878779 -0.47723 0
    outer loop
      vertex -31.0515 -17.206 0
      vertex -31.3422 -16.6707 6.6
      vertex -31.3422 -16.6707 0
    endloop
  endfacet
  facet normal -0.878779 -0.47723 0
    outer loop
      vertex -31.3422 -16.6707 6.6
      vertex -31.0515 -17.206 0
      vertex -31.0515 -17.206 6.6
    endloop
  endfacet
  facet normal -0.878625 -0.477513 0
    outer loop
      vertex -31.0465 -17.2152 0
      vertex -31.0515 -17.206 6.6
      vertex -31.0515 -17.206 0
    endloop
  endfacet
  facet normal -0.878625 -0.477513 0
    outer loop
      vertex -31.0515 -17.206 6.6
      vertex -31.0465 -17.2152 0
      vertex -31.0465 -17.2152 6.6
    endloop
  endfacet
  facet normal -0.870315 -0.492495 0
    outer loop
      vertex -30.7463 -17.7457 0
      vertex -31.0465 -17.2152 6.6
      vertex -31.0465 -17.2152 0
    endloop
  endfacet
  facet normal -0.870315 -0.492495 0
    outer loop
      vertex -31.0465 -17.2152 6.6
      vertex -30.7463 -17.7457 0
      vertex -30.7463 -17.7457 6.6
    endloop
  endfacet
  facet normal -0.868243 -0.496139 0
    outer loop
      vertex -30.7411 -17.7548 0
      vertex -30.7463 -17.7457 6.6
      vertex -30.7463 -17.7457 0
    endloop
  endfacet
  facet normal -0.868243 -0.496139 0
    outer loop
      vertex -30.7463 -17.7457 6.6
      vertex -30.7411 -17.7548 0
      vertex -30.7411 -17.7548 6.6
    endloop
  endfacet
  facet normal -0.861609 -0.507573 0
    outer loop
      vertex -30.432 -18.2795 0
      vertex -30.7411 -17.7548 6.6
      vertex -30.7411 -17.7548 0
    endloop
  endfacet
  facet normal -0.861609 -0.507573 0
    outer loop
      vertex -30.7411 -17.7548 6.6
      vertex -30.432 -18.2795 0
      vertex -30.432 -18.2795 6.6
    endloop
  endfacet
  facet normal -0.857493 -0.514496 0
    outer loop
      vertex -30.4266 -18.2885 0
      vertex -30.432 -18.2795 6.6
      vertex -30.432 -18.2795 0
    endloop
  endfacet
  facet normal -0.857493 -0.514496 0
    outer loop
      vertex -30.432 -18.2795 6.6
      vertex -30.4266 -18.2885 0
      vertex -30.4266 -18.2885 6.6
    endloop
  endfacet
  facet normal -0.852672 -0.522446 0
    outer loop
      vertex -30.1086 -18.8075 0
      vertex -30.4266 -18.2885 6.6
      vertex -30.4266 -18.2885 0
    endloop
  endfacet
  facet normal -0.852672 -0.522446 0
    outer loop
      vertex -30.4266 -18.2885 6.6
      vertex -30.1086 -18.8075 0
      vertex -30.1086 -18.8075 6.6
    endloop
  endfacet
  facet normal -0.846392 -0.532561 0
    outer loop
      vertex -30.103 -18.8164 0
      vertex -30.1086 -18.8075 6.6
      vertex -30.1086 -18.8075 0
    endloop
  endfacet
  facet normal -0.846392 -0.532561 0
    outer loop
      vertex -30.1086 -18.8075 6.6
      vertex -30.103 -18.8164 0
      vertex -30.103 -18.8164 6.6
    endloop
  endfacet
  facet normal -0.843391 -0.5373 0
    outer loop
      vertex -29.7758 -19.33 0
      vertex -30.103 -18.8164 6.6
      vertex -30.103 -18.8164 0
    endloop
  endfacet
  facet normal -0.843391 -0.5373 0
    outer loop
      vertex -30.103 -18.8164 6.6
      vertex -29.7758 -19.33 0
      vertex -29.7758 -19.33 6.6
    endloop
  endfacet
  facet normal -0.839314 -0.543647 0
    outer loop
      vertex -29.7701 -19.3388 0
      vertex -29.7758 -19.33 6.6
      vertex -29.7758 -19.33 0
    endloop
  endfacet
  facet normal -0.839314 -0.543647 0
    outer loop
      vertex -29.7758 -19.33 6.6
      vertex -29.7701 -19.3388 0
      vertex -29.7701 -19.3388 6.6
    endloop
  endfacet
  facet normal -0.833838 -0.552009 0
    outer loop
      vertex -29.4336 -19.8471 0
      vertex -29.7701 -19.3388 6.6
      vertex -29.7701 -19.3388 0
    endloop
  endfacet
  facet normal -0.833838 -0.552009 0
    outer loop
      vertex -29.7701 -19.3388 6.6
      vertex -29.4336 -19.8471 0
      vertex -29.4336 -19.8471 6.6
    endloop
  endfacet
  facet normal -0.83205 -0.5547 0
    outer loop
      vertex -29.4278 -19.8558 0
      vertex -29.4336 -19.8471 6.6
      vertex -29.4336 -19.8471 0
    endloop
  endfacet
  facet normal -0.83205 -0.5547 0
    outer loop
      vertex -29.4336 -19.8471 6.6
      vertex -29.4278 -19.8558 0
      vertex -29.4278 -19.8558 6.6
    endloop
  endfacet
  facet normal -0.824056 -0.566508 0
    outer loop
      vertex -29.0829 -20.3575 0
      vertex -29.4278 -19.8558 6.6
      vertex -29.4278 -19.8558 0
    endloop
  endfacet
  facet normal -0.824056 -0.566508 0
    outer loop
      vertex -29.4278 -19.8558 6.6
      vertex -29.0829 -20.3575 0
      vertex -29.0829 -20.3575 6.6
    endloop
  endfacet
  facet normal -0.824601 -0.565715 0
    outer loop
      vertex -29.077 -20.3661 0
      vertex -29.0829 -20.3575 6.6
      vertex -29.0829 -20.3575 0
    endloop
  endfacet
  facet normal -0.824601 -0.565715 0
    outer loop
      vertex -29.0829 -20.3575 6.6
      vertex -29.077 -20.3661 0
      vertex -29.077 -20.3661 6.6
    endloop
  endfacet
  facet normal -0.814044 -0.580804 0
    outer loop
      vertex -28.7229 -20.8624 0
      vertex -29.077 -20.3661 6.6
      vertex -29.077 -20.3661 0
    endloop
  endfacet
  facet normal -0.814044 -0.580804 0
    outer loop
      vertex -29.077 -20.3661 6.6
      vertex -28.7229 -20.8624 0
      vertex -28.7229 -20.8624 6.6
    endloop
  endfacet
  facet normal -0.81244 -0.583045 0
    outer loop
      vertex -28.7168 -20.8709 0
      vertex -28.7229 -20.8624 6.6
      vertex -28.7229 -20.8624 0
    endloop
  endfacet
  facet normal -0.81244 -0.583045 0
    outer loop
      vertex -28.7229 -20.8624 6.6
      vertex -28.7168 -20.8709 0
      vertex -28.7168 -20.8709 6.6
    endloop
  endfacet
  facet normal -0.803807 -0.59489 0
    outer loop
      vertex -28.3546 -21.3603 0
      vertex -28.7168 -20.8709 6.6
      vertex -28.7168 -20.8709 0
    endloop
  endfacet
  facet normal -0.803807 -0.59489 0
    outer loop
      vertex -28.7168 -20.8709 6.6
      vertex -28.3546 -21.3603 0
      vertex -28.3546 -21.3603 6.6
    endloop
  endfacet
  facet normal -0.796532 -0.604597 0
    outer loop
      vertex -28.3483 -21.3686 0
      vertex -28.3546 -21.3603 6.6
      vertex -28.3546 -21.3603 0
    endloop
  endfacet
  facet normal -0.796532 -0.604597 0
    outer loop
      vertex -28.3546 -21.3603 6.6
      vertex -28.3483 -21.3686 0
      vertex -28.3483 -21.3686 6.6
    endloop
  endfacet
  facet normal -0.793387 -0.608718 0
    outer loop
      vertex -27.9778 -21.8515 0
      vertex -28.3483 -21.3686 6.6
      vertex -28.3483 -21.3686 0
    endloop
  endfacet
  facet normal -0.793387 -0.608718 0
    outer loop
      vertex -28.3483 -21.3686 6.6
      vertex -27.9778 -21.8515 0
      vertex -27.9778 -21.8515 6.6
    endloop
  endfacet
  facet normal -0.787305 -0.616564 0
    outer loop
      vertex -27.9713 -21.8598 0
      vertex -27.9778 -21.8515 6.6
      vertex -27.9778 -21.8515 0
    endloop
  endfacet
  facet normal -0.787305 -0.616564 0
    outer loop
      vertex -27.9778 -21.8515 6.6
      vertex -27.9713 -21.8598 0
      vertex -27.9713 -21.8598 6.6
    endloop
  endfacet
  facet normal -0.782612 -0.62251 0
    outer loop
      vertex -27.5922 -22.3364 0
      vertex -27.9713 -21.8598 6.6
      vertex -27.9713 -21.8598 0
    endloop
  endfacet
  facet normal -0.782612 -0.62251 0
    outer loop
      vertex -27.9713 -21.8598 6.6
      vertex -27.5922 -22.3364 0
      vertex -27.5922 -22.3364 6.6
    endloop
  endfacet
  facet normal -0.779012 -0.627009 0
    outer loop
      vertex -27.5856 -22.3446 0
      vertex -27.5922 -22.3364 6.6
      vertex -27.5922 -22.3364 0
    endloop
  endfacet
  facet normal -0.779012 -0.627009 0
    outer loop
      vertex -27.5922 -22.3364 6.6
      vertex -27.5856 -22.3446 0
      vertex -27.5856 -22.3446 6.6
    endloop
  endfacet
  facet normal -0.77157 -0.636144 0
    outer loop
      vertex -27.1976 -22.8152 0
      vertex -27.5856 -22.3446 6.6
      vertex -27.5856 -22.3446 0
    endloop
  endfacet
  facet normal -0.77157 -0.636144 0
    outer loop
      vertex -27.5856 -22.3446 6.6
      vertex -27.1976 -22.8152 0
      vertex -27.1976 -22.8152 6.6
    endloop
  endfacet
  facet normal -0.766648 -0.642068 0
    outer loop
      vertex -27.1909 -22.8232 0
      vertex -27.1976 -22.8152 6.6
      vertex -27.1976 -22.8152 0
    endloop
  endfacet
  facet normal -0.766648 -0.642068 0
    outer loop
      vertex -27.1976 -22.8152 6.6
      vertex -27.1909 -22.8232 0
      vertex -27.1909 -22.8232 6.6
    endloop
  endfacet
  facet normal -0.760392 -0.649464 0
    outer loop
      vertex -26.7957 -23.2859 0
      vertex -27.1909 -22.8232 6.6
      vertex -27.1909 -22.8232 0
    endloop
  endfacet
  facet normal -0.760392 -0.649464 0
    outer loop
      vertex -27.1909 -22.8232 6.6
      vertex -26.7957 -23.2859 0
      vertex -26.7957 -23.2859 6.6
    endloop
  endfacet
  facet normal -0.757901 -0.65237 0
    outer loop
      vertex -26.7889 -23.2938 0
      vertex -26.7957 -23.2859 6.6
      vertex -26.7957 -23.2859 0
    endloop
  endfacet
  facet normal -0.757901 -0.65237 0
    outer loop
      vertex -26.7957 -23.2859 6.6
      vertex -26.7889 -23.2938 0
      vertex -26.7889 -23.2938 6.6
    endloop
  endfacet
  facet normal -0.749028 -0.662538 0
    outer loop
      vertex -26.3852 -23.7502 0
      vertex -26.7889 -23.2938 6.6
      vertex -26.7889 -23.2938 0
    endloop
  endfacet
  facet normal -0.749028 -0.662538 0
    outer loop
      vertex -26.7889 -23.2938 6.6
      vertex -26.3852 -23.7502 0
      vertex -26.3852 -23.7502 6.6
    endloop
  endfacet
  facet normal -0.735169 -0.677883 0
    outer loop
      vertex -26.3781 -23.7579 0
      vertex -26.3852 -23.7502 6.6
      vertex -26.3852 -23.7502 0
    endloop
  endfacet
  facet normal -0.735169 -0.677883 0
    outer loop
      vertex -26.3852 -23.7502 6.6
      vertex -26.3781 -23.7579 0
      vertex -26.3781 -23.7579 6.6
    endloop
  endfacet
  facet normal -0.737345 -0.675517 0
    outer loop
      vertex -25.9662 -24.2075 0
      vertex -26.3781 -23.7579 6.6
      vertex -26.3781 -23.7579 0
    endloop
  endfacet
  facet normal -0.737345 -0.675517 0
    outer loop
      vertex -26.3781 -23.7579 6.6
      vertex -25.9662 -24.2075 0
      vertex -25.9662 -24.2075 6.6
    endloop
  endfacet
  facet normal -0.730735 -0.682661 0
    outer loop
      vertex -25.9591 -24.2151 0
      vertex -25.9662 -24.2075 6.6
      vertex -25.9662 -24.2075 0
    endloop
  endfacet
  facet normal -0.730735 -0.682661 0
    outer loop
      vertex -25.9662 -24.2075 6.6
      vertex -25.9591 -24.2151 0
      vertex -25.9591 -24.2151 6.6
    endloop
  endfacet
  facet normal -0.725352 -0.688378 0
    outer loop
      vertex -25.5402 -24.6565 0
      vertex -25.9591 -24.2151 6.6
      vertex -25.9591 -24.2151 0
    endloop
  endfacet
  facet normal -0.725352 -0.688378 0
    outer loop
      vertex -25.9591 -24.2151 6.6
      vertex -25.5402 -24.6565 0
      vertex -25.5402 -24.6565 6.6
    endloop
  endfacet
  facet normal -0.721198 -0.692729 0
    outer loop
      vertex -25.5329 -24.6641 0
      vertex -25.5402 -24.6565 6.6
      vertex -25.5402 -24.6565 0
    endloop
  endfacet
  facet normal -0.721198 -0.692729 0
    outer loop
      vertex -25.5402 -24.6565 6.6
      vertex -25.5329 -24.6641 0
      vertex -25.5329 -24.6641 6.6
    endloop
  endfacet
  facet normal -0.713236 -0.700924 0
    outer loop
      vertex -25.1059 -25.0986 0
      vertex -25.5329 -24.6641 6.6
      vertex -25.5329 -24.6641 0
    endloop
  endfacet
  facet normal -0.713236 -0.700924 0
    outer loop
      vertex -25.5329 -24.6641 6.6
      vertex -25.1059 -25.0986 0
      vertex -25.1059 -25.0986 6.6
    endloop
  endfacet
  facet normal -0.707107 -0.707107 0
    outer loop
      vertex -25.0986 -25.1059 0
      vertex -25.1059 -25.0986 6.6
      vertex -25.1059 -25.0986 0
    endloop
  endfacet
  facet normal -0.707107 -0.707107 0
    outer loop
      vertex -25.1059 -25.0986 6.6
      vertex -25.0986 -25.1059 0
      vertex -25.0986 -25.1059 6.6
    endloop
  endfacet
  facet normal -0.700924 -0.713236 0
    outer loop
      vertex -25.0986 -25.1059 0
      vertex -24.6641 -25.5329 6.6
      vertex -25.0986 -25.1059 6.6
    endloop
  endfacet
  facet normal -0.700924 -0.713236 -0
    outer loop
      vertex -24.6641 -25.5329 6.6
      vertex -25.0986 -25.1059 0
      vertex -24.6641 -25.5329 0
    endloop
  endfacet
  facet normal -0.692729 -0.721198 0
    outer loop
      vertex -24.6641 -25.5329 0
      vertex -24.6565 -25.5402 6.6
      vertex -24.6641 -25.5329 6.6
    endloop
  endfacet
  facet normal -0.692729 -0.721198 -0
    outer loop
      vertex -24.6565 -25.5402 6.6
      vertex -24.6641 -25.5329 0
      vertex -24.6565 -25.5402 0
    endloop
  endfacet
  facet normal -0.688351 -0.725378 0
    outer loop
      vertex -24.6565 -25.5402 0
      vertex -24.441 -25.7447 6.6
      vertex -24.6565 -25.5402 6.6
    endloop
  endfacet
  facet normal -0.688351 -0.725378 -0
    outer loop
      vertex -24.441 -25.7447 6.6
      vertex -24.6565 -25.5402 0
      vertex -24.441 -25.7447 0
    endloop
  endfacet
  facet normal -0.829039 0.559191 0
    outer loop
      vertex -26.4146 -28.6707 0
      vertex -24.441 -25.7447 6.6
      vertex -24.441 -25.7447 0
    endloop
  endfacet
  facet normal -0.829039 0.559191 0
    outer loop
      vertex -24.441 -25.7447 6.6
      vertex -26.4146 -28.6707 0
      vertex -26.4146 -28.6707 6.6
    endloop
  endfacet
  facet normal -0.844233 0.535977 0
    outer loop
      vertex -26.4339 -28.7011 0
      vertex -26.4146 -28.6707 6.6
      vertex -26.4146 -28.6707 0
    endloop
  endfacet
  facet normal -0.844233 0.535977 0
    outer loop
      vertex -26.4146 -28.6707 6.6
      vertex -26.4339 -28.7011 0
      vertex -26.4339 -28.7011 6.6
    endloop
  endfacet
  facet normal -0.877505 0.479567 0
    outer loop
      vertex -26.4527 -28.7355 0
      vertex -26.4339 -28.7011 6.6
      vertex -26.4339 -28.7011 0
    endloop
  endfacet
  facet normal -0.877505 0.479567 0
    outer loop
      vertex -26.4339 -28.7011 6.6
      vertex -26.4527 -28.7355 0
      vertex -26.4527 -28.7355 6.6
    endloop
  endfacet
  facet normal -0.906313 0.422607 0
    outer loop
      vertex -26.4693 -28.7711 0
      vertex -26.4527 -28.7355 6.6
      vertex -26.4527 -28.7355 0
    endloop
  endfacet
  facet normal -0.906313 0.422607 0
    outer loop
      vertex -26.4527 -28.7355 6.6
      vertex -26.4693 -28.7711 0
      vertex -26.4693 -28.7711 6.6
    endloop
  endfacet
  facet normal -0.933148 0.359492 0
    outer loop
      vertex -26.4834 -28.8077 0
      vertex -26.4693 -28.7711 6.6
      vertex -26.4693 -28.7711 0
    endloop
  endfacet
  facet normal -0.933148 0.359492 0
    outer loop
      vertex -26.4693 -28.7711 6.6
      vertex -26.4834 -28.8077 0
      vertex -26.4834 -28.8077 6.6
    endloop
  endfacet
  facet normal -0.95389 0.300157 0
    outer loop
      vertex -26.4952 -28.8452 0
      vertex -26.4834 -28.8077 6.6
      vertex -26.4834 -28.8077 0
    endloop
  endfacet
  facet normal -0.95389 0.300157 0
    outer loop
      vertex -26.4834 -28.8077 6.6
      vertex -26.4952 -28.8452 0
      vertex -26.4952 -28.8452 6.6
    endloop
  endfacet
  facet normal -0.971477 0.237132 0
    outer loop
      vertex -26.5045 -28.8833 0
      vertex -26.4952 -28.8452 6.6
      vertex -26.4952 -28.8452 0
    endloop
  endfacet
  facet normal -0.971477 0.237132 0
    outer loop
      vertex -26.4952 -28.8452 6.6
      vertex -26.5045 -28.8833 0
      vertex -26.5045 -28.8833 6.6
    endloop
  endfacet
  facet normal -0.984911 0.173059 0
    outer loop
      vertex -26.5113 -28.922 0
      vertex -26.5045 -28.8833 6.6
      vertex -26.5045 -28.8833 0
    endloop
  endfacet
  facet normal -0.984911 0.173059 0
    outer loop
      vertex -26.5045 -28.8833 6.6
      vertex -26.5113 -28.922 0
      vertex -26.5113 -28.922 6.6
    endloop
  endfacet
  facet normal -0.994251 0.107073 0
    outer loop
      vertex -26.5155 -28.961 0
      vertex -26.5113 -28.922 6.6
      vertex -26.5113 -28.922 0
    endloop
  endfacet
  facet normal -0.994251 0.107073 0
    outer loop
      vertex -26.5113 -28.922 6.6
      vertex -26.5155 -28.961 0
      vertex -26.5155 -28.961 6.6
    endloop
  endfacet
  facet normal -0.999066 0.0432166 0
    outer loop
      vertex -26.5172 -29.0003 0
      vertex -26.5155 -28.961 6.6
      vertex -26.5155 -28.961 0
    endloop
  endfacet
  facet normal -0.999066 0.0432166 0
    outer loop
      vertex -26.5155 -28.961 6.6
      vertex -26.5172 -29.0003 0
      vertex -26.5172 -29.0003 6.6
    endloop
  endfacet
  facet normal -0.999737 -0.0229531 0
    outer loop
      vertex -26.5163 -29.0395 0
      vertex -26.5172 -29.0003 6.6
      vertex -26.5172 -29.0003 0
    endloop
  endfacet
  facet normal -0.999737 -0.0229531 0
    outer loop
      vertex -26.5172 -29.0003 6.6
      vertex -26.5163 -29.0395 0
      vertex -26.5163 -29.0395 6.6
    endloop
  endfacet
  facet normal -0.996018 -0.0891576 0
    outer loop
      vertex -26.5128 -29.0786 0
      vertex -26.5163 -29.0395 6.6
      vertex -26.5163 -29.0395 0
    endloop
  endfacet
  facet normal -0.996018 -0.0891576 0
    outer loop
      vertex -26.5163 -29.0395 6.6
      vertex -26.5128 -29.0786 0
      vertex -26.5128 -29.0786 6.6
    endloop
  endfacet
  facet normal -0.988254 -0.152823 0
    outer loop
      vertex -26.5068 -29.1174 0
      vertex -26.5128 -29.0786 6.6
      vertex -26.5128 -29.0786 0
    endloop
  endfacet
  facet normal -0.988254 -0.152823 0
    outer loop
      vertex -26.5128 -29.0786 6.6
      vertex -26.5068 -29.1174 0
      vertex -26.5068 -29.1174 6.6
    endloop
  endfacet
  facet normal -0.976247 -0.216661 0
    outer loop
      vertex -26.4983 -29.1557 0
      vertex -26.5068 -29.1174 6.6
      vertex -26.5068 -29.1174 0
    endloop
  endfacet
  facet normal -0.976247 -0.216661 0
    outer loop
      vertex -26.5068 -29.1174 6.6
      vertex -26.4983 -29.1557 0
      vertex -26.4983 -29.1557 6.6
    endloop
  endfacet
  facet normal -0.959971 -0.280098 0
    outer loop
      vertex -26.4873 -29.1934 0
      vertex -26.4983 -29.1557 6.6
      vertex -26.4983 -29.1557 0
    endloop
  endfacet
  facet normal -0.959971 -0.280098 0
    outer loop
      vertex -26.4983 -29.1557 6.6
      vertex -26.4873 -29.1934 0
      vertex -26.4873 -29.1934 6.6
    endloop
  endfacet
  facet normal -0.939123 -0.343582 0
    outer loop
      vertex -26.4738 -29.2303 0
      vertex -26.4873 -29.1934 6.6
      vertex -26.4873 -29.1934 0
    endloop
  endfacet
  facet normal -0.939123 -0.343582 0
    outer loop
      vertex -26.4873 -29.1934 6.6
      vertex -26.4738 -29.2303 0
      vertex -26.4738 -29.2303 6.6
    endloop
  endfacet
  facet normal -0.914336 -0.404957 0
    outer loop
      vertex -26.4579 -29.2662 0
      vertex -26.4738 -29.2303 6.6
      vertex -26.4738 -29.2303 0
    endloop
  endfacet
  facet normal -0.914336 -0.404957 0
    outer loop
      vertex -26.4738 -29.2303 6.6
      vertex -26.4579 -29.2662 0
      vertex -26.4579 -29.2662 6.6
    endloop
  endfacet
  facet normal -0.887175 -0.461433 0
    outer loop
      vertex -26.4398 -29.301 0
      vertex -26.4579 -29.2662 6.6
      vertex -26.4579 -29.2662 0
    endloop
  endfacet
  facet normal -0.887175 -0.461433 0
    outer loop
      vertex -26.4579 -29.2662 6.6
      vertex -26.4398 -29.301 0
      vertex -26.4398 -29.301 6.6
    endloop
  endfacet
  facet normal -0.854788 -0.518978 0
    outer loop
      vertex -26.4194 -29.3346 0
      vertex -26.4398 -29.301 6.6
      vertex -26.4398 -29.301 0
    endloop
  endfacet
  facet normal -0.854788 -0.518978 0
    outer loop
      vertex -26.4398 -29.301 6.6
      vertex -26.4194 -29.3346 0
      vertex -26.4194 -29.3346 6.6
    endloop
  endfacet
  facet normal -0.817673 -0.575683 0
    outer loop
      vertex -26.3968 -29.3667 0
      vertex -26.4194 -29.3346 6.6
      vertex -26.4194 -29.3346 0
    endloop
  endfacet
  facet normal -0.817673 -0.575683 0
    outer loop
      vertex -26.4194 -29.3346 6.6
      vertex -26.3968 -29.3667 0
      vertex -26.3968 -29.3667 6.6
    endloop
  endfacet
  facet normal -0.779376 -0.626557 0
    outer loop
      vertex -26.3722 -29.3973 0
      vertex -26.3968 -29.3667 6.6
      vertex -26.3968 -29.3667 0
    endloop
  endfacet
  facet normal -0.779376 -0.626557 0
    outer loop
      vertex -26.3968 -29.3667 6.6
      vertex -26.3722 -29.3973 0
      vertex -26.3722 -29.3973 6.6
    endloop
  endfacet
  facet normal -0.735779 -0.677222 0
    outer loop
      vertex -26.3456 -29.4262 0
      vertex -26.3722 -29.3973 6.6
      vertex -26.3722 -29.3973 0
    endloop
  endfacet
  facet normal -0.735779 -0.677222 0
    outer loop
      vertex -26.3722 -29.3973 6.6
      vertex -26.3456 -29.4262 0
      vertex -26.3456 -29.4262 6.6
    endloop
  endfacet
  facet normal -0.692956 -0.72098 0
    outer loop
      vertex -26.3456 -29.4262 0
      vertex -26.3173 -29.4534 6.6
      vertex -26.3456 -29.4262 6.6
    endloop
  endfacet
  facet normal -0.692956 -0.72098 -0
    outer loop
      vertex -26.3173 -29.4534 6.6
      vertex -26.3456 -29.4262 0
      vertex -26.3173 -29.4534 0
    endloop
  endfacet
  facet normal -0.666692 -0.745333 0
    outer loop
      vertex -26.3173 -29.4534 0
      vertex -25.7022 -30.0036 6.6
      vertex -26.3173 -29.4534 6.6
    endloop
  endfacet
  facet normal -0.666692 -0.745333 -0
    outer loop
      vertex -25.7022 -30.0036 6.6
      vertex -26.3173 -29.4534 0
      vertex -25.7022 -30.0036 0
    endloop
  endfacet
  facet normal -0.651497 -0.758651 0
    outer loop
      vertex -25.7022 -30.0036 0
      vertex -25.6845 -30.0188 6.6
      vertex -25.7022 -30.0036 6.6
    endloop
  endfacet
  facet normal -0.651497 -0.758651 -0
    outer loop
      vertex -25.6845 -30.0188 6.6
      vertex -25.7022 -30.0036 0
      vertex -25.6845 -30.0188 0
    endloop
  endfacet
  facet normal -0.637202 -0.770697 0
    outer loop
      vertex -25.6845 -30.0188 0
      vertex -24.6534 -30.8713 6.6
      vertex -25.6845 -30.0188 6.6
    endloop
  endfacet
  facet normal -0.637202 -0.770697 -0
    outer loop
      vertex -24.6534 -30.8713 6.6
      vertex -25.6845 -30.0188 0
      vertex -24.6534 -30.8713 0
    endloop
  endfacet
  facet normal -0.622927 -0.78228 0
    outer loop
      vertex -24.6534 -30.8713 0
      vertex -24.6372 -30.8842 6.6
      vertex -24.6534 -30.8713 6.6
    endloop
  endfacet
  facet normal -0.622927 -0.78228 -0
    outer loop
      vertex -24.6372 -30.8842 6.6
      vertex -24.6534 -30.8713 0
      vertex -24.6372 -30.8842 0
    endloop
  endfacet
  facet normal -0.610266 -0.792197 0
    outer loop
      vertex -24.6372 -30.8842 0
      vertex -23.5756 -31.702 6.6
      vertex -24.6372 -30.8842 6.6
    endloop
  endfacet
  facet normal -0.610266 -0.792197 -0
    outer loop
      vertex -23.5756 -31.702 6.6
      vertex -24.6372 -30.8842 0
      vertex -23.5756 -31.702 0
    endloop
  endfacet
  facet normal -0.595343 -0.803471 0
    outer loop
      vertex -23.5756 -31.702 0
      vertex -23.559 -31.7143 6.6
      vertex -23.5756 -31.702 6.6
    endloop
  endfacet
  facet normal -0.595343 -0.803471 -0
    outer loop
      vertex -23.559 -31.7143 6.6
      vertex -23.5756 -31.702 0
      vertex -23.559 -31.7143 0
    endloop
  endfacet
  facet normal -0.582643 -0.812728 0
    outer loop
      vertex -23.559 -31.7143 0
      vertex -22.4707 -32.4945 6.6
      vertex -23.559 -31.7143 6.6
    endloop
  endfacet
  facet normal -0.582643 -0.812728 -0
    outer loop
      vertex -22.4707 -32.4945 6.6
      vertex -23.559 -31.7143 0
      vertex -22.4707 -32.4945 0
    endloop
  endfacet
  facet normal -0.570215 -0.821496 0
    outer loop
      vertex -22.4707 -32.4945 0
      vertex -22.4537 -32.5063 6.6
      vertex -22.4707 -32.4945 6.6
    endloop
  endfacet
  facet normal -0.570215 -0.821496 -0
    outer loop
      vertex -22.4537 -32.5063 6.6
      vertex -22.4707 -32.4945 0
      vertex -22.4537 -32.5063 0
    endloop
  endfacet
  facet normal -0.554287 -0.832326 0
    outer loop
      vertex -22.4537 -32.5063 0
      vertex -21.3389 -33.2487 6.6
      vertex -22.4537 -32.5063 6.6
    endloop
  endfacet
  facet normal -0.554287 -0.832326 -0
    outer loop
      vertex -21.3389 -33.2487 6.6
      vertex -22.4537 -32.5063 0
      vertex -21.3389 -33.2487 0
    endloop
  endfacet
  facet normal -0.541246 -0.840864 0
    outer loop
      vertex -21.3389 -33.2487 0
      vertex -21.3215 -33.2599 6.6
      vertex -21.3389 -33.2487 6.6
    endloop
  endfacet
  facet normal -0.541246 -0.840864 -0
    outer loop
      vertex -21.3215 -33.2599 6.6
      vertex -21.3389 -33.2487 0
      vertex -21.3215 -33.2599 0
    endloop
  endfacet
  facet normal -0.525321 -0.850904 0
    outer loop
      vertex -21.3215 -33.2599 0
      vertex -20.1815 -33.9637 6.6
      vertex -21.3215 -33.2599 6.6
    endloop
  endfacet
  facet normal -0.525321 -0.850904 -0
    outer loop
      vertex -20.1815 -33.9637 6.6
      vertex -21.3215 -33.2599 0
      vertex -20.1815 -33.9637 0
    endloop
  endfacet
  facet normal -0.511654 -0.859192 0
    outer loop
      vertex -20.1815 -33.9637 0
      vertex -20.1637 -33.9743 6.6
      vertex -20.1815 -33.9637 6.6
    endloop
  endfacet
  facet normal -0.511654 -0.859192 -0
    outer loop
      vertex -20.1637 -33.9743 6.6
      vertex -20.1815 -33.9637 0
      vertex -20.1637 -33.9743 0
    endloop
  endfacet
  facet normal -0.495697 -0.868496 0
    outer loop
      vertex -20.1637 -33.9743 0
      vertex -19.0005 -34.6382 6.6
      vertex -20.1637 -33.9743 6.6
    endloop
  endfacet
  facet normal -0.495697 -0.868496 -0
    outer loop
      vertex -19.0005 -34.6382 6.6
      vertex -20.1637 -33.9743 0
      vertex -19.0005 -34.6382 0
    endloop
  endfacet
  facet normal -0.479871 -0.877339 0
    outer loop
      vertex -19.0005 -34.6382 0
      vertex -18.9824 -34.6481 6.6
      vertex -19.0005 -34.6382 6.6
    endloop
  endfacet
  facet normal -0.479871 -0.877339 -0
    outer loop
      vertex -18.9824 -34.6481 6.6
      vertex -19.0005 -34.6382 0
      vertex -18.9824 -34.6481 0
    endloop
  endfacet
  facet normal -0.465568 -0.885012 0
    outer loop
      vertex -18.9824 -34.6481 0
      vertex -17.7966 -35.2719 6.6
      vertex -18.9824 -34.6481 6.6
    endloop
  endfacet
  facet normal -0.465568 -0.885012 -0
    outer loop
      vertex -17.7966 -35.2719 6.6
      vertex -18.9824 -34.6481 0
      vertex -17.7966 -35.2719 0
    endloop
  endfacet
  facet normal -0.449144 -0.893459 0
    outer loop
      vertex -17.7966 -35.2719 0
      vertex -17.7781 -35.2812 6.6
      vertex -17.7966 -35.2719 6.6
    endloop
  endfacet
  facet normal -0.449144 -0.893459 -0
    outer loop
      vertex -17.7781 -35.2812 6.6
      vertex -17.7966 -35.2719 0
      vertex -17.7781 -35.2812 0
    endloop
  endfacet
  facet normal -0.434774 -0.90054 0
    outer loop
      vertex -17.7781 -35.2812 0
      vertex -16.5722 -35.8634 6.6
      vertex -17.7781 -35.2812 6.6
    endloop
  endfacet
  facet normal -0.434774 -0.90054 -0
    outer loop
      vertex -16.5722 -35.8634 6.6
      vertex -17.7781 -35.2812 0
      vertex -16.5722 -35.8634 0
    endloop
  endfacet
  facet normal -0.421823 -0.906678 0
    outer loop
      vertex -16.5722 -35.8634 0
      vertex -16.5535 -35.8721 6.6
      vertex -16.5722 -35.8634 6.6
    endloop
  endfacet
  facet normal -0.421823 -0.906678 -0
    outer loop
      vertex -16.5535 -35.8721 6.6
      vertex -16.5722 -35.8634 0
      vertex -16.5535 -35.8721 0
    endloop
  endfacet
  facet normal -0.403519 -0.914971 0
    outer loop
      vertex -16.5535 -35.8721 0
      vertex -15.3277 -36.4127 6.6
      vertex -16.5535 -35.8721 6.6
    endloop
  endfacet
  facet normal -0.403519 -0.914971 -0
    outer loop
      vertex -15.3277 -36.4127 6.6
      vertex -16.5535 -35.8721 0
      vertex -15.3277 -36.4127 0
    endloop
  endfacet
  facet normal -0.388057 -0.921635 0
    outer loop
      vertex -15.3277 -36.4127 0
      vertex -15.3087 -36.4207 6.6
      vertex -15.3277 -36.4127 6.6
    endloop
  endfacet
  facet normal -0.388057 -0.921635 -0
    outer loop
      vertex -15.3087 -36.4207 6.6
      vertex -15.3277 -36.4127 0
      vertex -15.3087 -36.4207 0
    endloop
  endfacet
  facet normal -0.371828 -0.928302 0
    outer loop
      vertex -15.3087 -36.4207 0
      vertex -14.0649 -36.9189 6.6
      vertex -15.3087 -36.4207 6.6
    endloop
  endfacet
  facet normal -0.371828 -0.928302 -0
    outer loop
      vertex -14.0649 -36.9189 6.6
      vertex -15.3087 -36.4207 0
      vertex -14.0649 -36.9189 0
    endloop
  endfacet
  facet normal -0.353778 -0.93533 0
    outer loop
      vertex -14.0649 -36.9189 0
      vertex -14.0456 -36.9262 6.6
      vertex -14.0649 -36.9189 6.6
    endloop
  endfacet
  facet normal -0.353778 -0.93533 -0
    outer loop
      vertex -14.0456 -36.9262 6.6
      vertex -14.0649 -36.9189 0
      vertex -14.0456 -36.9262 0
    endloop
  endfacet
  facet normal -0.339608 -0.940567 0
    outer loop
      vertex -14.0456 -36.9262 0
      vertex -12.786 -37.381 6.6
      vertex -14.0456 -36.9262 6.6
    endloop
  endfacet
  facet normal -0.339608 -0.940567 -0
    outer loop
      vertex -12.786 -37.381 6.6
      vertex -14.0456 -36.9262 0
      vertex -12.786 -37.381 0
    endloop
  endfacet
  facet normal -0.324944 -0.945733 0
    outer loop
      vertex -12.786 -37.381 0
      vertex -12.7665 -37.3877 6.6
      vertex -12.786 -37.381 6.6
    endloop
  endfacet
  facet normal -0.324944 -0.945733 -0
    outer loop
      vertex -12.7665 -37.3877 6.6
      vertex -12.786 -37.381 0
      vertex -12.7665 -37.3877 0
    endloop
  endfacet
  facet normal -0.307053 -0.951692 0
    outer loop
      vertex -12.7665 -37.3877 0
      vertex -11.4917 -37.799 6.6
      vertex -12.7665 -37.3877 6.6
    endloop
  endfacet
  facet normal -0.307053 -0.951692 -0
    outer loop
      vertex -11.4917 -37.799 6.6
      vertex -12.7665 -37.3877 0
      vertex -11.4917 -37.799 0
    endloop
  endfacet
  facet normal -0.290007 -0.957024 0
    outer loop
      vertex -11.4917 -37.799 0
      vertex -11.4719 -37.805 6.6
      vertex -11.4917 -37.799 6.6
    endloop
  endfacet
  facet normal -0.290007 -0.957024 -0
    outer loop
      vertex -11.4719 -37.805 6.6
      vertex -11.4917 -37.799 0
      vertex -11.4719 -37.805 0
    endloop
  endfacet
  facet normal -0.27412 -0.961696 0
    outer loop
      vertex -11.4719 -37.805 0
      vertex -10.1833 -38.1723 6.6
      vertex -11.4719 -37.805 6.6
    endloop
  endfacet
  facet normal -0.27412 -0.961696 -0
    outer loop
      vertex -10.1833 -38.1723 6.6
      vertex -11.4719 -37.805 0
      vertex -10.1833 -38.1723 0
    endloop
  endfacet
  facet normal -0.25736 -0.966315 0
    outer loop
      vertex -10.1833 -38.1723 0
      vertex -10.1634 -38.1776 6.6
      vertex -10.1833 -38.1723 6.6
    endloop
  endfacet
  facet normal -0.25736 -0.966315 -0
    outer loop
      vertex -10.1634 -38.1776 6.6
      vertex -10.1833 -38.1723 0
      vertex -10.1634 -38.1776 0
    endloop
  endfacet
  facet normal -0.240848 -0.970563 0
    outer loop
      vertex -10.1634 -38.1776 0
      vertex -8.8638 -38.5001 6.6
      vertex -10.1634 -38.1776 6.6
    endloop
  endfacet
  facet normal -0.240848 -0.970563 -0
    outer loop
      vertex -8.8638 -38.5001 6.6
      vertex -10.1634 -38.1776 0
      vertex -8.8638 -38.5001 0
    endloop
  endfacet
  facet normal -0.222772 -0.974871 0
    outer loop
      vertex -8.8638 -38.5001 0
      vertex -8.84367 -38.5047 6.6
      vertex -8.8638 -38.5001 6.6
    endloop
  endfacet
  facet normal -0.222772 -0.974871 -0
    outer loop
      vertex -8.84367 -38.5047 6.6
      vertex -8.8638 -38.5001 0
      vertex -8.84367 -38.5047 0
    endloop
  endfacet
  facet normal -0.207287 -0.97828 0
    outer loop
      vertex -8.84367 -38.5047 0
      vertex -7.53261 -38.7825 6.6
      vertex -8.84367 -38.5047 6.6
    endloop
  endfacet
  facet normal -0.207287 -0.97828 -0
    outer loop
      vertex -7.53261 -38.7825 6.6
      vertex -8.84367 -38.5047 0
      vertex -7.53261 -38.7825 0
    endloop
  endfacet
  facet normal -0.19351 -0.981098 0
    outer loop
      vertex -7.53261 -38.7825 0
      vertex -7.51233 -38.7865 6.6
      vertex -7.53261 -38.7825 6.6
    endloop
  endfacet
  facet normal -0.19351 -0.981098 -0
    outer loop
      vertex -7.51233 -38.7865 6.6
      vertex -7.53261 -38.7825 0
      vertex -7.51233 -38.7865 0
    endloop
  endfacet
  facet normal -0.173472 -0.984839 0
    outer loop
      vertex -7.51233 -38.7865 0
      vertex -6.19351 -39.0188 6.6
      vertex -7.51233 -38.7865 6.6
    endloop
  endfacet
  facet normal -0.173472 -0.984839 -0
    outer loop
      vertex -6.19351 -39.0188 6.6
      vertex -7.51233 -38.7865 0
      vertex -6.19351 -39.0188 0
    endloop
  endfacet
  facet normal -0.154968 -0.98792 0
    outer loop
      vertex -6.19351 -39.0188 0
      vertex -6.17311 -39.022 6.6
      vertex -6.19351 -39.0188 6.6
    endloop
  endfacet
  facet normal -0.154968 -0.98792 -0
    outer loop
      vertex -6.17311 -39.022 6.6
      vertex -6.19351 -39.0188 0
      vertex -6.17311 -39.022 0
    endloop
  endfacet
  facet normal -0.139529 -0.990218 0
    outer loop
      vertex -6.17311 -39.022 0
      vertex -4.84671 -39.2089 6.6
      vertex -6.17311 -39.022 6.6
    endloop
  endfacet
  facet normal -0.139529 -0.990218 -0
    outer loop
      vertex -4.84671 -39.2089 6.6
      vertex -6.17311 -39.022 0
      vertex -4.84671 -39.2089 0
    endloop
  endfacet
  facet normal -0.120996 -0.992653 0
    outer loop
      vertex -4.84671 -39.2089 0
      vertex -4.8262 -39.2114 6.6
      vertex -4.84671 -39.2089 6.6
    endloop
  endfacet
  facet normal -0.120996 -0.992653 -0
    outer loop
      vertex -4.8262 -39.2114 6.6
      vertex -4.84671 -39.2089 0
      vertex -4.8262 -39.2114 0
    endloop
  endfacet
  facet normal -0.105314 -0.994439 0
    outer loop
      vertex -4.8262 -39.2114 0
      vertex -3.49385 -39.3525 6.6
      vertex -4.8262 -39.2114 6.6
    endloop
  endfacet
  facet normal -0.105314 -0.994439 -0
    outer loop
      vertex -3.49385 -39.3525 6.6
      vertex -4.8262 -39.2114 0
      vertex -3.49385 -39.3525 0
    endloop
  endfacet
  facet normal -0.0871309 -0.996197 0
    outer loop
      vertex -3.49385 -39.3525 0
      vertex -3.47327 -39.3543 6.6
      vertex -3.49385 -39.3525 6.6
    endloop
  endfacet
  facet normal -0.0871309 -0.996197 -0
    outer loop
      vertex -3.47327 -39.3543 6.6
      vertex -3.49385 -39.3525 0
      vertex -3.47327 -39.3543 0
    endloop
  endfacet
  facet normal -0.0710077 -0.997476 0
    outer loop
      vertex -3.47327 -39.3543 0
      vertex -2.13736 -39.4494 6.6
      vertex -3.47327 -39.3543 6.6
    endloop
  endfacet
  facet normal -0.0710077 -0.997476 -0
    outer loop
      vertex -2.13736 -39.4494 6.6
      vertex -3.47327 -39.3543 0
      vertex -2.13736 -39.4494 0
    endloop
  endfacet
  facet normal -0.0532705 -0.99858 0
    outer loop
      vertex -2.13736 -39.4494 0
      vertex -2.11674 -39.4505 6.6
      vertex -2.13736 -39.4494 6.6
    endloop
  endfacet
  facet normal -0.0532705 -0.99858 -0
    outer loop
      vertex -2.11674 -39.4505 6.6
      vertex -2.13736 -39.4494 0
      vertex -2.11674 -39.4505 0
    endloop
  endfacet
  facet normal -0.0366929 -0.999327 0
    outer loop
      vertex -2.11674 -39.4505 0
      vertex -1.1962 -39.4843 6.6
      vertex -2.11674 -39.4505 6.6
    endloop
  endfacet
  facet normal -0.0366929 -0.999327 -0
    outer loop
      vertex -1.1962 -39.4843 6.6
      vertex -2.11674 -39.4505 0
      vertex -1.1962 -39.4843 0
    endloop
  endfacet
  facet normal -0.00530637 -0.999986 0
    outer loop
      vertex -1.1962 -39.4843 0
      vertex -1.15851 -39.4845 6.6
      vertex -1.1962 -39.4843 6.6
    endloop
  endfacet
  facet normal -0.00530637 -0.999986 -0
    outer loop
      vertex -1.15851 -39.4845 6.6
      vertex -1.1962 -39.4843 0
      vertex -1.15851 -39.4845 0
    endloop
  endfacet
  facet normal 0.0585727 -0.998283 0
    outer loop
      vertex -1.15851 -39.4845 0
      vertex -1.11931 -39.4822 6.6
      vertex -1.15851 -39.4845 6.6
    endloop
  endfacet
  facet normal 0.0585727 -0.998283 0
    outer loop
      vertex -1.11931 -39.4822 6.6
      vertex -1.15851 -39.4845 0
      vertex -1.11931 -39.4822 0
    endloop
  endfacet
  facet normal 0.999462 0.0327859 0
    outer loop
      vertex 11 0 20.6
      vertex 10.9764 0.719434 6.6
      vertex 10.9764 0.719434 20.6
    endloop
  endfacet
  facet normal 0.999462 0.0327859 0
    outer loop
      vertex 10.9764 0.719434 6.6
      vertex 11 0 20.6
      vertex 11 0 6.6
    endloop
  endfacet
  facet normal -0.999462 0.0327859 0
    outer loop
      vertex -11 0 6.6
      vertex -10.9764 0.719434 20.6
      vertex -10.9764 0.719434 6.6
    endloop
  endfacet
  facet normal -0.999462 0.0327859 0
    outer loop
      vertex -10.9764 0.719434 20.6
      vertex -11 0 6.6
      vertex -11 0 20.6
    endloop
  endfacet
  facet normal 0.0327859 0.999462 -0
    outer loop
      vertex 0.719434 10.9764 6.6
      vertex 0 11 20.6
      vertex 0.719434 10.9764 20.6
    endloop
  endfacet
  facet normal 0.0327859 0.999462 0
    outer loop
      vertex 0 11 20.6
      vertex 0.719434 10.9764 6.6
      vertex 0 11 6.6
    endloop
  endfacet
  facet normal -0.0327859 -0.999462 0
    outer loop
      vertex -0.719434 -10.9764 6.6
      vertex 0 -11 20.6
      vertex -0.719434 -10.9764 20.6
    endloop
  endfacet
  facet normal -0.0327859 -0.999462 -0
    outer loop
      vertex 0 -11 20.6
      vertex -0.719434 -10.9764 6.6
      vertex 0 -11 6.6
    endloop
  endfacet
  facet normal 0.729859 0.683598 0
    outer loop
      vertex 8.27024 7.2528 20.6
      vertex 7.77817 7.77817 6.6
      vertex 7.77817 7.77817 20.6
    endloop
  endfacet
  facet normal 0.729859 0.683598 0
    outer loop
      vertex 7.77817 7.77817 6.6
      vertex 8.27024 7.2528 20.6
      vertex 8.27024 7.2528 6.6
    endloop
  endfacet
  facet normal -0.683598 0.729859 0
    outer loop
      vertex -7.2528 8.27024 6.6
      vertex -7.77817 7.77817 20.6
      vertex -7.2528 8.27024 20.6
    endloop
  endfacet
  facet normal -0.683598 0.729859 0
    outer loop
      vertex -7.77817 7.77817 20.6
      vertex -7.2528 8.27024 6.6
      vertex -7.77817 7.77817 6.6
    endloop
  endfacet
  facet normal -0.352178 0.935933 0
    outer loop
      vertex -3.53583 10.4162 6.6
      vertex -4.20952 10.1627 20.6
      vertex -3.53583 10.4162 20.6
    endloop
  endfacet
  facet normal -0.352178 0.935933 0
    outer loop
      vertex -4.20952 10.1627 20.6
      vertex -3.53583 10.4162 6.6
      vertex -4.20952 10.1627 6.6
    endloop
  endfacet
  facet normal 0.910851 0.412735 0
    outer loop
      vertex 10.1627 4.20952 20.6
      vertex 9.8656 4.86518 6.6
      vertex 9.8656 4.86518 20.6
    endloop
  endfacet
  facet normal 0.910851 0.412735 0
    outer loop
      vertex 9.8656 4.86518 6.6
      vertex 10.1627 4.20952 20.6
      vertex 10.1627 4.20952 6.6
    endloop
  endfacet
  facet normal 0.412735 0.910851 -0
    outer loop
      vertex 4.86518 9.8656 6.6
      vertex 4.20952 10.1627 20.6
      vertex 4.86518 9.8656 20.6
    endloop
  endfacet
  facet normal 0.412735 0.910851 0
    outer loop
      vertex 4.20952 10.1627 20.6
      vertex 4.86518 9.8656 6.6
      vertex 4.20952 10.1627 6.6
    endloop
  endfacet
  facet normal 0.582472 0.812851 -0
    outer loop
      vertex 6.69637 8.72689 6.6
      vertex 6.11127 9.14616 20.6
      vertex 6.69637 8.72689 20.6
    endloop
  endfacet
  facet normal 0.582472 0.812851 0
    outer loop
      vertex 6.11127 9.14616 20.6
      vertex 6.69637 8.72689 6.6
      vertex 6.11127 9.14616 6.6
    endloop
  endfacet
  facet normal -0.910851 0.412735 0
    outer loop
      vertex -10.1627 4.20952 6.6
      vertex -9.8656 4.86518 20.6
      vertex -9.8656 4.86518 6.6
    endloop
  endfacet
  facet normal -0.910851 0.412735 0
    outer loop
      vertex -9.8656 4.86518 20.6
      vertex -10.1627 4.20952 6.6
      vertex -10.1627 4.20952 20.6
    endloop
  endfacet
  facet normal -0.162957 0.986633 0
    outer loop
      vertex -1.43579 10.9059 6.6
      vertex -2.14599 10.7886 20.6
      vertex -1.43579 10.9059 20.6
    endloop
  endfacet
  facet normal -0.162957 0.986633 0
    outer loop
      vertex -2.14599 10.7886 20.6
      vertex -1.43579 10.9059 6.6
      vertex -2.14599 10.7886 6.6
    endloop
  endfacet
  facet normal 0.973894 0.227004 0
    outer loop
      vertex 10.7886 2.14599 20.6
      vertex 10.6252 2.84701 6.6
      vertex 10.6252 2.84701 20.6
    endloop
  endfacet
  facet normal 0.973894 0.227004 0
    outer loop
      vertex 10.6252 2.84701 6.6
      vertex 10.7886 2.14599 20.6
      vertex 10.7886 2.14599 6.6
    endloop
  endfacet
  facet normal 0.995192 0.0979416 0
    outer loop
      vertex 10.9764 0.719434 20.6
      vertex 10.9059 1.43579 6.6
      vertex 10.9059 1.43579 20.6
    endloop
  endfacet
  facet normal 0.995192 0.0979416 0
    outer loop
      vertex 10.9059 1.43579 6.6
      vertex 10.9764 0.719434 20.6
      vertex 10.9764 0.719434 6.6
    endloop
  endfacet
  facet normal 0.956922 0.290347 0
    outer loop
      vertex 10.6252 2.84701 20.6
      vertex 10.4162 3.53583 6.6
      vertex 10.4162 3.53583 20.6
    endloop
  endfacet
  facet normal 0.956922 0.290347 0
    outer loop
      vertex 10.4162 3.53583 6.6
      vertex 10.6252 2.84701 20.6
      vertex 10.6252 2.84701 6.6
    endloop
  endfacet
  facet normal 0.849197 0.528076 0
    outer loop
      vertex 9.52628 5.5 20.6
      vertex 9.14616 6.11127 6.6
      vertex 9.14616 6.11127 20.6
    endloop
  endfacet
  facet normal 0.849197 0.528076 0
    outer loop
      vertex 9.14616 6.11127 6.6
      vertex 9.52628 5.5 20.6
      vertex 9.52628 5.5 6.6
    endloop
  endfacet
  facet normal 0.88192 0.471399 0
    outer loop
      vertex 9.8656 4.86518 20.6
      vertex 9.52628 5.5 6.6
      vertex 9.52628 5.5 20.6
    endloop
  endfacet
  facet normal 0.88192 0.471399 0
    outer loop
      vertex 9.52628 5.5 6.6
      vertex 9.8656 4.86518 20.6
      vertex 9.8656 4.86518 6.6
    endloop
  endfacet
  facet normal 0.227004 0.973894 -0
    outer loop
      vertex 2.84701 10.6252 6.6
      vertex 2.14599 10.7886 20.6
      vertex 2.84701 10.6252 20.6
    endloop
  endfacet
  facet normal 0.227004 0.973894 0
    outer loop
      vertex 2.14599 10.7886 20.6
      vertex 2.84701 10.6252 6.6
      vertex 2.14599 10.7886 6.6
    endloop
  endfacet
  facet normal 0.162957 0.986633 -0
    outer loop
      vertex 2.14599 10.7886 6.6
      vertex 1.43579 10.9059 20.6
      vertex 2.14599 10.7886 20.6
    endloop
  endfacet
  facet normal 0.162957 0.986633 0
    outer loop
      vertex 1.43579 10.9059 20.6
      vertex 2.14599 10.7886 6.6
      vertex 1.43579 10.9059 6.6
    endloop
  endfacet
  facet normal 0.683598 0.729859 -0
    outer loop
      vertex 7.77817 7.77817 6.6
      vertex 7.2528 8.27024 20.6
      vertex 7.77817 7.77817 20.6
    endloop
  endfacet
  facet normal 0.683598 0.729859 0
    outer loop
      vertex 7.2528 8.27024 20.6
      vertex 7.77817 7.77817 6.6
      vertex 7.2528 8.27024 6.6
    endloop
  endfacet
  facet normal -0.973894 0.227004 0
    outer loop
      vertex -10.7886 2.14599 6.6
      vertex -10.6252 2.84701 20.6
      vertex -10.6252 2.84701 6.6
    endloop
  endfacet
  facet normal -0.973894 0.227004 0
    outer loop
      vertex -10.6252 2.84701 20.6
      vertex -10.7886 2.14599 6.6
      vertex -10.7886 2.14599 20.6
    endloop
  endfacet
  facet normal -0.812851 0.582472 0
    outer loop
      vertex -9.14616 6.11127 6.6
      vertex -8.72689 6.69637 20.6
      vertex -8.72689 6.69637 6.6
    endloop
  endfacet
  facet normal -0.812851 0.582472 0
    outer loop
      vertex -8.72689 6.69637 20.6
      vertex -9.14616 6.11127 6.6
      vertex -9.14616 6.11127 20.6
    endloop
  endfacet
  facet normal -0.729859 0.683598 0
    outer loop
      vertex -8.27024 7.2528 6.6
      vertex -7.77817 7.77817 20.6
      vertex -7.77817 7.77817 6.6
    endloop
  endfacet
  facet normal -0.729859 0.683598 0
    outer loop
      vertex -7.77817 7.77817 20.6
      vertex -8.27024 7.2528 6.6
      vertex -8.27024 7.2528 20.6
    endloop
  endfacet
  facet normal -0.986633 0.162957 0
    outer loop
      vertex -10.9059 1.43579 6.6
      vertex -10.7886 2.14599 20.6
      vertex -10.7886 2.14599 6.6
    endloop
  endfacet
  facet normal -0.986633 0.162957 0
    outer loop
      vertex -10.7886 2.14599 20.6
      vertex -10.9059 1.43579 6.6
      vertex -10.9059 1.43579 20.6
    endloop
  endfacet
  facet normal -0.528076 0.849197 0
    outer loop
      vertex -5.5 9.52628 6.6
      vertex -6.11127 9.14616 20.6
      vertex -5.5 9.52628 20.6
    endloop
  endfacet
  facet normal -0.528076 0.849197 0
    outer loop
      vertex -6.11127 9.14616 20.6
      vertex -5.5 9.52628 6.6
      vertex -6.11127 9.14616 6.6
    endloop
  endfacet
  facet normal -0.412735 0.910851 0
    outer loop
      vertex -4.20952 10.1627 6.6
      vertex -4.86518 9.8656 20.6
      vertex -4.20952 10.1627 20.6
    endloop
  endfacet
  facet normal -0.412735 0.910851 0
    outer loop
      vertex -4.86518 9.8656 20.6
      vertex -4.20952 10.1627 6.6
      vertex -4.86518 9.8656 6.6
    endloop
  endfacet
  facet normal -0.227004 0.973894 0
    outer loop
      vertex -2.14599 10.7886 6.6
      vertex -2.84701 10.6252 20.6
      vertex -2.14599 10.7886 20.6
    endloop
  endfacet
  facet normal -0.227004 0.973894 0
    outer loop
      vertex -2.84701 10.6252 20.6
      vertex -2.14599 10.7886 6.6
      vertex -2.84701 10.6252 6.6
    endloop
  endfacet
  facet normal -0.0979416 0.995192 0
    outer loop
      vertex -0.719434 10.9764 6.6
      vertex -1.43579 10.9059 20.6
      vertex -0.719434 10.9764 20.6
    endloop
  endfacet
  facet normal -0.0979416 0.995192 0
    outer loop
      vertex -1.43579 10.9059 20.6
      vertex -0.719434 10.9764 6.6
      vertex -1.43579 10.9059 6.6
    endloop
  endfacet
  facet normal 0.227004 -0.973894 0
    outer loop
      vertex 2.14599 -10.7886 6.6
      vertex 2.84701 -10.6252 20.6
      vertex 2.14599 -10.7886 20.6
    endloop
  endfacet
  facet normal 0.227004 -0.973894 0
    outer loop
      vertex 2.84701 -10.6252 20.6
      vertex 2.14599 -10.7886 6.6
      vertex 2.84701 -10.6252 6.6
    endloop
  endfacet
  facet normal 0.528076 -0.849197 0
    outer loop
      vertex 5.5 -9.52628 6.6
      vertex 6.11127 -9.14616 20.6
      vertex 5.5 -9.52628 20.6
    endloop
  endfacet
  facet normal 0.528076 -0.849197 0
    outer loop
      vertex 6.11127 -9.14616 20.6
      vertex 5.5 -9.52628 6.6
      vertex 6.11127 -9.14616 6.6
    endloop
  endfacet
  facet normal 0.412735 -0.910851 0
    outer loop
      vertex 4.20952 -10.1627 6.6
      vertex 4.86518 -9.8656 20.6
      vertex 4.20952 -10.1627 20.6
    endloop
  endfacet
  facet normal 0.412735 -0.910851 0
    outer loop
      vertex 4.86518 -9.8656 20.6
      vertex 4.20952 -10.1627 6.6
      vertex 4.86518 -9.8656 6.6
    endloop
  endfacet
  facet normal 0.849197 -0.528076 0
    outer loop
      vertex 9.14616 -6.11127 20.6
      vertex 9.52628 -5.5 6.6
      vertex 9.52628 -5.5 20.6
    endloop
  endfacet
  facet normal 0.849197 -0.528076 0
    outer loop
      vertex 9.52628 -5.5 6.6
      vertex 9.14616 -6.11127 20.6
      vertex 9.14616 -6.11127 6.6
    endloop
  endfacet
  facet normal 0.88192 -0.471399 0
    outer loop
      vertex 9.52628 -5.5 20.6
      vertex 9.8656 -4.86518 6.6
      vertex 9.8656 -4.86518 20.6
    endloop
  endfacet
  facet normal 0.88192 -0.471399 0
    outer loop
      vertex 9.8656 -4.86518 6.6
      vertex 9.52628 -5.5 20.6
      vertex 9.52628 -5.5 6.6
    endloop
  endfacet
  facet normal 0.956922 -0.290347 0
    outer loop
      vertex 10.4162 -3.53583 20.6
      vertex 10.6252 -2.84701 6.6
      vertex 10.6252 -2.84701 20.6
    endloop
  endfacet
  facet normal 0.956922 -0.290347 0
    outer loop
      vertex 10.6252 -2.84701 6.6
      vertex 10.4162 -3.53583 20.6
      vertex 10.4162 -3.53583 6.6
    endloop
  endfacet
  facet normal 0.986633 -0.162957 0
    outer loop
      vertex 10.7886 -2.14599 20.6
      vertex 10.9059 -1.43579 6.6
      vertex 10.9059 -1.43579 20.6
    endloop
  endfacet
  facet normal 0.986633 -0.162957 0
    outer loop
      vertex 10.9059 -1.43579 6.6
      vertex 10.7886 -2.14599 20.6
      vertex 10.7886 -2.14599 6.6
    endloop
  endfacet
  facet normal 0.995192 -0.0979416 0
    outer loop
      vertex 10.9059 -1.43579 20.6
      vertex 10.9764 -0.719434 6.6
      vertex 10.9764 -0.719434 20.6
    endloop
  endfacet
  facet normal 0.995192 -0.0979416 0
    outer loop
      vertex 10.9764 -0.719434 6.6
      vertex 10.9059 -1.43579 20.6
      vertex 10.9059 -1.43579 6.6
    endloop
  endfacet
  facet normal -0.683598 -0.729859 0
    outer loop
      vertex -7.77817 -7.77817 6.6
      vertex -7.2528 -8.27024 20.6
      vertex -7.77817 -7.77817 20.6
    endloop
  endfacet
  facet normal -0.683598 -0.729859 -0
    outer loop
      vertex -7.2528 -8.27024 20.6
      vertex -7.77817 -7.77817 6.6
      vertex -7.2528 -8.27024 6.6
    endloop
  endfacet
  facet normal -0.162957 -0.986633 0
    outer loop
      vertex -2.14599 -10.7886 6.6
      vertex -1.43579 -10.9059 20.6
      vertex -2.14599 -10.7886 20.6
    endloop
  endfacet
  facet normal -0.162957 -0.986633 -0
    outer loop
      vertex -1.43579 -10.9059 20.6
      vertex -2.14599 -10.7886 6.6
      vertex -1.43579 -10.9059 6.6
    endloop
  endfacet
  facet normal -0.88192 -0.471399 0
    outer loop
      vertex -9.52628 -5.5 6.6
      vertex -9.8656 -4.86518 20.6
      vertex -9.8656 -4.86518 6.6
    endloop
  endfacet
  facet normal -0.88192 -0.471399 0
    outer loop
      vertex -9.8656 -4.86518 20.6
      vertex -9.52628 -5.5 6.6
      vertex -9.52628 -5.5 20.6
    endloop
  endfacet
  facet normal -0.910851 -0.412735 0
    outer loop
      vertex -9.8656 -4.86518 6.6
      vertex -10.1627 -4.20952 20.6
      vertex -10.1627 -4.20952 6.6
    endloop
  endfacet
  facet normal -0.910851 -0.412735 0
    outer loop
      vertex -10.1627 -4.20952 20.6
      vertex -9.8656 -4.86518 6.6
      vertex -9.8656 -4.86518 20.6
    endloop
  endfacet
  facet normal -0.973894 -0.227004 0
    outer loop
      vertex -10.6252 -2.84701 6.6
      vertex -10.7886 -2.14599 20.6
      vertex -10.7886 -2.14599 6.6
    endloop
  endfacet
  facet normal -0.973894 -0.227004 0
    outer loop
      vertex -10.7886 -2.14599 20.6
      vertex -10.6252 -2.84701 6.6
      vertex -10.6252 -2.84701 20.6
    endloop
  endfacet
  facet normal -0.935933 -0.352178 0
    outer loop
      vertex -10.1627 -4.20952 6.6
      vertex -10.4162 -3.53583 20.6
      vertex -10.4162 -3.53583 6.6
    endloop
  endfacet
  facet normal -0.935933 -0.352178 0
    outer loop
      vertex -10.4162 -3.53583 20.6
      vertex -10.1627 -4.20952 6.6
      vertex -10.1627 -4.20952 20.6
    endloop
  endfacet
  facet normal 0.986633 0.162957 0
    outer loop
      vertex 10.9059 1.43579 20.6
      vertex 10.7886 2.14599 6.6
      vertex 10.7886 2.14599 20.6
    endloop
  endfacet
  facet normal 0.986633 0.162957 0
    outer loop
      vertex 10.7886 2.14599 6.6
      vertex 10.9059 1.43579 20.6
      vertex 10.9059 1.43579 6.6
    endloop
  endfacet
  facet normal 0.935933 0.352178 0
    outer loop
      vertex 10.4162 3.53583 20.6
      vertex 10.1627 4.20952 6.6
      vertex 10.1627 4.20952 20.6
    endloop
  endfacet
  facet normal 0.935933 0.352178 0
    outer loop
      vertex 10.1627 4.20952 6.6
      vertex 10.4162 3.53583 20.6
      vertex 10.4162 3.53583 6.6
    endloop
  endfacet
  facet normal 0.812851 0.582472 0
    outer loop
      vertex 9.14616 6.11127 20.6
      vertex 8.72689 6.69637 6.6
      vertex 8.72689 6.69637 20.6
    endloop
  endfacet
  facet normal 0.812851 0.582472 0
    outer loop
      vertex 8.72689 6.69637 6.6
      vertex 9.14616 6.11127 20.6
      vertex 9.14616 6.11127 6.6
    endloop
  endfacet
  facet normal 0.773011 0.634393 0
    outer loop
      vertex 8.72689 6.69637 20.6
      vertex 8.27024 7.2528 6.6
      vertex 8.27024 7.2528 20.6
    endloop
  endfacet
  facet normal 0.773011 0.634393 0
    outer loop
      vertex 8.27024 7.2528 6.6
      vertex 8.72689 6.69637 20.6
      vertex 8.72689 6.69637 6.6
    endloop
  endfacet
  facet normal 0.290347 0.956922 -0
    outer loop
      vertex 3.53583 10.4162 6.6
      vertex 2.84701 10.6252 20.6
      vertex 3.53583 10.4162 20.6
    endloop
  endfacet
  facet normal 0.290347 0.956922 0
    outer loop
      vertex 2.84701 10.6252 20.6
      vertex 3.53583 10.4162 6.6
      vertex 2.84701 10.6252 6.6
    endloop
  endfacet
  facet normal 0.352178 0.935933 -0
    outer loop
      vertex 4.20952 10.1627 6.6
      vertex 3.53583 10.4162 20.6
      vertex 4.20952 10.1627 20.6
    endloop
  endfacet
  facet normal 0.352178 0.935933 0
    outer loop
      vertex 3.53583 10.4162 20.6
      vertex 4.20952 10.1627 6.6
      vertex 3.53583 10.4162 6.6
    endloop
  endfacet
  facet normal 0.0979416 0.995192 -0
    outer loop
      vertex 1.43579 10.9059 6.6
      vertex 0.719434 10.9764 20.6
      vertex 1.43579 10.9059 20.6
    endloop
  endfacet
  facet normal 0.0979416 0.995192 0
    outer loop
      vertex 0.719434 10.9764 20.6
      vertex 1.43579 10.9059 6.6
      vertex 0.719434 10.9764 6.6
    endloop
  endfacet
  facet normal 0.528076 0.849197 -0
    outer loop
      vertex 6.11127 9.14616 6.6
      vertex 5.5 9.52628 20.6
      vertex 6.11127 9.14616 20.6
    endloop
  endfacet
  facet normal 0.528076 0.849197 0
    outer loop
      vertex 5.5 9.52628 20.6
      vertex 6.11127 9.14616 6.6
      vertex 5.5 9.52628 6.6
    endloop
  endfacet
  facet normal 0.471399 0.88192 -0
    outer loop
      vertex 5.5 9.52628 6.6
      vertex 4.86518 9.8656 20.6
      vertex 5.5 9.52628 20.6
    endloop
  endfacet
  facet normal 0.471399 0.88192 0
    outer loop
      vertex 4.86518 9.8656 20.6
      vertex 5.5 9.52628 6.6
      vertex 4.86518 9.8656 6.6
    endloop
  endfacet
  facet normal 0.634393 0.773011 -0
    outer loop
      vertex 7.2528 8.27024 6.6
      vertex 6.69637 8.72689 20.6
      vertex 7.2528 8.27024 20.6
    endloop
  endfacet
  facet normal 0.634393 0.773011 0
    outer loop
      vertex 6.69637 8.72689 20.6
      vertex 7.2528 8.27024 6.6
      vertex 6.69637 8.72689 6.6
    endloop
  endfacet
  facet normal -0.773011 0.634393 0
    outer loop
      vertex -8.72689 6.69637 6.6
      vertex -8.27024 7.2528 20.6
      vertex -8.27024 7.2528 6.6
    endloop
  endfacet
  facet normal -0.773011 0.634393 0
    outer loop
      vertex -8.27024 7.2528 20.6
      vertex -8.72689 6.69637 6.6
      vertex -8.72689 6.69637 20.6
    endloop
  endfacet
  facet normal -0.88192 0.471399 0
    outer loop
      vertex -9.8656 4.86518 6.6
      vertex -9.52628 5.5 20.6
      vertex -9.52628 5.5 6.6
    endloop
  endfacet
  facet normal -0.88192 0.471399 0
    outer loop
      vertex -9.52628 5.5 20.6
      vertex -9.8656 4.86518 6.6
      vertex -9.8656 4.86518 20.6
    endloop
  endfacet
  facet normal -0.849197 0.528076 0
    outer loop
      vertex -9.52628 5.5 6.6
      vertex -9.14616 6.11127 20.6
      vertex -9.14616 6.11127 6.6
    endloop
  endfacet
  facet normal -0.849197 0.528076 0
    outer loop
      vertex -9.14616 6.11127 20.6
      vertex -9.52628 5.5 6.6
      vertex -9.52628 5.5 20.6
    endloop
  endfacet
  facet normal -0.956922 0.290347 0
    outer loop
      vertex -10.6252 2.84701 6.6
      vertex -10.4162 3.53583 20.6
      vertex -10.4162 3.53583 6.6
    endloop
  endfacet
  facet normal -0.956922 0.290347 0
    outer loop
      vertex -10.4162 3.53583 20.6
      vertex -10.6252 2.84701 6.6
      vertex -10.6252 2.84701 20.6
    endloop
  endfacet
  facet normal -0.935933 0.352178 0
    outer loop
      vertex -10.4162 3.53583 6.6
      vertex -10.1627 4.20952 20.6
      vertex -10.1627 4.20952 6.6
    endloop
  endfacet
  facet normal -0.935933 0.352178 0
    outer loop
      vertex -10.1627 4.20952 20.6
      vertex -10.4162 3.53583 6.6
      vertex -10.4162 3.53583 20.6
    endloop
  endfacet
  facet normal -0.995192 0.0979416 0
    outer loop
      vertex -10.9764 0.719434 6.6
      vertex -10.9059 1.43579 20.6
      vertex -10.9059 1.43579 6.6
    endloop
  endfacet
  facet normal -0.995192 0.0979416 0
    outer loop
      vertex -10.9059 1.43579 20.6
      vertex -10.9764 0.719434 6.6
      vertex -10.9764 0.719434 20.6
    endloop
  endfacet
  facet normal 0 0 1
    outer loop
      vertex -5.04601 -1.35207 20.6
      vertex -5.33862 -2.06488 20.6
      vertex -4.86749 -1.87791 20.6
    endloop
  endfacet
  facet normal -0 0 1
    outer loop
      vertex -5.65584 -0.881073 20.6
      vertex -5.04601 -1.35207 20.6
      vertex -5.15434 -0.807434 20.6
    endloop
  endfacet
  facet normal 0 0 1
    outer loop
      vertex -5.04601 -1.35207 20.6
      vertex -5.65584 -0.881073 20.6
      vertex -5.33862 -2.06488 20.6
    endloop
  endfacet
  facet normal 0 0 1
    outer loop
      vertex -5.33862 -2.06488 20.6
      vertex -5.65584 -0.881073 20.6
      vertex -5.48413 -2.15143 20.6
    endloop
  endfacet
  facet normal 0 0 1
    outer loop
      vertex -5.82512 -0.878876 20.6
      vertex -5.48413 -2.15143 20.6
      vertex -5.65584 -0.881073 20.6
    endloop
  endfacet
  facet normal 0 0 1
    outer loop
      vertex -5.48413 -2.15143 20.6
      vertex -5.82512 -0.878876 20.6
      vertex -5.61917 -2.25829 20.6
    endloop
  endfacet
  facet normal 0 0 1
    outer loop
      vertex -5.99551 -0.853851 20.6
      vertex -5.61917 -2.25829 20.6
      vertex -5.82512 -0.878876 20.6
    endloop
  endfacet
  facet normal 0 0 1
    outer loop
      vertex -5.61917 -2.25829 20.6
      vertex -5.99551 -0.853851 20.6
      vertex -5.74643 -2.37872 20.6
    endloop
  endfacet
  facet normal 0 0 1
    outer loop
      vertex -6.16592 -0.813187 20.6
      vertex -5.74643 -2.37872 20.6
      vertex -5.99551 -0.853851 20.6
    endloop
  endfacet
  facet normal 0 0 1
    outer loop
      vertex -5.74643 -2.37872 20.6
      vertex -6.16592 -0.813187 20.6
      vertex -5.86717 -2.51096 20.6
    endloop
  endfacet
  facet normal 0 0 1
    outer loop
      vertex -6.33661 -0.759033 20.6
      vertex -5.86717 -2.51096 20.6
      vertex -6.16592 -0.813187 20.6
    endloop
  endfacet
  facet normal 0 0 1
    outer loop
      vertex -5.86717 -2.51096 20.6
      vertex -6.33661 -0.759033 20.6
      vertex -5.98175 -2.6539 20.6
    endloop
  endfacet
  facet normal 0 0 1
    outer loop
      vertex -6.50731 -0.692535 20.6
      vertex -5.98175 -2.6539 20.6
      vertex -6.33661 -0.759033 20.6
    endloop
  endfacet
  facet normal 0 0 1
    outer loop
      vertex -5.98175 -2.6539 20.6
      vertex -6.50731 -0.692535 20.6
      vertex -6.09027 -2.80672 20.6
    endloop
  endfacet
  facet normal 0 0 1
    outer loop
      vertex -6.6777 -0.614441 20.6
      vertex -6.09027 -2.80672 20.6
      vertex -6.50731 -0.692535 20.6
    endloop
  endfacet
  facet normal 0 0 1
    outer loop
      vertex -3.69394 -3.69394 20.6
      vertex -3.59093 -4.45755 20.6
      vertex -3.27643 -4.06009 20.6
    endloop
  endfacet
  facet normal 0 0 1
    outer loop
      vertex -4.45755 -3.59093 20.6
      vertex -3.59093 -4.45755 20.6
      vertex -3.69394 -3.69394 20.6
    endloop
  endfacet
  facet normal 0 0 1
    outer loop
      vertex -3.59093 -4.45755 20.6
      vertex -4.45755 -3.59093 20.6
      vertex -3.67368 -4.60527 20.6
    endloop
  endfacet
  facet normal -0 0 1
    outer loop
      vertex -4.60527 -3.67368 20.6
      vertex -3.67368 -4.60527 20.6
      vertex -4.45755 -3.59093 20.6
    endloop
  endfacet
  facet normal -0 0 1
    outer loop
      vertex -4.76532 -3.7372 20.6
      vertex -3.7372 -4.76532 20.6
      vertex -4.60527 -3.67368 20.6
    endloop
  endfacet
  facet normal 0 0 1
    outer loop
      vertex -3.7372 -4.76532 20.6
      vertex -4.76532 -3.7372 20.6
      vertex -3.78719 -4.93326 20.6
    endloop
  endfacet
  facet normal -0 0 1
    outer loop
      vertex -4.93326 -3.78719 20.6
      vertex -3.78719 -4.93326 20.6
      vertex -4.76532 -3.7372 20.6
    endloop
  endfacet
  facet normal 0 0 1
    outer loop
      vertex -3.67368 -4.60527 20.6
      vertex -4.60527 -3.67368 20.6
      vertex -3.7372 -4.76532 20.6
    endloop
  endfacet
  facet normal -0 0 1
    outer loop
      vertex -4.45755 -3.59093 20.6
      vertex -3.69394 -3.69394 20.6
      vertex -4.06009 -3.27643 20.6
    endloop
  endfacet
  facet normal 0 0 1
    outer loop
      vertex -0.807434 -5.15434 20.6
      vertex -1.35207 -5.04601 20.6
      vertex -0.881073 -5.65584 20.6
    endloop
  endfacet
  facet normal 0 0 1
    outer loop
      vertex 1.35207 -5.04601 20.6
      vertex 0.807434 -5.15434 20.6
      vertex 0.881073 -5.65584 20.6
    endloop
  endfacet
  facet normal 0 0 1
    outer loop
      vertex 5.47585 -3.87097 20.6
      vertex 3.87097 -5.47585 20.6
      vertex 3.87854 -5.6674 20.6
    endloop
  endfacet
  facet normal 0 0 1
    outer loop
      vertex 4.45755 -3.59093 20.6
      vertex 3.85339 -5.28923 20.6
      vertex 3.87097 -5.47585 20.6
    endloop
  endfacet
  facet normal 0 0 1
    outer loop
      vertex 4.45755 -3.59093 20.6
      vertex 3.82564 -5.10814 20.6
      vertex 3.85339 -5.28923 20.6
    endloop
  endfacet
  facet normal 0 0 1
    outer loop
      vertex 4.45755 -3.59093 20.6
      vertex 3.78719 -4.93326 20.6
      vertex 3.82564 -5.10814 20.6
    endloop
  endfacet
  facet normal 0 0 1
    outer loop
      vertex 4.45755 -3.59093 20.6
      vertex 3.7372 -4.76532 20.6
      vertex 3.78719 -4.93326 20.6
    endloop
  endfacet
  facet normal 0 0 1
    outer loop
      vertex 3.59093 -4.45755 20.6
      vertex 4.45755 -3.59093 20.6
      vertex 3.69394 -3.69394 20.6
    endloop
  endfacet
  facet normal 0 0 1
    outer loop
      vertex 4.45755 -3.59093 20.6
      vertex 3.67368 -4.60527 20.6
      vertex 3.7372 -4.76532 20.6
    endloop
  endfacet
  facet normal 0 0 1
    outer loop
      vertex 4.45755 -3.59093 20.6
      vertex 3.59093 -4.45755 20.6
      vertex 3.67368 -4.60527 20.6
    endloop
  endfacet
  facet normal 0 -0 1
    outer loop
      vertex 3.59093 -4.45755 20.6
      vertex 3.69394 -3.69394 20.6
      vertex 3.27643 -4.06009 20.6
    endloop
  endfacet
  facet normal 0 0 1
    outer loop
      vertex 6.8474 -0.525208 20.6
      vertex 6.19261 -2.96884 20.6
      vertex 6.30205 -3.16353 20.6
    endloop
  endfacet
  facet normal 0 0 1
    outer loop
      vertex 5.86717 -2.51096 20.6
      vertex 6.33661 -0.759033 20.6
      vertex 6.16592 -0.813187 20.6
    endloop
  endfacet
  facet normal 0 0 1
    outer loop
      vertex 6.50731 -0.692535 20.6
      vertex 6.09027 -2.80672 20.6
      vertex 6.19261 -2.96884 20.6
    endloop
  endfacet
  facet normal 0 0 1
    outer loop
      vertex 5.74643 -2.37872 20.6
      vertex 6.16592 -0.813187 20.6
      vertex 5.99551 -0.853851 20.6
    endloop
  endfacet
  facet normal 0 0 1
    outer loop
      vertex 6.50731 -0.692535 20.6
      vertex 5.98175 -2.6539 20.6
      vertex 6.09027 -2.80672 20.6
    endloop
  endfacet
  facet normal 0 0 1
    outer loop
      vertex 6.33661 -0.759033 20.6
      vertex 5.86717 -2.51096 20.6
      vertex 5.98175 -2.6539 20.6
    endloop
  endfacet
  facet normal 0 0 1
    outer loop
      vertex 5.61917 -2.25829 20.6
      vertex 5.99551 -0.853851 20.6
      vertex 5.82512 -0.878876 20.6
    endloop
  endfacet
  facet normal 0 0 1
    outer loop
      vertex 6.16592 -0.813187 20.6
      vertex 5.74643 -2.37872 20.6
      vertex 5.86717 -2.51096 20.6
    endloop
  endfacet
  facet normal 0 0 1
    outer loop
      vertex 5.48413 -2.15143 20.6
      vertex 5.82512 -0.878876 20.6
      vertex 5.65584 -0.881073 20.6
    endloop
  endfacet
  facet normal 0 0 1
    outer loop
      vertex 5.99551 -0.853851 20.6
      vertex 5.61917 -2.25829 20.6
      vertex 5.74643 -2.37872 20.6
    endloop
  endfacet
  facet normal 0 0 1
    outer loop
      vertex 5.82512 -0.878876 20.6
      vertex 5.48413 -2.15143 20.6
      vertex 5.61917 -2.25829 20.6
    endloop
  endfacet
  facet normal 0 0 1
    outer loop
      vertex 5.65584 -0.881073 20.6
      vertex 5.33862 -2.06488 20.6
      vertex 5.48413 -2.15143 20.6
    endloop
  endfacet
  facet normal 0 0 1
    outer loop
      vertex 5.04601 -1.35207 20.6
      vertex 5.65584 -0.881073 20.6
      vertex 5.15434 -0.807434 20.6
    endloop
  endfacet
  facet normal 0 0 1
    outer loop
      vertex 5.65584 -0.881073 20.6
      vertex 5.04601 -1.35207 20.6
      vertex 5.33862 -2.06488 20.6
    endloop
  endfacet
  facet normal 0 0 1
    outer loop
      vertex 5.33862 -2.06488 20.6
      vertex 5.04601 -1.35207 20.6
      vertex 4.86749 -1.87791 20.6
    endloop
  endfacet
  facet normal -0 0 1
    outer loop
      vertex 7.03952 0.411331 20.6
      vertex 11 0 20.6
      vertex 10.9764 0.719434 20.6
    endloop
  endfacet
  facet normal 0 0 1
    outer loop
      vertex 7.03952 0.411331 20.6
      vertex 10.9764 0.719434 20.6
      vertex 10.9059 1.43579 20.6
    endloop
  endfacet
  facet normal 0 0 1
    outer loop
      vertex 7.03952 -0.411331 20.6
      vertex 11 0 20.6
      vertex 7.03952 0.411331 20.6
    endloop
  endfacet
  facet normal 0 0 1
    outer loop
      vertex 7.03952 0.411331 20.6
      vertex 10.9059 1.43579 20.6
      vertex 10.7886 2.14599 20.6
    endloop
  endfacet
  facet normal 0 0 1
    outer loop
      vertex 11 0 20.6
      vertex 7.03952 -0.411331 20.6
      vertex 10.9764 -0.719434 20.6
    endloop
  endfacet
  facet normal 0 0 1
    outer loop
      vertex 7.03952 0.411331 20.6
      vertex 10.7886 2.14599 20.6
      vertex 10.6252 2.84701 20.6
    endloop
  endfacet
  facet normal 0 0 1
    outer loop
      vertex 10.9764 -0.719434 20.6
      vertex 7.03952 -0.411331 20.6
      vertex 10.9059 -1.43579 20.6
    endloop
  endfacet
  facet normal -0 0 1
    outer loop
      vertex 6.30205 3.16353 20.6
      vertex 10.6252 2.84701 20.6
      vertex 10.4162 3.53583 20.6
    endloop
  endfacet
  facet normal 0 0 1
    outer loop
      vertex 10.9059 -1.43579 20.6
      vertex 7.03952 -0.411331 20.6
      vertex 10.7886 -2.14599 20.6
    endloop
  endfacet
  facet normal 0 0 1
    outer loop
      vertex 6.30205 3.16353 20.6
      vertex 10.4162 3.53583 20.6
      vertex 10.1627 4.20952 20.6
    endloop
  endfacet
  facet normal 0 0 1
    outer loop
      vertex 10.7886 -2.14599 20.6
      vertex 7.03952 -0.411331 20.6
      vertex 10.6252 -2.84701 20.6
    endloop
  endfacet
  facet normal 0 0 1
    outer loop
      vertex 6.30205 3.16353 20.6
      vertex 10.1627 4.20952 20.6
      vertex 9.8656 4.86518 20.6
    endloop
  endfacet
  facet normal 0 0 1
    outer loop
      vertex 6.30205 -3.16353 20.6
      vertex 10.6252 -2.84701 20.6
      vertex 7.03952 -0.411331 20.6
    endloop
  endfacet
  facet normal 0 0 1
    outer loop
      vertex 6.30205 3.16353 20.6
      vertex 9.8656 4.86518 20.6
      vertex 9.52628 5.5 20.6
    endloop
  endfacet
  facet normal 0 0 1
    outer loop
      vertex 10.6252 -2.84701 20.6
      vertex 6.30205 -3.16353 20.6
      vertex 10.4162 -3.53583 20.6
    endloop
  endfacet
  facet normal 0 0 1
    outer loop
      vertex 5.89072 3.87598 20.6
      vertex 9.52628 5.5 20.6
      vertex 9.14616 6.11127 20.6
    endloop
  endfacet
  facet normal 0 0 1
    outer loop
      vertex 10.4162 -3.53583 20.6
      vertex 6.30205 -3.16353 20.6
      vertex 10.1627 -4.20952 20.6
    endloop
  endfacet
  facet normal 0 0 1
    outer loop
      vertex 5.89072 3.87598 20.6
      vertex 9.14616 6.11127 20.6
      vertex 8.72689 6.69637 20.6
    endloop
  endfacet
  facet normal 0 0 1
    outer loop
      vertex 10.1627 -4.20952 20.6
      vertex 6.30205 -3.16353 20.6
      vertex 9.8656 -4.86518 20.6
    endloop
  endfacet
  facet normal 0 0 1
    outer loop
      vertex 5.89072 3.87598 20.6
      vertex 8.72689 6.69637 20.6
      vertex 8.27024 7.2528 20.6
    endloop
  endfacet
  facet normal 0 0 1
    outer loop
      vertex 9.8656 -4.86518 20.6
      vertex 6.30205 -3.16353 20.6
      vertex 9.52628 -5.5 20.6
    endloop
  endfacet
  facet normal 0 0 1
    outer loop
      vertex 5.89072 3.87598 20.6
      vertex 8.27024 7.2528 20.6
      vertex 7.77817 7.77817 20.6
    endloop
  endfacet
  facet normal -0 0 1
    outer loop
      vertex 5.89072 -3.87598 20.6
      vertex 9.52628 -5.5 20.6
      vertex 6.30205 -3.16353 20.6
    endloop
  endfacet
  facet normal 0 0 1
    outer loop
      vertex 3.87598 5.89072 20.6
      vertex 7.77817 7.77817 20.6
      vertex 7.2528 8.27024 20.6
    endloop
  endfacet
  facet normal 0 0 1
    outer loop
      vertex 9.52628 -5.5 20.6
      vertex 5.89072 -3.87598 20.6
      vertex 9.14616 -6.11127 20.6
    endloop
  endfacet
  facet normal 0 0 1
    outer loop
      vertex 9.14616 -6.11127 20.6
      vertex 5.89072 -3.87598 20.6
      vertex 8.72689 -6.69637 20.6
    endloop
  endfacet
  facet normal 0 0 1
    outer loop
      vertex 10.6252 2.84701 20.6
      vertex 6.30205 3.16353 20.6
      vertex 7.03952 0.411331 20.6
    endloop
  endfacet
  facet normal 0 0 1
    outer loop
      vertex 3.87598 5.89072 20.6
      vertex 7.2528 8.27024 20.6
      vertex 6.69637 8.72689 20.6
    endloop
  endfacet
  facet normal 0 0 1
    outer loop
      vertex 7.03952 0.411331 20.6
      vertex 6.30205 3.16353 20.6
      vertex 6.8474 0.525208 20.6
    endloop
  endfacet
  facet normal -0 0 1
    outer loop
      vertex 6.19261 2.96884 20.6
      vertex 6.8474 0.525208 20.6
      vertex 6.30205 3.16353 20.6
    endloop
  endfacet
  facet normal 0 0 1
    outer loop
      vertex 6.8474 0.525208 20.6
      vertex 6.19261 2.96884 20.6
      vertex 6.6777 0.614441 20.6
    endloop
  endfacet
  facet normal -0 0 1
    outer loop
      vertex 6.09027 2.80672 20.6
      vertex 6.6777 0.614441 20.6
      vertex 6.19261 2.96884 20.6
    endloop
  endfacet
  facet normal 0 0 1
    outer loop
      vertex 3.87598 5.89072 20.6
      vertex 6.69637 8.72689 20.6
      vertex 6.11127 9.14616 20.6
    endloop
  endfacet
  facet normal 0 0 1
    outer loop
      vertex 9.52628 5.5 20.6
      vertex 5.89072 3.87598 20.6
      vertex 6.30205 3.16353 20.6
    endloop
  endfacet
  facet normal 0 0 1
    outer loop
      vertex 7.77817 7.77817 20.6
      vertex 3.87598 5.89072 20.6
      vertex 5.89072 3.87598 20.6
    endloop
  endfacet
  facet normal 0 0 1
    outer loop
      vertex 3.87598 5.89072 20.6
      vertex 6.11127 9.14616 20.6
      vertex 5.5 9.52628 20.6
    endloop
  endfacet
  facet normal 0 0 1
    outer loop
      vertex 5.89072 3.87598 20.6
      vertex 3.87598 5.89072 20.6
      vertex 5.6674 3.87854 20.6
    endloop
  endfacet
  facet normal -0 -0 1
    outer loop
      vertex 3.87854 5.6674 20.6
      vertex 5.6674 3.87854 20.6
      vertex 3.87598 5.89072 20.6
    endloop
  endfacet
  facet normal 0 0 1
    outer loop
      vertex 5.6674 3.87854 20.6
      vertex 3.87854 5.6674 20.6
      vertex 5.47585 3.87097 20.6
    endloop
  endfacet
  facet normal -0 0 1
    outer loop
      vertex 3.87097 5.47585 20.6
      vertex 5.47585 3.87097 20.6
      vertex 3.87854 5.6674 20.6
    endloop
  endfacet
  facet normal 0 0 1
    outer loop
      vertex 3.16353 6.30205 20.6
      vertex 5.5 9.52628 20.6
      vertex 4.86518 9.8656 20.6
    endloop
  endfacet
  facet normal 0 0 1
    outer loop
      vertex 5.47585 3.87097 20.6
      vertex 3.87097 5.47585 20.6
      vertex 5.28923 3.85339 20.6
    endloop
  endfacet
  facet normal -0 0 1
    outer loop
      vertex 3.85339 5.28923 20.6
      vertex 5.28923 3.85339 20.6
      vertex 3.87097 5.47585 20.6
    endloop
  endfacet
  facet normal 0 0 1
    outer loop
      vertex 5.28923 3.85339 20.6
      vertex 3.85339 5.28923 20.6
      vertex 5.10814 3.82564 20.6
    endloop
  endfacet
  facet normal 0 0 1
    outer loop
      vertex 3.16353 6.30205 20.6
      vertex 4.86518 9.8656 20.6
      vertex 4.20952 10.1627 20.6
    endloop
  endfacet
  facet normal -0 0 1
    outer loop
      vertex 3.82564 5.10814 20.6
      vertex 5.10814 3.82564 20.6
      vertex 3.85339 5.28923 20.6
    endloop
  endfacet
  facet normal -0 0 1
    outer loop
      vertex 3.78719 4.93326 20.6
      vertex 4.93326 3.78719 20.6
      vertex 3.82564 5.10814 20.6
    endloop
  endfacet
  facet normal 0 0 1
    outer loop
      vertex 5.10814 3.82564 20.6
      vertex 3.82564 5.10814 20.6
      vertex 4.93326 3.78719 20.6
    endloop
  endfacet
  facet normal 0 0 1
    outer loop
      vertex 3.16353 6.30205 20.6
      vertex 4.20952 10.1627 20.6
      vertex 3.53583 10.4162 20.6
    endloop
  endfacet
  facet normal 0 0 1
    outer loop
      vertex 5.5 9.52628 20.6
      vertex 3.16353 6.30205 20.6
      vertex 3.87598 5.89072 20.6
    endloop
  endfacet
  facet normal 0 0 1
    outer loop
      vertex 2.84701 10.6252 20.6
      vertex 3.16353 6.30205 20.6
      vertex 3.53583 10.4162 20.6
    endloop
  endfacet
  facet normal -0 0 1
    outer loop
      vertex 0.411331 7.03952 20.6
      vertex 3.16353 6.30205 20.6
      vertex 2.84701 10.6252 20.6
    endloop
  endfacet
  facet normal 0 0 1
    outer loop
      vertex 3.16353 6.30205 20.6
      vertex 0.411331 7.03952 20.6
      vertex 2.96884 6.19261 20.6
    endloop
  endfacet
  facet normal -0 -0 1
    outer loop
      vertex 0.525208 6.8474 20.6
      vertex 2.96884 6.19261 20.6
      vertex 0.411331 7.03952 20.6
    endloop
  endfacet
  facet normal 0 0 1
    outer loop
      vertex 2.96884 6.19261 20.6
      vertex 0.525208 6.8474 20.6
      vertex 2.80672 6.09027 20.6
    endloop
  endfacet
  facet normal -0 -0 1
    outer loop
      vertex 0.614441 6.6777 20.6
      vertex 2.80672 6.09027 20.6
      vertex 0.525208 6.8474 20.6
    endloop
  endfacet
  facet normal -0 -0 1
    outer loop
      vertex 0.692535 6.50731 20.6
      vertex 2.6539 5.98175 20.6
      vertex 0.614441 6.6777 20.6
    endloop
  endfacet
  facet normal 0 0 1
    outer loop
      vertex 2.6539 5.98175 20.6
      vertex 0.692535 6.50731 20.6
      vertex 2.51096 5.86717 20.6
    endloop
  endfacet
  facet normal 0 0 1
    outer loop
      vertex 0.411331 7.03952 20.6
      vertex 2.84701 10.6252 20.6
      vertex 2.14599 10.7886 20.6
    endloop
  endfacet
  facet normal -0 -0 1
    outer loop
      vertex 0.759033 6.33661 20.6
      vertex 2.51096 5.86717 20.6
      vertex 0.692535 6.50731 20.6
    endloop
  endfacet
  facet normal -0 -0 1
    outer loop
      vertex 0.813187 6.16592 20.6
      vertex 2.37872 5.74643 20.6
      vertex 0.759033 6.33661 20.6
    endloop
  endfacet
  facet normal 0 0 1
    outer loop
      vertex 0.411331 7.03952 20.6
      vertex 2.14599 10.7886 20.6
      vertex 1.43579 10.9059 20.6
    endloop
  endfacet
  facet normal -0 -0 1
    outer loop
      vertex 0.853851 5.99551 20.6
      vertex 2.25829 5.61917 20.6
      vertex 0.813187 6.16592 20.6
    endloop
  endfacet
  facet normal 0 0 1
    outer loop
      vertex 2.15143 5.48413 20.6
      vertex 0.878876 5.82512 20.6
      vertex 2.06488 5.33862 20.6
    endloop
  endfacet
  facet normal 0 0 1
    outer loop
      vertex 2.06488 5.33862 20.6
      vertex 0.881073 5.65584 20.6
      vertex 1.35207 5.04601 20.6
    endloop
  endfacet
  facet normal 0 0 1
    outer loop
      vertex 2.06488 5.33862 20.6
      vertex 1.35207 5.04601 20.6
      vertex 1.87791 4.86749 20.6
    endloop
  endfacet
  facet normal -0 -0 1
    outer loop
      vertex 0.881073 5.65584 20.6
      vertex 2.06488 5.33862 20.6
      vertex 0.878876 5.82512 20.6
    endloop
  endfacet
  facet normal -0 -0 1
    outer loop
      vertex 0.878876 5.82512 20.6
      vertex 2.15143 5.48413 20.6
      vertex 0.853851 5.99551 20.6
    endloop
  endfacet
  facet normal 0 0 1
    outer loop
      vertex 0.411331 7.03952 20.6
      vertex 1.43579 10.9059 20.6
      vertex 0.719434 10.9764 20.6
    endloop
  endfacet
  facet normal 0 0 1
    outer loop
      vertex 2.25829 5.61917 20.6
      vertex 0.853851 5.99551 20.6
      vertex 2.15143 5.48413 20.6
    endloop
  endfacet
  facet normal 0 0 1
    outer loop
      vertex 2.37872 5.74643 20.6
      vertex 0.813187 6.16592 20.6
      vertex 2.25829 5.61917 20.6
    endloop
  endfacet
  facet normal 0 0 1
    outer loop
      vertex 2.51096 5.86717 20.6
      vertex 0.759033 6.33661 20.6
      vertex 2.37872 5.74643 20.6
    endloop
  endfacet
  facet normal 0 0 1
    outer loop
      vertex 2.80672 6.09027 20.6
      vertex 0.614441 6.6777 20.6
      vertex 2.6539 5.98175 20.6
    endloop
  endfacet
  facet normal 0 0 1
    outer loop
      vertex 0 11 20.6
      vertex 0.411331 7.03952 20.6
      vertex 0.719434 10.9764 20.6
    endloop
  endfacet
  facet normal 0 0 1
    outer loop
      vertex 0 11 20.6
      vertex -0.411331 7.03952 20.6
      vertex 0.411331 7.03952 20.6
    endloop
  endfacet
  facet normal -0 0 1
    outer loop
      vertex -0.719434 10.9764 20.6
      vertex -0.411331 7.03952 20.6
      vertex 0 11 20.6
    endloop
  endfacet
  facet normal -0 0 1
    outer loop
      vertex -1.43579 10.9059 20.6
      vertex -0.411331 7.03952 20.6
      vertex -0.719434 10.9764 20.6
    endloop
  endfacet
  facet normal -0 0 1
    outer loop
      vertex -2.14599 10.7886 20.6
      vertex -0.411331 7.03952 20.6
      vertex -1.43579 10.9059 20.6
    endloop
  endfacet
  facet normal -0 0 1
    outer loop
      vertex -2.84701 10.6252 20.6
      vertex -0.411331 7.03952 20.6
      vertex -2.14599 10.7886 20.6
    endloop
  endfacet
  facet normal 0 0 1
    outer loop
      vertex -3.16353 6.30205 20.6
      vertex -0.411331 7.03952 20.6
      vertex -2.84701 10.6252 20.6
    endloop
  endfacet
  facet normal 0 0 1
    outer loop
      vertex -0.411331 7.03952 20.6
      vertex -3.16353 6.30205 20.6
      vertex -0.525208 6.8474 20.6
    endloop
  endfacet
  facet normal 0 -0 1
    outer loop
      vertex -2.96884 6.19261 20.6
      vertex -0.525208 6.8474 20.6
      vertex -3.16353 6.30205 20.6
    endloop
  endfacet
  facet normal 0 0 1
    outer loop
      vertex -0.525208 6.8474 20.6
      vertex -2.96884 6.19261 20.6
      vertex -0.614441 6.6777 20.6
    endloop
  endfacet
  facet normal 0 0 1
    outer loop
      vertex -2.06488 5.33862 20.6
      vertex -0.881073 5.65584 20.6
      vertex -0.878876 5.82512 20.6
    endloop
  endfacet
  facet normal 0 -0 1
    outer loop
      vertex -2.6539 5.98175 20.6
      vertex -0.692535 6.50731 20.6
      vertex -2.80672 6.09027 20.6
    endloop
  endfacet
  facet normal 0 0 1
    outer loop
      vertex -0.692535 6.50731 20.6
      vertex -2.6539 5.98175 20.6
      vertex -0.759033 6.33661 20.6
    endloop
  endfacet
  facet normal 0 0 1
    outer loop
      vertex -0.853851 5.99551 20.6
      vertex -2.25829 5.61917 20.6
      vertex -0.878876 5.82512 20.6
    endloop
  endfacet
  facet normal 0 0 1
    outer loop
      vertex -1.35207 5.04601 20.6
      vertex -2.06488 5.33862 20.6
      vertex -1.87791 4.86749 20.6
    endloop
  endfacet
  facet normal 0 0 1
    outer loop
      vertex -0.759033 6.33661 20.6
      vertex -2.51096 5.86717 20.6
      vertex -0.813187 6.16592 20.6
    endloop
  endfacet
  facet normal 0 0 1
    outer loop
      vertex -0.881073 5.65584 20.6
      vertex -2.06488 5.33862 20.6
      vertex -1.35207 5.04601 20.6
    endloop
  endfacet
  facet normal 0 -0 1
    outer loop
      vertex -2.06488 5.33862 20.6
      vertex -0.878876 5.82512 20.6
      vertex -2.15143 5.48413 20.6
    endloop
  endfacet
  facet normal 0 -0 1
    outer loop
      vertex -2.15143 5.48413 20.6
      vertex -0.878876 5.82512 20.6
      vertex -2.25829 5.61917 20.6
    endloop
  endfacet
  facet normal 0 -0 1
    outer loop
      vertex -2.25829 5.61917 20.6
      vertex -0.853851 5.99551 20.6
      vertex -2.37872 5.74643 20.6
    endloop
  endfacet
  facet normal 0 0 1
    outer loop
      vertex -0.813187 6.16592 20.6
      vertex -2.37872 5.74643 20.6
      vertex -0.853851 5.99551 20.6
    endloop
  endfacet
  facet normal 0 -0 1
    outer loop
      vertex -2.37872 5.74643 20.6
      vertex -0.813187 6.16592 20.6
      vertex -2.51096 5.86717 20.6
    endloop
  endfacet
  facet normal 0 -0 1
    outer loop
      vertex -2.80672 6.09027 20.6
      vertex -0.614441 6.6777 20.6
      vertex -2.96884 6.19261 20.6
    endloop
  endfacet
  facet normal 0 -0 1
    outer loop
      vertex -2.51096 5.86717 20.6
      vertex -0.759033 6.33661 20.6
      vertex -2.6539 5.98175 20.6
    endloop
  endfacet
  facet normal 0 0 1
    outer loop
      vertex -0.614441 6.6777 20.6
      vertex -2.80672 6.09027 20.6
      vertex -0.692535 6.50731 20.6
    endloop
  endfacet
  facet normal -0 0 1
    outer loop
      vertex -3.53583 10.4162 20.6
      vertex -3.16353 6.30205 20.6
      vertex -2.84701 10.6252 20.6
    endloop
  endfacet
  facet normal -0 0 1
    outer loop
      vertex -4.20952 10.1627 20.6
      vertex -3.16353 6.30205 20.6
      vertex -3.53583 10.4162 20.6
    endloop
  endfacet
  facet normal 0 0 1
    outer loop
      vertex -5.6674 3.87854 20.6
      vertex -3.87854 5.6674 20.6
      vertex -3.87598 5.89072 20.6
    endloop
  endfacet
  facet normal -0 0 1
    outer loop
      vertex -4.86518 9.8656 20.6
      vertex -3.16353 6.30205 20.6
      vertex -4.20952 10.1627 20.6
    endloop
  endfacet
  facet normal -0 0 1
    outer loop
      vertex -5.5 9.52628 20.6
      vertex -3.16353 6.30205 20.6
      vertex -4.86518 9.8656 20.6
    endloop
  endfacet
  facet normal 0 0 1
    outer loop
      vertex -3.87854 5.6674 20.6
      vertex -4.45755 3.59093 20.6
      vertex -4.06009 3.27643 20.6
    endloop
  endfacet
  facet normal 0 0 1
    outer loop
      vertex -3.87854 5.6674 20.6
      vertex -4.60527 3.67368 20.6
      vertex -4.45755 3.59093 20.6
    endloop
  endfacet
  facet normal 0 0 1
    outer loop
      vertex -3.16353 6.30205 20.6
      vertex -5.5 9.52628 20.6
      vertex -3.87598 5.89072 20.6
    endloop
  endfacet
  facet normal 0 0 1
    outer loop
      vertex -3.87854 5.6674 20.6
      vertex -4.76532 3.7372 20.6
      vertex -4.60527 3.67368 20.6
    endloop
  endfacet
  facet normal -0 0 1
    outer loop
      vertex -6.11127 9.14616 20.6
      vertex -3.87598 5.89072 20.6
      vertex -5.5 9.52628 20.6
    endloop
  endfacet
  facet normal 0 0 1
    outer loop
      vertex -3.87854 5.6674 20.6
      vertex -4.93326 3.78719 20.6
      vertex -4.76532 3.7372 20.6
    endloop
  endfacet
  facet normal -0 0 1
    outer loop
      vertex -6.69637 8.72689 20.6
      vertex -3.87598 5.89072 20.6
      vertex -6.11127 9.14616 20.6
    endloop
  endfacet
  facet normal 0 0 1
    outer loop
      vertex -3.87854 5.6674 20.6
      vertex -5.10814 3.82564 20.6
      vertex -4.93326 3.78719 20.6
    endloop
  endfacet
  facet normal 0 0 1
    outer loop
      vertex -3.87854 5.6674 20.6
      vertex -5.28923 3.85339 20.6
      vertex -5.10814 3.82564 20.6
    endloop
  endfacet
  facet normal -0 0 1
    outer loop
      vertex -7.2528 8.27024 20.6
      vertex -3.87598 5.89072 20.6
      vertex -6.69637 8.72689 20.6
    endloop
  endfacet
  facet normal 0 0 1
    outer loop
      vertex -3.87854 5.6674 20.6
      vertex -5.47585 3.87097 20.6
      vertex -5.28923 3.85339 20.6
    endloop
  endfacet
  facet normal -0 0 1
    outer loop
      vertex -7.77817 7.77817 20.6
      vertex -3.87598 5.89072 20.6
      vertex -7.2528 8.27024 20.6
    endloop
  endfacet
  facet normal 0 0 1
    outer loop
      vertex -3.87854 5.6674 20.6
      vertex -5.6674 3.87854 20.6
      vertex -5.47585 3.87097 20.6
    endloop
  endfacet
  facet normal 0 0 1
    outer loop
      vertex -5.98175 2.6539 20.6
      vertex -6.50731 0.692535 20.6
      vertex -6.33661 0.759033 20.6
    endloop
  endfacet
  facet normal 0 0 1
    outer loop
      vertex -3.87598 5.89072 20.6
      vertex -5.89072 3.87598 20.6
      vertex -5.6674 3.87854 20.6
    endloop
  endfacet
  facet normal 0 0 1
    outer loop
      vertex -3.87598 5.89072 20.6
      vertex -7.77817 7.77817 20.6
      vertex -5.89072 3.87598 20.6
    endloop
  endfacet
  facet normal -0 0 1
    outer loop
      vertex -8.27024 7.2528 20.6
      vertex -5.89072 3.87598 20.6
      vertex -7.77817 7.77817 20.6
    endloop
  endfacet
  facet normal -0 0 1
    outer loop
      vertex -8.72689 6.69637 20.6
      vertex -5.89072 3.87598 20.6
      vertex -8.27024 7.2528 20.6
    endloop
  endfacet
  facet normal -0 0 1
    outer loop
      vertex -9.14616 6.11127 20.6
      vertex -5.89072 3.87598 20.6
      vertex -8.72689 6.69637 20.6
    endloop
  endfacet
  facet normal 0 0 1
    outer loop
      vertex -5.89072 3.87598 20.6
      vertex -9.52628 5.5 20.6
      vertex -6.30205 3.16353 20.6
    endloop
  endfacet
  facet normal -0 0 1
    outer loop
      vertex -9.52628 5.5 20.6
      vertex -5.89072 3.87598 20.6
      vertex -9.14616 6.11127 20.6
    endloop
  endfacet
  facet normal 0 0 1
    outer loop
      vertex 8.72689 -6.69637 20.6
      vertex 5.89072 -3.87598 20.6
      vertex 8.27024 -7.2528 20.6
    endloop
  endfacet
  facet normal 0 0 1
    outer loop
      vertex 6.30205 -3.16353 20.6
      vertex 7.03952 -0.411331 20.6
      vertex 6.8474 -0.525208 20.6
    endloop
  endfacet
  facet normal 0 0 1
    outer loop
      vertex 8.27024 -7.2528 20.6
      vertex 5.89072 -3.87598 20.6
      vertex 7.77817 -7.77817 20.6
    endloop
  endfacet
  facet normal 0 0 1
    outer loop
      vertex 6.19261 -2.96884 20.6
      vertex 6.8474 -0.525208 20.6
      vertex 6.6777 -0.614441 20.6
    endloop
  endfacet
  facet normal 0 0 1
    outer loop
      vertex 6.19261 -2.96884 20.6
      vertex 6.6777 -0.614441 20.6
      vertex 6.50731 -0.692535 20.6
    endloop
  endfacet
  facet normal 0 0 1
    outer loop
      vertex 5.98175 -2.6539 20.6
      vertex 6.50731 -0.692535 20.6
      vertex 6.33661 -0.759033 20.6
    endloop
  endfacet
  facet normal -0 0 1
    outer loop
      vertex 3.87598 -5.89072 20.6
      vertex 7.77817 -7.77817 20.6
      vertex 5.89072 -3.87598 20.6
    endloop
  endfacet
  facet normal 0 0 1
    outer loop
      vertex 7.77817 -7.77817 20.6
      vertex 3.87598 -5.89072 20.6
      vertex 7.2528 -8.27024 20.6
    endloop
  endfacet
  facet normal 0 0 1
    outer loop
      vertex 7.2528 -8.27024 20.6
      vertex 3.87598 -5.89072 20.6
      vertex 6.69637 -8.72689 20.6
    endloop
  endfacet
  facet normal 0 0 1
    outer loop
      vertex 3.87598 -5.89072 20.6
      vertex 5.89072 -3.87598 20.6
      vertex 5.6674 -3.87854 20.6
    endloop
  endfacet
  facet normal 0 0 1
    outer loop
      vertex 6.69637 -8.72689 20.6
      vertex 3.87598 -5.89072 20.6
      vertex 6.11127 -9.14616 20.6
    endloop
  endfacet
  facet normal 0 0 1
    outer loop
      vertex 3.87854 -5.6674 20.6
      vertex 5.6674 -3.87854 20.6
      vertex 5.47585 -3.87097 20.6
    endloop
  endfacet
  facet normal 0 0 1
    outer loop
      vertex 3.87097 -5.47585 20.6
      vertex 5.47585 -3.87097 20.6
      vertex 5.28923 -3.85339 20.6
    endloop
  endfacet
  facet normal 0 0 1
    outer loop
      vertex 3.87097 -5.47585 20.6
      vertex 5.28923 -3.85339 20.6
      vertex 5.10814 -3.82564 20.6
    endloop
  endfacet
  facet normal 0 0 1
    outer loop
      vertex 3.87097 -5.47585 20.6
      vertex 5.10814 -3.82564 20.6
      vertex 4.93326 -3.78719 20.6
    endloop
  endfacet
  facet normal 0 0 1
    outer loop
      vertex 6.11127 -9.14616 20.6
      vertex 3.87598 -5.89072 20.6
      vertex 5.5 -9.52628 20.6
    endloop
  endfacet
  facet normal 0 0 1
    outer loop
      vertex 3.87097 -5.47585 20.6
      vertex 4.93326 -3.78719 20.6
      vertex 4.76532 -3.7372 20.6
    endloop
  endfacet
  facet normal 0 0 1
    outer loop
      vertex 3.87097 -5.47585 20.6
      vertex 4.76532 -3.7372 20.6
      vertex 4.60527 -3.67368 20.6
    endloop
  endfacet
  facet normal 0 0 1
    outer loop
      vertex 3.87097 -5.47585 20.6
      vertex 4.60527 -3.67368 20.6
      vertex 4.45755 -3.59093 20.6
    endloop
  endfacet
  facet normal -0 0 1
    outer loop
      vertex 3.16353 -6.30205 20.6
      vertex 5.5 -9.52628 20.6
      vertex 3.87598 -5.89072 20.6
    endloop
  endfacet
  facet normal 0 0 1
    outer loop
      vertex 3.69394 -3.69394 20.6
      vertex 4.45755 -3.59093 20.6
      vertex 4.06009 -3.27643 20.6
    endloop
  endfacet
  facet normal 0 0 1
    outer loop
      vertex 5.6674 -3.87854 20.6
      vertex 3.87854 -5.6674 20.6
      vertex 3.87598 -5.89072 20.6
    endloop
  endfacet
  facet normal 0 0 1
    outer loop
      vertex 5.5 -9.52628 20.6
      vertex 3.16353 -6.30205 20.6
      vertex 4.86518 -9.8656 20.6
    endloop
  endfacet
  facet normal 0 0 1
    outer loop
      vertex 4.86518 -9.8656 20.6
      vertex 3.16353 -6.30205 20.6
      vertex 4.20952 -10.1627 20.6
    endloop
  endfacet
  facet normal 0 0 1
    outer loop
      vertex 4.20952 -10.1627 20.6
      vertex 3.16353 -6.30205 20.6
      vertex 3.53583 -10.4162 20.6
    endloop
  endfacet
  facet normal 0 0 1
    outer loop
      vertex 0.411331 -7.03952 20.6
      vertex 3.16353 -6.30205 20.6
      vertex 2.96884 -6.19261 20.6
    endloop
  endfacet
  facet normal 0 0 1
    outer loop
      vertex 3.16353 -6.30205 20.6
      vertex 2.84701 -10.6252 20.6
      vertex 3.53583 -10.4162 20.6
    endloop
  endfacet
  facet normal 0 0 1
    outer loop
      vertex 0.525208 -6.8474 20.6
      vertex 2.96884 -6.19261 20.6
      vertex 2.80672 -6.09027 20.6
    endloop
  endfacet
  facet normal 0 0 1
    outer loop
      vertex 0.614441 -6.6777 20.6
      vertex 2.80672 -6.09027 20.6
      vertex 2.6539 -5.98175 20.6
    endloop
  endfacet
  facet normal 0 0 1
    outer loop
      vertex 0.692535 -6.50731 20.6
      vertex 2.6539 -5.98175 20.6
      vertex 2.51096 -5.86717 20.6
    endloop
  endfacet
  facet normal 0 0 1
    outer loop
      vertex 0.759033 -6.33661 20.6
      vertex 2.51096 -5.86717 20.6
      vertex 2.37872 -5.74643 20.6
    endloop
  endfacet
  facet normal 0 0 1
    outer loop
      vertex 0.813187 -6.16592 20.6
      vertex 2.37872 -5.74643 20.6
      vertex 2.25829 -5.61917 20.6
    endloop
  endfacet
  facet normal 0 0 1
    outer loop
      vertex 0.853851 -5.99551 20.6
      vertex 2.25829 -5.61917 20.6
      vertex 2.15143 -5.48413 20.6
    endloop
  endfacet
  facet normal 0 0 1
    outer loop
      vertex 2.96884 -6.19261 20.6
      vertex 0.525208 -6.8474 20.6
      vertex 0.411331 -7.03952 20.6
    endloop
  endfacet
  facet normal 0 0 1
    outer loop
      vertex 0.878876 -5.82512 20.6
      vertex 2.15143 -5.48413 20.6
      vertex 2.06488 -5.33862 20.6
    endloop
  endfacet
  facet normal -0 0 1
    outer loop
      vertex 1.35207 -5.04601 20.6
      vertex 2.06488 -5.33862 20.6
      vertex 1.87791 -4.86749 20.6
    endloop
  endfacet
  facet normal 0 0 1
    outer loop
      vertex 2.6539 -5.98175 20.6
      vertex 0.692535 -6.50731 20.6
      vertex 0.614441 -6.6777 20.6
    endloop
  endfacet
  facet normal 0 0 1
    outer loop
      vertex 0.881073 -5.65584 20.6
      vertex 2.06488 -5.33862 20.6
      vertex 1.35207 -5.04601 20.6
    endloop
  endfacet
  facet normal 0 0 1
    outer loop
      vertex 2.06488 -5.33862 20.6
      vertex 0.881073 -5.65584 20.6
      vertex 0.878876 -5.82512 20.6
    endloop
  endfacet
  facet normal 0 0 1
    outer loop
      vertex 2.15143 -5.48413 20.6
      vertex 0.878876 -5.82512 20.6
      vertex 0.853851 -5.99551 20.6
    endloop
  endfacet
  facet normal 0 0 1
    outer loop
      vertex 2.25829 -5.61917 20.6
      vertex 0.853851 -5.99551 20.6
      vertex 0.813187 -6.16592 20.6
    endloop
  endfacet
  facet normal 0 0 1
    outer loop
      vertex 2.37872 -5.74643 20.6
      vertex 0.813187 -6.16592 20.6
      vertex 0.759033 -6.33661 20.6
    endloop
  endfacet
  facet normal 0 0 1
    outer loop
      vertex 2.51096 -5.86717 20.6
      vertex 0.759033 -6.33661 20.6
      vertex 0.692535 -6.50731 20.6
    endloop
  endfacet
  facet normal 0 0 1
    outer loop
      vertex 2.80672 -6.09027 20.6
      vertex 0.614441 -6.6777 20.6
      vertex 0.525208 -6.8474 20.6
    endloop
  endfacet
  facet normal 0 0 1
    outer loop
      vertex 3.16353 -6.30205 20.6
      vertex 0.411331 -7.03952 20.6
      vertex 2.84701 -10.6252 20.6
    endloop
  endfacet
  facet normal 0 0 1
    outer loop
      vertex 2.84701 -10.6252 20.6
      vertex 0.411331 -7.03952 20.6
      vertex 2.14599 -10.7886 20.6
    endloop
  endfacet
  facet normal 0 0 1
    outer loop
      vertex 2.14599 -10.7886 20.6
      vertex 0.411331 -7.03952 20.6
      vertex 1.43579 -10.9059 20.6
    endloop
  endfacet
  facet normal 0 0 1
    outer loop
      vertex 1.43579 -10.9059 20.6
      vertex 0.411331 -7.03952 20.6
      vertex 0.719434 -10.9764 20.6
    endloop
  endfacet
  facet normal 0 0 1
    outer loop
      vertex 0.411331 -7.03952 20.6
      vertex 0 -11 20.6
      vertex 0.719434 -10.9764 20.6
    endloop
  endfacet
  facet normal -0 0 1
    outer loop
      vertex -0.411331 -7.03952 20.6
      vertex 0 -11 20.6
      vertex 0.411331 -7.03952 20.6
    endloop
  endfacet
  facet normal 0 0 1
    outer loop
      vertex -3.16353 -6.30205 20.6
      vertex -0.411331 -7.03952 20.6
      vertex -0.525208 -6.8474 20.6
    endloop
  endfacet
  facet normal 0 0 1
    outer loop
      vertex -2.96884 -6.19261 20.6
      vertex -0.525208 -6.8474 20.6
      vertex -0.614441 -6.6777 20.6
    endloop
  endfacet
  facet normal 0 0 1
    outer loop
      vertex -2.80672 -6.09027 20.6
      vertex -0.614441 -6.6777 20.6
      vertex -0.692535 -6.50731 20.6
    endloop
  endfacet
  facet normal 0 0 1
    outer loop
      vertex -0.411331 -7.03952 20.6
      vertex -0.719434 -10.9764 20.6
      vertex 0 -11 20.6
    endloop
  endfacet
  facet normal 0 0 1
    outer loop
      vertex -2.6539 -5.98175 20.6
      vertex -0.692535 -6.50731 20.6
      vertex -0.759033 -6.33661 20.6
    endloop
  endfacet
  facet normal 0 0 1
    outer loop
      vertex -2.51096 -5.86717 20.6
      vertex -0.759033 -6.33661 20.6
      vertex -0.813187 -6.16592 20.6
    endloop
  endfacet
  facet normal 0 0 1
    outer loop
      vertex -2.37872 -5.74643 20.6
      vertex -0.813187 -6.16592 20.6
      vertex -0.853851 -5.99551 20.6
    endloop
  endfacet
  facet normal 0 0 1
    outer loop
      vertex -2.25829 -5.61917 20.6
      vertex -0.853851 -5.99551 20.6
      vertex -0.878876 -5.82512 20.6
    endloop
  endfacet
  facet normal -0 0 1
    outer loop
      vertex -2.06488 -5.33862 20.6
      vertex -0.881073 -5.65584 20.6
      vertex -1.35207 -5.04601 20.6
    endloop
  endfacet
  facet normal 0 0 1
    outer loop
      vertex -0.881073 -5.65584 20.6
      vertex -2.06488 -5.33862 20.6
      vertex -0.878876 -5.82512 20.6
    endloop
  endfacet
  facet normal 0 0 1
    outer loop
      vertex -0.813187 -6.16592 20.6
      vertex -2.37872 -5.74643 20.6
      vertex -2.51096 -5.86717 20.6
    endloop
  endfacet
  facet normal 0 0 1
    outer loop
      vertex -2.06488 -5.33862 20.6
      vertex -1.35207 -5.04601 20.6
      vertex -1.87791 -4.86749 20.6
    endloop
  endfacet
  facet normal 0 0 1
    outer loop
      vertex -0.878876 -5.82512 20.6
      vertex -2.06488 -5.33862 20.6
      vertex -2.15143 -5.48413 20.6
    endloop
  endfacet
  facet normal 0 0 1
    outer loop
      vertex -0.878876 -5.82512 20.6
      vertex -2.15143 -5.48413 20.6
      vertex -2.25829 -5.61917 20.6
    endloop
  endfacet
  facet normal 0 0 1
    outer loop
      vertex -0.853851 -5.99551 20.6
      vertex -2.25829 -5.61917 20.6
      vertex -2.37872 -5.74643 20.6
    endloop
  endfacet
  facet normal 0 0 1
    outer loop
      vertex -0.759033 -6.33661 20.6
      vertex -2.51096 -5.86717 20.6
      vertex -2.6539 -5.98175 20.6
    endloop
  endfacet
  facet normal 0 0 1
    outer loop
      vertex -0.411331 -7.03952 20.6
      vertex -1.43579 -10.9059 20.6
      vertex -0.719434 -10.9764 20.6
    endloop
  endfacet
  facet normal 0 0 1
    outer loop
      vertex -0.692535 -6.50731 20.6
      vertex -2.6539 -5.98175 20.6
      vertex -2.80672 -6.09027 20.6
    endloop
  endfacet
  facet normal 0 0 1
    outer loop
      vertex -0.614441 -6.6777 20.6
      vertex -2.80672 -6.09027 20.6
      vertex -2.96884 -6.19261 20.6
    endloop
  endfacet
  facet normal 0 0 1
    outer loop
      vertex -0.411331 -7.03952 20.6
      vertex -2.14599 -10.7886 20.6
      vertex -1.43579 -10.9059 20.6
    endloop
  endfacet
  facet normal 0 0 1
    outer loop
      vertex -0.525208 -6.8474 20.6
      vertex -2.96884 -6.19261 20.6
      vertex -3.16353 -6.30205 20.6
    endloop
  endfacet
  facet normal 0 0 1
    outer loop
      vertex -0.411331 -7.03952 20.6
      vertex -3.16353 -6.30205 20.6
      vertex -2.84701 -10.6252 20.6
    endloop
  endfacet
  facet normal 0 0 1
    outer loop
      vertex -0.411331 -7.03952 20.6
      vertex -2.84701 -10.6252 20.6
      vertex -2.14599 -10.7886 20.6
    endloop
  endfacet
  facet normal 0 0 1
    outer loop
      vertex -3.16353 -6.30205 20.6
      vertex -3.53583 -10.4162 20.6
      vertex -2.84701 -10.6252 20.6
    endloop
  endfacet
  facet normal 0 0 1
    outer loop
      vertex -5.5 -9.52628 20.6
      vertex -3.16353 -6.30205 20.6
      vertex -3.87598 -5.89072 20.6
    endloop
  endfacet
  facet normal 0 0 1
    outer loop
      vertex -3.78719 -4.93326 20.6
      vertex -4.93326 -3.78719 20.6
      vertex -3.82564 -5.10814 20.6
    endloop
  endfacet
  facet normal 0 0 1
    outer loop
      vertex -3.16353 -6.30205 20.6
      vertex -4.20952 -10.1627 20.6
      vertex -3.53583 -10.4162 20.6
    endloop
  endfacet
  facet normal -0 0 1
    outer loop
      vertex -5.10814 -3.82564 20.6
      vertex -3.82564 -5.10814 20.6
      vertex -4.93326 -3.78719 20.6
    endloop
  endfacet
  facet normal 0 0 1
    outer loop
      vertex -3.82564 -5.10814 20.6
      vertex -5.10814 -3.82564 20.6
      vertex -3.85339 -5.28923 20.6
    endloop
  endfacet
  facet normal -0 0 1
    outer loop
      vertex -5.28923 -3.85339 20.6
      vertex -3.85339 -5.28923 20.6
      vertex -5.10814 -3.82564 20.6
    endloop
  endfacet
  facet normal 0 0 1
    outer loop
      vertex -3.85339 -5.28923 20.6
      vertex -5.28923 -3.85339 20.6
      vertex -3.87097 -5.47585 20.6
    endloop
  endfacet
  facet normal 0 0 1
    outer loop
      vertex -3.16353 -6.30205 20.6
      vertex -4.86518 -9.8656 20.6
      vertex -4.20952 -10.1627 20.6
    endloop
  endfacet
  facet normal -0 0 1
    outer loop
      vertex -5.47585 -3.87097 20.6
      vertex -3.87097 -5.47585 20.6
      vertex -5.28923 -3.85339 20.6
    endloop
  endfacet
  facet normal 0 0 1
    outer loop
      vertex -3.87097 -5.47585 20.6
      vertex -5.47585 -3.87097 20.6
      vertex -3.87854 -5.6674 20.6
    endloop
  endfacet
  facet normal -0 0 1
    outer loop
      vertex -5.6674 -3.87854 20.6
      vertex -3.87854 -5.6674 20.6
      vertex -5.47585 -3.87097 20.6
    endloop
  endfacet
  facet normal 0 0 1
    outer loop
      vertex -3.87854 -5.6674 20.6
      vertex -5.6674 -3.87854 20.6
      vertex -3.87598 -5.89072 20.6
    endloop
  endfacet
  facet normal 0 0 1
    outer loop
      vertex -3.16353 -6.30205 20.6
      vertex -5.5 -9.52628 20.6
      vertex -4.86518 -9.8656 20.6
    endloop
  endfacet
  facet normal 0 0 1
    outer loop
      vertex -5.89072 -3.87598 20.6
      vertex -3.87598 -5.89072 20.6
      vertex -5.6674 -3.87854 20.6
    endloop
  endfacet
  facet normal 0 0 1
    outer loop
      vertex -7.77817 -7.77817 20.6
      vertex -3.87598 -5.89072 20.6
      vertex -5.89072 -3.87598 20.6
    endloop
  endfacet
  facet normal 0 0 1
    outer loop
      vertex -3.87598 -5.89072 20.6
      vertex -6.11127 -9.14616 20.6
      vertex -5.5 -9.52628 20.6
    endloop
  endfacet
  facet normal 0 0 1
    outer loop
      vertex -9.52628 -5.5 20.6
      vertex -5.89072 -3.87598 20.6
      vertex -6.30205 -3.16353 20.6
    endloop
  endfacet
  facet normal 0 0 1
    outer loop
      vertex -6.09027 -2.80672 20.6
      vertex -6.6777 -0.614441 20.6
      vertex -6.19261 -2.96884 20.6
    endloop
  endfacet
  facet normal 0 0 1
    outer loop
      vertex -6.8474 -0.525208 20.6
      vertex -6.19261 -2.96884 20.6
      vertex -6.6777 -0.614441 20.6
    endloop
  endfacet
  facet normal 0 0 1
    outer loop
      vertex -6.19261 -2.96884 20.6
      vertex -6.8474 -0.525208 20.6
      vertex -6.30205 -3.16353 20.6
    endloop
  endfacet
  facet normal 0 0 1
    outer loop
      vertex -3.87598 -5.89072 20.6
      vertex -6.69637 -8.72689 20.6
      vertex -6.11127 -9.14616 20.6
    endloop
  endfacet
  facet normal 0 0 1
    outer loop
      vertex -7.03952 -0.411331 20.6
      vertex -6.30205 -3.16353 20.6
      vertex -6.8474 -0.525208 20.6
    endloop
  endfacet
  facet normal -0 0 1
    outer loop
      vertex -10.6252 -2.84701 20.6
      vertex -6.30205 -3.16353 20.6
      vertex -7.03952 -0.411331 20.6
    endloop
  endfacet
  facet normal 0 0 1
    outer loop
      vertex -3.87598 -5.89072 20.6
      vertex -7.2528 -8.27024 20.6
      vertex -6.69637 -8.72689 20.6
    endloop
  endfacet
  facet normal -0 0 1
    outer loop
      vertex -9.8656 4.86518 20.6
      vertex -6.30205 3.16353 20.6
      vertex -9.52628 5.5 20.6
    endloop
  endfacet
  facet normal -0 0 1
    outer loop
      vertex -10.1627 4.20952 20.6
      vertex -6.30205 3.16353 20.6
      vertex -9.8656 4.86518 20.6
    endloop
  endfacet
  facet normal 0 0 1
    outer loop
      vertex -3.87598 -5.89072 20.6
      vertex -7.77817 -7.77817 20.6
      vertex -7.2528 -8.27024 20.6
    endloop
  endfacet
  facet normal -0 0 1
    outer loop
      vertex -10.4162 3.53583 20.6
      vertex -6.30205 3.16353 20.6
      vertex -10.1627 4.20952 20.6
    endloop
  endfacet
  facet normal 0 0 1
    outer loop
      vertex -5.89072 -3.87598 20.6
      vertex -8.27024 -7.2528 20.6
      vertex -7.77817 -7.77817 20.6
    endloop
  endfacet
  facet normal 0 0 1
    outer loop
      vertex -6.19261 2.96884 20.6
      vertex -6.6777 0.614441 20.6
      vertex -6.50731 0.692535 20.6
    endloop
  endfacet
  facet normal 0 0 1
    outer loop
      vertex -5.89072 -3.87598 20.6
      vertex -8.72689 -6.69637 20.6
      vertex -8.27024 -7.2528 20.6
    endloop
  endfacet
  facet normal 0 0 1
    outer loop
      vertex -10.6252 2.84701 20.6
      vertex -6.30205 3.16353 20.6
      vertex -10.4162 3.53583 20.6
    endloop
  endfacet
  facet normal 0 0 1
    outer loop
      vertex -5.89072 -3.87598 20.6
      vertex -9.14616 -6.11127 20.6
      vertex -8.72689 -6.69637 20.6
    endloop
  endfacet
  facet normal 0 0 1
    outer loop
      vertex -6.19261 2.96884 20.6
      vertex -6.8474 0.525208 20.6
      vertex -6.6777 0.614441 20.6
    endloop
  endfacet
  facet normal 0 0 1
    outer loop
      vertex -5.89072 -3.87598 20.6
      vertex -9.52628 -5.5 20.6
      vertex -9.14616 -6.11127 20.6
    endloop
  endfacet
  facet normal 0 0 1
    outer loop
      vertex -6.30205 3.16353 20.6
      vertex -7.03952 0.411331 20.6
      vertex -6.8474 0.525208 20.6
    endloop
  endfacet
  facet normal 0 0 1
    outer loop
      vertex -6.30205 -3.16353 20.6
      vertex -9.8656 -4.86518 20.6
      vertex -9.52628 -5.5 20.6
    endloop
  endfacet
  facet normal 0 0 1
    outer loop
      vertex -6.30205 3.16353 20.6
      vertex -10.6252 2.84701 20.6
      vertex -7.03952 0.411331 20.6
    endloop
  endfacet
  facet normal 0 0 1
    outer loop
      vertex -6.30205 -3.16353 20.6
      vertex -10.1627 -4.20952 20.6
      vertex -9.8656 -4.86518 20.6
    endloop
  endfacet
  facet normal -0 0 1
    outer loop
      vertex -10.7886 2.14599 20.6
      vertex -7.03952 0.411331 20.6
      vertex -10.6252 2.84701 20.6
    endloop
  endfacet
  facet normal 0 0 1
    outer loop
      vertex -6.30205 -3.16353 20.6
      vertex -10.4162 -3.53583 20.6
      vertex -10.1627 -4.20952 20.6
    endloop
  endfacet
  facet normal -0 0 1
    outer loop
      vertex -10.9059 1.43579 20.6
      vertex -7.03952 0.411331 20.6
      vertex -10.7886 2.14599 20.6
    endloop
  endfacet
  facet normal 0 0 1
    outer loop
      vertex -6.30205 -3.16353 20.6
      vertex -10.6252 -2.84701 20.6
      vertex -10.4162 -3.53583 20.6
    endloop
  endfacet
  facet normal -0 0 1
    outer loop
      vertex -10.9764 0.719434 20.6
      vertex -7.03952 0.411331 20.6
      vertex -10.9059 1.43579 20.6
    endloop
  endfacet
  facet normal 0 0 1
    outer loop
      vertex -7.03952 -0.411331 20.6
      vertex -10.7886 -2.14599 20.6
      vertex -10.6252 -2.84701 20.6
    endloop
  endfacet
  facet normal 0 0 1
    outer loop
      vertex -11 0 20.6
      vertex -7.03952 0.411331 20.6
      vertex -10.9764 0.719434 20.6
    endloop
  endfacet
  facet normal 0 0 1
    outer loop
      vertex -7.03952 -0.411331 20.6
      vertex -10.9059 -1.43579 20.6
      vertex -10.7886 -2.14599 20.6
    endloop
  endfacet
  facet normal 0 0 1
    outer loop
      vertex -7.03952 0.411331 20.6
      vertex -11 0 20.6
      vertex -7.03952 -0.411331 20.6
    endloop
  endfacet
  facet normal 0 0 1
    outer loop
      vertex -7.03952 -0.411331 20.6
      vertex -10.9764 -0.719434 20.6
      vertex -10.9059 -1.43579 20.6
    endloop
  endfacet
  facet normal 0 0 1
    outer loop
      vertex -7.03952 -0.411331 20.6
      vertex -11 0 20.6
      vertex -10.9764 -0.719434 20.6
    endloop
  endfacet
  facet normal 0 0 1
    outer loop
      vertex 6.6777 0.614441 20.6
      vertex 6.09027 2.80672 20.6
      vertex 6.50731 0.692535 20.6
    endloop
  endfacet
  facet normal -0 0 1
    outer loop
      vertex 5.98175 2.6539 20.6
      vertex 6.50731 0.692535 20.6
      vertex 6.09027 2.80672 20.6
    endloop
  endfacet
  facet normal 0 0 1
    outer loop
      vertex 6.50731 0.692535 20.6
      vertex 5.98175 2.6539 20.6
      vertex 6.33661 0.759033 20.6
    endloop
  endfacet
  facet normal -0 0 1
    outer loop
      vertex 5.86717 2.51096 20.6
      vertex 6.33661 0.759033 20.6
      vertex 5.98175 2.6539 20.6
    endloop
  endfacet
  facet normal 0 0 1
    outer loop
      vertex 6.33661 0.759033 20.6
      vertex 5.86717 2.51096 20.6
      vertex 6.16592 0.813187 20.6
    endloop
  endfacet
  facet normal -0 0 1
    outer loop
      vertex 5.74643 2.37872 20.6
      vertex 6.16592 0.813187 20.6
      vertex 5.86717 2.51096 20.6
    endloop
  endfacet
  facet normal 0 0 1
    outer loop
      vertex 6.16592 0.813187 20.6
      vertex 5.74643 2.37872 20.6
      vertex 5.99551 0.853851 20.6
    endloop
  endfacet
  facet normal -0 0 1
    outer loop
      vertex 5.61917 2.25829 20.6
      vertex 5.99551 0.853851 20.6
      vertex 5.74643 2.37872 20.6
    endloop
  endfacet
  facet normal 0 0 1
    outer loop
      vertex 5.99551 0.853851 20.6
      vertex 5.61917 2.25829 20.6
      vertex 5.82512 0.878876 20.6
    endloop
  endfacet
  facet normal -0 0 1
    outer loop
      vertex 5.48413 2.15143 20.6
      vertex 5.82512 0.878876 20.6
      vertex 5.61917 2.25829 20.6
    endloop
  endfacet
  facet normal 0 0 1
    outer loop
      vertex 5.82512 0.878876 20.6
      vertex 5.48413 2.15143 20.6
      vertex 5.65584 0.881073 20.6
    endloop
  endfacet
  facet normal -0 0 1
    outer loop
      vertex 5.33862 2.06488 20.6
      vertex 5.65584 0.881073 20.6
      vertex 5.48413 2.15143 20.6
    endloop
  endfacet
  facet normal -0 0 1
    outer loop
      vertex 5.04601 1.35207 20.6
      vertex 5.65584 0.881073 20.6
      vertex 5.33862 2.06488 20.6
    endloop
  endfacet
  facet normal 0 0 1
    outer loop
      vertex 5.65584 0.881073 20.6
      vertex 5.04601 1.35207 20.6
      vertex 5.15434 0.807434 20.6
    endloop
  endfacet
  facet normal 0 -0 1
    outer loop
      vertex 5.04601 1.35207 20.6
      vertex 5.33862 2.06488 20.6
      vertex 4.86749 1.87791 20.6
    endloop
  endfacet
  facet normal 0 0 1
    outer loop
      vertex 4.93326 3.78719 20.6
      vertex 3.78719 4.93326 20.6
      vertex 4.76532 3.7372 20.6
    endloop
  endfacet
  facet normal -0 0 1
    outer loop
      vertex 3.7372 4.76532 20.6
      vertex 4.76532 3.7372 20.6
      vertex 3.78719 4.93326 20.6
    endloop
  endfacet
  facet normal 0 0 1
    outer loop
      vertex 4.76532 3.7372 20.6
      vertex 3.7372 4.76532 20.6
      vertex 4.60527 3.67368 20.6
    endloop
  endfacet
  facet normal -0 0 1
    outer loop
      vertex 3.67368 4.60527 20.6
      vertex 4.60527 3.67368 20.6
      vertex 3.7372 4.76532 20.6
    endloop
  endfacet
  facet normal 0 0 1
    outer loop
      vertex 4.60527 3.67368 20.6
      vertex 3.67368 4.60527 20.6
      vertex 4.45755 3.59093 20.6
    endloop
  endfacet
  facet normal -0 0 1
    outer loop
      vertex 3.59093 4.45755 20.6
      vertex 4.45755 3.59093 20.6
      vertex 3.67368 4.60527 20.6
    endloop
  endfacet
  facet normal 0 0 1
    outer loop
      vertex 4.45755 3.59093 20.6
      vertex 3.69394 3.69394 20.6
      vertex 4.06009 3.27643 20.6
    endloop
  endfacet
  facet normal 0 0 1
    outer loop
      vertex 4.45755 3.59093 20.6
      vertex 3.59093 4.45755 20.6
      vertex 3.69394 3.69394 20.6
    endloop
  endfacet
  facet normal 0 0 1
    outer loop
      vertex 3.69394 3.69394 20.6
      vertex 3.59093 4.45755 20.6
      vertex 3.27643 4.06009 20.6
    endloop
  endfacet
  facet normal 0 0 1
    outer loop
      vertex 1.35207 5.04601 20.6
      vertex 0.881073 5.65584 20.6
      vertex 0.807434 5.15434 20.6
    endloop
  endfacet
  facet normal 0 0 1
    outer loop
      vertex -0.807434 5.15434 20.6
      vertex -0.881073 5.65584 20.6
      vertex -1.35207 5.04601 20.6
    endloop
  endfacet
  facet normal 0 0 1
    outer loop
      vertex -3.59093 4.45755 20.6
      vertex -3.69394 3.69394 20.6
      vertex -3.27643 4.06009 20.6
    endloop
  endfacet
  facet normal 0 0 1
    outer loop
      vertex -3.67368 4.60527 20.6
      vertex -3.69394 3.69394 20.6
      vertex -3.59093 4.45755 20.6
    endloop
  endfacet
  facet normal 0 0 1
    outer loop
      vertex -4.06009 3.27643 20.6
      vertex -3.67368 4.60527 20.6
      vertex -3.7372 4.76532 20.6
    endloop
  endfacet
  facet normal 0 0 1
    outer loop
      vertex -4.06009 3.27643 20.6
      vertex -3.7372 4.76532 20.6
      vertex -3.78719 4.93326 20.6
    endloop
  endfacet
  facet normal 0 0 1
    outer loop
      vertex -4.06009 3.27643 20.6
      vertex -3.78719 4.93326 20.6
      vertex -3.82564 5.10814 20.6
    endloop
  endfacet
  facet normal 0 0 1
    outer loop
      vertex -4.06009 3.27643 20.6
      vertex -3.82564 5.10814 20.6
      vertex -3.85339 5.28923 20.6
    endloop
  endfacet
  facet normal 0 0 1
    outer loop
      vertex -3.67368 4.60527 20.6
      vertex -4.06009 3.27643 20.6
      vertex -3.69394 3.69394 20.6
    endloop
  endfacet
  facet normal 0 0 1
    outer loop
      vertex -3.87097 5.47585 20.6
      vertex -4.06009 3.27643 20.6
      vertex -3.85339 5.28923 20.6
    endloop
  endfacet
  facet normal 0 0 1
    outer loop
      vertex -4.06009 3.27643 20.6
      vertex -3.87097 5.47585 20.6
      vertex -3.87854 5.6674 20.6
    endloop
  endfacet
  facet normal 0 0 1
    outer loop
      vertex -5.33862 2.06488 20.6
      vertex -5.04601 1.35207 20.6
      vertex -4.86749 1.87791 20.6
    endloop
  endfacet
  facet normal 0 0 1
    outer loop
      vertex -5.65584 0.881073 20.6
      vertex -5.04601 1.35207 20.6
      vertex -5.33862 2.06488 20.6
    endloop
  endfacet
  facet normal 0 0 1
    outer loop
      vertex -5.65584 0.881073 20.6
      vertex -5.33862 2.06488 20.6
      vertex -5.48413 2.15143 20.6
    endloop
  endfacet
  facet normal 0 0 1
    outer loop
      vertex -5.82512 0.878876 20.6
      vertex -5.48413 2.15143 20.6
      vertex -5.61917 2.25829 20.6
    endloop
  endfacet
  facet normal 0 0 1
    outer loop
      vertex -5.04601 1.35207 20.6
      vertex -5.65584 0.881073 20.6
      vertex -5.15434 0.807434 20.6
    endloop
  endfacet
  facet normal 0 0 1
    outer loop
      vertex -5.99551 0.853851 20.6
      vertex -5.61917 2.25829 20.6
      vertex -5.74643 2.37872 20.6
    endloop
  endfacet
  facet normal 0 0 1
    outer loop
      vertex -5.48413 2.15143 20.6
      vertex -5.82512 0.878876 20.6
      vertex -5.65584 0.881073 20.6
    endloop
  endfacet
  facet normal 0 0 1
    outer loop
      vertex -6.16592 0.813187 20.6
      vertex -5.74643 2.37872 20.6
      vertex -5.86717 2.51096 20.6
    endloop
  endfacet
  facet normal 0 0 1
    outer loop
      vertex -6.33661 0.759033 20.6
      vertex -5.86717 2.51096 20.6
      vertex -5.98175 2.6539 20.6
    endloop
  endfacet
  facet normal 0 0 1
    outer loop
      vertex -5.61917 2.25829 20.6
      vertex -5.99551 0.853851 20.6
      vertex -5.82512 0.878876 20.6
    endloop
  endfacet
  facet normal 0 0 1
    outer loop
      vertex -6.50731 0.692535 20.6
      vertex -5.98175 2.6539 20.6
      vertex -6.09027 2.80672 20.6
    endloop
  endfacet
  facet normal 0 0 1
    outer loop
      vertex -5.74643 2.37872 20.6
      vertex -6.16592 0.813187 20.6
      vertex -5.99551 0.853851 20.6
    endloop
  endfacet
  facet normal 0 0 1
    outer loop
      vertex -6.50731 0.692535 20.6
      vertex -6.09027 2.80672 20.6
      vertex -6.19261 2.96884 20.6
    endloop
  endfacet
  facet normal 0 0 1
    outer loop
      vertex -6.8474 0.525208 20.6
      vertex -6.19261 2.96884 20.6
      vertex -6.30205 3.16353 20.6
    endloop
  endfacet
  facet normal 0 0 1
    outer loop
      vertex -5.86717 2.51096 20.6
      vertex -6.33661 0.759033 20.6
      vertex -6.16592 0.813187 20.6
    endloop
  endfacet
  facet normal -0.471399 0.88192 0
    outer loop
      vertex -4.86518 9.8656 6.6
      vertex -5.5 9.52628 20.6
      vertex -4.86518 9.8656 20.6
    endloop
  endfacet
  facet normal -0.471399 0.88192 0
    outer loop
      vertex -5.5 9.52628 20.6
      vertex -4.86518 9.8656 6.6
      vertex -5.5 9.52628 6.6
    endloop
  endfacet
  facet normal -0.582472 0.812851 0
    outer loop
      vertex -6.11127 9.14616 6.6
      vertex -6.69637 8.72689 20.6
      vertex -6.11127 9.14616 20.6
    endloop
  endfacet
  facet normal -0.582472 0.812851 0
    outer loop
      vertex -6.69637 8.72689 20.6
      vertex -6.11127 9.14616 6.6
      vertex -6.69637 8.72689 6.6
    endloop
  endfacet
  facet normal -0.634393 0.773011 0
    outer loop
      vertex -6.69637 8.72689 6.6
      vertex -7.2528 8.27024 20.6
      vertex -6.69637 8.72689 20.6
    endloop
  endfacet
  facet normal -0.634393 0.773011 0
    outer loop
      vertex -7.2528 8.27024 20.6
      vertex -6.69637 8.72689 6.6
      vertex -7.2528 8.27024 6.6
    endloop
  endfacet
  facet normal -0.290347 0.956922 0
    outer loop
      vertex -2.84701 10.6252 6.6
      vertex -3.53583 10.4162 20.6
      vertex -2.84701 10.6252 20.6
    endloop
  endfacet
  facet normal -0.290347 0.956922 0
    outer loop
      vertex -3.53583 10.4162 20.6
      vertex -2.84701 10.6252 6.6
      vertex -3.53583 10.4162 6.6
    endloop
  endfacet
  facet normal -0.0327859 0.999462 0
    outer loop
      vertex 0 11 6.6
      vertex -0.719434 10.9764 20.6
      vertex 0 11 20.6
    endloop
  endfacet
  facet normal -0.0327859 0.999462 0
    outer loop
      vertex -0.719434 10.9764 20.6
      vertex 0 11 6.6
      vertex -0.719434 10.9764 6.6
    endloop
  endfacet
  facet normal 0.0327859 -0.999462 0
    outer loop
      vertex 0 -11 6.6
      vertex 0.719434 -10.9764 20.6
      vertex 0 -11 20.6
    endloop
  endfacet
  facet normal 0.0327859 -0.999462 0
    outer loop
      vertex 0.719434 -10.9764 20.6
      vertex 0 -11 6.6
      vertex 0.719434 -10.9764 6.6
    endloop
  endfacet
  facet normal 0.162957 -0.986633 0
    outer loop
      vertex 1.43579 -10.9059 6.6
      vertex 2.14599 -10.7886 20.6
      vertex 1.43579 -10.9059 20.6
    endloop
  endfacet
  facet normal 0.162957 -0.986633 0
    outer loop
      vertex 2.14599 -10.7886 20.6
      vertex 1.43579 -10.9059 6.6
      vertex 2.14599 -10.7886 6.6
    endloop
  endfacet
  facet normal 0.290347 -0.956922 0
    outer loop
      vertex 2.84701 -10.6252 6.6
      vertex 3.53583 -10.4162 20.6
      vertex 2.84701 -10.6252 20.6
    endloop
  endfacet
  facet normal 0.290347 -0.956922 0
    outer loop
      vertex 3.53583 -10.4162 20.6
      vertex 2.84701 -10.6252 6.6
      vertex 3.53583 -10.4162 6.6
    endloop
  endfacet
  facet normal 0.582472 -0.812851 0
    outer loop
      vertex 6.11127 -9.14616 6.6
      vertex 6.69637 -8.72689 20.6
      vertex 6.11127 -9.14616 20.6
    endloop
  endfacet
  facet normal 0.582472 -0.812851 0
    outer loop
      vertex 6.69637 -8.72689 20.6
      vertex 6.11127 -9.14616 6.6
      vertex 6.69637 -8.72689 6.6
    endloop
  endfacet
  facet normal 0.683598 -0.729859 0
    outer loop
      vertex 7.2528 -8.27024 6.6
      vertex 7.77817 -7.77817 20.6
      vertex 7.2528 -8.27024 20.6
    endloop
  endfacet
  facet normal 0.683598 -0.729859 0
    outer loop
      vertex 7.77817 -7.77817 20.6
      vertex 7.2528 -8.27024 6.6
      vertex 7.77817 -7.77817 6.6
    endloop
  endfacet
  facet normal 0.471399 -0.88192 0
    outer loop
      vertex 4.86518 -9.8656 6.6
      vertex 5.5 -9.52628 20.6
      vertex 4.86518 -9.8656 20.6
    endloop
  endfacet
  facet normal 0.471399 -0.88192 0
    outer loop
      vertex 5.5 -9.52628 20.6
      vertex 4.86518 -9.8656 6.6
      vertex 5.5 -9.52628 6.6
    endloop
  endfacet
  facet normal 0.729859 -0.683598 0
    outer loop
      vertex 7.77817 -7.77817 20.6
      vertex 8.27024 -7.2528 6.6
      vertex 8.27024 -7.2528 20.6
    endloop
  endfacet
  facet normal 0.729859 -0.683598 0
    outer loop
      vertex 8.27024 -7.2528 6.6
      vertex 7.77817 -7.77817 20.6
      vertex 7.77817 -7.77817 6.6
    endloop
  endfacet
  facet normal 0.812851 -0.582472 0
    outer loop
      vertex 8.72689 -6.69637 20.6
      vertex 9.14616 -6.11127 6.6
      vertex 9.14616 -6.11127 20.6
    endloop
  endfacet
  facet normal 0.812851 -0.582472 0
    outer loop
      vertex 9.14616 -6.11127 6.6
      vertex 8.72689 -6.69637 20.6
      vertex 8.72689 -6.69637 6.6
    endloop
  endfacet
  facet normal 0.910851 -0.412735 0
    outer loop
      vertex 9.8656 -4.86518 20.6
      vertex 10.1627 -4.20952 6.6
      vertex 10.1627 -4.20952 20.6
    endloop
  endfacet
  facet normal 0.910851 -0.412735 0
    outer loop
      vertex 10.1627 -4.20952 6.6
      vertex 9.8656 -4.86518 20.6
      vertex 9.8656 -4.86518 6.6
    endloop
  endfacet
  facet normal 0.973894 -0.227004 0
    outer loop
      vertex 10.6252 -2.84701 20.6
      vertex 10.7886 -2.14599 6.6
      vertex 10.7886 -2.14599 20.6
    endloop
  endfacet
  facet normal 0.973894 -0.227004 0
    outer loop
      vertex 10.7886 -2.14599 6.6
      vertex 10.6252 -2.84701 20.6
      vertex 10.6252 -2.84701 6.6
    endloop
  endfacet
  facet normal -0.634393 -0.773011 0
    outer loop
      vertex -7.2528 -8.27024 6.6
      vertex -6.69637 -8.72689 20.6
      vertex -7.2528 -8.27024 20.6
    endloop
  endfacet
  facet normal -0.634393 -0.773011 -0
    outer loop
      vertex -6.69637 -8.72689 20.6
      vertex -7.2528 -8.27024 6.6
      vertex -6.69637 -8.72689 6.6
    endloop
  endfacet
  facet normal -0.412735 -0.910851 0
    outer loop
      vertex -4.86518 -9.8656 6.6
      vertex -4.20952 -10.1627 20.6
      vertex -4.86518 -9.8656 20.6
    endloop
  endfacet
  facet normal -0.412735 -0.910851 -0
    outer loop
      vertex -4.20952 -10.1627 20.6
      vertex -4.86518 -9.8656 6.6
      vertex -4.20952 -10.1627 6.6
    endloop
  endfacet
  facet normal -0.528076 -0.849197 0
    outer loop
      vertex -6.11127 -9.14616 6.6
      vertex -5.5 -9.52628 20.6
      vertex -6.11127 -9.14616 20.6
    endloop
  endfacet
  facet normal -0.528076 -0.849197 -0
    outer loop
      vertex -5.5 -9.52628 20.6
      vertex -6.11127 -9.14616 6.6
      vertex -5.5 -9.52628 6.6
    endloop
  endfacet
  facet normal -0.352178 -0.935933 0
    outer loop
      vertex -4.20952 -10.1627 6.6
      vertex -3.53583 -10.4162 20.6
      vertex -4.20952 -10.1627 20.6
    endloop
  endfacet
  facet normal -0.352178 -0.935933 -0
    outer loop
      vertex -3.53583 -10.4162 20.6
      vertex -4.20952 -10.1627 6.6
      vertex -3.53583 -10.4162 6.6
    endloop
  endfacet
  facet normal -0.227004 -0.973894 0
    outer loop
      vertex -2.84701 -10.6252 6.6
      vertex -2.14599 -10.7886 20.6
      vertex -2.84701 -10.6252 20.6
    endloop
  endfacet
  facet normal -0.227004 -0.973894 -0
    outer loop
      vertex -2.14599 -10.7886 20.6
      vertex -2.84701 -10.6252 6.6
      vertex -2.14599 -10.7886 6.6
    endloop
  endfacet
  facet normal -0.0979416 -0.995192 0
    outer loop
      vertex -1.43579 -10.9059 6.6
      vertex -0.719434 -10.9764 20.6
      vertex -1.43579 -10.9059 20.6
    endloop
  endfacet
  facet normal -0.0979416 -0.995192 -0
    outer loop
      vertex -0.719434 -10.9764 20.6
      vertex -1.43579 -10.9059 6.6
      vertex -0.719434 -10.9764 6.6
    endloop
  endfacet
  facet normal -0.729859 -0.683598 0
    outer loop
      vertex -7.77817 -7.77817 6.6
      vertex -8.27024 -7.2528 20.6
      vertex -8.27024 -7.2528 6.6
    endloop
  endfacet
  facet normal -0.729859 -0.683598 0
    outer loop
      vertex -8.27024 -7.2528 20.6
      vertex -7.77817 -7.77817 6.6
      vertex -7.77817 -7.77817 20.6
    endloop
  endfacet
  facet normal -0.812851 -0.582472 0
    outer loop
      vertex -8.72689 -6.69637 6.6
      vertex -9.14616 -6.11127 20.6
      vertex -9.14616 -6.11127 6.6
    endloop
  endfacet
  facet normal -0.812851 -0.582472 0
    outer loop
      vertex -9.14616 -6.11127 20.6
      vertex -8.72689 -6.69637 6.6
      vertex -8.72689 -6.69637 20.6
    endloop
  endfacet
  facet normal -0.773011 -0.634393 0
    outer loop
      vertex -8.27024 -7.2528 6.6
      vertex -8.72689 -6.69637 20.6
      vertex -8.72689 -6.69637 6.6
    endloop
  endfacet
  facet normal -0.773011 -0.634393 0
    outer loop
      vertex -8.72689 -6.69637 20.6
      vertex -8.27024 -7.2528 6.6
      vertex -8.27024 -7.2528 20.6
    endloop
  endfacet
  facet normal -0.956922 -0.290347 0
    outer loop
      vertex -10.4162 -3.53583 6.6
      vertex -10.6252 -2.84701 20.6
      vertex -10.6252 -2.84701 6.6
    endloop
  endfacet
  facet normal -0.956922 -0.290347 0
    outer loop
      vertex -10.6252 -2.84701 20.6
      vertex -10.4162 -3.53583 6.6
      vertex -10.4162 -3.53583 20.6
    endloop
  endfacet
  facet normal -0.986633 -0.162957 0
    outer loop
      vertex -10.7886 -2.14599 6.6
      vertex -10.9059 -1.43579 20.6
      vertex -10.9059 -1.43579 6.6
    endloop
  endfacet
  facet normal -0.986633 -0.162957 0
    outer loop
      vertex -10.9059 -1.43579 20.6
      vertex -10.7886 -2.14599 6.6
      vertex -10.7886 -2.14599 20.6
    endloop
  endfacet
  facet normal -0.999462 -0.0327859 0
    outer loop
      vertex -10.9764 -0.719434 6.6
      vertex -11 0 20.6
      vertex -11 0 6.6
    endloop
  endfacet
  facet normal -0.999462 -0.0327859 0
    outer loop
      vertex -11 0 20.6
      vertex -10.9764 -0.719434 6.6
      vertex -10.9764 -0.719434 20.6
    endloop
  endfacet
  facet normal 0.999462 -0.0327859 0
    outer loop
      vertex 10.9764 -0.719434 20.6
      vertex 11 0 6.6
      vertex 11 0 20.6
    endloop
  endfacet
  facet normal 0.999462 -0.0327859 0
    outer loop
      vertex 11 0 6.6
      vertex 10.9764 -0.719434 20.6
      vertex 10.9764 -0.719434 6.6
    endloop
  endfacet
  facet normal 0.0979416 -0.995192 0
    outer loop
      vertex 0.719434 -10.9764 6.6
      vertex 1.43579 -10.9059 20.6
      vertex 0.719434 -10.9764 20.6
    endloop
  endfacet
  facet normal 0.0979416 -0.995192 0
    outer loop
      vertex 1.43579 -10.9059 20.6
      vertex 0.719434 -10.9764 6.6
      vertex 1.43579 -10.9059 6.6
    endloop
  endfacet
  facet normal 0.352178 -0.935933 0
    outer loop
      vertex 3.53583 -10.4162 6.6
      vertex 4.20952 -10.1627 20.6
      vertex 3.53583 -10.4162 20.6
    endloop
  endfacet
  facet normal 0.352178 -0.935933 0
    outer loop
      vertex 4.20952 -10.1627 20.6
      vertex 3.53583 -10.4162 6.6
      vertex 4.20952 -10.1627 6.6
    endloop
  endfacet
  facet normal 0.634393 -0.773011 0
    outer loop
      vertex 6.69637 -8.72689 6.6
      vertex 7.2528 -8.27024 20.6
      vertex 6.69637 -8.72689 20.6
    endloop
  endfacet
  facet normal 0.634393 -0.773011 0
    outer loop
      vertex 7.2528 -8.27024 20.6
      vertex 6.69637 -8.72689 6.6
      vertex 7.2528 -8.27024 6.6
    endloop
  endfacet
  facet normal 0.773011 -0.634393 0
    outer loop
      vertex 8.27024 -7.2528 20.6
      vertex 8.72689 -6.69637 6.6
      vertex 8.72689 -6.69637 20.6
    endloop
  endfacet
  facet normal 0.773011 -0.634393 0
    outer loop
      vertex 8.72689 -6.69637 6.6
      vertex 8.27024 -7.2528 20.6
      vertex 8.27024 -7.2528 6.6
    endloop
  endfacet
  facet normal 0.935933 -0.352178 0
    outer loop
      vertex 10.1627 -4.20952 20.6
      vertex 10.4162 -3.53583 6.6
      vertex 10.4162 -3.53583 20.6
    endloop
  endfacet
  facet normal 0.935933 -0.352178 0
    outer loop
      vertex 10.4162 -3.53583 6.6
      vertex 10.1627 -4.20952 20.6
      vertex 10.1627 -4.20952 6.6
    endloop
  endfacet
  facet normal -0.582472 -0.812851 0
    outer loop
      vertex -6.69637 -8.72689 6.6
      vertex -6.11127 -9.14616 20.6
      vertex -6.69637 -8.72689 20.6
    endloop
  endfacet
  facet normal -0.582472 -0.812851 -0
    outer loop
      vertex -6.11127 -9.14616 20.6
      vertex -6.69637 -8.72689 6.6
      vertex -6.11127 -9.14616 6.6
    endloop
  endfacet
  facet normal -0.471399 -0.88192 0
    outer loop
      vertex -5.5 -9.52628 6.6
      vertex -4.86518 -9.8656 20.6
      vertex -5.5 -9.52628 20.6
    endloop
  endfacet
  facet normal -0.471399 -0.88192 -0
    outer loop
      vertex -4.86518 -9.8656 20.6
      vertex -5.5 -9.52628 6.6
      vertex -4.86518 -9.8656 6.6
    endloop
  endfacet
  facet normal -0.290347 -0.956922 0
    outer loop
      vertex -3.53583 -10.4162 6.6
      vertex -2.84701 -10.6252 20.6
      vertex -3.53583 -10.4162 20.6
    endloop
  endfacet
  facet normal -0.290347 -0.956922 -0
    outer loop
      vertex -2.84701 -10.6252 20.6
      vertex -3.53583 -10.4162 6.6
      vertex -2.84701 -10.6252 6.6
    endloop
  endfacet
  facet normal -0.849197 -0.528076 0
    outer loop
      vertex -9.14616 -6.11127 6.6
      vertex -9.52628 -5.5 20.6
      vertex -9.52628 -5.5 6.6
    endloop
  endfacet
  facet normal -0.849197 -0.528076 0
    outer loop
      vertex -9.52628 -5.5 20.6
      vertex -9.14616 -6.11127 6.6
      vertex -9.14616 -6.11127 20.6
    endloop
  endfacet
  facet normal -0.995192 -0.0979416 0
    outer loop
      vertex -10.9059 -1.43579 6.6
      vertex -10.9764 -0.719434 20.6
      vertex -10.9764 -0.719434 6.6
    endloop
  endfacet
  facet normal -0.995192 -0.0979416 0
    outer loop
      vertex -10.9764 -0.719434 20.6
      vertex -10.9059 -1.43579 6.6
      vertex -10.9059 -1.43579 20.6
    endloop
  endfacet
  facet normal 0 0 1
    outer loop
      vertex -0.878876 5.82512 15.3
      vertex 0.878876 5.82512 15.3
      vertex 0.853851 5.99551 15.3
    endloop
  endfacet
  facet normal 0 0 1
    outer loop
      vertex -0.853851 5.99551 15.3
      vertex 0.853851 5.99551 15.3
      vertex 0.813187 6.16592 15.3
    endloop
  endfacet
  facet normal 0 0 1
    outer loop
      vertex -0.878876 5.82512 15.3
      vertex 0.853851 5.99551 15.3
      vertex -0.853851 5.99551 15.3
    endloop
  endfacet
  facet normal 0 0 1
    outer loop
      vertex -0.813187 6.16592 15.3
      vertex 0.813187 6.16592 15.3
      vertex 0.759033 6.33661 15.3
    endloop
  endfacet
  facet normal 0 0 1
    outer loop
      vertex 2.96884 6.19261 15.3
      vertex 3.87854 5.6674 15.3
      vertex 3.87598 5.89072 15.3
    endloop
  endfacet
  facet normal 0 0 1
    outer loop
      vertex 3.87854 5.6674 15.3
      vertex 2.96884 6.19261 15.3
      vertex 3.87097 5.47585 15.3
    endloop
  endfacet
  facet normal -0 0 1
    outer loop
      vertex 2.80672 6.09027 15.3
      vertex 3.87097 5.47585 15.3
      vertex 2.96884 6.19261 15.3
    endloop
  endfacet
  facet normal -0 0 1
    outer loop
      vertex 2.6539 5.98175 15.3
      vertex 3.85339 5.28923 15.3
      vertex 2.80672 6.09027 15.3
    endloop
  endfacet
  facet normal 0 0 1
    outer loop
      vertex 3.85339 5.28923 15.3
      vertex 2.6539 5.98175 15.3
      vertex 3.82564 5.10814 15.3
    endloop
  endfacet
  facet normal -0 0 1
    outer loop
      vertex 2.51096 5.86717 15.3
      vertex 3.82564 5.10814 15.3
      vertex 2.6539 5.98175 15.3
    endloop
  endfacet
  facet normal -0 0 1
    outer loop
      vertex 2.37872 5.74643 15.3
      vertex 3.78719 4.93326 15.3
      vertex 2.51096 5.86717 15.3
    endloop
  endfacet
  facet normal 0 0 1
    outer loop
      vertex 3.78719 4.93326 15.3
      vertex 2.37872 5.74643 15.3
      vertex 3.7372 4.76532 15.3
    endloop
  endfacet
  facet normal -0 0 1
    outer loop
      vertex 2.96884 6.19261 15.3
      vertex 3.87598 5.89072 15.3
      vertex 3.16353 6.30205 15.3
    endloop
  endfacet
  facet normal 0 0 1
    outer loop
      vertex 3.87097 5.47585 15.3
      vertex 2.80672 6.09027 15.3
      vertex 3.85339 5.28923 15.3
    endloop
  endfacet
  facet normal 0 0 1
    outer loop
      vertex 3.27643 4.06009 15.3
      vertex 3.095 1.28199 15.3
      vertex 3.20575 0.972453 15.3
    endloop
  endfacet
  facet normal 0 0 1
    outer loop
      vertex 3.82564 5.10814 15.3
      vertex 2.51096 5.86717 15.3
      vertex 3.78719 4.93326 15.3
    endloop
  endfacet
  facet normal 0 0 1
    outer loop
      vertex 3.27643 4.06009 15.3
      vertex 2.95444 1.57918 15.3
      vertex 3.095 1.28199 15.3
    endloop
  endfacet
  facet normal -0 0 1
    outer loop
      vertex 2.25829 5.61917 15.3
      vertex 3.7372 4.76532 15.3
      vertex 2.37872 5.74643 15.3
    endloop
  endfacet
  facet normal 0 0 1
    outer loop
      vertex 3.27643 4.06009 15.3
      vertex 2.78542 1.86116 15.3
      vertex 2.95444 1.57918 15.3
    endloop
  endfacet
  facet normal 0 0 1
    outer loop
      vertex 3.7372 4.76532 15.3
      vertex 2.25829 5.61917 15.3
      vertex 3.67368 4.60527 15.3
    endloop
  endfacet
  facet normal 0 0 1
    outer loop
      vertex 3.27643 4.06009 15.3
      vertex 2.58958 2.12522 15.3
      vertex 2.78542 1.86116 15.3
    endloop
  endfacet
  facet normal -0 0 1
    outer loop
      vertex 2.15143 5.48413 15.3
      vertex 3.67368 4.60527 15.3
      vertex 2.25829 5.61917 15.3
    endloop
  endfacet
  facet normal 0 0 1
    outer loop
      vertex 3.67368 4.60527 15.3
      vertex 2.15143 5.48413 15.3
      vertex 3.59093 4.45755 15.3
    endloop
  endfacet
  facet normal 0 0 1
    outer loop
      vertex 3.27643 4.06009 15.3
      vertex 2.36881 2.36881 15.3
      vertex 2.58958 2.12522 15.3
    endloop
  endfacet
  facet normal -0 0 1
    outer loop
      vertex 2.06488 5.33862 15.3
      vertex 3.59093 4.45755 15.3
      vertex 2.15143 5.48413 15.3
    endloop
  endfacet
  facet normal 0 0 1
    outer loop
      vertex 3.59093 4.45755 15.3
      vertex 2.06488 5.33862 15.3
      vertex 3.27643 4.06009 15.3
    endloop
  endfacet
  facet normal 0 0 1
    outer loop
      vertex 1.57918 2.95444 15.3
      vertex 3.27643 4.06009 15.3
      vertex 1.87791 4.86749 15.3
    endloop
  endfacet
  facet normal 0 0 1
    outer loop
      vertex 3.27643 4.06009 15.3
      vertex 2.06488 5.33862 15.3
      vertex 1.87791 4.86749 15.3
    endloop
  endfacet
  facet normal 0 0 1
    outer loop
      vertex 3.27643 4.06009 15.3
      vertex 2.12522 2.58958 15.3
      vertex 2.36881 2.36881 15.3
    endloop
  endfacet
  facet normal 0 0 1
    outer loop
      vertex 3.27643 4.06009 15.3
      vertex 1.86116 2.78542 15.3
      vertex 2.12522 2.58958 15.3
    endloop
  endfacet
  facet normal 0 0 1
    outer loop
      vertex 3.27643 4.06009 15.3
      vertex 1.57918 2.95444 15.3
      vertex 1.86116 2.78542 15.3
    endloop
  endfacet
  facet normal 0 0 1
    outer loop
      vertex 0.972453 3.20575 15.3
      vertex 1.87791 4.86749 15.3
      vertex 1.35207 5.04601 15.3
    endloop
  endfacet
  facet normal 0 0 1
    outer loop
      vertex 1.87791 4.86749 15.3
      vertex 1.28199 3.095 15.3
      vertex 1.57918 2.95444 15.3
    endloop
  endfacet
  facet normal 0 0 1
    outer loop
      vertex 1.87791 4.86749 15.3
      vertex 0.972453 3.20575 15.3
      vertex 1.28199 3.095 15.3
    endloop
  endfacet
  facet normal 0 0 1
    outer loop
      vertex 0.653552 3.28563 15.3
      vertex 1.35207 5.04601 15.3
      vertex 0.807434 5.15434 15.3
    endloop
  endfacet
  facet normal 0 0 1
    outer loop
      vertex -0.759033 6.33661 15.3
      vertex 0.759033 6.33661 15.3
      vertex 0.692535 6.50731 15.3
    endloop
  endfacet
  facet normal 0 0 1
    outer loop
      vertex 0.881073 5.65584 15.3
      vertex -0.878876 5.82512 15.3
      vertex -0.881073 5.65584 15.3
    endloop
  endfacet
  facet normal 0 0 1
    outer loop
      vertex 1.35207 5.04601 15.3
      vertex 0.653552 3.28563 15.3
      vertex 0.972453 3.20575 15.3
    endloop
  endfacet
  facet normal 0 0 1
    outer loop
      vertex -0.692535 6.50731 15.3
      vertex 0.692535 6.50731 15.3
      vertex 0.614441 6.6777 15.3
    endloop
  endfacet
  facet normal 0 0 1
    outer loop
      vertex -0.614441 6.6777 15.3
      vertex 0.614441 6.6777 15.3
      vertex 0.525208 6.8474 15.3
    endloop
  endfacet
  facet normal 0 0 1
    outer loop
      vertex -0.525208 6.8474 15.3
      vertex 0.525208 6.8474 15.3
      vertex 0.411331 7.03952 15.3
    endloop
  endfacet
  facet normal 0 -0 1
    outer loop
      vertex 0 3.35 15.3
      vertex 0.807434 5.15434 15.3
      vertex -0.807434 5.15434 15.3
    endloop
  endfacet
  facet normal 0 0 1
    outer loop
      vertex 0.807434 5.15434 15.3
      vertex 0.328357 3.33387 15.3
      vertex 0.653552 3.28563 15.3
    endloop
  endfacet
  facet normal 0 0 1
    outer loop
      vertex 0.807434 5.15434 15.3
      vertex 0 3.35 15.3
      vertex 0.328357 3.33387 15.3
    endloop
  endfacet
  facet normal 0 0 1
    outer loop
      vertex -0.525208 6.8474 15.3
      vertex 0.411331 7.03952 15.3
      vertex -0.411331 7.03952 15.3
    endloop
  endfacet
  facet normal 0 0 1
    outer loop
      vertex 0.525208 6.8474 15.3
      vertex -0.525208 6.8474 15.3
      vertex -0.614441 6.6777 15.3
    endloop
  endfacet
  facet normal 0 0 1
    outer loop
      vertex 0.614441 6.6777 15.3
      vertex -0.614441 6.6777 15.3
      vertex -0.692535 6.50731 15.3
    endloop
  endfacet
  facet normal 0 0 1
    outer loop
      vertex 0 3.35 15.3
      vertex -0.807434 5.15434 15.3
      vertex -0.328357 3.33387 15.3
    endloop
  endfacet
  facet normal 0 0 1
    outer loop
      vertex 0.692535 6.50731 15.3
      vertex -0.692535 6.50731 15.3
      vertex -0.759033 6.33661 15.3
    endloop
  endfacet
  facet normal 0 0 1
    outer loop
      vertex 0.759033 6.33661 15.3
      vertex -0.759033 6.33661 15.3
      vertex -0.813187 6.16592 15.3
    endloop
  endfacet
  facet normal 0 0 1
    outer loop
      vertex -0.328357 3.33387 15.3
      vertex -0.807434 5.15434 15.3
      vertex -0.653552 3.28563 15.3
    endloop
  endfacet
  facet normal -0 0 1
    outer loop
      vertex -1.35207 5.04601 15.3
      vertex -0.653552 3.28563 15.3
      vertex -0.807434 5.15434 15.3
    endloop
  endfacet
  facet normal 0 0 1
    outer loop
      vertex -0.653552 3.28563 15.3
      vertex -1.35207 5.04601 15.3
      vertex -0.972453 3.20575 15.3
    endloop
  endfacet
  facet normal -0 0 1
    outer loop
      vertex -1.87791 4.86749 15.3
      vertex -0.972453 3.20575 15.3
      vertex -1.35207 5.04601 15.3
    endloop
  endfacet
  facet normal 0 0 1
    outer loop
      vertex -0.972453 3.20575 15.3
      vertex -1.87791 4.86749 15.3
      vertex -1.28199 3.095 15.3
    endloop
  endfacet
  facet normal 0 0 1
    outer loop
      vertex -1.28199 3.095 15.3
      vertex -1.87791 4.86749 15.3
      vertex -1.57918 2.95444 15.3
    endloop
  endfacet
  facet normal -0 0 1
    outer loop
      vertex -3.27643 4.06009 15.3
      vertex -1.57918 2.95444 15.3
      vertex -1.87791 4.86749 15.3
    endloop
  endfacet
  facet normal 0 0 1
    outer loop
      vertex -3.27643 4.06009 15.3
      vertex -1.87791 4.86749 15.3
      vertex -2.06488 5.33862 15.3
    endloop
  endfacet
  facet normal 0 0 1
    outer loop
      vertex -1.57918 2.95444 15.3
      vertex -3.27643 4.06009 15.3
      vertex -1.86116 2.78542 15.3
    endloop
  endfacet
  facet normal 0 0 1
    outer loop
      vertex -3.59093 4.45755 15.3
      vertex -2.06488 5.33862 15.3
      vertex -2.15143 5.48413 15.3
    endloop
  endfacet
  facet normal 0 0 1
    outer loop
      vertex -3.67368 4.60527 15.3
      vertex -2.15143 5.48413 15.3
      vertex -2.25829 5.61917 15.3
    endloop
  endfacet
  facet normal 0 0 1
    outer loop
      vertex -1.86116 2.78542 15.3
      vertex -3.27643 4.06009 15.3
      vertex -2.12522 2.58958 15.3
    endloop
  endfacet
  facet normal 0 0 1
    outer loop
      vertex -3.7372 4.76532 15.3
      vertex -2.25829 5.61917 15.3
      vertex -2.37872 5.74643 15.3
    endloop
  endfacet
  facet normal 0 0 1
    outer loop
      vertex -3.78719 4.93326 15.3
      vertex -2.37872 5.74643 15.3
      vertex -2.51096 5.86717 15.3
    endloop
  endfacet
  facet normal 0 0 1
    outer loop
      vertex -2.12522 2.58958 15.3
      vertex -3.27643 4.06009 15.3
      vertex -2.36881 2.36881 15.3
    endloop
  endfacet
  facet normal 0 0 1
    outer loop
      vertex -3.82564 5.10814 15.3
      vertex -2.51096 5.86717 15.3
      vertex -2.6539 5.98175 15.3
    endloop
  endfacet
  facet normal -0 0 1
    outer loop
      vertex -3.69394 3.69394 15.3
      vertex -2.36881 2.36881 15.3
      vertex -3.27643 4.06009 15.3
    endloop
  endfacet
  facet normal 0 0 1
    outer loop
      vertex -3.85339 5.28923 15.3
      vertex -2.6539 5.98175 15.3
      vertex -2.80672 6.09027 15.3
    endloop
  endfacet
  facet normal 0 0 1
    outer loop
      vertex -2.36881 2.36881 15.3
      vertex -3.69394 3.69394 15.3
      vertex -2.58958 2.12522 15.3
    endloop
  endfacet
  facet normal 0 0 1
    outer loop
      vertex -3.87097 5.47585 15.3
      vertex -2.80672 6.09027 15.3
      vertex -2.96884 6.19261 15.3
    endloop
  endfacet
  facet normal -0 0 1
    outer loop
      vertex -4.06009 3.27643 15.3
      vertex -2.58958 2.12522 15.3
      vertex -3.69394 3.69394 15.3
    endloop
  endfacet
  facet normal 0 0 1
    outer loop
      vertex -3.87854 5.6674 15.3
      vertex -2.96884 6.19261 15.3
      vertex -3.16353 6.30205 15.3
    endloop
  endfacet
  facet normal 0 0 1
    outer loop
      vertex -2.58958 2.12522 15.3
      vertex -4.06009 3.27643 15.3
      vertex -2.78542 1.86116 15.3
    endloop
  endfacet
  facet normal 0 0 1
    outer loop
      vertex -2.78542 1.86116 15.3
      vertex -4.06009 3.27643 15.3
      vertex -2.95444 1.57918 15.3
    endloop
  endfacet
  facet normal 0 0 1
    outer loop
      vertex -2.06488 5.33862 15.3
      vertex -3.59093 4.45755 15.3
      vertex -3.27643 4.06009 15.3
    endloop
  endfacet
  facet normal 0 0 1
    outer loop
      vertex -2.15143 5.48413 15.3
      vertex -3.67368 4.60527 15.3
      vertex -3.59093 4.45755 15.3
    endloop
  endfacet
  facet normal 0 0 1
    outer loop
      vertex -2.25829 5.61917 15.3
      vertex -3.7372 4.76532 15.3
      vertex -3.67368 4.60527 15.3
    endloop
  endfacet
  facet normal 0 0 1
    outer loop
      vertex -2.37872 5.74643 15.3
      vertex -3.78719 4.93326 15.3
      vertex -3.7372 4.76532 15.3
    endloop
  endfacet
  facet normal 0 0 1
    outer loop
      vertex -2.51096 5.86717 15.3
      vertex -3.82564 5.10814 15.3
      vertex -3.78719 4.93326 15.3
    endloop
  endfacet
  facet normal 0 0 1
    outer loop
      vertex -2.6539 5.98175 15.3
      vertex -3.85339 5.28923 15.3
      vertex -3.82564 5.10814 15.3
    endloop
  endfacet
  facet normal 0 0 1
    outer loop
      vertex -2.80672 6.09027 15.3
      vertex -3.87097 5.47585 15.3
      vertex -3.85339 5.28923 15.3
    endloop
  endfacet
  facet normal 0 0 1
    outer loop
      vertex -3.87854 5.6674 15.3
      vertex -3.16353 6.30205 15.3
      vertex -3.87598 5.89072 15.3
    endloop
  endfacet
  facet normal 0 0 1
    outer loop
      vertex -2.96884 6.19261 15.3
      vertex -3.87854 5.6674 15.3
      vertex -3.87097 5.47585 15.3
    endloop
  endfacet
  facet normal -0 0 1
    outer loop
      vertex 3.20575 -0.972453 15.3
      vertex 4.86749 -1.87791 15.3
      vertex 3.28563 -0.653552 15.3
    endloop
  endfacet
  facet normal -0 0 1
    outer loop
      vertex 3.095 -1.28199 15.3
      vertex 4.86749 -1.87791 15.3
      vertex 3.20575 -0.972453 15.3
    endloop
  endfacet
  facet normal -0 0 1
    outer loop
      vertex 2.95444 -1.57918 15.3
      vertex 4.86749 -1.87791 15.3
      vertex 3.095 -1.28199 15.3
    endloop
  endfacet
  facet normal 0 0 1
    outer loop
      vertex 4.86749 -1.87791 15.3
      vertex 2.95444 -1.57918 15.3
      vertex 4.06009 -3.27643 15.3
    endloop
  endfacet
  facet normal 0 0 1
    outer loop
      vertex 5.6674 3.87854 15.3
      vertex 6.19261 2.96884 15.3
      vertex 6.30205 3.16353 15.3
    endloop
  endfacet
  facet normal 0 0 1
    outer loop
      vertex 6.19261 2.96884 15.3
      vertex 5.6674 3.87854 15.3
      vertex 6.09027 2.80672 15.3
    endloop
  endfacet
  facet normal 0 0 1
    outer loop
      vertex 5.6674 3.87854 15.3
      vertex 6.30205 3.16353 15.3
      vertex 5.89072 3.87598 15.3
    endloop
  endfacet
  facet normal -0 0 1
    outer loop
      vertex 5.47585 3.87097 15.3
      vertex 6.09027 2.80672 15.3
      vertex 5.6674 3.87854 15.3
    endloop
  endfacet
  facet normal 0 0 1
    outer loop
      vertex 6.09027 2.80672 15.3
      vertex 5.47585 3.87097 15.3
      vertex 5.98175 2.6539 15.3
    endloop
  endfacet
  facet normal -0 0 1
    outer loop
      vertex 5.28923 3.85339 15.3
      vertex 5.98175 2.6539 15.3
      vertex 5.47585 3.87097 15.3
    endloop
  endfacet
  facet normal 0 0 1
    outer loop
      vertex 5.98175 2.6539 15.3
      vertex 5.28923 3.85339 15.3
      vertex 5.86717 2.51096 15.3
    endloop
  endfacet
  facet normal -0 0 1
    outer loop
      vertex 5.10814 3.82564 15.3
      vertex 5.86717 2.51096 15.3
      vertex 5.28923 3.85339 15.3
    endloop
  endfacet
  facet normal 0 0 1
    outer loop
      vertex 5.86717 2.51096 15.3
      vertex 5.10814 3.82564 15.3
      vertex 5.74643 2.37872 15.3
    endloop
  endfacet
  facet normal -0 0 1
    outer loop
      vertex 4.93326 3.78719 15.3
      vertex 5.74643 2.37872 15.3
      vertex 5.10814 3.82564 15.3
    endloop
  endfacet
  facet normal 0 0 1
    outer loop
      vertex 5.74643 2.37872 15.3
      vertex 4.93326 3.78719 15.3
      vertex 5.61917 2.25829 15.3
    endloop
  endfacet
  facet normal -0 0 1
    outer loop
      vertex 4.76532 3.7372 15.3
      vertex 5.61917 2.25829 15.3
      vertex 4.93326 3.78719 15.3
    endloop
  endfacet
  facet normal 0 0 1
    outer loop
      vertex 5.61917 2.25829 15.3
      vertex 4.76532 3.7372 15.3
      vertex 5.48413 2.15143 15.3
    endloop
  endfacet
  facet normal -0 0 1
    outer loop
      vertex 4.60527 3.67368 15.3
      vertex 5.48413 2.15143 15.3
      vertex 4.76532 3.7372 15.3
    endloop
  endfacet
  facet normal -0 0 1
    outer loop
      vertex 4.45755 3.59093 15.3
      vertex 5.33862 2.06488 15.3
      vertex 4.60527 3.67368 15.3
    endloop
  endfacet
  facet normal 0 0 1
    outer loop
      vertex 5.48413 2.15143 15.3
      vertex 4.60527 3.67368 15.3
      vertex 5.33862 2.06488 15.3
    endloop
  endfacet
  facet normal 0 0 1
    outer loop
      vertex 6.8474 0.525208 15.3
      vertex 7.03952 -0.411331 15.3
      vertex 7.03952 0.411331 15.3
    endloop
  endfacet
  facet normal 0 0 1
    outer loop
      vertex 6.8474 0.525208 15.3
      vertex 6.8474 -0.525208 15.3
      vertex 7.03952 -0.411331 15.3
    endloop
  endfacet
  facet normal 0 0 1
    outer loop
      vertex 6.6777 0.614441 15.3
      vertex 6.8474 -0.525208 15.3
      vertex 6.8474 0.525208 15.3
    endloop
  endfacet
  facet normal 0 0 1
    outer loop
      vertex 6.6777 0.614441 15.3
      vertex 6.6777 -0.614441 15.3
      vertex 6.8474 -0.525208 15.3
    endloop
  endfacet
  facet normal 0 0 1
    outer loop
      vertex 6.50731 0.692535 15.3
      vertex 6.6777 -0.614441 15.3
      vertex 6.6777 0.614441 15.3
    endloop
  endfacet
  facet normal 0 0 1
    outer loop
      vertex 6.50731 0.692535 15.3
      vertex 6.50731 -0.692535 15.3
      vertex 6.6777 -0.614441 15.3
    endloop
  endfacet
  facet normal 0 0 1
    outer loop
      vertex 6.33661 0.759033 15.3
      vertex 6.50731 -0.692535 15.3
      vertex 6.50731 0.692535 15.3
    endloop
  endfacet
  facet normal 0 0 1
    outer loop
      vertex 6.33661 0.759033 15.3
      vertex 6.33661 -0.759033 15.3
      vertex 6.50731 -0.692535 15.3
    endloop
  endfacet
  facet normal 0 0 1
    outer loop
      vertex 6.16592 0.813187 15.3
      vertex 6.33661 -0.759033 15.3
      vertex 6.33661 0.759033 15.3
    endloop
  endfacet
  facet normal 0 0 1
    outer loop
      vertex 6.16592 0.813187 15.3
      vertex 6.16592 -0.813187 15.3
      vertex 6.33661 -0.759033 15.3
    endloop
  endfacet
  facet normal 0 0 1
    outer loop
      vertex 5.99551 0.853851 15.3
      vertex 6.16592 -0.813187 15.3
      vertex 6.16592 0.813187 15.3
    endloop
  endfacet
  facet normal 0 0 1
    outer loop
      vertex 5.99551 0.853851 15.3
      vertex 5.99551 -0.853851 15.3
      vertex 6.16592 -0.813187 15.3
    endloop
  endfacet
  facet normal 0 0 1
    outer loop
      vertex 5.82512 0.878876 15.3
      vertex 5.99551 -0.853851 15.3
      vertex 5.99551 0.853851 15.3
    endloop
  endfacet
  facet normal 0 0 1
    outer loop
      vertex 5.82512 0.878876 15.3
      vertex 5.82512 -0.878876 15.3
      vertex 5.99551 -0.853851 15.3
    endloop
  endfacet
  facet normal 0 0 1
    outer loop
      vertex 5.65584 0.881073 15.3
      vertex 5.82512 -0.878876 15.3
      vertex 5.82512 0.878876 15.3
    endloop
  endfacet
  facet normal 0 0 1
    outer loop
      vertex 5.65584 0.881073 15.3
      vertex 5.65584 -0.881073 15.3
      vertex 5.82512 -0.878876 15.3
    endloop
  endfacet
  facet normal -0 0 1
    outer loop
      vertex 5.15434 0.807434 15.3
      vertex 5.65584 -0.881073 15.3
      vertex 5.65584 0.881073 15.3
    endloop
  endfacet
  facet normal 0 0 1
    outer loop
      vertex 5.15434 0.807434 15.3
      vertex 5.15434 -0.807434 15.3
      vertex 5.65584 -0.881073 15.3
    endloop
  endfacet
  facet normal 0 0 1
    outer loop
      vertex 4.86749 1.87791 15.3
      vertex 5.15434 0.807434 15.3
      vertex 5.04601 1.35207 15.3
    endloop
  endfacet
  facet normal 0 0 1
    outer loop
      vertex 5.15434 0.807434 15.3
      vertex 4.86749 1.87791 15.3
      vertex 5.15434 -0.807434 15.3
    endloop
  endfacet
  facet normal 0 0 1
    outer loop
      vertex 4.86749 -1.87791 15.3
      vertex 5.15434 -0.807434 15.3
      vertex 4.86749 1.87791 15.3
    endloop
  endfacet
  facet normal 0 0 1
    outer loop
      vertex 5.15434 -0.807434 15.3
      vertex 4.86749 -1.87791 15.3
      vertex 5.04601 -1.35207 15.3
    endloop
  endfacet
  facet normal 0 0 1
    outer loop
      vertex 5.6674 -3.87854 15.3
      vertex 6.19261 -2.96884 15.3
      vertex 6.09027 -2.80672 15.3
    endloop
  endfacet
  facet normal 0 0 1
    outer loop
      vertex 5.47585 -3.87097 15.3
      vertex 6.09027 -2.80672 15.3
      vertex 5.98175 -2.6539 15.3
    endloop
  endfacet
  facet normal 0 0 1
    outer loop
      vertex 6.19261 -2.96884 15.3
      vertex 5.6674 -3.87854 15.3
      vertex 6.30205 -3.16353 15.3
    endloop
  endfacet
  facet normal 0 0 1
    outer loop
      vertex 5.28923 -3.85339 15.3
      vertex 5.98175 -2.6539 15.3
      vertex 5.86717 -2.51096 15.3
    endloop
  endfacet
  facet normal 0 0 1
    outer loop
      vertex 5.10814 -3.82564 15.3
      vertex 5.86717 -2.51096 15.3
      vertex 5.74643 -2.37872 15.3
    endloop
  endfacet
  facet normal 0 0 1
    outer loop
      vertex 6.30205 -3.16353 15.3
      vertex 5.6674 -3.87854 15.3
      vertex 5.89072 -3.87598 15.3
    endloop
  endfacet
  facet normal 0 0 1
    outer loop
      vertex 4.93326 -3.78719 15.3
      vertex 5.74643 -2.37872 15.3
      vertex 5.61917 -2.25829 15.3
    endloop
  endfacet
  facet normal 0 0 1
    outer loop
      vertex 4.76532 -3.7372 15.3
      vertex 5.61917 -2.25829 15.3
      vertex 5.48413 -2.15143 15.3
    endloop
  endfacet
  facet normal 0 0 1
    outer loop
      vertex 6.09027 -2.80672 15.3
      vertex 5.47585 -3.87097 15.3
      vertex 5.6674 -3.87854 15.3
    endloop
  endfacet
  facet normal 0 0 1
    outer loop
      vertex 4.60527 -3.67368 15.3
      vertex 5.48413 -2.15143 15.3
      vertex 5.33862 -2.06488 15.3
    endloop
  endfacet
  facet normal 0 0 1
    outer loop
      vertex 5.98175 -2.6539 15.3
      vertex 5.28923 -3.85339 15.3
      vertex 5.47585 -3.87097 15.3
    endloop
  endfacet
  facet normal 0 0 1
    outer loop
      vertex 5.86717 -2.51096 15.3
      vertex 5.10814 -3.82564 15.3
      vertex 5.28923 -3.85339 15.3
    endloop
  endfacet
  facet normal 0 0 1
    outer loop
      vertex 5.74643 -2.37872 15.3
      vertex 4.93326 -3.78719 15.3
      vertex 5.10814 -3.82564 15.3
    endloop
  endfacet
  facet normal 0 0 1
    outer loop
      vertex 4.45755 -3.59093 15.3
      vertex 5.33862 -2.06488 15.3
      vertex 4.86749 -1.87791 15.3
    endloop
  endfacet
  facet normal 0 0 1
    outer loop
      vertex 5.61917 -2.25829 15.3
      vertex 4.76532 -3.7372 15.3
      vertex 4.93326 -3.78719 15.3
    endloop
  endfacet
  facet normal 0 -0 1
    outer loop
      vertex 3.35 0 15.3
      vertex 4.86749 1.87791 15.3
      vertex 3.33387 0.328357 15.3
    endloop
  endfacet
  facet normal 0 0 1
    outer loop
      vertex 5.33862 2.06488 15.3
      vertex 4.45755 3.59093 15.3
      vertex 4.86749 1.87791 15.3
    endloop
  endfacet
  facet normal -0 0 1
    outer loop
      vertex 3.33387 -0.328357 15.3
      vertex 4.86749 -1.87791 15.3
      vertex 3.35 0 15.3
    endloop
  endfacet
  facet normal 0 0 1
    outer loop
      vertex 4.86749 1.87791 15.3
      vertex 4.45755 3.59093 15.3
      vertex 4.06009 3.27643 15.3
    endloop
  endfacet
  facet normal 0 -0 1
    outer loop
      vertex 4.45755 -3.59093 15.3
      vertex 4.86749 -1.87791 15.3
      vertex 4.06009 -3.27643 15.3
    endloop
  endfacet
  facet normal 0 0 1
    outer loop
      vertex 3.20575 0.972453 15.3
      vertex 4.86749 1.87791 15.3
      vertex 4.06009 3.27643 15.3
    endloop
  endfacet
  facet normal 0 0 1
    outer loop
      vertex 5.33862 -2.06488 15.3
      vertex 4.45755 -3.59093 15.3
      vertex 4.60527 -3.67368 15.3
    endloop
  endfacet
  facet normal 0 0 1
    outer loop
      vertex 3.20575 0.972453 15.3
      vertex 4.06009 3.27643 15.3
      vertex 3.69394 3.69394 15.3
    endloop
  endfacet
  facet normal 0 0 1
    outer loop
      vertex 5.48413 -2.15143 15.3
      vertex 4.60527 -3.67368 15.3
      vertex 4.76532 -3.7372 15.3
    endloop
  endfacet
  facet normal -0 0 1
    outer loop
      vertex 3.28563 -0.653552 15.3
      vertex 4.86749 -1.87791 15.3
      vertex 3.33387 -0.328357 15.3
    endloop
  endfacet
  facet normal 0 0 1
    outer loop
      vertex 4.86749 1.87791 15.3
      vertex 3.35 0 15.3
      vertex 4.86749 -1.87791 15.3
    endloop
  endfacet
  facet normal 0 0 1
    outer loop
      vertex 4.86749 1.87791 15.3
      vertex 3.28563 0.653552 15.3
      vertex 3.33387 0.328357 15.3
    endloop
  endfacet
  facet normal 0 0 1
    outer loop
      vertex 3.20575 0.972453 15.3
      vertex 3.69394 3.69394 15.3
      vertex 3.27643 4.06009 15.3
    endloop
  endfacet
  facet normal 0 0 1
    outer loop
      vertex 4.86749 1.87791 15.3
      vertex 3.20575 0.972453 15.3
      vertex 3.28563 0.653552 15.3
    endloop
  endfacet
  facet normal 0 0 1
    outer loop
      vertex 2.96884 -6.19261 15.3
      vertex 3.87854 -5.6674 15.3
      vertex 3.87097 -5.47585 15.3
    endloop
  endfacet
  facet normal 0 0 1
    outer loop
      vertex 2.80672 -6.09027 15.3
      vertex 3.87097 -5.47585 15.3
      vertex 3.85339 -5.28923 15.3
    endloop
  endfacet
  facet normal 0 0 1
    outer loop
      vertex 2.6539 -5.98175 15.3
      vertex 3.85339 -5.28923 15.3
      vertex 3.82564 -5.10814 15.3
    endloop
  endfacet
  facet normal 0 0 1
    outer loop
      vertex 2.51096 -5.86717 15.3
      vertex 3.82564 -5.10814 15.3
      vertex 3.78719 -4.93326 15.3
    endloop
  endfacet
  facet normal 0 0 1
    outer loop
      vertex 2.37872 -5.74643 15.3
      vertex 3.78719 -4.93326 15.3
      vertex 3.7372 -4.76532 15.3
    endloop
  endfacet
  facet normal 0 0 1
    outer loop
      vertex 2.25829 -5.61917 15.3
      vertex 3.7372 -4.76532 15.3
      vertex 3.67368 -4.60527 15.3
    endloop
  endfacet
  facet normal 0 0 1
    outer loop
      vertex 2.15143 -5.48413 15.3
      vertex 3.67368 -4.60527 15.3
      vertex 3.59093 -4.45755 15.3
    endloop
  endfacet
  facet normal 0 0 1
    outer loop
      vertex 2.06488 -5.33862 15.3
      vertex 3.59093 -4.45755 15.3
      vertex 3.27643 -4.06009 15.3
    endloop
  endfacet
  facet normal 0 0 1
    outer loop
      vertex 3.82564 -5.10814 15.3
      vertex 2.51096 -5.86717 15.3
      vertex 2.6539 -5.98175 15.3
    endloop
  endfacet
  facet normal -0 0 1
    outer loop
      vertex 2.78542 -1.86116 15.3
      vertex 4.06009 -3.27643 15.3
      vertex 2.95444 -1.57918 15.3
    endloop
  endfacet
  facet normal -0 0 1
    outer loop
      vertex 2.58958 -2.12522 15.3
      vertex 4.06009 -3.27643 15.3
      vertex 2.78542 -1.86116 15.3
    endloop
  endfacet
  facet normal 0 0 1
    outer loop
      vertex 4.06009 -3.27643 15.3
      vertex 2.58958 -2.12522 15.3
      vertex 3.69394 -3.69394 15.3
    endloop
  endfacet
  facet normal -0 0 1
    outer loop
      vertex 2.36881 -2.36881 15.3
      vertex 3.69394 -3.69394 15.3
      vertex 2.58958 -2.12522 15.3
    endloop
  endfacet
  facet normal 0 0 1
    outer loop
      vertex 3.69394 -3.69394 15.3
      vertex 2.36881 -2.36881 15.3
      vertex 3.27643 -4.06009 15.3
    endloop
  endfacet
  facet normal -0 0 1
    outer loop
      vertex 2.12522 -2.58958 15.3
      vertex 3.27643 -4.06009 15.3
      vertex 2.36881 -2.36881 15.3
    endloop
  endfacet
  facet normal 0 0 1
    outer loop
      vertex 3.87598 -5.89072 15.3
      vertex 2.96884 -6.19261 15.3
      vertex 3.16353 -6.30205 15.3
    endloop
  endfacet
  facet normal 0 0 1
    outer loop
      vertex 3.87854 -5.6674 15.3
      vertex 2.96884 -6.19261 15.3
      vertex 3.87598 -5.89072 15.3
    endloop
  endfacet
  facet normal 0 -0 1
    outer loop
      vertex 2.06488 -5.33862 15.3
      vertex 3.27643 -4.06009 15.3
      vertex 1.87791 -4.86749 15.3
    endloop
  endfacet
  facet normal 0 0 1
    outer loop
      vertex 3.87097 -5.47585 15.3
      vertex 2.80672 -6.09027 15.3
      vertex 2.96884 -6.19261 15.3
    endloop
  endfacet
  facet normal 0 0 1
    outer loop
      vertex 3.85339 -5.28923 15.3
      vertex 2.6539 -5.98175 15.3
      vertex 2.80672 -6.09027 15.3
    endloop
  endfacet
  facet normal 0 0 1
    outer loop
      vertex 3.78719 -4.93326 15.3
      vertex 2.37872 -5.74643 15.3
      vertex 2.51096 -5.86717 15.3
    endloop
  endfacet
  facet normal 0 0 1
    outer loop
      vertex 3.59093 -4.45755 15.3
      vertex 2.06488 -5.33862 15.3
      vertex 2.15143 -5.48413 15.3
    endloop
  endfacet
  facet normal -0 0 1
    outer loop
      vertex 1.86116 -2.78542 15.3
      vertex 3.27643 -4.06009 15.3
      vertex 2.12522 -2.58958 15.3
    endloop
  endfacet
  facet normal 0 0 1
    outer loop
      vertex 3.7372 -4.76532 15.3
      vertex 2.25829 -5.61917 15.3
      vertex 2.37872 -5.74643 15.3
    endloop
  endfacet
  facet normal 0 0 1
    outer loop
      vertex 3.67368 -4.60527 15.3
      vertex 2.15143 -5.48413 15.3
      vertex 2.25829 -5.61917 15.3
    endloop
  endfacet
  facet normal -0 0 1
    outer loop
      vertex 1.57918 -2.95444 15.3
      vertex 3.27643 -4.06009 15.3
      vertex 1.86116 -2.78542 15.3
    endloop
  endfacet
  facet normal 0 0 1
    outer loop
      vertex 3.27643 -4.06009 15.3
      vertex 1.57918 -2.95444 15.3
      vertex 1.87791 -4.86749 15.3
    endloop
  endfacet
  facet normal -0 0 1
    outer loop
      vertex 1.28199 -3.095 15.3
      vertex 1.87791 -4.86749 15.3
      vertex 1.57918 -2.95444 15.3
    endloop
  endfacet
  facet normal -0 0 1
    outer loop
      vertex 0.972453 -3.20575 15.3
      vertex 1.87791 -4.86749 15.3
      vertex 1.28199 -3.095 15.3
    endloop
  endfacet
  facet normal 0 0 1
    outer loop
      vertex 1.87791 -4.86749 15.3
      vertex 0.972453 -3.20575 15.3
      vertex 1.35207 -5.04601 15.3
    endloop
  endfacet
  facet normal -0 0 1
    outer loop
      vertex 0.653552 -3.28563 15.3
      vertex 1.35207 -5.04601 15.3
      vertex 0.972453 -3.20575 15.3
    endloop
  endfacet
  facet normal 0 -0 1
    outer loop
      vertex -0.853851 -5.99551 15.3
      vertex 0.853851 -5.99551 15.3
      vertex -0.878876 -5.82512 15.3
    endloop
  endfacet
  facet normal 0 0 1
    outer loop
      vertex 1.35207 -5.04601 15.3
      vertex 0.653552 -3.28563 15.3
      vertex 0.807434 -5.15434 15.3
    endloop
  endfacet
  facet normal -0 0 1
    outer loop
      vertex 0.328357 -3.33387 15.3
      vertex 0.807434 -5.15434 15.3
      vertex 0.653552 -3.28563 15.3
    endloop
  endfacet
  facet normal 0 0 1
    outer loop
      vertex -0.881073 -5.65584 15.3
      vertex 0.807434 -5.15434 15.3
      vertex -0.807434 -5.15434 15.3
    endloop
  endfacet
  facet normal 0 0 1
    outer loop
      vertex 0.853851 -5.99551 15.3
      vertex -0.853851 -5.99551 15.3
      vertex 0.813187 -6.16592 15.3
    endloop
  endfacet
  facet normal 0 -0 1
    outer loop
      vertex -0.813187 -6.16592 15.3
      vertex 0.813187 -6.16592 15.3
      vertex -0.853851 -5.99551 15.3
    endloop
  endfacet
  facet normal -0 0 1
    outer loop
      vertex 0 -3.35 15.3
      vertex 0.807434 -5.15434 15.3
      vertex 0.328357 -3.33387 15.3
    endloop
  endfacet
  facet normal 0 0 1
    outer loop
      vertex 0.807434 -5.15434 15.3
      vertex 0 -3.35 15.3
      vertex -0.807434 -5.15434 15.3
    endloop
  endfacet
  facet normal 0 0 1
    outer loop
      vertex -0.807434 -5.15434 15.3
      vertex 0 -3.35 15.3
      vertex -0.328357 -3.33387 15.3
    endloop
  endfacet
  facet normal 0 0 1
    outer loop
      vertex 0.813187 -6.16592 15.3
      vertex -0.813187 -6.16592 15.3
      vertex 0.759033 -6.33661 15.3
    endloop
  endfacet
  facet normal 0 -0 1
    outer loop
      vertex -0.759033 -6.33661 15.3
      vertex 0.759033 -6.33661 15.3
      vertex -0.813187 -6.16592 15.3
    endloop
  endfacet
  facet normal 0 0 1
    outer loop
      vertex 0.411331 -7.03952 15.3
      vertex -0.525208 -6.8474 15.3
      vertex -0.411331 -7.03952 15.3
    endloop
  endfacet
  facet normal 0 0 1
    outer loop
      vertex -0.807434 -5.15434 15.3
      vertex -0.328357 -3.33387 15.3
      vertex -0.653552 -3.28563 15.3
    endloop
  endfacet
  facet normal 0 0 1
    outer loop
      vertex 0.525208 -6.8474 15.3
      vertex -0.525208 -6.8474 15.3
      vertex 0.411331 -7.03952 15.3
    endloop
  endfacet
  facet normal 0 -0 1
    outer loop
      vertex -0.525208 -6.8474 15.3
      vertex 0.525208 -6.8474 15.3
      vertex -0.614441 -6.6777 15.3
    endloop
  endfacet
  facet normal 0 0 1
    outer loop
      vertex 0.614441 -6.6777 15.3
      vertex -0.614441 -6.6777 15.3
      vertex 0.525208 -6.8474 15.3
    endloop
  endfacet
  facet normal 0 0 1
    outer loop
      vertex -1.35207 -5.04601 15.3
      vertex -0.653552 -3.28563 15.3
      vertex -0.972453 -3.20575 15.3
    endloop
  endfacet
  facet normal 0 0 1
    outer loop
      vertex -1.87791 -4.86749 15.3
      vertex -0.972453 -3.20575 15.3
      vertex -1.28199 -3.095 15.3
    endloop
  endfacet
  facet normal 0 0 1
    outer loop
      vertex -0.653552 -3.28563 15.3
      vertex -1.35207 -5.04601 15.3
      vertex -0.807434 -5.15434 15.3
    endloop
  endfacet
  facet normal 0 0 1
    outer loop
      vertex -1.87791 -4.86749 15.3
      vertex -1.28199 -3.095 15.3
      vertex -1.57918 -2.95444 15.3
    endloop
  endfacet
  facet normal 0 0 1
    outer loop
      vertex -3.27643 -4.06009 15.3
      vertex -1.57918 -2.95444 15.3
      vertex -1.86116 -2.78542 15.3
    endloop
  endfacet
  facet normal 0 0 1
    outer loop
      vertex -0.972453 -3.20575 15.3
      vertex -1.87791 -4.86749 15.3
      vertex -1.35207 -5.04601 15.3
    endloop
  endfacet
  facet normal 0 0 1
    outer loop
      vertex -1.57918 -2.95444 15.3
      vertex -3.27643 -4.06009 15.3
      vertex -1.87791 -4.86749 15.3
    endloop
  endfacet
  facet normal 0 0 1
    outer loop
      vertex -3.27643 -4.06009 15.3
      vertex -1.86116 -2.78542 15.3
      vertex -2.12522 -2.58958 15.3
    endloop
  endfacet
  facet normal 0 0 1
    outer loop
      vertex -1.87791 -4.86749 15.3
      vertex -3.27643 -4.06009 15.3
      vertex -2.06488 -5.33862 15.3
    endloop
  endfacet
  facet normal -0 0 1
    outer loop
      vertex -3.59093 -4.45755 15.3
      vertex -2.06488 -5.33862 15.3
      vertex -3.27643 -4.06009 15.3
    endloop
  endfacet
  facet normal 0 0 1
    outer loop
      vertex -3.27643 -4.06009 15.3
      vertex -2.12522 -2.58958 15.3
      vertex -2.36881 -2.36881 15.3
    endloop
  endfacet
  facet normal 0 0 1
    outer loop
      vertex -2.06488 -5.33862 15.3
      vertex -3.59093 -4.45755 15.3
      vertex -2.15143 -5.48413 15.3
    endloop
  endfacet
  facet normal -0 0 1
    outer loop
      vertex -3.67368 -4.60527 15.3
      vertex -2.15143 -5.48413 15.3
      vertex -3.59093 -4.45755 15.3
    endloop
  endfacet
  facet normal 0 0 1
    outer loop
      vertex -3.69394 -3.69394 15.3
      vertex -2.36881 -2.36881 15.3
      vertex -2.58958 -2.12522 15.3
    endloop
  endfacet
  facet normal 0 0 1
    outer loop
      vertex -2.15143 -5.48413 15.3
      vertex -3.67368 -4.60527 15.3
      vertex -2.25829 -5.61917 15.3
    endloop
  endfacet
  facet normal 0 0 1
    outer loop
      vertex -4.06009 -3.27643 15.3
      vertex -2.58958 -2.12522 15.3
      vertex -2.78542 -1.86116 15.3
    endloop
  endfacet
  facet normal -0 0 1
    outer loop
      vertex -3.7372 -4.76532 15.3
      vertex -2.25829 -5.61917 15.3
      vertex -3.67368 -4.60527 15.3
    endloop
  endfacet
  facet normal 0 0 1
    outer loop
      vertex -4.06009 -3.27643 15.3
      vertex -2.78542 -1.86116 15.3
      vertex -2.95444 -1.57918 15.3
    endloop
  endfacet
  facet normal 0 0 1
    outer loop
      vertex -2.25829 -5.61917 15.3
      vertex -3.7372 -4.76532 15.3
      vertex -2.37872 -5.74643 15.3
    endloop
  endfacet
  facet normal 0 0 1
    outer loop
      vertex -4.86749 -1.87791 15.3
      vertex -2.95444 -1.57918 15.3
      vertex -3.095 -1.28199 15.3
    endloop
  endfacet
  facet normal -0 0 1
    outer loop
      vertex -3.78719 -4.93326 15.3
      vertex -2.37872 -5.74643 15.3
      vertex -3.7372 -4.76532 15.3
    endloop
  endfacet
  facet normal 0 0 1
    outer loop
      vertex -4.86749 -1.87791 15.3
      vertex -3.095 -1.28199 15.3
      vertex -3.20575 -0.972453 15.3
    endloop
  endfacet
  facet normal 0 0 1
    outer loop
      vertex -2.37872 -5.74643 15.3
      vertex -3.78719 -4.93326 15.3
      vertex -2.51096 -5.86717 15.3
    endloop
  endfacet
  facet normal -0 0 1
    outer loop
      vertex -3.82564 -5.10814 15.3
      vertex -2.51096 -5.86717 15.3
      vertex -3.78719 -4.93326 15.3
    endloop
  endfacet
  facet normal 0 0 1
    outer loop
      vertex -2.51096 -5.86717 15.3
      vertex -3.82564 -5.10814 15.3
      vertex -2.6539 -5.98175 15.3
    endloop
  endfacet
  facet normal -0 0 1
    outer loop
      vertex -3.85339 -5.28923 15.3
      vertex -2.6539 -5.98175 15.3
      vertex -3.82564 -5.10814 15.3
    endloop
  endfacet
  facet normal 0 0 1
    outer loop
      vertex -2.6539 -5.98175 15.3
      vertex -3.85339 -5.28923 15.3
      vertex -2.80672 -6.09027 15.3
    endloop
  endfacet
  facet normal -0 0 1
    outer loop
      vertex -3.87097 -5.47585 15.3
      vertex -2.80672 -6.09027 15.3
      vertex -3.85339 -5.28923 15.3
    endloop
  endfacet
  facet normal 0 0 1
    outer loop
      vertex -2.80672 -6.09027 15.3
      vertex -3.87097 -5.47585 15.3
      vertex -2.96884 -6.19261 15.3
    endloop
  endfacet
  facet normal -0 0 1
    outer loop
      vertex -3.87854 -5.6674 15.3
      vertex -2.96884 -6.19261 15.3
      vertex -3.87097 -5.47585 15.3
    endloop
  endfacet
  facet normal 0 0 1
    outer loop
      vertex -2.96884 -6.19261 15.3
      vertex -3.87854 -5.6674 15.3
      vertex -3.16353 -6.30205 15.3
    endloop
  endfacet
  facet normal 0 0 1
    outer loop
      vertex -3.16353 -6.30205 15.3
      vertex -3.87854 -5.6674 15.3
      vertex -3.87598 -5.89072 15.3
    endloop
  endfacet
  facet normal 0 0 1
    outer loop
      vertex -5.15434 -0.807434 15.3
      vertex -3.35 0 15.3
      vertex -5.15434 0.807434 15.3
    endloop
  endfacet
  facet normal 0 0 1
    outer loop
      vertex -3.35 0 15.3
      vertex -5.15434 -0.807434 15.3
      vertex -3.33387 -0.328357 15.3
    endloop
  endfacet
  facet normal 0 -0 1
    outer loop
      vertex -5.04601 -1.35207 15.3
      vertex -3.33387 -0.328357 15.3
      vertex -5.15434 -0.807434 15.3
    endloop
  endfacet
  facet normal 0 0 1
    outer loop
      vertex -3.33387 -0.328357 15.3
      vertex -5.04601 -1.35207 15.3
      vertex -4.86749 -1.87791 15.3
    endloop
  endfacet
  facet normal 0 0 1
    outer loop
      vertex -5.65584 0.881073 15.3
      vertex -5.15434 -0.807434 15.3
      vertex -5.15434 0.807434 15.3
    endloop
  endfacet
  facet normal 0 0 1
    outer loop
      vertex -5.65584 0.881073 15.3
      vertex -5.65584 -0.881073 15.3
      vertex -5.15434 -0.807434 15.3
    endloop
  endfacet
  facet normal -0 0 1
    outer loop
      vertex -5.82512 0.878876 15.3
      vertex -5.65584 -0.881073 15.3
      vertex -5.65584 0.881073 15.3
    endloop
  endfacet
  facet normal 0 0 1
    outer loop
      vertex -5.82512 0.878876 15.3
      vertex -5.82512 -0.878876 15.3
      vertex -5.65584 -0.881073 15.3
    endloop
  endfacet
  facet normal -0 0 1
    outer loop
      vertex -5.99551 0.853851 15.3
      vertex -5.82512 -0.878876 15.3
      vertex -5.82512 0.878876 15.3
    endloop
  endfacet
  facet normal 0 0 1
    outer loop
      vertex -5.99551 0.853851 15.3
      vertex -5.99551 -0.853851 15.3
      vertex -5.82512 -0.878876 15.3
    endloop
  endfacet
  facet normal -0 0 1
    outer loop
      vertex -6.16592 0.813187 15.3
      vertex -5.99551 -0.853851 15.3
      vertex -5.99551 0.853851 15.3
    endloop
  endfacet
  facet normal 0 0 1
    outer loop
      vertex -6.16592 0.813187 15.3
      vertex -6.16592 -0.813187 15.3
      vertex -5.99551 -0.853851 15.3
    endloop
  endfacet
  facet normal -0 0 1
    outer loop
      vertex -6.33661 0.759033 15.3
      vertex -6.16592 -0.813187 15.3
      vertex -6.16592 0.813187 15.3
    endloop
  endfacet
  facet normal 0 0 1
    outer loop
      vertex -6.33661 0.759033 15.3
      vertex -6.33661 -0.759033 15.3
      vertex -6.16592 -0.813187 15.3
    endloop
  endfacet
  facet normal -0 0 1
    outer loop
      vertex -6.50731 0.692535 15.3
      vertex -6.33661 -0.759033 15.3
      vertex -6.33661 0.759033 15.3
    endloop
  endfacet
  facet normal 0 0 1
    outer loop
      vertex -6.50731 0.692535 15.3
      vertex -6.50731 -0.692535 15.3
      vertex -6.33661 -0.759033 15.3
    endloop
  endfacet
  facet normal -0 0 1
    outer loop
      vertex -6.6777 0.614441 15.3
      vertex -6.50731 -0.692535 15.3
      vertex -6.50731 0.692535 15.3
    endloop
  endfacet
  facet normal 0 0 1
    outer loop
      vertex -6.6777 0.614441 15.3
      vertex -6.6777 -0.614441 15.3
      vertex -6.50731 -0.692535 15.3
    endloop
  endfacet
  facet normal -0 0 1
    outer loop
      vertex -6.8474 0.525208 15.3
      vertex -6.6777 -0.614441 15.3
      vertex -6.6777 0.614441 15.3
    endloop
  endfacet
  facet normal 0 0 1
    outer loop
      vertex -6.8474 0.525208 15.3
      vertex -6.8474 -0.525208 15.3
      vertex -6.6777 -0.614441 15.3
    endloop
  endfacet
  facet normal -0 0 1
    outer loop
      vertex -7.03952 0.411331 15.3
      vertex -6.8474 -0.525208 15.3
      vertex -6.8474 0.525208 15.3
    endloop
  endfacet
  facet normal 0 0 1
    outer loop
      vertex -6.8474 -0.525208 15.3
      vertex -7.03952 0.411331 15.3
      vertex -7.03952 -0.411331 15.3
    endloop
  endfacet
  facet normal 0 0 1
    outer loop
      vertex -4.45755 -3.59093 15.3
      vertex -5.33862 -2.06488 15.3
      vertex -4.60527 -3.67368 15.3
    endloop
  endfacet
  facet normal -0 0 1
    outer loop
      vertex -5.48413 -2.15143 15.3
      vertex -4.60527 -3.67368 15.3
      vertex -5.33862 -2.06488 15.3
    endloop
  endfacet
  facet normal 0 0 1
    outer loop
      vertex -4.60527 -3.67368 15.3
      vertex -5.48413 -2.15143 15.3
      vertex -4.76532 -3.7372 15.3
    endloop
  endfacet
  facet normal -0 0 1
    outer loop
      vertex -5.61917 -2.25829 15.3
      vertex -4.76532 -3.7372 15.3
      vertex -5.48413 -2.15143 15.3
    endloop
  endfacet
  facet normal 0 0 1
    outer loop
      vertex -4.76532 -3.7372 15.3
      vertex -5.61917 -2.25829 15.3
      vertex -4.93326 -3.78719 15.3
    endloop
  endfacet
  facet normal -0 0 1
    outer loop
      vertex -5.74643 -2.37872 15.3
      vertex -4.93326 -3.78719 15.3
      vertex -5.61917 -2.25829 15.3
    endloop
  endfacet
  facet normal 0 0 1
    outer loop
      vertex -4.93326 -3.78719 15.3
      vertex -5.74643 -2.37872 15.3
      vertex -5.10814 -3.82564 15.3
    endloop
  endfacet
  facet normal -0 0 1
    outer loop
      vertex -5.86717 -2.51096 15.3
      vertex -5.10814 -3.82564 15.3
      vertex -5.74643 -2.37872 15.3
    endloop
  endfacet
  facet normal 0 0 1
    outer loop
      vertex -5.10814 -3.82564 15.3
      vertex -5.86717 -2.51096 15.3
      vertex -5.28923 -3.85339 15.3
    endloop
  endfacet
  facet normal -0 0 1
    outer loop
      vertex -5.98175 -2.6539 15.3
      vertex -5.28923 -3.85339 15.3
      vertex -5.86717 -2.51096 15.3
    endloop
  endfacet
  facet normal 0 0 1
    outer loop
      vertex -5.28923 -3.85339 15.3
      vertex -5.98175 -2.6539 15.3
      vertex -5.47585 -3.87097 15.3
    endloop
  endfacet
  facet normal -0 0 1
    outer loop
      vertex -6.09027 -2.80672 15.3
      vertex -5.47585 -3.87097 15.3
      vertex -5.98175 -2.6539 15.3
    endloop
  endfacet
  facet normal 0 0 1
    outer loop
      vertex -5.47585 -3.87097 15.3
      vertex -6.09027 -2.80672 15.3
      vertex -5.6674 -3.87854 15.3
    endloop
  endfacet
  facet normal -0 0 1
    outer loop
      vertex -6.19261 -2.96884 15.3
      vertex -5.6674 -3.87854 15.3
      vertex -6.09027 -2.80672 15.3
    endloop
  endfacet
  facet normal 0 0 1
    outer loop
      vertex -5.6674 -3.87854 15.3
      vertex -6.19261 -2.96884 15.3
      vertex -5.89072 -3.87598 15.3
    endloop
  endfacet
  facet normal 0 0 1
    outer loop
      vertex -5.89072 -3.87598 15.3
      vertex -6.19261 -2.96884 15.3
      vertex -6.30205 -3.16353 15.3
    endloop
  endfacet
  facet normal 0 0 1
    outer loop
      vertex -4.86749 -1.87791 15.3
      vertex -3.20575 -0.972453 15.3
      vertex -3.28563 -0.653552 15.3
    endloop
  endfacet
  facet normal 0 0 1
    outer loop
      vertex -4.86749 -1.87791 15.3
      vertex -3.28563 -0.653552 15.3
      vertex -3.33387 -0.328357 15.3
    endloop
  endfacet
  facet normal 0 0 1
    outer loop
      vertex -3.28563 0.653552 15.3
      vertex -5.15434 0.807434 15.3
      vertex -3.33387 0.328357 15.3
    endloop
  endfacet
  facet normal 0 0 1
    outer loop
      vertex -3.20575 0.972453 15.3
      vertex -5.04601 1.35207 15.3
      vertex -3.28563 0.653552 15.3
    endloop
  endfacet
  facet normal -0 0 1
    outer loop
      vertex -5.15434 0.807434 15.3
      vertex -3.28563 0.653552 15.3
      vertex -5.04601 1.35207 15.3
    endloop
  endfacet
  facet normal 0 0 1
    outer loop
      vertex -2.58958 -2.12522 15.3
      vertex -4.06009 -3.27643 15.3
      vertex -3.69394 -3.69394 15.3
    endloop
  endfacet
  facet normal 0 0 1
    outer loop
      vertex -2.36881 -2.36881 15.3
      vertex -3.69394 -3.69394 15.3
      vertex -3.27643 -4.06009 15.3
    endloop
  endfacet
  facet normal 0 0 1
    outer loop
      vertex -4.86749 1.87791 15.3
      vertex -4.06009 3.27643 15.3
      vertex -4.45755 3.59093 15.3
    endloop
  endfacet
  facet normal 0 0 1
    outer loop
      vertex -3.33387 0.328357 15.3
      vertex -5.15434 0.807434 15.3
      vertex -3.35 0 15.3
    endloop
  endfacet
  facet normal 0 0 1
    outer loop
      vertex -5.33862 2.06488 15.3
      vertex -4.45755 3.59093 15.3
      vertex -4.60527 3.67368 15.3
    endloop
  endfacet
  facet normal 0 0 1
    outer loop
      vertex -2.95444 -1.57918 15.3
      vertex -4.86749 -1.87791 15.3
      vertex -4.06009 -3.27643 15.3
    endloop
  endfacet
  facet normal 0 0 1
    outer loop
      vertex -5.48413 2.15143 15.3
      vertex -4.60527 3.67368 15.3
      vertex -4.76532 3.7372 15.3
    endloop
  endfacet
  facet normal 0 0 1
    outer loop
      vertex -4.86749 -1.87791 15.3
      vertex -4.45755 -3.59093 15.3
      vertex -4.06009 -3.27643 15.3
    endloop
  endfacet
  facet normal -0 0 1
    outer loop
      vertex -5.33862 -2.06488 15.3
      vertex -4.45755 -3.59093 15.3
      vertex -4.86749 -1.87791 15.3
    endloop
  endfacet
  facet normal 0 0 1
    outer loop
      vertex -5.61917 2.25829 15.3
      vertex -4.76532 3.7372 15.3
      vertex -4.93326 3.78719 15.3
    endloop
  endfacet
  facet normal 0 0 1
    outer loop
      vertex -5.74643 2.37872 15.3
      vertex -4.93326 3.78719 15.3
      vertex -5.10814 3.82564 15.3
    endloop
  endfacet
  facet normal 0 0 1
    outer loop
      vertex -5.86717 2.51096 15.3
      vertex -5.10814 3.82564 15.3
      vertex -5.28923 3.85339 15.3
    endloop
  endfacet
  facet normal 0 0 1
    outer loop
      vertex -4.45755 3.59093 15.3
      vertex -5.33862 2.06488 15.3
      vertex -4.86749 1.87791 15.3
    endloop
  endfacet
  facet normal 0 0 1
    outer loop
      vertex -5.98175 2.6539 15.3
      vertex -5.28923 3.85339 15.3
      vertex -5.47585 3.87097 15.3
    endloop
  endfacet
  facet normal 0 0 1
    outer loop
      vertex -4.60527 3.67368 15.3
      vertex -5.48413 2.15143 15.3
      vertex -5.33862 2.06488 15.3
    endloop
  endfacet
  facet normal 0 0 1
    outer loop
      vertex -4.76532 3.7372 15.3
      vertex -5.61917 2.25829 15.3
      vertex -5.48413 2.15143 15.3
    endloop
  endfacet
  facet normal 0 0 1
    outer loop
      vertex -6.09027 2.80672 15.3
      vertex -5.47585 3.87097 15.3
      vertex -5.6674 3.87854 15.3
    endloop
  endfacet
  facet normal 0 0 1
    outer loop
      vertex -4.93326 3.78719 15.3
      vertex -5.74643 2.37872 15.3
      vertex -5.61917 2.25829 15.3
    endloop
  endfacet
  facet normal 0 0 1
    outer loop
      vertex -5.10814 3.82564 15.3
      vertex -5.86717 2.51096 15.3
      vertex -5.74643 2.37872 15.3
    endloop
  endfacet
  facet normal 0 0 1
    outer loop
      vertex -6.19261 2.96884 15.3
      vertex -5.6674 3.87854 15.3
      vertex -5.89072 3.87598 15.3
    endloop
  endfacet
  facet normal 0 0 1
    outer loop
      vertex -5.28923 3.85339 15.3
      vertex -5.98175 2.6539 15.3
      vertex -5.86717 2.51096 15.3
    endloop
  endfacet
  facet normal 0 0 1
    outer loop
      vertex -5.47585 3.87097 15.3
      vertex -6.09027 2.80672 15.3
      vertex -5.98175 2.6539 15.3
    endloop
  endfacet
  facet normal 0 0 1
    outer loop
      vertex -5.6674 3.87854 15.3
      vertex -6.19261 2.96884 15.3
      vertex -6.09027 2.80672 15.3
    endloop
  endfacet
  facet normal 0 -0 1
    outer loop
      vertex -6.19261 2.96884 15.3
      vertex -5.89072 3.87598 15.3
      vertex -6.30205 3.16353 15.3
    endloop
  endfacet
  facet normal 0 0 1
    outer loop
      vertex 0.813187 6.16592 15.3
      vertex -0.813187 6.16592 15.3
      vertex -0.853851 5.99551 15.3
    endloop
  endfacet
  facet normal 0 0 1
    outer loop
      vertex 0.878876 5.82512 15.3
      vertex -0.878876 5.82512 15.3
      vertex 0.881073 5.65584 15.3
    endloop
  endfacet
  facet normal 0 0 1
    outer loop
      vertex 0.881073 5.65584 15.3
      vertex -0.881073 5.65584 15.3
      vertex 0.807434 5.15434 15.3
    endloop
  endfacet
  facet normal 0 0 1
    outer loop
      vertex 0.807434 5.15434 15.3
      vertex -0.881073 5.65584 15.3
      vertex -0.807434 5.15434 15.3
    endloop
  endfacet
  facet normal -0 0 1
    outer loop
      vertex -0.881073 -5.65584 15.3
      vertex 0.878876 -5.82512 15.3
      vertex 0.881073 -5.65584 15.3
    endloop
  endfacet
  facet normal 0 -0 1
    outer loop
      vertex -0.878876 -5.82512 15.3
      vertex 0.878876 -5.82512 15.3
      vertex -0.881073 -5.65584 15.3
    endloop
  endfacet
  facet normal 0 0 1
    outer loop
      vertex -0.881073 -5.65584 15.3
      vertex 0.881073 -5.65584 15.3
      vertex 0.807434 -5.15434 15.3
    endloop
  endfacet
  facet normal 0 0 1
    outer loop
      vertex 0.878876 -5.82512 15.3
      vertex -0.878876 -5.82512 15.3
      vertex 0.853851 -5.99551 15.3
    endloop
  endfacet
  facet normal 0 -0 1
    outer loop
      vertex -0.614441 -6.6777 15.3
      vertex 0.614441 -6.6777 15.3
      vertex -0.692535 -6.50731 15.3
    endloop
  endfacet
  facet normal 0 -0 1
    outer loop
      vertex -0.692535 -6.50731 15.3
      vertex 0.692535 -6.50731 15.3
      vertex -0.759033 -6.33661 15.3
    endloop
  endfacet
  facet normal 0 0 1
    outer loop
      vertex 0.692535 -6.50731 15.3
      vertex -0.692535 -6.50731 15.3
      vertex 0.614441 -6.6777 15.3
    endloop
  endfacet
  facet normal 0 0 1
    outer loop
      vertex 0.759033 -6.33661 15.3
      vertex -0.759033 -6.33661 15.3
      vertex 0.692535 -6.50731 15.3
    endloop
  endfacet
  facet normal -0 0 1
    outer loop
      vertex -4.86749 1.87791 15.3
      vertex -2.95444 1.57918 15.3
      vertex -4.06009 3.27643 15.3
    endloop
  endfacet
  facet normal 0 0 1
    outer loop
      vertex -2.95444 1.57918 15.3
      vertex -4.86749 1.87791 15.3
      vertex -3.095 1.28199 15.3
    endloop
  endfacet
  facet normal 0 0 1
    outer loop
      vertex -3.095 1.28199 15.3
      vertex -4.86749 1.87791 15.3
      vertex -3.20575 0.972453 15.3
    endloop
  endfacet
  facet normal -0 0 1
    outer loop
      vertex -5.04601 1.35207 15.3
      vertex -3.20575 0.972453 15.3
      vertex -4.86749 1.87791 15.3
    endloop
  endfacet
  facet normal -0.885096 0.465408 0
    outer loop
      vertex 0.525208 -6.8474 15.3
      vertex 0.614441 -6.6777 20.6
      vertex 0.614441 -6.6777 15.3
    endloop
  endfacet
  facet normal -0.885096 0.465408 0
    outer loop
      vertex 0.614441 -6.6777 20.6
      vertex 0.525208 -6.8474 15.3
      vertex 0.525208 -6.8474 20.6
    endloop
  endfacet
  facet normal -0.909068 0.416648 0
    outer loop
      vertex 0.614441 -6.6777 15.3
      vertex 0.692535 -6.50731 20.6
      vertex 0.692535 -6.50731 15.3
    endloop
  endfacet
  facet normal -0.909068 0.416648 0
    outer loop
      vertex 0.692535 -6.50731 20.6
      vertex 0.614441 -6.6777 15.3
      vertex 0.614441 -6.6777 20.6
    endloop
  endfacet
  facet normal -0.931793 0.36299 0
    outer loop
      vertex 0.692535 -6.50731 15.3
      vertex 0.759033 -6.33661 20.6
      vertex 0.759033 -6.33661 15.3
    endloop
  endfacet
  facet normal -0.931793 0.36299 0
    outer loop
      vertex 0.759033 -6.33661 20.6
      vertex 0.692535 -6.50731 15.3
      vertex 0.692535 -6.50731 20.6
    endloop
  endfacet
  facet normal -0.953178 0.30241 0
    outer loop
      vertex 0.759033 -6.33661 15.3
      vertex 0.813187 -6.16592 20.6
      vertex 0.813187 -6.16592 15.3
    endloop
  endfacet
  facet normal -0.953178 0.30241 0
    outer loop
      vertex 0.813187 -6.16592 20.6
      vertex 0.759033 -6.33661 15.3
      vertex 0.759033 -6.33661 20.6
    endloop
  endfacet
  facet normal -0.97269 0.232108 0
    outer loop
      vertex 0.813187 -6.16592 15.3
      vertex 0.853851 -5.99551 20.6
      vertex 0.853851 -5.99551 15.3
    endloop
  endfacet
  facet normal -0.97269 0.232108 0
    outer loop
      vertex 0.853851 -5.99551 20.6
      vertex 0.813187 -6.16592 15.3
      vertex 0.813187 -6.16592 20.6
    endloop
  endfacet
  facet normal -0.989386 0.14531 0
    outer loop
      vertex 0.853851 -5.99551 15.3
      vertex 0.878876 -5.82512 20.6
      vertex 0.878876 -5.82512 15.3
    endloop
  endfacet
  facet normal -0.989386 0.14531 0
    outer loop
      vertex 0.878876 -5.82512 20.6
      vertex 0.853851 -5.99551 15.3
      vertex 0.853851 -5.99551 20.6
    endloop
  endfacet
  facet normal -0.999916 0.0129774 0
    outer loop
      vertex 0.878876 -5.82512 15.3
      vertex 0.881073 -5.65584 20.6
      vertex 0.881073 -5.65584 15.3
    endloop
  endfacet
  facet normal -0.999916 0.0129774 0
    outer loop
      vertex 0.881073 -5.65584 20.6
      vertex 0.878876 -5.82512 15.3
      vertex 0.878876 -5.82512 20.6
    endloop
  endfacet
  facet normal -0.989391 -0.14528 0
    outer loop
      vertex 0.881073 -5.65584 15.3
      vertex 0.807434 -5.15434 20.6
      vertex 0.807434 -5.15434 15.3
    endloop
  endfacet
  facet normal -0.989391 -0.14528 0
    outer loop
      vertex 0.807434 -5.15434 20.6
      vertex 0.881073 -5.65584 15.3
      vertex 0.881073 -5.65584 20.6
    endloop
  endfacet
  facet normal -0.195082 0.980787 0
    outer loop
      vertex 1.35207 -5.04601 15.3
      vertex 0.807434 -5.15434 20.6
      vertex 1.35207 -5.04601 20.6
    endloop
  endfacet
  facet normal -0.195082 0.980787 0
    outer loop
      vertex 0.807434 -5.15434 20.6
      vertex 1.35207 -5.04601 15.3
      vertex 0.807434 -5.15434 15.3
    endloop
  endfacet
  facet normal -0.321474 0.946918 0
    outer loop
      vertex 1.87791 -4.86749 15.3
      vertex 1.35207 -5.04601 20.6
      vertex 1.87791 -4.86749 20.6
    endloop
  endfacet
  facet normal -0.321474 0.946918 0
    outer loop
      vertex 1.35207 -5.04601 20.6
      vertex 1.87791 -4.86749 15.3
      vertex 1.35207 -5.04601 15.3
    endloop
  endfacet
  facet normal 0.929481 0.368869 0
    outer loop
      vertex 2.06488 -5.33862 20.6
      vertex 1.87791 -4.86749 15.3
      vertex 1.87791 -4.86749 20.6
    endloop
  endfacet
  facet normal 0.929481 0.368869 0
    outer loop
      vertex 1.87791 -4.86749 15.3
      vertex 2.06488 -5.33862 20.6
      vertex 2.06488 -5.33862 15.3
    endloop
  endfacet
  facet normal 0.859457 0.511209 0
    outer loop
      vertex 2.15143 -5.48413 20.6
      vertex 2.06488 -5.33862 15.3
      vertex 2.06488 -5.33862 20.6
    endloop
  endfacet
  facet normal 0.859457 0.511209 0
    outer loop
      vertex 2.06488 -5.33862 15.3
      vertex 2.15143 -5.48413 20.6
      vertex 2.15143 -5.48413 15.3
    endloop
  endfacet
  facet normal 0.784178 0.620536 0
    outer loop
      vertex 2.25829 -5.61917 20.6
      vertex 2.15143 -5.48413 15.3
      vertex 2.15143 -5.48413 20.6
    endloop
  endfacet
  facet normal 0.784178 0.620536 0
    outer loop
      vertex 2.15143 -5.48413 15.3
      vertex 2.25829 -5.61917 20.6
      vertex 2.25829 -5.61917 15.3
    endloop
  endfacet
  facet normal 0.726329 0.687347 0
    outer loop
      vertex 2.37872 -5.74643 20.6
      vertex 2.25829 -5.61917 15.3
      vertex 2.25829 -5.61917 20.6
    endloop
  endfacet
  facet normal 0.726329 0.687347 0
    outer loop
      vertex 2.25829 -5.61917 15.3
      vertex 2.37872 -5.74643 20.6
      vertex 2.37872 -5.74643 15.3
    endloop
  endfacet
  facet normal 0.674267 0.738488 -0
    outer loop
      vertex 2.51096 -5.86717 15.3
      vertex 2.37872 -5.74643 20.6
      vertex 2.51096 -5.86717 20.6
    endloop
  endfacet
  facet normal 0.674267 0.738488 0
    outer loop
      vertex 2.37872 -5.74643 20.6
      vertex 2.51096 -5.86717 15.3
      vertex 2.37872 -5.74643 15.3
    endloop
  endfacet
  facet normal 0.625454 0.780261 -0
    outer loop
      vertex 2.6539 -5.98175 15.3
      vertex 2.51096 -5.86717 20.6
      vertex 2.6539 -5.98175 20.6
    endloop
  endfacet
  facet normal 0.625454 0.780261 0
    outer loop
      vertex 2.51096 -5.86717 20.6
      vertex 2.6539 -5.98175 15.3
      vertex 2.51096 -5.86717 15.3
    endloop
  endfacet
  facet normal 0.578985 0.815338 -0
    outer loop
      vertex 2.80672 -6.09027 15.3
      vertex 2.6539 -5.98175 20.6
      vertex 2.80672 -6.09027 20.6
    endloop
  endfacet
  facet normal 0.578985 0.815338 0
    outer loop
      vertex 2.6539 -5.98175 20.6
      vertex 2.80672 -6.09027 15.3
      vertex 2.6539 -5.98175 15.3
    endloop
  endfacet
  facet normal 0.533801 0.84561 -0
    outer loop
      vertex 2.96884 -6.19261 15.3
      vertex 2.80672 -6.09027 20.6
      vertex 2.96884 -6.19261 20.6
    endloop
  endfacet
  facet normal 0.533801 0.84561 0
    outer loop
      vertex 2.80672 -6.09027 20.6
      vertex 2.96884 -6.19261 15.3
      vertex 2.80672 -6.09027 15.3
    endloop
  endfacet
  facet normal 0.490013 0.871715 -0
    outer loop
      vertex 3.16353 -6.30205 15.3
      vertex 2.96884 -6.19261 20.6
      vertex 3.16353 -6.30205 20.6
    endloop
  endfacet
  facet normal 0.490013 0.871715 0
    outer loop
      vertex 2.96884 -6.19261 20.6
      vertex 3.16353 -6.30205 15.3
      vertex 2.96884 -6.19261 15.3
    endloop
  endfacet
  facet normal -0.499997 0.866027 0
    outer loop
      vertex 3.87598 -5.89072 15.3
      vertex 3.16353 -6.30205 20.6
      vertex 3.87598 -5.89072 20.6
    endloop
  endfacet
  facet normal -0.499997 0.866027 0
    outer loop
      vertex 3.16353 -6.30205 20.6
      vertex 3.87598 -5.89072 15.3
      vertex 3.16353 -6.30205 15.3
    endloop
  endfacet
  facet normal -0.999934 0.0114626 0
    outer loop
      vertex 3.87598 -5.89072 15.3
      vertex 3.87854 -5.6674 20.6
      vertex 3.87854 -5.6674 15.3
    endloop
  endfacet
  facet normal -0.999934 0.0114626 0
    outer loop
      vertex 3.87854 -5.6674 20.6
      vertex 3.87598 -5.89072 15.3
      vertex 3.87598 -5.89072 20.6
    endloop
  endfacet
  facet normal -0.99922 -0.0394889 0
    outer loop
      vertex 3.87854 -5.6674 15.3
      vertex 3.87097 -5.47585 20.6
      vertex 3.87097 -5.47585 15.3
    endloop
  endfacet
  facet normal -0.99922 -0.0394889 0
    outer loop
      vertex 3.87097 -5.47585 20.6
      vertex 3.87854 -5.6674 15.3
      vertex 3.87854 -5.6674 20.6
    endloop
  endfacet
  facet normal -0.995592 -0.0937869 0
    outer loop
      vertex 3.87097 -5.47585 15.3
      vertex 3.85339 -5.28923 20.6
      vertex 3.85339 -5.28923 15.3
    endloop
  endfacet
  facet normal -0.995592 -0.0937869 0
    outer loop
      vertex 3.85339 -5.28923 20.6
      vertex 3.87097 -5.47585 15.3
      vertex 3.87097 -5.47585 20.6
    endloop
  endfacet
  facet normal -0.988462 -0.151471 0
    outer loop
      vertex 3.85339 -5.28923 15.3
      vertex 3.82564 -5.10814 20.6
      vertex 3.82564 -5.10814 15.3
    endloop
  endfacet
  facet normal -0.988462 -0.151471 0
    outer loop
      vertex 3.82564 -5.10814 20.6
      vertex 3.85339 -5.28923 15.3
      vertex 3.85339 -5.28923 20.6
    endloop
  endfacet
  facet normal -0.976672 -0.214736 0
    outer loop
      vertex 3.82564 -5.10814 15.3
      vertex 3.78719 -4.93326 20.6
      vertex 3.78719 -4.93326 15.3
    endloop
  endfacet
  facet normal -0.976672 -0.214736 0
    outer loop
      vertex 3.78719 -4.93326 20.6
      vertex 3.82564 -5.10814 15.3
      vertex 3.82564 -5.10814 20.6
    endloop
  endfacet
  facet normal -0.95844 -0.285295 0
    outer loop
      vertex 3.78719 -4.93326 15.3
      vertex 3.7372 -4.76532 20.6
      vertex 3.7372 -4.76532 15.3
    endloop
  endfacet
  facet normal -0.95844 -0.285295 0
    outer loop
      vertex 3.7372 -4.76532 20.6
      vertex 3.78719 -4.93326 15.3
      vertex 3.78719 -4.93326 20.6
    endloop
  endfacet
  facet normal -0.929475 -0.368886 0
    outer loop
      vertex 3.7372 -4.76532 15.3
      vertex 3.67368 -4.60527 20.6
      vertex 3.67368 -4.60527 15.3
    endloop
  endfacet
  facet normal -0.929475 -0.368886 0
    outer loop
      vertex 3.67368 -4.60527 20.6
      vertex 3.7372 -4.76532 15.3
      vertex 3.7372 -4.76532 20.6
    endloop
  endfacet
  facet normal -0.872439 -0.488724 0
    outer loop
      vertex 3.67368 -4.60527 15.3
      vertex 3.59093 -4.45755 20.6
      vertex 3.59093 -4.45755 15.3
    endloop
  endfacet
  facet normal -0.872439 -0.488724 0
    outer loop
      vertex 3.59093 -4.45755 20.6
      vertex 3.67368 -4.60527 15.3
      vertex 3.67368 -4.60527 20.6
    endloop
  endfacet
  facet normal -0.784195 -0.620514 0
    outer loop
      vertex 3.59093 -4.45755 15.3
      vertex 3.27643 -4.06009 20.6
      vertex 3.27643 -4.06009 15.3
    endloop
  endfacet
  facet normal -0.784195 -0.620514 0
    outer loop
      vertex 3.27643 -4.06009 20.6
      vertex 3.59093 -4.45755 15.3
      vertex 3.59093 -4.45755 20.6
    endloop
  endfacet
  facet normal -0.659349 0.751837 0
    outer loop
      vertex 3.69394 -3.69394 15.3
      vertex 3.27643 -4.06009 20.6
      vertex 3.69394 -3.69394 20.6
    endloop
  endfacet
  facet normal -0.659349 0.751837 0
    outer loop
      vertex 3.27643 -4.06009 20.6
      vertex 3.69394 -3.69394 15.3
      vertex 3.27643 -4.06009 15.3
    endloop
  endfacet
  facet normal -0.751837 0.659349 0
    outer loop
      vertex 3.69394 -3.69394 15.3
      vertex 4.06009 -3.27643 20.6
      vertex 4.06009 -3.27643 15.3
    endloop
  endfacet
  facet normal -0.751837 0.659349 0
    outer loop
      vertex 4.06009 -3.27643 20.6
      vertex 3.69394 -3.69394 15.3
      vertex 3.69394 -3.69394 20.6
    endloop
  endfacet
  facet normal 0.620514 0.784195 -0
    outer loop
      vertex 4.45755 -3.59093 15.3
      vertex 4.06009 -3.27643 20.6
      vertex 4.45755 -3.59093 20.6
    endloop
  endfacet
  facet normal 0.620514 0.784195 0
    outer loop
      vertex 4.06009 -3.27643 20.6
      vertex 4.45755 -3.59093 15.3
      vertex 4.06009 -3.27643 15.3
    endloop
  endfacet
  facet normal 0.488724 0.872439 -0
    outer loop
      vertex 4.60527 -3.67368 15.3
      vertex 4.45755 -3.59093 20.6
      vertex 4.60527 -3.67368 20.6
    endloop
  endfacet
  facet normal 0.488724 0.872439 0
    outer loop
      vertex 4.45755 -3.59093 20.6
      vertex 4.60527 -3.67368 15.3
      vertex 4.45755 -3.59093 15.3
    endloop
  endfacet
  facet normal 0.368886 0.929475 -0
    outer loop
      vertex 4.76532 -3.7372 15.3
      vertex 4.60527 -3.67368 20.6
      vertex 4.76532 -3.7372 20.6
    endloop
  endfacet
  facet normal 0.368886 0.929475 0
    outer loop
      vertex 4.60527 -3.67368 20.6
      vertex 4.76532 -3.7372 15.3
      vertex 4.60527 -3.67368 15.3
    endloop
  endfacet
  facet normal 0.285295 0.95844 -0
    outer loop
      vertex 4.93326 -3.78719 15.3
      vertex 4.76532 -3.7372 20.6
      vertex 4.93326 -3.78719 20.6
    endloop
  endfacet
  facet normal 0.285295 0.95844 0
    outer loop
      vertex 4.76532 -3.7372 20.6
      vertex 4.93326 -3.78719 15.3
      vertex 4.76532 -3.7372 15.3
    endloop
  endfacet
  facet normal 0.214736 0.976672 -0
    outer loop
      vertex 5.10814 -3.82564 15.3
      vertex 4.93326 -3.78719 20.6
      vertex 5.10814 -3.82564 20.6
    endloop
  endfacet
  facet normal 0.214736 0.976672 0
    outer loop
      vertex 4.93326 -3.78719 20.6
      vertex 5.10814 -3.82564 15.3
      vertex 4.93326 -3.78719 15.3
    endloop
  endfacet
  facet normal 0.151471 0.988462 -0
    outer loop
      vertex 5.28923 -3.85339 15.3
      vertex 5.10814 -3.82564 20.6
      vertex 5.28923 -3.85339 20.6
    endloop
  endfacet
  facet normal 0.151471 0.988462 0
    outer loop
      vertex 5.10814 -3.82564 20.6
      vertex 5.28923 -3.85339 15.3
      vertex 5.10814 -3.82564 15.3
    endloop
  endfacet
  facet normal 0.0937869 0.995592 -0
    outer loop
      vertex 5.47585 -3.87097 15.3
      vertex 5.28923 -3.85339 20.6
      vertex 5.47585 -3.87097 20.6
    endloop
  endfacet
  facet normal 0.0937869 0.995592 0
    outer loop
      vertex 5.28923 -3.85339 20.6
      vertex 5.47585 -3.87097 15.3
      vertex 5.28923 -3.85339 15.3
    endloop
  endfacet
  facet normal 0.0394889 0.99922 -0
    outer loop
      vertex 5.6674 -3.87854 15.3
      vertex 5.47585 -3.87097 20.6
      vertex 5.6674 -3.87854 20.6
    endloop
  endfacet
  facet normal 0.0394889 0.99922 0
    outer loop
      vertex 5.47585 -3.87097 20.6
      vertex 5.6674 -3.87854 15.3
      vertex 5.47585 -3.87097 15.3
    endloop
  endfacet
  facet normal -0.0114626 0.999934 0
    outer loop
      vertex 5.89072 -3.87598 15.3
      vertex 5.6674 -3.87854 20.6
      vertex 5.89072 -3.87598 20.6
    endloop
  endfacet
  facet normal -0.0114626 0.999934 0
    outer loop
      vertex 5.6674 -3.87854 20.6
      vertex 5.89072 -3.87598 15.3
      vertex 5.6674 -3.87854 15.3
    endloop
  endfacet
  facet normal -0.866027 0.499997 0
    outer loop
      vertex 5.89072 -3.87598 15.3
      vertex 6.30205 -3.16353 20.6
      vertex 6.30205 -3.16353 15.3
    endloop
  endfacet
  facet normal -0.866027 0.499997 0
    outer loop
      vertex 6.30205 -3.16353 20.6
      vertex 5.89072 -3.87598 15.3
      vertex 5.89072 -3.87598 20.6
    endloop
  endfacet
  facet normal -0.871715 -0.490013 0
    outer loop
      vertex 6.30205 -3.16353 15.3
      vertex 6.19261 -2.96884 20.6
      vertex 6.19261 -2.96884 15.3
    endloop
  endfacet
  facet normal -0.871715 -0.490013 0
    outer loop
      vertex 6.19261 -2.96884 20.6
      vertex 6.30205 -3.16353 15.3
      vertex 6.30205 -3.16353 20.6
    endloop
  endfacet
  facet normal -0.84561 -0.533801 0
    outer loop
      vertex 6.19261 -2.96884 15.3
      vertex 6.09027 -2.80672 20.6
      vertex 6.09027 -2.80672 15.3
    endloop
  endfacet
  facet normal -0.84561 -0.533801 0
    outer loop
      vertex 6.09027 -2.80672 20.6
      vertex 6.19261 -2.96884 15.3
      vertex 6.19261 -2.96884 20.6
    endloop
  endfacet
  facet normal -0.815338 -0.578985 0
    outer loop
      vertex 6.09027 -2.80672 15.3
      vertex 5.98175 -2.6539 20.6
      vertex 5.98175 -2.6539 15.3
    endloop
  endfacet
  facet normal -0.815338 -0.578985 0
    outer loop
      vertex 5.98175 -2.6539 20.6
      vertex 6.09027 -2.80672 15.3
      vertex 6.09027 -2.80672 20.6
    endloop
  endfacet
  facet normal -0.780261 -0.625454 0
    outer loop
      vertex 5.98175 -2.6539 15.3
      vertex 5.86717 -2.51096 20.6
      vertex 5.86717 -2.51096 15.3
    endloop
  endfacet
  facet normal -0.780261 -0.625454 0
    outer loop
      vertex 5.86717 -2.51096 20.6
      vertex 5.98175 -2.6539 15.3
      vertex 5.98175 -2.6539 20.6
    endloop
  endfacet
  facet normal -0.738488 -0.674267 0
    outer loop
      vertex 5.86717 -2.51096 15.3
      vertex 5.74643 -2.37872 20.6
      vertex 5.74643 -2.37872 15.3
    endloop
  endfacet
  facet normal -0.738488 -0.674267 0
    outer loop
      vertex 5.74643 -2.37872 20.6
      vertex 5.86717 -2.51096 15.3
      vertex 5.86717 -2.51096 20.6
    endloop
  endfacet
  facet normal -0.687347 -0.726329 0
    outer loop
      vertex 5.61917 -2.25829 15.3
      vertex 5.74643 -2.37872 20.6
      vertex 5.61917 -2.25829 20.6
    endloop
  endfacet
  facet normal -0.687347 -0.726329 -0
    outer loop
      vertex 5.74643 -2.37872 20.6
      vertex 5.61917 -2.25829 15.3
      vertex 5.74643 -2.37872 15.3
    endloop
  endfacet
  facet normal -0.620536 -0.784178 0
    outer loop
      vertex 5.48413 -2.15143 15.3
      vertex 5.61917 -2.25829 20.6
      vertex 5.48413 -2.15143 20.6
    endloop
  endfacet
  facet normal -0.620536 -0.784178 -0
    outer loop
      vertex 5.61917 -2.25829 20.6
      vertex 5.48413 -2.15143 15.3
      vertex 5.61917 -2.25829 15.3
    endloop
  endfacet
  facet normal -0.511209 -0.859457 0
    outer loop
      vertex 5.33862 -2.06488 15.3
      vertex 5.48413 -2.15143 20.6
      vertex 5.33862 -2.06488 20.6
    endloop
  endfacet
  facet normal -0.511209 -0.859457 -0
    outer loop
      vertex 5.48413 -2.15143 20.6
      vertex 5.33862 -2.06488 15.3
      vertex 5.48413 -2.15143 15.3
    endloop
  endfacet
  facet normal -0.368869 -0.929481 0
    outer loop
      vertex 4.86749 -1.87791 15.3
      vertex 5.33862 -2.06488 20.6
      vertex 4.86749 -1.87791 20.6
    endloop
  endfacet
  facet normal -0.368869 -0.929481 -0
    outer loop
      vertex 5.33862 -2.06488 20.6
      vertex 4.86749 -1.87791 15.3
      vertex 5.33862 -2.06488 15.3
    endloop
  endfacet
  facet normal -0.946918 0.321474 0
    outer loop
      vertex 4.86749 -1.87791 15.3
      vertex 5.04601 -1.35207 20.6
      vertex 5.04601 -1.35207 15.3
    endloop
  endfacet
  facet normal -0.946918 0.321474 0
    outer loop
      vertex 5.04601 -1.35207 20.6
      vertex 4.86749 -1.87791 15.3
      vertex 4.86749 -1.87791 20.6
    endloop
  endfacet
  facet normal -0.980787 0.195082 0
    outer loop
      vertex 5.04601 -1.35207 15.3
      vertex 5.15434 -0.807434 20.6
      vertex 5.15434 -0.807434 15.3
    endloop
  endfacet
  facet normal -0.980787 0.195082 0
    outer loop
      vertex 5.15434 -0.807434 20.6
      vertex 5.04601 -1.35207 15.3
      vertex 5.04601 -1.35207 20.6
    endloop
  endfacet
  facet normal 0.14528 0.989391 -0
    outer loop
      vertex 5.65584 -0.881073 15.3
      vertex 5.15434 -0.807434 20.6
      vertex 5.65584 -0.881073 20.6
    endloop
  endfacet
  facet normal 0.14528 0.989391 0
    outer loop
      vertex 5.15434 -0.807434 20.6
      vertex 5.65584 -0.881073 15.3
      vertex 5.15434 -0.807434 15.3
    endloop
  endfacet
  facet normal -0.0129774 0.999916 0
    outer loop
      vertex 5.82512 -0.878876 15.3
      vertex 5.65584 -0.881073 20.6
      vertex 5.82512 -0.878876 20.6
    endloop
  endfacet
  facet normal -0.0129774 0.999916 0
    outer loop
      vertex 5.65584 -0.881073 20.6
      vertex 5.82512 -0.878876 15.3
      vertex 5.65584 -0.881073 15.3
    endloop
  endfacet
  facet normal -0.14531 0.989386 0
    outer loop
      vertex 5.99551 -0.853851 15.3
      vertex 5.82512 -0.878876 20.6
      vertex 5.99551 -0.853851 20.6
    endloop
  endfacet
  facet normal -0.14531 0.989386 0
    outer loop
      vertex 5.82512 -0.878876 20.6
      vertex 5.99551 -0.853851 15.3
      vertex 5.82512 -0.878876 15.3
    endloop
  endfacet
  facet normal -0.232108 0.97269 0
    outer loop
      vertex 6.16592 -0.813187 15.3
      vertex 5.99551 -0.853851 20.6
      vertex 6.16592 -0.813187 20.6
    endloop
  endfacet
  facet normal -0.232108 0.97269 0
    outer loop
      vertex 5.99551 -0.853851 20.6
      vertex 6.16592 -0.813187 15.3
      vertex 5.99551 -0.853851 15.3
    endloop
  endfacet
  facet normal -0.30241 0.953178 0
    outer loop
      vertex 6.33661 -0.759033 15.3
      vertex 6.16592 -0.813187 20.6
      vertex 6.33661 -0.759033 20.6
    endloop
  endfacet
  facet normal -0.30241 0.953178 0
    outer loop
      vertex 6.16592 -0.813187 20.6
      vertex 6.33661 -0.759033 15.3
      vertex 6.16592 -0.813187 15.3
    endloop
  endfacet
  facet normal -0.36299 0.931793 0
    outer loop
      vertex 6.50731 -0.692535 15.3
      vertex 6.33661 -0.759033 20.6
      vertex 6.50731 -0.692535 20.6
    endloop
  endfacet
  facet normal -0.36299 0.931793 0
    outer loop
      vertex 6.33661 -0.759033 20.6
      vertex 6.50731 -0.692535 15.3
      vertex 6.33661 -0.759033 15.3
    endloop
  endfacet
  facet normal -0.416648 0.909068 0
    outer loop
      vertex 6.6777 -0.614441 15.3
      vertex 6.50731 -0.692535 20.6
      vertex 6.6777 -0.614441 20.6
    endloop
  endfacet
  facet normal -0.416648 0.909068 0
    outer loop
      vertex 6.50731 -0.692535 20.6
      vertex 6.6777 -0.614441 15.3
      vertex 6.50731 -0.692535 15.3
    endloop
  endfacet
  facet normal -0.465408 0.885096 0
    outer loop
      vertex 6.8474 -0.525208 15.3
      vertex 6.6777 -0.614441 20.6
      vertex 6.8474 -0.525208 20.6
    endloop
  endfacet
  facet normal -0.465408 0.885096 0
    outer loop
      vertex 6.6777 -0.614441 20.6
      vertex 6.8474 -0.525208 15.3
      vertex 6.6777 -0.614441 15.3
    endloop
  endfacet
  facet normal -0.509896 0.860236 0
    outer loop
      vertex 7.03952 -0.411331 15.3
      vertex 6.8474 -0.525208 20.6
      vertex 7.03952 -0.411331 20.6
    endloop
  endfacet
  facet normal -0.509896 0.860236 0
    outer loop
      vertex 6.8474 -0.525208 20.6
      vertex 7.03952 -0.411331 15.3
      vertex 6.8474 -0.525208 15.3
    endloop
  endfacet
  facet normal -1 0 0
    outer loop
      vertex 7.03952 -0.411331 15.3
      vertex 7.03952 0.411331 20.6
      vertex 7.03952 0.411331 15.3
    endloop
  endfacet
  facet normal -1 -0 0
    outer loop
      vertex 7.03952 0.411331 20.6
      vertex 7.03952 -0.411331 15.3
      vertex 7.03952 -0.411331 20.6
    endloop
  endfacet
  facet normal -0.509896 -0.860236 0
    outer loop
      vertex 6.8474 0.525208 15.3
      vertex 7.03952 0.411331 20.6
      vertex 6.8474 0.525208 20.6
    endloop
  endfacet
  facet normal -0.509896 -0.860236 -0
    outer loop
      vertex 7.03952 0.411331 20.6
      vertex 6.8474 0.525208 15.3
      vertex 7.03952 0.411331 15.3
    endloop
  endfacet
  facet normal -0.465408 -0.885096 0
    outer loop
      vertex 6.6777 0.614441 15.3
      vertex 6.8474 0.525208 20.6
      vertex 6.6777 0.614441 20.6
    endloop
  endfacet
  facet normal -0.465408 -0.885096 -0
    outer loop
      vertex 6.8474 0.525208 20.6
      vertex 6.6777 0.614441 15.3
      vertex 6.8474 0.525208 15.3
    endloop
  endfacet
  facet normal -0.416648 -0.909068 0
    outer loop
      vertex 6.50731 0.692535 15.3
      vertex 6.6777 0.614441 20.6
      vertex 6.50731 0.692535 20.6
    endloop
  endfacet
  facet normal -0.416648 -0.909068 -0
    outer loop
      vertex 6.6777 0.614441 20.6
      vertex 6.50731 0.692535 15.3
      vertex 6.6777 0.614441 15.3
    endloop
  endfacet
  facet normal -0.36299 -0.931793 0
    outer loop
      vertex 6.33661 0.759033 15.3
      vertex 6.50731 0.692535 20.6
      vertex 6.33661 0.759033 20.6
    endloop
  endfacet
  facet normal -0.36299 -0.931793 -0
    outer loop
      vertex 6.50731 0.692535 20.6
      vertex 6.33661 0.759033 15.3
      vertex 6.50731 0.692535 15.3
    endloop
  endfacet
  facet normal -0.30241 -0.953178 0
    outer loop
      vertex 6.16592 0.813187 15.3
      vertex 6.33661 0.759033 20.6
      vertex 6.16592 0.813187 20.6
    endloop
  endfacet
  facet normal -0.30241 -0.953178 -0
    outer loop
      vertex 6.33661 0.759033 20.6
      vertex 6.16592 0.813187 15.3
      vertex 6.33661 0.759033 15.3
    endloop
  endfacet
  facet normal -0.232108 -0.97269 0
    outer loop
      vertex 5.99551 0.853851 15.3
      vertex 6.16592 0.813187 20.6
      vertex 5.99551 0.853851 20.6
    endloop
  endfacet
  facet normal -0.232108 -0.97269 -0
    outer loop
      vertex 6.16592 0.813187 20.6
      vertex 5.99551 0.853851 15.3
      vertex 6.16592 0.813187 15.3
    endloop
  endfacet
  facet normal -0.14531 -0.989386 0
    outer loop
      vertex 5.82512 0.878876 15.3
      vertex 5.99551 0.853851 20.6
      vertex 5.82512 0.878876 20.6
    endloop
  endfacet
  facet normal -0.14531 -0.989386 -0
    outer loop
      vertex 5.99551 0.853851 20.6
      vertex 5.82512 0.878876 15.3
      vertex 5.99551 0.853851 15.3
    endloop
  endfacet
  facet normal -0.0129774 -0.999916 0
    outer loop
      vertex 5.65584 0.881073 15.3
      vertex 5.82512 0.878876 20.6
      vertex 5.65584 0.881073 20.6
    endloop
  endfacet
  facet normal -0.0129774 -0.999916 -0
    outer loop
      vertex 5.82512 0.878876 20.6
      vertex 5.65584 0.881073 15.3
      vertex 5.82512 0.878876 15.3
    endloop
  endfacet
  facet normal 0.14528 -0.989391 0
    outer loop
      vertex 5.15434 0.807434 15.3
      vertex 5.65584 0.881073 20.6
      vertex 5.15434 0.807434 20.6
    endloop
  endfacet
  facet normal 0.14528 -0.989391 0
    outer loop
      vertex 5.65584 0.881073 20.6
      vertex 5.15434 0.807434 15.3
      vertex 5.65584 0.881073 15.3
    endloop
  endfacet
  facet normal -0.980787 -0.195082 0
    outer loop
      vertex 5.15434 0.807434 15.3
      vertex 5.04601 1.35207 20.6
      vertex 5.04601 1.35207 15.3
    endloop
  endfacet
  facet normal -0.980787 -0.195082 0
    outer loop
      vertex 5.04601 1.35207 20.6
      vertex 5.15434 0.807434 15.3
      vertex 5.15434 0.807434 20.6
    endloop
  endfacet
  facet normal -0.946918 -0.321474 0
    outer loop
      vertex 5.04601 1.35207 15.3
      vertex 4.86749 1.87791 20.6
      vertex 4.86749 1.87791 15.3
    endloop
  endfacet
  facet normal -0.946918 -0.321474 0
    outer loop
      vertex 4.86749 1.87791 20.6
      vertex 5.04601 1.35207 15.3
      vertex 5.04601 1.35207 20.6
    endloop
  endfacet
  facet normal -0.368869 0.929481 0
    outer loop
      vertex 5.33862 2.06488 15.3
      vertex 4.86749 1.87791 20.6
      vertex 5.33862 2.06488 20.6
    endloop
  endfacet
  facet normal -0.368869 0.929481 0
    outer loop
      vertex 4.86749 1.87791 20.6
      vertex 5.33862 2.06488 15.3
      vertex 4.86749 1.87791 15.3
    endloop
  endfacet
  facet normal -0.511209 0.859457 0
    outer loop
      vertex 5.48413 2.15143 15.3
      vertex 5.33862 2.06488 20.6
      vertex 5.48413 2.15143 20.6
    endloop
  endfacet
  facet normal -0.511209 0.859457 0
    outer loop
      vertex 5.33862 2.06488 20.6
      vertex 5.48413 2.15143 15.3
      vertex 5.33862 2.06488 15.3
    endloop
  endfacet
  facet normal -0.620536 0.784178 0
    outer loop
      vertex 5.61917 2.25829 15.3
      vertex 5.48413 2.15143 20.6
      vertex 5.61917 2.25829 20.6
    endloop
  endfacet
  facet normal -0.620536 0.784178 0
    outer loop
      vertex 5.48413 2.15143 20.6
      vertex 5.61917 2.25829 15.3
      vertex 5.48413 2.15143 15.3
    endloop
  endfacet
  facet normal -0.687347 0.726329 0
    outer loop
      vertex 5.74643 2.37872 15.3
      vertex 5.61917 2.25829 20.6
      vertex 5.74643 2.37872 20.6
    endloop
  endfacet
  facet normal -0.687347 0.726329 0
    outer loop
      vertex 5.61917 2.25829 20.6
      vertex 5.74643 2.37872 15.3
      vertex 5.61917 2.25829 15.3
    endloop
  endfacet
  facet normal -0.738488 0.674267 0
    outer loop
      vertex 5.74643 2.37872 15.3
      vertex 5.86717 2.51096 20.6
      vertex 5.86717 2.51096 15.3
    endloop
  endfacet
  facet normal -0.738488 0.674267 0
    outer loop
      vertex 5.86717 2.51096 20.6
      vertex 5.74643 2.37872 15.3
      vertex 5.74643 2.37872 20.6
    endloop
  endfacet
  facet normal -0.780261 0.625454 0
    outer loop
      vertex 5.86717 2.51096 15.3
      vertex 5.98175 2.6539 20.6
      vertex 5.98175 2.6539 15.3
    endloop
  endfacet
  facet normal -0.780261 0.625454 0
    outer loop
      vertex 5.98175 2.6539 20.6
      vertex 5.86717 2.51096 15.3
      vertex 5.86717 2.51096 20.6
    endloop
  endfacet
  facet normal -0.815338 0.578985 0
    outer loop
      vertex 5.98175 2.6539 15.3
      vertex 6.09027 2.80672 20.6
      vertex 6.09027 2.80672 15.3
    endloop
  endfacet
  facet normal -0.815338 0.578985 0
    outer loop
      vertex 6.09027 2.80672 20.6
      vertex 5.98175 2.6539 15.3
      vertex 5.98175 2.6539 20.6
    endloop
  endfacet
  facet normal -0.84561 0.533801 0
    outer loop
      vertex 6.09027 2.80672 15.3
      vertex 6.19261 2.96884 20.6
      vertex 6.19261 2.96884 15.3
    endloop
  endfacet
  facet normal -0.84561 0.533801 0
    outer loop
      vertex 6.19261 2.96884 20.6
      vertex 6.09027 2.80672 15.3
      vertex 6.09027 2.80672 20.6
    endloop
  endfacet
  facet normal -0.871715 0.490013 0
    outer loop
      vertex 6.19261 2.96884 15.3
      vertex 6.30205 3.16353 20.6
      vertex 6.30205 3.16353 15.3
    endloop
  endfacet
  facet normal -0.871715 0.490013 0
    outer loop
      vertex 6.30205 3.16353 20.6
      vertex 6.19261 2.96884 15.3
      vertex 6.19261 2.96884 20.6
    endloop
  endfacet
  facet normal -0.866027 -0.499997 0
    outer loop
      vertex 6.30205 3.16353 15.3
      vertex 5.89072 3.87598 20.6
      vertex 5.89072 3.87598 15.3
    endloop
  endfacet
  facet normal -0.866027 -0.499997 0
    outer loop
      vertex 5.89072 3.87598 20.6
      vertex 6.30205 3.16353 15.3
      vertex 6.30205 3.16353 20.6
    endloop
  endfacet
  facet normal -0.0114626 -0.999934 0
    outer loop
      vertex 5.6674 3.87854 15.3
      vertex 5.89072 3.87598 20.6
      vertex 5.6674 3.87854 20.6
    endloop
  endfacet
  facet normal -0.0114626 -0.999934 -0
    outer loop
      vertex 5.89072 3.87598 20.6
      vertex 5.6674 3.87854 15.3
      vertex 5.89072 3.87598 15.3
    endloop
  endfacet
  facet normal 0.0394889 -0.99922 0
    outer loop
      vertex 5.47585 3.87097 15.3
      vertex 5.6674 3.87854 20.6
      vertex 5.47585 3.87097 20.6
    endloop
  endfacet
  facet normal 0.0394889 -0.99922 0
    outer loop
      vertex 5.6674 3.87854 20.6
      vertex 5.47585 3.87097 15.3
      vertex 5.6674 3.87854 15.3
    endloop
  endfacet
  facet normal 0.0937869 -0.995592 0
    outer loop
      vertex 5.28923 3.85339 15.3
      vertex 5.47585 3.87097 20.6
      vertex 5.28923 3.85339 20.6
    endloop
  endfacet
  facet normal 0.0937869 -0.995592 0
    outer loop
      vertex 5.47585 3.87097 20.6
      vertex 5.28923 3.85339 15.3
      vertex 5.47585 3.87097 15.3
    endloop
  endfacet
  facet normal 0.151471 -0.988462 0
    outer loop
      vertex 5.10814 3.82564 15.3
      vertex 5.28923 3.85339 20.6
      vertex 5.10814 3.82564 20.6
    endloop
  endfacet
  facet normal 0.151471 -0.988462 0
    outer loop
      vertex 5.28923 3.85339 20.6
      vertex 5.10814 3.82564 15.3
      vertex 5.28923 3.85339 15.3
    endloop
  endfacet
  facet normal 0.214736 -0.976672 0
    outer loop
      vertex 4.93326 3.78719 15.3
      vertex 5.10814 3.82564 20.6
      vertex 4.93326 3.78719 20.6
    endloop
  endfacet
  facet normal 0.214736 -0.976672 0
    outer loop
      vertex 5.10814 3.82564 20.6
      vertex 4.93326 3.78719 15.3
      vertex 5.10814 3.82564 15.3
    endloop
  endfacet
  facet normal 0.285295 -0.95844 0
    outer loop
      vertex 4.76532 3.7372 15.3
      vertex 4.93326 3.78719 20.6
      vertex 4.76532 3.7372 20.6
    endloop
  endfacet
  facet normal 0.285295 -0.95844 0
    outer loop
      vertex 4.93326 3.78719 20.6
      vertex 4.76532 3.7372 15.3
      vertex 4.93326 3.78719 15.3
    endloop
  endfacet
  facet normal 0.368886 -0.929475 0
    outer loop
      vertex 4.60527 3.67368 15.3
      vertex 4.76532 3.7372 20.6
      vertex 4.60527 3.67368 20.6
    endloop
  endfacet
  facet normal 0.368886 -0.929475 0
    outer loop
      vertex 4.76532 3.7372 20.6
      vertex 4.60527 3.67368 15.3
      vertex 4.76532 3.7372 15.3
    endloop
  endfacet
  facet normal 0.488724 -0.872439 0
    outer loop
      vertex 4.45755 3.59093 15.3
      vertex 4.60527 3.67368 20.6
      vertex 4.45755 3.59093 20.6
    endloop
  endfacet
  facet normal 0.488724 -0.872439 0
    outer loop
      vertex 4.60527 3.67368 20.6
      vertex 4.45755 3.59093 15.3
      vertex 4.60527 3.67368 15.3
    endloop
  endfacet
  facet normal 0.620514 -0.784195 0
    outer loop
      vertex 4.06009 3.27643 15.3
      vertex 4.45755 3.59093 20.6
      vertex 4.06009 3.27643 20.6
    endloop
  endfacet
  facet normal 0.620514 -0.784195 0
    outer loop
      vertex 4.45755 3.59093 20.6
      vertex 4.06009 3.27643 15.3
      vertex 4.45755 3.59093 15.3
    endloop
  endfacet
  facet normal -0.751837 -0.659349 0
    outer loop
      vertex 4.06009 3.27643 15.3
      vertex 3.69394 3.69394 20.6
      vertex 3.69394 3.69394 15.3
    endloop
  endfacet
  facet normal -0.751837 -0.659349 0
    outer loop
      vertex 3.69394 3.69394 20.6
      vertex 4.06009 3.27643 15.3
      vertex 4.06009 3.27643 20.6
    endloop
  endfacet
  facet normal -0.659349 -0.751837 0
    outer loop
      vertex 3.27643 4.06009 15.3
      vertex 3.69394 3.69394 20.6
      vertex 3.27643 4.06009 20.6
    endloop
  endfacet
  facet normal -0.659349 -0.751837 -0
    outer loop
      vertex 3.69394 3.69394 20.6
      vertex 3.27643 4.06009 15.3
      vertex 3.69394 3.69394 15.3
    endloop
  endfacet
  facet normal -0.784195 0.620514 0
    outer loop
      vertex 3.27643 4.06009 15.3
      vertex 3.59093 4.45755 20.6
      vertex 3.59093 4.45755 15.3
    endloop
  endfacet
  facet normal -0.784195 0.620514 0
    outer loop
      vertex 3.59093 4.45755 20.6
      vertex 3.27643 4.06009 15.3
      vertex 3.27643 4.06009 20.6
    endloop
  endfacet
  facet normal -0.872439 0.488724 0
    outer loop
      vertex 3.59093 4.45755 15.3
      vertex 3.67368 4.60527 20.6
      vertex 3.67368 4.60527 15.3
    endloop
  endfacet
  facet normal -0.872439 0.488724 0
    outer loop
      vertex 3.67368 4.60527 20.6
      vertex 3.59093 4.45755 15.3
      vertex 3.59093 4.45755 20.6
    endloop
  endfacet
  facet normal -0.929475 0.368886 0
    outer loop
      vertex 3.67368 4.60527 15.3
      vertex 3.7372 4.76532 20.6
      vertex 3.7372 4.76532 15.3
    endloop
  endfacet
  facet normal -0.929475 0.368886 0
    outer loop
      vertex 3.7372 4.76532 20.6
      vertex 3.67368 4.60527 15.3
      vertex 3.67368 4.60527 20.6
    endloop
  endfacet
  facet normal -0.95844 0.285295 0
    outer loop
      vertex 3.7372 4.76532 15.3
      vertex 3.78719 4.93326 20.6
      vertex 3.78719 4.93326 15.3
    endloop
  endfacet
  facet normal -0.95844 0.285295 0
    outer loop
      vertex 3.78719 4.93326 20.6
      vertex 3.7372 4.76532 15.3
      vertex 3.7372 4.76532 20.6
    endloop
  endfacet
  facet normal -0.976672 0.214736 0
    outer loop
      vertex 3.78719 4.93326 15.3
      vertex 3.82564 5.10814 20.6
      vertex 3.82564 5.10814 15.3
    endloop
  endfacet
  facet normal -0.976672 0.214736 0
    outer loop
      vertex 3.82564 5.10814 20.6
      vertex 3.78719 4.93326 15.3
      vertex 3.78719 4.93326 20.6
    endloop
  endfacet
  facet normal -0.988462 0.151471 0
    outer loop
      vertex 3.82564 5.10814 15.3
      vertex 3.85339 5.28923 20.6
      vertex 3.85339 5.28923 15.3
    endloop
  endfacet
  facet normal -0.988462 0.151471 0
    outer loop
      vertex 3.85339 5.28923 20.6
      vertex 3.82564 5.10814 15.3
      vertex 3.82564 5.10814 20.6
    endloop
  endfacet
  facet normal -0.995592 0.0937869 0
    outer loop
      vertex 3.85339 5.28923 15.3
      vertex 3.87097 5.47585 20.6
      vertex 3.87097 5.47585 15.3
    endloop
  endfacet
  facet normal -0.995592 0.0937869 0
    outer loop
      vertex 3.87097 5.47585 20.6
      vertex 3.85339 5.28923 15.3
      vertex 3.85339 5.28923 20.6
    endloop
  endfacet
  facet normal -0.99922 0.0394889 0
    outer loop
      vertex 3.87097 5.47585 15.3
      vertex 3.87854 5.6674 20.6
      vertex 3.87854 5.6674 15.3
    endloop
  endfacet
  facet normal -0.99922 0.0394889 0
    outer loop
      vertex 3.87854 5.6674 20.6
      vertex 3.87097 5.47585 15.3
      vertex 3.87097 5.47585 20.6
    endloop
  endfacet
  facet normal -0.999934 -0.0114626 0
    outer loop
      vertex 3.87854 5.6674 15.3
      vertex 3.87598 5.89072 20.6
      vertex 3.87598 5.89072 15.3
    endloop
  endfacet
  facet normal -0.999934 -0.0114626 0
    outer loop
      vertex 3.87598 5.89072 20.6
      vertex 3.87854 5.6674 15.3
      vertex 3.87854 5.6674 20.6
    endloop
  endfacet
  facet normal -0.499997 -0.866027 0
    outer loop
      vertex 3.16353 6.30205 15.3
      vertex 3.87598 5.89072 20.6
      vertex 3.16353 6.30205 20.6
    endloop
  endfacet
  facet normal -0.499997 -0.866027 -0
    outer loop
      vertex 3.87598 5.89072 20.6
      vertex 3.16353 6.30205 15.3
      vertex 3.87598 5.89072 15.3
    endloop
  endfacet
  facet normal 0.490013 -0.871715 0
    outer loop
      vertex 2.96884 6.19261 15.3
      vertex 3.16353 6.30205 20.6
      vertex 2.96884 6.19261 20.6
    endloop
  endfacet
  facet normal 0.490013 -0.871715 0
    outer loop
      vertex 3.16353 6.30205 20.6
      vertex 2.96884 6.19261 15.3
      vertex 3.16353 6.30205 15.3
    endloop
  endfacet
  facet normal 0.533801 -0.84561 0
    outer loop
      vertex 2.80672 6.09027 15.3
      vertex 2.96884 6.19261 20.6
      vertex 2.80672 6.09027 20.6
    endloop
  endfacet
  facet normal 0.533801 -0.84561 0
    outer loop
      vertex 2.96884 6.19261 20.6
      vertex 2.80672 6.09027 15.3
      vertex 2.96884 6.19261 15.3
    endloop
  endfacet
  facet normal 0.578985 -0.815338 0
    outer loop
      vertex 2.6539 5.98175 15.3
      vertex 2.80672 6.09027 20.6
      vertex 2.6539 5.98175 20.6
    endloop
  endfacet
  facet normal 0.578985 -0.815338 0
    outer loop
      vertex 2.80672 6.09027 20.6
      vertex 2.6539 5.98175 15.3
      vertex 2.80672 6.09027 15.3
    endloop
  endfacet
  facet normal 0.625454 -0.780261 0
    outer loop
      vertex 2.51096 5.86717 15.3
      vertex 2.6539 5.98175 20.6
      vertex 2.51096 5.86717 20.6
    endloop
  endfacet
  facet normal 0.625454 -0.780261 0
    outer loop
      vertex 2.6539 5.98175 20.6
      vertex 2.51096 5.86717 15.3
      vertex 2.6539 5.98175 15.3
    endloop
  endfacet
  facet normal 0.674267 -0.738488 0
    outer loop
      vertex 2.37872 5.74643 15.3
      vertex 2.51096 5.86717 20.6
      vertex 2.37872 5.74643 20.6
    endloop
  endfacet
  facet normal 0.674267 -0.738488 0
    outer loop
      vertex 2.51096 5.86717 20.6
      vertex 2.37872 5.74643 15.3
      vertex 2.51096 5.86717 15.3
    endloop
  endfacet
  facet normal 0.726329 -0.687347 0
    outer loop
      vertex 2.25829 5.61917 20.6
      vertex 2.37872 5.74643 15.3
      vertex 2.37872 5.74643 20.6
    endloop
  endfacet
  facet normal 0.726329 -0.687347 0
    outer loop
      vertex 2.37872 5.74643 15.3
      vertex 2.25829 5.61917 20.6
      vertex 2.25829 5.61917 15.3
    endloop
  endfacet
  facet normal 0.784178 -0.620536 0
    outer loop
      vertex 2.15143 5.48413 20.6
      vertex 2.25829 5.61917 15.3
      vertex 2.25829 5.61917 20.6
    endloop
  endfacet
  facet normal 0.784178 -0.620536 0
    outer loop
      vertex 2.25829 5.61917 15.3
      vertex 2.15143 5.48413 20.6
      vertex 2.15143 5.48413 15.3
    endloop
  endfacet
  facet normal 0.859457 -0.511209 0
    outer loop
      vertex 2.06488 5.33862 20.6
      vertex 2.15143 5.48413 15.3
      vertex 2.15143 5.48413 20.6
    endloop
  endfacet
  facet normal 0.859457 -0.511209 0
    outer loop
      vertex 2.15143 5.48413 15.3
      vertex 2.06488 5.33862 20.6
      vertex 2.06488 5.33862 15.3
    endloop
  endfacet
  facet normal 0.929481 -0.368869 0
    outer loop
      vertex 1.87791 4.86749 20.6
      vertex 2.06488 5.33862 15.3
      vertex 2.06488 5.33862 20.6
    endloop
  endfacet
  facet normal 0.929481 -0.368869 0
    outer loop
      vertex 2.06488 5.33862 15.3
      vertex 1.87791 4.86749 20.6
      vertex 1.87791 4.86749 15.3
    endloop
  endfacet
  facet normal -0.321474 -0.946918 0
    outer loop
      vertex 1.35207 5.04601 15.3
      vertex 1.87791 4.86749 20.6
      vertex 1.35207 5.04601 20.6
    endloop
  endfacet
  facet normal -0.321474 -0.946918 -0
    outer loop
      vertex 1.87791 4.86749 20.6
      vertex 1.35207 5.04601 15.3
      vertex 1.87791 4.86749 15.3
    endloop
  endfacet
  facet normal -0.195082 -0.980787 0
    outer loop
      vertex 0.807434 5.15434 15.3
      vertex 1.35207 5.04601 20.6
      vertex 0.807434 5.15434 20.6
    endloop
  endfacet
  facet normal -0.195082 -0.980787 -0
    outer loop
      vertex 1.35207 5.04601 20.6
      vertex 0.807434 5.15434 15.3
      vertex 1.35207 5.04601 15.3
    endloop
  endfacet
  facet normal -0.989391 0.14528 0
    outer loop
      vertex 0.807434 5.15434 15.3
      vertex 0.881073 5.65584 20.6
      vertex 0.881073 5.65584 15.3
    endloop
  endfacet
  facet normal -0.989391 0.14528 0
    outer loop
      vertex 0.881073 5.65584 20.6
      vertex 0.807434 5.15434 15.3
      vertex 0.807434 5.15434 20.6
    endloop
  endfacet
  facet normal -0.999916 -0.0129774 0
    outer loop
      vertex 0.881073 5.65584 15.3
      vertex 0.878876 5.82512 20.6
      vertex 0.878876 5.82512 15.3
    endloop
  endfacet
  facet normal -0.999916 -0.0129774 0
    outer loop
      vertex 0.878876 5.82512 20.6
      vertex 0.881073 5.65584 15.3
      vertex 0.881073 5.65584 20.6
    endloop
  endfacet
  facet normal -0.989386 -0.14531 0
    outer loop
      vertex 0.878876 5.82512 15.3
      vertex 0.853851 5.99551 20.6
      vertex 0.853851 5.99551 15.3
    endloop
  endfacet
  facet normal -0.989386 -0.14531 0
    outer loop
      vertex 0.853851 5.99551 20.6
      vertex 0.878876 5.82512 15.3
      vertex 0.878876 5.82512 20.6
    endloop
  endfacet
  facet normal -0.97269 -0.232108 0
    outer loop
      vertex 0.853851 5.99551 15.3
      vertex 0.813187 6.16592 20.6
      vertex 0.813187 6.16592 15.3
    endloop
  endfacet
  facet normal -0.97269 -0.232108 0
    outer loop
      vertex 0.813187 6.16592 20.6
      vertex 0.853851 5.99551 15.3
      vertex 0.853851 5.99551 20.6
    endloop
  endfacet
  facet normal -0.953178 -0.30241 0
    outer loop
      vertex 0.813187 6.16592 15.3
      vertex 0.759033 6.33661 20.6
      vertex 0.759033 6.33661 15.3
    endloop
  endfacet
  facet normal -0.953178 -0.30241 0
    outer loop
      vertex 0.759033 6.33661 20.6
      vertex 0.813187 6.16592 15.3
      vertex 0.813187 6.16592 20.6
    endloop
  endfacet
  facet normal -0.931793 -0.36299 0
    outer loop
      vertex 0.759033 6.33661 15.3
      vertex 0.692535 6.50731 20.6
      vertex 0.692535 6.50731 15.3
    endloop
  endfacet
  facet normal -0.931793 -0.36299 0
    outer loop
      vertex 0.692535 6.50731 20.6
      vertex 0.759033 6.33661 15.3
      vertex 0.759033 6.33661 20.6
    endloop
  endfacet
  facet normal -0.909068 -0.416648 0
    outer loop
      vertex 0.692535 6.50731 15.3
      vertex 0.614441 6.6777 20.6
      vertex 0.614441 6.6777 15.3
    endloop
  endfacet
  facet normal -0.909068 -0.416648 0
    outer loop
      vertex 0.614441 6.6777 20.6
      vertex 0.692535 6.50731 15.3
      vertex 0.692535 6.50731 20.6
    endloop
  endfacet
  facet normal -0.885096 -0.465408 0
    outer loop
      vertex 0.614441 6.6777 15.3
      vertex 0.525208 6.8474 20.6
      vertex 0.525208 6.8474 15.3
    endloop
  endfacet
  facet normal -0.885096 -0.465408 0
    outer loop
      vertex 0.525208 6.8474 20.6
      vertex 0.614441 6.6777 15.3
      vertex 0.614441 6.6777 20.6
    endloop
  endfacet
  facet normal -0.860236 -0.509896 0
    outer loop
      vertex 0.525208 6.8474 15.3
      vertex 0.411331 7.03952 20.6
      vertex 0.411331 7.03952 15.3
    endloop
  endfacet
  facet normal -0.860236 -0.509896 0
    outer loop
      vertex 0.411331 7.03952 20.6
      vertex 0.525208 6.8474 15.3
      vertex 0.525208 6.8474 20.6
    endloop
  endfacet
  facet normal 0 -1 0
    outer loop
      vertex -0.411331 7.03952 15.3
      vertex 0.411331 7.03952 20.6
      vertex -0.411331 7.03952 20.6
    endloop
  endfacet
  facet normal 0 -1 -0
    outer loop
      vertex 0.411331 7.03952 20.6
      vertex -0.411331 7.03952 15.3
      vertex 0.411331 7.03952 15.3
    endloop
  endfacet
  facet normal 0.860236 -0.509896 0
    outer loop
      vertex -0.525208 6.8474 20.6
      vertex -0.411331 7.03952 15.3
      vertex -0.411331 7.03952 20.6
    endloop
  endfacet
  facet normal 0.860236 -0.509896 0
    outer loop
      vertex -0.411331 7.03952 15.3
      vertex -0.525208 6.8474 20.6
      vertex -0.525208 6.8474 15.3
    endloop
  endfacet
  facet normal 0.885096 -0.465408 0
    outer loop
      vertex -0.614441 6.6777 20.6
      vertex -0.525208 6.8474 15.3
      vertex -0.525208 6.8474 20.6
    endloop
  endfacet
  facet normal 0.885096 -0.465408 0
    outer loop
      vertex -0.525208 6.8474 15.3
      vertex -0.614441 6.6777 20.6
      vertex -0.614441 6.6777 15.3
    endloop
  endfacet
  facet normal 0.909068 -0.416648 0
    outer loop
      vertex -0.692535 6.50731 20.6
      vertex -0.614441 6.6777 15.3
      vertex -0.614441 6.6777 20.6
    endloop
  endfacet
  facet normal 0.909068 -0.416648 0
    outer loop
      vertex -0.614441 6.6777 15.3
      vertex -0.692535 6.50731 20.6
      vertex -0.692535 6.50731 15.3
    endloop
  endfacet
  facet normal 0.931793 -0.36299 0
    outer loop
      vertex -0.759033 6.33661 20.6
      vertex -0.692535 6.50731 15.3
      vertex -0.692535 6.50731 20.6
    endloop
  endfacet
  facet normal 0.931793 -0.36299 0
    outer loop
      vertex -0.692535 6.50731 15.3
      vertex -0.759033 6.33661 20.6
      vertex -0.759033 6.33661 15.3
    endloop
  endfacet
  facet normal 0.953178 -0.30241 0
    outer loop
      vertex -0.813187 6.16592 20.6
      vertex -0.759033 6.33661 15.3
      vertex -0.759033 6.33661 20.6
    endloop
  endfacet
  facet normal 0.953178 -0.30241 0
    outer loop
      vertex -0.759033 6.33661 15.3
      vertex -0.813187 6.16592 20.6
      vertex -0.813187 6.16592 15.3
    endloop
  endfacet
  facet normal 0.97269 -0.232108 0
    outer loop
      vertex -0.853851 5.99551 20.6
      vertex -0.813187 6.16592 15.3
      vertex -0.813187 6.16592 20.6
    endloop
  endfacet
  facet normal 0.97269 -0.232108 0
    outer loop
      vertex -0.813187 6.16592 15.3
      vertex -0.853851 5.99551 20.6
      vertex -0.853851 5.99551 15.3
    endloop
  endfacet
  facet normal 0.989386 -0.14531 0
    outer loop
      vertex -0.878876 5.82512 20.6
      vertex -0.853851 5.99551 15.3
      vertex -0.853851 5.99551 20.6
    endloop
  endfacet
  facet normal 0.989386 -0.14531 0
    outer loop
      vertex -0.853851 5.99551 15.3
      vertex -0.878876 5.82512 20.6
      vertex -0.878876 5.82512 15.3
    endloop
  endfacet
  facet normal 0.999916 -0.0129774 0
    outer loop
      vertex -0.881073 5.65584 20.6
      vertex -0.878876 5.82512 15.3
      vertex -0.878876 5.82512 20.6
    endloop
  endfacet
  facet normal 0.999916 -0.0129774 0
    outer loop
      vertex -0.878876 5.82512 15.3
      vertex -0.881073 5.65584 20.6
      vertex -0.881073 5.65584 15.3
    endloop
  endfacet
  facet normal 0.989391 0.14528 0
    outer loop
      vertex -0.807434 5.15434 20.6
      vertex -0.881073 5.65584 15.3
      vertex -0.881073 5.65584 20.6
    endloop
  endfacet
  facet normal 0.989391 0.14528 0
    outer loop
      vertex -0.881073 5.65584 15.3
      vertex -0.807434 5.15434 20.6
      vertex -0.807434 5.15434 15.3
    endloop
  endfacet
  facet normal 0.195082 -0.980787 0
    outer loop
      vertex -1.35207 5.04601 15.3
      vertex -0.807434 5.15434 20.6
      vertex -1.35207 5.04601 20.6
    endloop
  endfacet
  facet normal 0.195082 -0.980787 0
    outer loop
      vertex -0.807434 5.15434 20.6
      vertex -1.35207 5.04601 15.3
      vertex -0.807434 5.15434 15.3
    endloop
  endfacet
  facet normal 0.321474 -0.946918 0
    outer loop
      vertex -1.87791 4.86749 15.3
      vertex -1.35207 5.04601 20.6
      vertex -1.87791 4.86749 20.6
    endloop
  endfacet
  facet normal 0.321474 -0.946918 0
    outer loop
      vertex -1.35207 5.04601 20.6
      vertex -1.87791 4.86749 15.3
      vertex -1.35207 5.04601 15.3
    endloop
  endfacet
  facet normal -0.929481 -0.368869 0
    outer loop
      vertex -1.87791 4.86749 15.3
      vertex -2.06488 5.33862 20.6
      vertex -2.06488 5.33862 15.3
    endloop
  endfacet
  facet normal -0.929481 -0.368869 0
    outer loop
      vertex -2.06488 5.33862 20.6
      vertex -1.87791 4.86749 15.3
      vertex -1.87791 4.86749 20.6
    endloop
  endfacet
  facet normal -0.859457 -0.511209 0
    outer loop
      vertex -2.06488 5.33862 15.3
      vertex -2.15143 5.48413 20.6
      vertex -2.15143 5.48413 15.3
    endloop
  endfacet
  facet normal -0.859457 -0.511209 0
    outer loop
      vertex -2.15143 5.48413 20.6
      vertex -2.06488 5.33862 15.3
      vertex -2.06488 5.33862 20.6
    endloop
  endfacet
  facet normal -0.784178 -0.620536 0
    outer loop
      vertex -2.15143 5.48413 15.3
      vertex -2.25829 5.61917 20.6
      vertex -2.25829 5.61917 15.3
    endloop
  endfacet
  facet normal -0.784178 -0.620536 0
    outer loop
      vertex -2.25829 5.61917 20.6
      vertex -2.15143 5.48413 15.3
      vertex -2.15143 5.48413 20.6
    endloop
  endfacet
  facet normal -0.726329 -0.687347 0
    outer loop
      vertex -2.25829 5.61917 15.3
      vertex -2.37872 5.74643 20.6
      vertex -2.37872 5.74643 15.3
    endloop
  endfacet
  facet normal -0.726329 -0.687347 0
    outer loop
      vertex -2.37872 5.74643 20.6
      vertex -2.25829 5.61917 15.3
      vertex -2.25829 5.61917 20.6
    endloop
  endfacet
  facet normal -0.674267 -0.738488 0
    outer loop
      vertex -2.51096 5.86717 15.3
      vertex -2.37872 5.74643 20.6
      vertex -2.51096 5.86717 20.6
    endloop
  endfacet
  facet normal -0.674267 -0.738488 -0
    outer loop
      vertex -2.37872 5.74643 20.6
      vertex -2.51096 5.86717 15.3
      vertex -2.37872 5.74643 15.3
    endloop
  endfacet
  facet normal -0.625454 -0.780261 0
    outer loop
      vertex -2.6539 5.98175 15.3
      vertex -2.51096 5.86717 20.6
      vertex -2.6539 5.98175 20.6
    endloop
  endfacet
  facet normal -0.625454 -0.780261 -0
    outer loop
      vertex -2.51096 5.86717 20.6
      vertex -2.6539 5.98175 15.3
      vertex -2.51096 5.86717 15.3
    endloop
  endfacet
  facet normal -0.578985 -0.815338 0
    outer loop
      vertex -2.80672 6.09027 15.3
      vertex -2.6539 5.98175 20.6
      vertex -2.80672 6.09027 20.6
    endloop
  endfacet
  facet normal -0.578985 -0.815338 -0
    outer loop
      vertex -2.6539 5.98175 20.6
      vertex -2.80672 6.09027 15.3
      vertex -2.6539 5.98175 15.3
    endloop
  endfacet
  facet normal -0.533801 -0.84561 0
    outer loop
      vertex -2.96884 6.19261 15.3
      vertex -2.80672 6.09027 20.6
      vertex -2.96884 6.19261 20.6
    endloop
  endfacet
  facet normal -0.533801 -0.84561 -0
    outer loop
      vertex -2.80672 6.09027 20.6
      vertex -2.96884 6.19261 15.3
      vertex -2.80672 6.09027 15.3
    endloop
  endfacet
  facet normal -0.490013 -0.871715 0
    outer loop
      vertex -3.16353 6.30205 15.3
      vertex -2.96884 6.19261 20.6
      vertex -3.16353 6.30205 20.6
    endloop
  endfacet
  facet normal -0.490013 -0.871715 -0
    outer loop
      vertex -2.96884 6.19261 20.6
      vertex -3.16353 6.30205 15.3
      vertex -2.96884 6.19261 15.3
    endloop
  endfacet
  facet normal 0.499997 -0.866027 0
    outer loop
      vertex -3.87598 5.89072 15.3
      vertex -3.16353 6.30205 20.6
      vertex -3.87598 5.89072 20.6
    endloop
  endfacet
  facet normal 0.499997 -0.866027 0
    outer loop
      vertex -3.16353 6.30205 20.6
      vertex -3.87598 5.89072 15.3
      vertex -3.16353 6.30205 15.3
    endloop
  endfacet
  facet normal 0.999934 -0.0114626 0
    outer loop
      vertex -3.87854 5.6674 20.6
      vertex -3.87598 5.89072 15.3
      vertex -3.87598 5.89072 20.6
    endloop
  endfacet
  facet normal 0.999934 -0.0114626 0
    outer loop
      vertex -3.87598 5.89072 15.3
      vertex -3.87854 5.6674 20.6
      vertex -3.87854 5.6674 15.3
    endloop
  endfacet
  facet normal 0.99922 0.0394889 0
    outer loop
      vertex -3.87097 5.47585 20.6
      vertex -3.87854 5.6674 15.3
      vertex -3.87854 5.6674 20.6
    endloop
  endfacet
  facet normal 0.99922 0.0394889 0
    outer loop
      vertex -3.87854 5.6674 15.3
      vertex -3.87097 5.47585 20.6
      vertex -3.87097 5.47585 15.3
    endloop
  endfacet
  facet normal 0.995592 0.0937869 0
    outer loop
      vertex -3.85339 5.28923 20.6
      vertex -3.87097 5.47585 15.3
      vertex -3.87097 5.47585 20.6
    endloop
  endfacet
  facet normal 0.995592 0.0937869 0
    outer loop
      vertex -3.87097 5.47585 15.3
      vertex -3.85339 5.28923 20.6
      vertex -3.85339 5.28923 15.3
    endloop
  endfacet
  facet normal 0.988462 0.151471 0
    outer loop
      vertex -3.82564 5.10814 20.6
      vertex -3.85339 5.28923 15.3
      vertex -3.85339 5.28923 20.6
    endloop
  endfacet
  facet normal 0.988462 0.151471 0
    outer loop
      vertex -3.85339 5.28923 15.3
      vertex -3.82564 5.10814 20.6
      vertex -3.82564 5.10814 15.3
    endloop
  endfacet
  facet normal 0.976672 0.214736 0
    outer loop
      vertex -3.78719 4.93326 20.6
      vertex -3.82564 5.10814 15.3
      vertex -3.82564 5.10814 20.6
    endloop
  endfacet
  facet normal 0.976672 0.214736 0
    outer loop
      vertex -3.82564 5.10814 15.3
      vertex -3.78719 4.93326 20.6
      vertex -3.78719 4.93326 15.3
    endloop
  endfacet
  facet normal 0.95844 0.285295 0
    outer loop
      vertex -3.7372 4.76532 20.6
      vertex -3.78719 4.93326 15.3
      vertex -3.78719 4.93326 20.6
    endloop
  endfacet
  facet normal 0.95844 0.285295 0
    outer loop
      vertex -3.78719 4.93326 15.3
      vertex -3.7372 4.76532 20.6
      vertex -3.7372 4.76532 15.3
    endloop
  endfacet
  facet normal 0.929475 0.368886 0
    outer loop
      vertex -3.67368 4.60527 20.6
      vertex -3.7372 4.76532 15.3
      vertex -3.7372 4.76532 20.6
    endloop
  endfacet
  facet normal 0.929475 0.368886 0
    outer loop
      vertex -3.7372 4.76532 15.3
      vertex -3.67368 4.60527 20.6
      vertex -3.67368 4.60527 15.3
    endloop
  endfacet
  facet normal 0.872439 0.488724 0
    outer loop
      vertex -3.59093 4.45755 20.6
      vertex -3.67368 4.60527 15.3
      vertex -3.67368 4.60527 20.6
    endloop
  endfacet
  facet normal 0.872439 0.488724 0
    outer loop
      vertex -3.67368 4.60527 15.3
      vertex -3.59093 4.45755 20.6
      vertex -3.59093 4.45755 15.3
    endloop
  endfacet
  facet normal 0.784195 0.620514 0
    outer loop
      vertex -3.27643 4.06009 20.6
      vertex -3.59093 4.45755 15.3
      vertex -3.59093 4.45755 20.6
    endloop
  endfacet
  facet normal 0.784195 0.620514 0
    outer loop
      vertex -3.59093 4.45755 15.3
      vertex -3.27643 4.06009 20.6
      vertex -3.27643 4.06009 15.3
    endloop
  endfacet
  facet normal 0.659349 -0.751837 0
    outer loop
      vertex -3.69394 3.69394 15.3
      vertex -3.27643 4.06009 20.6
      vertex -3.69394 3.69394 20.6
    endloop
  endfacet
  facet normal 0.659349 -0.751837 0
    outer loop
      vertex -3.27643 4.06009 20.6
      vertex -3.69394 3.69394 15.3
      vertex -3.27643 4.06009 15.3
    endloop
  endfacet
  facet normal 0.751837 -0.659349 0
    outer loop
      vertex -4.06009 3.27643 20.6
      vertex -3.69394 3.69394 15.3
      vertex -3.69394 3.69394 20.6
    endloop
  endfacet
  facet normal 0.751837 -0.659349 0
    outer loop
      vertex -3.69394 3.69394 15.3
      vertex -4.06009 3.27643 20.6
      vertex -4.06009 3.27643 15.3
    endloop
  endfacet
  facet normal -0.620514 -0.784195 0
    outer loop
      vertex -4.45755 3.59093 15.3
      vertex -4.06009 3.27643 20.6
      vertex -4.45755 3.59093 20.6
    endloop
  endfacet
  facet normal -0.620514 -0.784195 -0
    outer loop
      vertex -4.06009 3.27643 20.6
      vertex -4.45755 3.59093 15.3
      vertex -4.06009 3.27643 15.3
    endloop
  endfacet
  facet normal -0.488724 -0.872439 0
    outer loop
      vertex -4.60527 3.67368 15.3
      vertex -4.45755 3.59093 20.6
      vertex -4.60527 3.67368 20.6
    endloop
  endfacet
  facet normal -0.488724 -0.872439 -0
    outer loop
      vertex -4.45755 3.59093 20.6
      vertex -4.60527 3.67368 15.3
      vertex -4.45755 3.59093 15.3
    endloop
  endfacet
  facet normal -0.368886 -0.929475 0
    outer loop
      vertex -4.76532 3.7372 15.3
      vertex -4.60527 3.67368 20.6
      vertex -4.76532 3.7372 20.6
    endloop
  endfacet
  facet normal -0.368886 -0.929475 -0
    outer loop
      vertex -4.60527 3.67368 20.6
      vertex -4.76532 3.7372 15.3
      vertex -4.60527 3.67368 15.3
    endloop
  endfacet
  facet normal -0.285295 -0.95844 0
    outer loop
      vertex -4.93326 3.78719 15.3
      vertex -4.76532 3.7372 20.6
      vertex -4.93326 3.78719 20.6
    endloop
  endfacet
  facet normal -0.285295 -0.95844 -0
    outer loop
      vertex -4.76532 3.7372 20.6
      vertex -4.93326 3.78719 15.3
      vertex -4.76532 3.7372 15.3
    endloop
  endfacet
  facet normal -0.214736 -0.976672 0
    outer loop
      vertex -5.10814 3.82564 15.3
      vertex -4.93326 3.78719 20.6
      vertex -5.10814 3.82564 20.6
    endloop
  endfacet
  facet normal -0.214736 -0.976672 -0
    outer loop
      vertex -4.93326 3.78719 20.6
      vertex -5.10814 3.82564 15.3
      vertex -4.93326 3.78719 15.3
    endloop
  endfacet
  facet normal -0.151471 -0.988462 0
    outer loop
      vertex -5.28923 3.85339 15.3
      vertex -5.10814 3.82564 20.6
      vertex -5.28923 3.85339 20.6
    endloop
  endfacet
  facet normal -0.151471 -0.988462 -0
    outer loop
      vertex -5.10814 3.82564 20.6
      vertex -5.28923 3.85339 15.3
      vertex -5.10814 3.82564 15.3
    endloop
  endfacet
  facet normal -0.0937869 -0.995592 0
    outer loop
      vertex -5.47585 3.87097 15.3
      vertex -5.28923 3.85339 20.6
      vertex -5.47585 3.87097 20.6
    endloop
  endfacet
  facet normal -0.0937869 -0.995592 -0
    outer loop
      vertex -5.28923 3.85339 20.6
      vertex -5.47585 3.87097 15.3
      vertex -5.28923 3.85339 15.3
    endloop
  endfacet
  facet normal -0.0394889 -0.99922 0
    outer loop
      vertex -5.6674 3.87854 15.3
      vertex -5.47585 3.87097 20.6
      vertex -5.6674 3.87854 20.6
    endloop
  endfacet
  facet normal -0.0394889 -0.99922 -0
    outer loop
      vertex -5.47585 3.87097 20.6
      vertex -5.6674 3.87854 15.3
      vertex -5.47585 3.87097 15.3
    endloop
  endfacet
  facet normal 0.0114626 -0.999934 0
    outer loop
      vertex -5.89072 3.87598 15.3
      vertex -5.6674 3.87854 20.6
      vertex -5.89072 3.87598 20.6
    endloop
  endfacet
  facet normal 0.0114626 -0.999934 0
    outer loop
      vertex -5.6674 3.87854 20.6
      vertex -5.89072 3.87598 15.3
      vertex -5.6674 3.87854 15.3
    endloop
  endfacet
  facet normal 0.866027 -0.499997 0
    outer loop
      vertex -6.30205 3.16353 20.6
      vertex -5.89072 3.87598 15.3
      vertex -5.89072 3.87598 20.6
    endloop
  endfacet
  facet normal 0.866027 -0.499997 0
    outer loop
      vertex -5.89072 3.87598 15.3
      vertex -6.30205 3.16353 20.6
      vertex -6.30205 3.16353 15.3
    endloop
  endfacet
  facet normal 0.871715 0.490013 0
    outer loop
      vertex -6.19261 2.96884 20.6
      vertex -6.30205 3.16353 15.3
      vertex -6.30205 3.16353 20.6
    endloop
  endfacet
  facet normal 0.871715 0.490013 0
    outer loop
      vertex -6.30205 3.16353 15.3
      vertex -6.19261 2.96884 20.6
      vertex -6.19261 2.96884 15.3
    endloop
  endfacet
  facet normal 0.84561 0.533801 0
    outer loop
      vertex -6.09027 2.80672 20.6
      vertex -6.19261 2.96884 15.3
      vertex -6.19261 2.96884 20.6
    endloop
  endfacet
  facet normal 0.84561 0.533801 0
    outer loop
      vertex -6.19261 2.96884 15.3
      vertex -6.09027 2.80672 20.6
      vertex -6.09027 2.80672 15.3
    endloop
  endfacet
  facet normal 0.815338 0.578985 0
    outer loop
      vertex -5.98175 2.6539 20.6
      vertex -6.09027 2.80672 15.3
      vertex -6.09027 2.80672 20.6
    endloop
  endfacet
  facet normal 0.815338 0.578985 0
    outer loop
      vertex -6.09027 2.80672 15.3
      vertex -5.98175 2.6539 20.6
      vertex -5.98175 2.6539 15.3
    endloop
  endfacet
  facet normal 0.780261 0.625454 0
    outer loop
      vertex -5.86717 2.51096 20.6
      vertex -5.98175 2.6539 15.3
      vertex -5.98175 2.6539 20.6
    endloop
  endfacet
  facet normal 0.780261 0.625454 0
    outer loop
      vertex -5.98175 2.6539 15.3
      vertex -5.86717 2.51096 20.6
      vertex -5.86717 2.51096 15.3
    endloop
  endfacet
  facet normal 0.738488 0.674267 0
    outer loop
      vertex -5.74643 2.37872 20.6
      vertex -5.86717 2.51096 15.3
      vertex -5.86717 2.51096 20.6
    endloop
  endfacet
  facet normal 0.738488 0.674267 0
    outer loop
      vertex -5.86717 2.51096 15.3
      vertex -5.74643 2.37872 20.6
      vertex -5.74643 2.37872 15.3
    endloop
  endfacet
  facet normal 0.687347 0.726329 -0
    outer loop
      vertex -5.61917 2.25829 15.3
      vertex -5.74643 2.37872 20.6
      vertex -5.61917 2.25829 20.6
    endloop
  endfacet
  facet normal 0.687347 0.726329 0
    outer loop
      vertex -5.74643 2.37872 20.6
      vertex -5.61917 2.25829 15.3
      vertex -5.74643 2.37872 15.3
    endloop
  endfacet
  facet normal 0.620536 0.784178 -0
    outer loop
      vertex -5.48413 2.15143 15.3
      vertex -5.61917 2.25829 20.6
      vertex -5.48413 2.15143 20.6
    endloop
  endfacet
  facet normal 0.620536 0.784178 0
    outer loop
      vertex -5.61917 2.25829 20.6
      vertex -5.48413 2.15143 15.3
      vertex -5.61917 2.25829 15.3
    endloop
  endfacet
  facet normal 0.511209 0.859457 -0
    outer loop
      vertex -5.33862 2.06488 15.3
      vertex -5.48413 2.15143 20.6
      vertex -5.33862 2.06488 20.6
    endloop
  endfacet
  facet normal 0.511209 0.859457 0
    outer loop
      vertex -5.48413 2.15143 20.6
      vertex -5.33862 2.06488 15.3
      vertex -5.48413 2.15143 15.3
    endloop
  endfacet
  facet normal 0.368869 0.929481 -0
    outer loop
      vertex -4.86749 1.87791 15.3
      vertex -5.33862 2.06488 20.6
      vertex -4.86749 1.87791 20.6
    endloop
  endfacet
  facet normal 0.368869 0.929481 0
    outer loop
      vertex -5.33862 2.06488 20.6
      vertex -4.86749 1.87791 15.3
      vertex -5.33862 2.06488 15.3
    endloop
  endfacet
  facet normal 0.946918 -0.321474 0
    outer loop
      vertex -5.04601 1.35207 20.6
      vertex -4.86749 1.87791 15.3
      vertex -4.86749 1.87791 20.6
    endloop
  endfacet
  facet normal 0.946918 -0.321474 0
    outer loop
      vertex -4.86749 1.87791 15.3
      vertex -5.04601 1.35207 20.6
      vertex -5.04601 1.35207 15.3
    endloop
  endfacet
  facet normal 0.980787 -0.195082 0
    outer loop
      vertex -5.15434 0.807434 20.6
      vertex -5.04601 1.35207 15.3
      vertex -5.04601 1.35207 20.6
    endloop
  endfacet
  facet normal 0.980787 -0.195082 0
    outer loop
      vertex -5.04601 1.35207 15.3
      vertex -5.15434 0.807434 20.6
      vertex -5.15434 0.807434 15.3
    endloop
  endfacet
  facet normal -0.14528 -0.989391 0
    outer loop
      vertex -5.65584 0.881073 15.3
      vertex -5.15434 0.807434 20.6
      vertex -5.65584 0.881073 20.6
    endloop
  endfacet
  facet normal -0.14528 -0.989391 -0
    outer loop
      vertex -5.15434 0.807434 20.6
      vertex -5.65584 0.881073 15.3
      vertex -5.15434 0.807434 15.3
    endloop
  endfacet
  facet normal 0.0129774 -0.999916 0
    outer loop
      vertex -5.82512 0.878876 15.3
      vertex -5.65584 0.881073 20.6
      vertex -5.82512 0.878876 20.6
    endloop
  endfacet
  facet normal 0.0129774 -0.999916 0
    outer loop
      vertex -5.65584 0.881073 20.6
      vertex -5.82512 0.878876 15.3
      vertex -5.65584 0.881073 15.3
    endloop
  endfacet
  facet normal 0.14531 -0.989386 0
    outer loop
      vertex -5.99551 0.853851 15.3
      vertex -5.82512 0.878876 20.6
      vertex -5.99551 0.853851 20.6
    endloop
  endfacet
  facet normal 0.14531 -0.989386 0
    outer loop
      vertex -5.82512 0.878876 20.6
      vertex -5.99551 0.853851 15.3
      vertex -5.82512 0.878876 15.3
    endloop
  endfacet
  facet normal 0.232108 -0.97269 0
    outer loop
      vertex -6.16592 0.813187 15.3
      vertex -5.99551 0.853851 20.6
      vertex -6.16592 0.813187 20.6
    endloop
  endfacet
  facet normal 0.232108 -0.97269 0
    outer loop
      vertex -5.99551 0.853851 20.6
      vertex -6.16592 0.813187 15.3
      vertex -5.99551 0.853851 15.3
    endloop
  endfacet
  facet normal 0.30241 -0.953178 0
    outer loop
      vertex -6.33661 0.759033 15.3
      vertex -6.16592 0.813187 20.6
      vertex -6.33661 0.759033 20.6
    endloop
  endfacet
  facet normal 0.30241 -0.953178 0
    outer loop
      vertex -6.16592 0.813187 20.6
      vertex -6.33661 0.759033 15.3
      vertex -6.16592 0.813187 15.3
    endloop
  endfacet
  facet normal 0.36299 -0.931793 0
    outer loop
      vertex -6.50731 0.692535 15.3
      vertex -6.33661 0.759033 20.6
      vertex -6.50731 0.692535 20.6
    endloop
  endfacet
  facet normal 0.36299 -0.931793 0
    outer loop
      vertex -6.33661 0.759033 20.6
      vertex -6.50731 0.692535 15.3
      vertex -6.33661 0.759033 15.3
    endloop
  endfacet
  facet normal 0.416648 -0.909068 0
    outer loop
      vertex -6.6777 0.614441 15.3
      vertex -6.50731 0.692535 20.6
      vertex -6.6777 0.614441 20.6
    endloop
  endfacet
  facet normal 0.416648 -0.909068 0
    outer loop
      vertex -6.50731 0.692535 20.6
      vertex -6.6777 0.614441 15.3
      vertex -6.50731 0.692535 15.3
    endloop
  endfacet
  facet normal 0.465408 -0.885096 0
    outer loop
      vertex -6.8474 0.525208 15.3
      vertex -6.6777 0.614441 20.6
      vertex -6.8474 0.525208 20.6
    endloop
  endfacet
  facet normal 0.465408 -0.885096 0
    outer loop
      vertex -6.6777 0.614441 20.6
      vertex -6.8474 0.525208 15.3
      vertex -6.6777 0.614441 15.3
    endloop
  endfacet
  facet normal 0.509896 -0.860236 0
    outer loop
      vertex -7.03952 0.411331 15.3
      vertex -6.8474 0.525208 20.6
      vertex -7.03952 0.411331 20.6
    endloop
  endfacet
  facet normal 0.509896 -0.860236 0
    outer loop
      vertex -6.8474 0.525208 20.6
      vertex -7.03952 0.411331 15.3
      vertex -6.8474 0.525208 15.3
    endloop
  endfacet
  facet normal 1 -0 0
    outer loop
      vertex -7.03952 -0.411331 20.6
      vertex -7.03952 0.411331 15.3
      vertex -7.03952 0.411331 20.6
    endloop
  endfacet
  facet normal 1 0 0
    outer loop
      vertex -7.03952 0.411331 15.3
      vertex -7.03952 -0.411331 20.6
      vertex -7.03952 -0.411331 15.3
    endloop
  endfacet
  facet normal 0.509896 0.860236 -0
    outer loop
      vertex -6.8474 -0.525208 15.3
      vertex -7.03952 -0.411331 20.6
      vertex -6.8474 -0.525208 20.6
    endloop
  endfacet
  facet normal 0.509896 0.860236 0
    outer loop
      vertex -7.03952 -0.411331 20.6
      vertex -6.8474 -0.525208 15.3
      vertex -7.03952 -0.411331 15.3
    endloop
  endfacet
  facet normal 0.465408 0.885096 -0
    outer loop
      vertex -6.6777 -0.614441 15.3
      vertex -6.8474 -0.525208 20.6
      vertex -6.6777 -0.614441 20.6
    endloop
  endfacet
  facet normal 0.465408 0.885096 0
    outer loop
      vertex -6.8474 -0.525208 20.6
      vertex -6.6777 -0.614441 15.3
      vertex -6.8474 -0.525208 15.3
    endloop
  endfacet
  facet normal 0.416648 0.909068 -0
    outer loop
      vertex -6.50731 -0.692535 15.3
      vertex -6.6777 -0.614441 20.6
      vertex -6.50731 -0.692535 20.6
    endloop
  endfacet
  facet normal 0.416648 0.909068 0
    outer loop
      vertex -6.6777 -0.614441 20.6
      vertex -6.50731 -0.692535 15.3
      vertex -6.6777 -0.614441 15.3
    endloop
  endfacet
  facet normal 0.36299 0.931793 -0
    outer loop
      vertex -6.33661 -0.759033 15.3
      vertex -6.50731 -0.692535 20.6
      vertex -6.33661 -0.759033 20.6
    endloop
  endfacet
  facet normal 0.36299 0.931793 0
    outer loop
      vertex -6.50731 -0.692535 20.6
      vertex -6.33661 -0.759033 15.3
      vertex -6.50731 -0.692535 15.3
    endloop
  endfacet
  facet normal 0.30241 0.953178 -0
    outer loop
      vertex -6.16592 -0.813187 15.3
      vertex -6.33661 -0.759033 20.6
      vertex -6.16592 -0.813187 20.6
    endloop
  endfacet
  facet normal 0.30241 0.953178 0
    outer loop
      vertex -6.33661 -0.759033 20.6
      vertex -6.16592 -0.813187 15.3
      vertex -6.33661 -0.759033 15.3
    endloop
  endfacet
  facet normal 0.232108 0.97269 -0
    outer loop
      vertex -5.99551 -0.853851 15.3
      vertex -6.16592 -0.813187 20.6
      vertex -5.99551 -0.853851 20.6
    endloop
  endfacet
  facet normal 0.232108 0.97269 0
    outer loop
      vertex -6.16592 -0.813187 20.6
      vertex -5.99551 -0.853851 15.3
      vertex -6.16592 -0.813187 15.3
    endloop
  endfacet
  facet normal 0.14531 0.989386 -0
    outer loop
      vertex -5.82512 -0.878876 15.3
      vertex -5.99551 -0.853851 20.6
      vertex -5.82512 -0.878876 20.6
    endloop
  endfacet
  facet normal 0.14531 0.989386 0
    outer loop
      vertex -5.99551 -0.853851 20.6
      vertex -5.82512 -0.878876 15.3
      vertex -5.99551 -0.853851 15.3
    endloop
  endfacet
  facet normal 0.0129774 0.999916 -0
    outer loop
      vertex -5.65584 -0.881073 15.3
      vertex -5.82512 -0.878876 20.6
      vertex -5.65584 -0.881073 20.6
    endloop
  endfacet
  facet normal 0.0129774 0.999916 0
    outer loop
      vertex -5.82512 -0.878876 20.6
      vertex -5.65584 -0.881073 15.3
      vertex -5.82512 -0.878876 15.3
    endloop
  endfacet
  facet normal -0.14528 0.989391 0
    outer loop
      vertex -5.15434 -0.807434 15.3
      vertex -5.65584 -0.881073 20.6
      vertex -5.15434 -0.807434 20.6
    endloop
  endfacet
  facet normal -0.14528 0.989391 0
    outer loop
      vertex -5.65584 -0.881073 20.6
      vertex -5.15434 -0.807434 15.3
      vertex -5.65584 -0.881073 15.3
    endloop
  endfacet
  facet normal 0.980787 0.195082 0
    outer loop
      vertex -5.04601 -1.35207 20.6
      vertex -5.15434 -0.807434 15.3
      vertex -5.15434 -0.807434 20.6
    endloop
  endfacet
  facet normal 0.980787 0.195082 0
    outer loop
      vertex -5.15434 -0.807434 15.3
      vertex -5.04601 -1.35207 20.6
      vertex -5.04601 -1.35207 15.3
    endloop
  endfacet
  facet normal 0.946918 0.321474 0
    outer loop
      vertex -4.86749 -1.87791 20.6
      vertex -5.04601 -1.35207 15.3
      vertex -5.04601 -1.35207 20.6
    endloop
  endfacet
  facet normal 0.946918 0.321474 0
    outer loop
      vertex -5.04601 -1.35207 15.3
      vertex -4.86749 -1.87791 20.6
      vertex -4.86749 -1.87791 15.3
    endloop
  endfacet
  facet normal 0.368869 -0.929481 0
    outer loop
      vertex -5.33862 -2.06488 15.3
      vertex -4.86749 -1.87791 20.6
      vertex -5.33862 -2.06488 20.6
    endloop
  endfacet
  facet normal 0.368869 -0.929481 0
    outer loop
      vertex -4.86749 -1.87791 20.6
      vertex -5.33862 -2.06488 15.3
      vertex -4.86749 -1.87791 15.3
    endloop
  endfacet
  facet normal 0.511209 -0.859457 0
    outer loop
      vertex -5.48413 -2.15143 15.3
      vertex -5.33862 -2.06488 20.6
      vertex -5.48413 -2.15143 20.6
    endloop
  endfacet
  facet normal 0.511209 -0.859457 0
    outer loop
      vertex -5.33862 -2.06488 20.6
      vertex -5.48413 -2.15143 15.3
      vertex -5.33862 -2.06488 15.3
    endloop
  endfacet
  facet normal 0.620536 -0.784178 0
    outer loop
      vertex -5.61917 -2.25829 15.3
      vertex -5.48413 -2.15143 20.6
      vertex -5.61917 -2.25829 20.6
    endloop
  endfacet
  facet normal 0.620536 -0.784178 0
    outer loop
      vertex -5.48413 -2.15143 20.6
      vertex -5.61917 -2.25829 15.3
      vertex -5.48413 -2.15143 15.3
    endloop
  endfacet
  facet normal 0.687347 -0.726329 0
    outer loop
      vertex -5.74643 -2.37872 15.3
      vertex -5.61917 -2.25829 20.6
      vertex -5.74643 -2.37872 20.6
    endloop
  endfacet
  facet normal 0.687347 -0.726329 0
    outer loop
      vertex -5.61917 -2.25829 20.6
      vertex -5.74643 -2.37872 15.3
      vertex -5.61917 -2.25829 15.3
    endloop
  endfacet
  facet normal 0.738488 -0.674267 0
    outer loop
      vertex -5.86717 -2.51096 20.6
      vertex -5.74643 -2.37872 15.3
      vertex -5.74643 -2.37872 20.6
    endloop
  endfacet
  facet normal 0.738488 -0.674267 0
    outer loop
      vertex -5.74643 -2.37872 15.3
      vertex -5.86717 -2.51096 20.6
      vertex -5.86717 -2.51096 15.3
    endloop
  endfacet
  facet normal 0.780261 -0.625454 0
    outer loop
      vertex -5.98175 -2.6539 20.6
      vertex -5.86717 -2.51096 15.3
      vertex -5.86717 -2.51096 20.6
    endloop
  endfacet
  facet normal 0.780261 -0.625454 0
    outer loop
      vertex -5.86717 -2.51096 15.3
      vertex -5.98175 -2.6539 20.6
      vertex -5.98175 -2.6539 15.3
    endloop
  endfacet
  facet normal 0.815338 -0.578985 0
    outer loop
      vertex -6.09027 -2.80672 20.6
      vertex -5.98175 -2.6539 15.3
      vertex -5.98175 -2.6539 20.6
    endloop
  endfacet
  facet normal 0.815338 -0.578985 0
    outer loop
      vertex -5.98175 -2.6539 15.3
      vertex -6.09027 -2.80672 20.6
      vertex -6.09027 -2.80672 15.3
    endloop
  endfacet
  facet normal 0.84561 -0.533801 0
    outer loop
      vertex -6.19261 -2.96884 20.6
      vertex -6.09027 -2.80672 15.3
      vertex -6.09027 -2.80672 20.6
    endloop
  endfacet
  facet normal 0.84561 -0.533801 0
    outer loop
      vertex -6.09027 -2.80672 15.3
      vertex -6.19261 -2.96884 20.6
      vertex -6.19261 -2.96884 15.3
    endloop
  endfacet
  facet normal 0.871715 -0.490013 0
    outer loop
      vertex -6.30205 -3.16353 20.6
      vertex -6.19261 -2.96884 15.3
      vertex -6.19261 -2.96884 20.6
    endloop
  endfacet
  facet normal 0.871715 -0.490013 0
    outer loop
      vertex -6.19261 -2.96884 15.3
      vertex -6.30205 -3.16353 20.6
      vertex -6.30205 -3.16353 15.3
    endloop
  endfacet
  facet normal 0.866027 0.499997 0
    outer loop
      vertex -5.89072 -3.87598 20.6
      vertex -6.30205 -3.16353 15.3
      vertex -6.30205 -3.16353 20.6
    endloop
  endfacet
  facet normal 0.866027 0.499997 0
    outer loop
      vertex -6.30205 -3.16353 15.3
      vertex -5.89072 -3.87598 20.6
      vertex -5.89072 -3.87598 15.3
    endloop
  endfacet
  facet normal 0.0114626 0.999934 -0
    outer loop
      vertex -5.6674 -3.87854 15.3
      vertex -5.89072 -3.87598 20.6
      vertex -5.6674 -3.87854 20.6
    endloop
  endfacet
  facet normal 0.0114626 0.999934 0
    outer loop
      vertex -5.89072 -3.87598 20.6
      vertex -5.6674 -3.87854 15.3
      vertex -5.89072 -3.87598 15.3
    endloop
  endfacet
  facet normal -0.0394889 0.99922 0
    outer loop
      vertex -5.47585 -3.87097 15.3
      vertex -5.6674 -3.87854 20.6
      vertex -5.47585 -3.87097 20.6
    endloop
  endfacet
  facet normal -0.0394889 0.99922 0
    outer loop
      vertex -5.6674 -3.87854 20.6
      vertex -5.47585 -3.87097 15.3
      vertex -5.6674 -3.87854 15.3
    endloop
  endfacet
  facet normal -0.0937869 0.995592 0
    outer loop
      vertex -5.28923 -3.85339 15.3
      vertex -5.47585 -3.87097 20.6
      vertex -5.28923 -3.85339 20.6
    endloop
  endfacet
  facet normal -0.0937869 0.995592 0
    outer loop
      vertex -5.47585 -3.87097 20.6
      vertex -5.28923 -3.85339 15.3
      vertex -5.47585 -3.87097 15.3
    endloop
  endfacet
  facet normal -0.151471 0.988462 0
    outer loop
      vertex -5.10814 -3.82564 15.3
      vertex -5.28923 -3.85339 20.6
      vertex -5.10814 -3.82564 20.6
    endloop
  endfacet
  facet normal -0.151471 0.988462 0
    outer loop
      vertex -5.28923 -3.85339 20.6
      vertex -5.10814 -3.82564 15.3
      vertex -5.28923 -3.85339 15.3
    endloop
  endfacet
  facet normal -0.214736 0.976672 0
    outer loop
      vertex -4.93326 -3.78719 15.3
      vertex -5.10814 -3.82564 20.6
      vertex -4.93326 -3.78719 20.6
    endloop
  endfacet
  facet normal -0.214736 0.976672 0
    outer loop
      vertex -5.10814 -3.82564 20.6
      vertex -4.93326 -3.78719 15.3
      vertex -5.10814 -3.82564 15.3
    endloop
  endfacet
  facet normal -0.285295 0.95844 0
    outer loop
      vertex -4.76532 -3.7372 15.3
      vertex -4.93326 -3.78719 20.6
      vertex -4.76532 -3.7372 20.6
    endloop
  endfacet
  facet normal -0.285295 0.95844 0
    outer loop
      vertex -4.93326 -3.78719 20.6
      vertex -4.76532 -3.7372 15.3
      vertex -4.93326 -3.78719 15.3
    endloop
  endfacet
  facet normal -0.368886 0.929475 0
    outer loop
      vertex -4.60527 -3.67368 15.3
      vertex -4.76532 -3.7372 20.6
      vertex -4.60527 -3.67368 20.6
    endloop
  endfacet
  facet normal -0.368886 0.929475 0
    outer loop
      vertex -4.76532 -3.7372 20.6
      vertex -4.60527 -3.67368 15.3
      vertex -4.76532 -3.7372 15.3
    endloop
  endfacet
  facet normal -0.488724 0.872439 0
    outer loop
      vertex -4.45755 -3.59093 15.3
      vertex -4.60527 -3.67368 20.6
      vertex -4.45755 -3.59093 20.6
    endloop
  endfacet
  facet normal -0.488724 0.872439 0
    outer loop
      vertex -4.60527 -3.67368 20.6
      vertex -4.45755 -3.59093 15.3
      vertex -4.60527 -3.67368 15.3
    endloop
  endfacet
  facet normal -0.620514 0.784195 0
    outer loop
      vertex -4.06009 -3.27643 15.3
      vertex -4.45755 -3.59093 20.6
      vertex -4.06009 -3.27643 20.6
    endloop
  endfacet
  facet normal -0.620514 0.784195 0
    outer loop
      vertex -4.45755 -3.59093 20.6
      vertex -4.06009 -3.27643 15.3
      vertex -4.45755 -3.59093 15.3
    endloop
  endfacet
  facet normal 0.751837 0.659349 0
    outer loop
      vertex -3.69394 -3.69394 20.6
      vertex -4.06009 -3.27643 15.3
      vertex -4.06009 -3.27643 20.6
    endloop
  endfacet
  facet normal 0.751837 0.659349 0
    outer loop
      vertex -4.06009 -3.27643 15.3
      vertex -3.69394 -3.69394 20.6
      vertex -3.69394 -3.69394 15.3
    endloop
  endfacet
  facet normal 0.659349 0.751837 -0
    outer loop
      vertex -3.27643 -4.06009 15.3
      vertex -3.69394 -3.69394 20.6
      vertex -3.27643 -4.06009 20.6
    endloop
  endfacet
  facet normal 0.659349 0.751837 0
    outer loop
      vertex -3.69394 -3.69394 20.6
      vertex -3.27643 -4.06009 15.3
      vertex -3.69394 -3.69394 15.3
    endloop
  endfacet
  facet normal 0.784195 -0.620514 0
    outer loop
      vertex -3.59093 -4.45755 20.6
      vertex -3.27643 -4.06009 15.3
      vertex -3.27643 -4.06009 20.6
    endloop
  endfacet
  facet normal 0.784195 -0.620514 0
    outer loop
      vertex -3.27643 -4.06009 15.3
      vertex -3.59093 -4.45755 20.6
      vertex -3.59093 -4.45755 15.3
    endloop
  endfacet
  facet normal 0.872439 -0.488724 0
    outer loop
      vertex -3.67368 -4.60527 20.6
      vertex -3.59093 -4.45755 15.3
      vertex -3.59093 -4.45755 20.6
    endloop
  endfacet
  facet normal 0.872439 -0.488724 0
    outer loop
      vertex -3.59093 -4.45755 15.3
      vertex -3.67368 -4.60527 20.6
      vertex -3.67368 -4.60527 15.3
    endloop
  endfacet
  facet normal 0.929475 -0.368886 0
    outer loop
      vertex -3.7372 -4.76532 20.6
      vertex -3.67368 -4.60527 15.3
      vertex -3.67368 -4.60527 20.6
    endloop
  endfacet
  facet normal 0.929475 -0.368886 0
    outer loop
      vertex -3.67368 -4.60527 15.3
      vertex -3.7372 -4.76532 20.6
      vertex -3.7372 -4.76532 15.3
    endloop
  endfacet
  facet normal 0.95844 -0.285295 0
    outer loop
      vertex -3.78719 -4.93326 20.6
      vertex -3.7372 -4.76532 15.3
      vertex -3.7372 -4.76532 20.6
    endloop
  endfacet
  facet normal 0.95844 -0.285295 0
    outer loop
      vertex -3.7372 -4.76532 15.3
      vertex -3.78719 -4.93326 20.6
      vertex -3.78719 -4.93326 15.3
    endloop
  endfacet
  facet normal 0.976672 -0.214736 0
    outer loop
      vertex -3.82564 -5.10814 20.6
      vertex -3.78719 -4.93326 15.3
      vertex -3.78719 -4.93326 20.6
    endloop
  endfacet
  facet normal 0.976672 -0.214736 0
    outer loop
      vertex -3.78719 -4.93326 15.3
      vertex -3.82564 -5.10814 20.6
      vertex -3.82564 -5.10814 15.3
    endloop
  endfacet
  facet normal 0.988462 -0.151471 0
    outer loop
      vertex -3.85339 -5.28923 20.6
      vertex -3.82564 -5.10814 15.3
      vertex -3.82564 -5.10814 20.6
    endloop
  endfacet
  facet normal 0.988462 -0.151471 0
    outer loop
      vertex -3.82564 -5.10814 15.3
      vertex -3.85339 -5.28923 20.6
      vertex -3.85339 -5.28923 15.3
    endloop
  endfacet
  facet normal 0.995592 -0.0937869 0
    outer loop
      vertex -3.87097 -5.47585 20.6
      vertex -3.85339 -5.28923 15.3
      vertex -3.85339 -5.28923 20.6
    endloop
  endfacet
  facet normal 0.995592 -0.0937869 0
    outer loop
      vertex -3.85339 -5.28923 15.3
      vertex -3.87097 -5.47585 20.6
      vertex -3.87097 -5.47585 15.3
    endloop
  endfacet
  facet normal 0.99922 -0.0394889 0
    outer loop
      vertex -3.87854 -5.6674 20.6
      vertex -3.87097 -5.47585 15.3
      vertex -3.87097 -5.47585 20.6
    endloop
  endfacet
  facet normal 0.99922 -0.0394889 0
    outer loop
      vertex -3.87097 -5.47585 15.3
      vertex -3.87854 -5.6674 20.6
      vertex -3.87854 -5.6674 15.3
    endloop
  endfacet
  facet normal 0.999934 0.0114626 0
    outer loop
      vertex -3.87598 -5.89072 20.6
      vertex -3.87854 -5.6674 15.3
      vertex -3.87854 -5.6674 20.6
    endloop
  endfacet
  facet normal 0.999934 0.0114626 0
    outer loop
      vertex -3.87854 -5.6674 15.3
      vertex -3.87598 -5.89072 20.6
      vertex -3.87598 -5.89072 15.3
    endloop
  endfacet
  facet normal 0.499997 0.866027 -0
    outer loop
      vertex -3.16353 -6.30205 15.3
      vertex -3.87598 -5.89072 20.6
      vertex -3.16353 -6.30205 20.6
    endloop
  endfacet
  facet normal 0.499997 0.866027 0
    outer loop
      vertex -3.87598 -5.89072 20.6
      vertex -3.16353 -6.30205 15.3
      vertex -3.87598 -5.89072 15.3
    endloop
  endfacet
  facet normal -0.490013 0.871715 0
    outer loop
      vertex -2.96884 -6.19261 15.3
      vertex -3.16353 -6.30205 20.6
      vertex -2.96884 -6.19261 20.6
    endloop
  endfacet
  facet normal -0.490013 0.871715 0
    outer loop
      vertex -3.16353 -6.30205 20.6
      vertex -2.96884 -6.19261 15.3
      vertex -3.16353 -6.30205 15.3
    endloop
  endfacet
  facet normal -0.533801 0.84561 0
    outer loop
      vertex -2.80672 -6.09027 15.3
      vertex -2.96884 -6.19261 20.6
      vertex -2.80672 -6.09027 20.6
    endloop
  endfacet
  facet normal -0.533801 0.84561 0
    outer loop
      vertex -2.96884 -6.19261 20.6
      vertex -2.80672 -6.09027 15.3
      vertex -2.96884 -6.19261 15.3
    endloop
  endfacet
  facet normal -0.578985 0.815338 0
    outer loop
      vertex -2.6539 -5.98175 15.3
      vertex -2.80672 -6.09027 20.6
      vertex -2.6539 -5.98175 20.6
    endloop
  endfacet
  facet normal -0.578985 0.815338 0
    outer loop
      vertex -2.80672 -6.09027 20.6
      vertex -2.6539 -5.98175 15.3
      vertex -2.80672 -6.09027 15.3
    endloop
  endfacet
  facet normal -0.625454 0.780261 0
    outer loop
      vertex -2.51096 -5.86717 15.3
      vertex -2.6539 -5.98175 20.6
      vertex -2.51096 -5.86717 20.6
    endloop
  endfacet
  facet normal -0.625454 0.780261 0
    outer loop
      vertex -2.6539 -5.98175 20.6
      vertex -2.51096 -5.86717 15.3
      vertex -2.6539 -5.98175 15.3
    endloop
  endfacet
  facet normal -0.674267 0.738488 0
    outer loop
      vertex -2.37872 -5.74643 15.3
      vertex -2.51096 -5.86717 20.6
      vertex -2.37872 -5.74643 20.6
    endloop
  endfacet
  facet normal -0.674267 0.738488 0
    outer loop
      vertex -2.51096 -5.86717 20.6
      vertex -2.37872 -5.74643 15.3
      vertex -2.51096 -5.86717 15.3
    endloop
  endfacet
  facet normal -0.726329 0.687347 0
    outer loop
      vertex -2.37872 -5.74643 15.3
      vertex -2.25829 -5.61917 20.6
      vertex -2.25829 -5.61917 15.3
    endloop
  endfacet
  facet normal -0.726329 0.687347 0
    outer loop
      vertex -2.25829 -5.61917 20.6
      vertex -2.37872 -5.74643 15.3
      vertex -2.37872 -5.74643 20.6
    endloop
  endfacet
  facet normal -0.784178 0.620536 0
    outer loop
      vertex -2.25829 -5.61917 15.3
      vertex -2.15143 -5.48413 20.6
      vertex -2.15143 -5.48413 15.3
    endloop
  endfacet
  facet normal -0.784178 0.620536 0
    outer loop
      vertex -2.15143 -5.48413 20.6
      vertex -2.25829 -5.61917 15.3
      vertex -2.25829 -5.61917 20.6
    endloop
  endfacet
  facet normal -0.859457 0.511209 0
    outer loop
      vertex -2.15143 -5.48413 15.3
      vertex -2.06488 -5.33862 20.6
      vertex -2.06488 -5.33862 15.3
    endloop
  endfacet
  facet normal -0.859457 0.511209 0
    outer loop
      vertex -2.06488 -5.33862 20.6
      vertex -2.15143 -5.48413 15.3
      vertex -2.15143 -5.48413 20.6
    endloop
  endfacet
  facet normal -0.929481 0.368869 0
    outer loop
      vertex -2.06488 -5.33862 15.3
      vertex -1.87791 -4.86749 20.6
      vertex -1.87791 -4.86749 15.3
    endloop
  endfacet
  facet normal -0.929481 0.368869 0
    outer loop
      vertex -1.87791 -4.86749 20.6
      vertex -2.06488 -5.33862 15.3
      vertex -2.06488 -5.33862 20.6
    endloop
  endfacet
  facet normal 0.321474 0.946918 -0
    outer loop
      vertex -1.35207 -5.04601 15.3
      vertex -1.87791 -4.86749 20.6
      vertex -1.35207 -5.04601 20.6
    endloop
  endfacet
  facet normal 0.321474 0.946918 0
    outer loop
      vertex -1.87791 -4.86749 20.6
      vertex -1.35207 -5.04601 15.3
      vertex -1.87791 -4.86749 15.3
    endloop
  endfacet
  facet normal 0.195082 0.980787 -0
    outer loop
      vertex -0.807434 -5.15434 15.3
      vertex -1.35207 -5.04601 20.6
      vertex -0.807434 -5.15434 20.6
    endloop
  endfacet
  facet normal 0.195082 0.980787 0
    outer loop
      vertex -1.35207 -5.04601 20.6
      vertex -0.807434 -5.15434 15.3
      vertex -1.35207 -5.04601 15.3
    endloop
  endfacet
  facet normal 0.989391 -0.14528 0
    outer loop
      vertex -0.881073 -5.65584 20.6
      vertex -0.807434 -5.15434 15.3
      vertex -0.807434 -5.15434 20.6
    endloop
  endfacet
  facet normal 0.989391 -0.14528 0
    outer loop
      vertex -0.807434 -5.15434 15.3
      vertex -0.881073 -5.65584 20.6
      vertex -0.881073 -5.65584 15.3
    endloop
  endfacet
  facet normal 0.999916 0.0129774 0
    outer loop
      vertex -0.878876 -5.82512 20.6
      vertex -0.881073 -5.65584 15.3
      vertex -0.881073 -5.65584 20.6
    endloop
  endfacet
  facet normal 0.999916 0.0129774 0
    outer loop
      vertex -0.881073 -5.65584 15.3
      vertex -0.878876 -5.82512 20.6
      vertex -0.878876 -5.82512 15.3
    endloop
  endfacet
  facet normal 0.989386 0.14531 0
    outer loop
      vertex -0.853851 -5.99551 20.6
      vertex -0.878876 -5.82512 15.3
      vertex -0.878876 -5.82512 20.6
    endloop
  endfacet
  facet normal 0.989386 0.14531 0
    outer loop
      vertex -0.878876 -5.82512 15.3
      vertex -0.853851 -5.99551 20.6
      vertex -0.853851 -5.99551 15.3
    endloop
  endfacet
  facet normal 0.97269 0.232108 0
    outer loop
      vertex -0.813187 -6.16592 20.6
      vertex -0.853851 -5.99551 15.3
      vertex -0.853851 -5.99551 20.6
    endloop
  endfacet
  facet normal 0.97269 0.232108 0
    outer loop
      vertex -0.853851 -5.99551 15.3
      vertex -0.813187 -6.16592 20.6
      vertex -0.813187 -6.16592 15.3
    endloop
  endfacet
  facet normal 0.953178 0.30241 0
    outer loop
      vertex -0.759033 -6.33661 20.6
      vertex -0.813187 -6.16592 15.3
      vertex -0.813187 -6.16592 20.6
    endloop
  endfacet
  facet normal 0.953178 0.30241 0
    outer loop
      vertex -0.813187 -6.16592 15.3
      vertex -0.759033 -6.33661 20.6
      vertex -0.759033 -6.33661 15.3
    endloop
  endfacet
  facet normal 0.931793 0.36299 0
    outer loop
      vertex -0.692535 -6.50731 20.6
      vertex -0.759033 -6.33661 15.3
      vertex -0.759033 -6.33661 20.6
    endloop
  endfacet
  facet normal 0.931793 0.36299 0
    outer loop
      vertex -0.759033 -6.33661 15.3
      vertex -0.692535 -6.50731 20.6
      vertex -0.692535 -6.50731 15.3
    endloop
  endfacet
  facet normal 0.909068 0.416648 0
    outer loop
      vertex -0.614441 -6.6777 20.6
      vertex -0.692535 -6.50731 15.3
      vertex -0.692535 -6.50731 20.6
    endloop
  endfacet
  facet normal 0.909068 0.416648 0
    outer loop
      vertex -0.692535 -6.50731 15.3
      vertex -0.614441 -6.6777 20.6
      vertex -0.614441 -6.6777 15.3
    endloop
  endfacet
  facet normal 0.885096 0.465408 0
    outer loop
      vertex -0.525208 -6.8474 20.6
      vertex -0.614441 -6.6777 15.3
      vertex -0.614441 -6.6777 20.6
    endloop
  endfacet
  facet normal 0.885096 0.465408 0
    outer loop
      vertex -0.614441 -6.6777 15.3
      vertex -0.525208 -6.8474 20.6
      vertex -0.525208 -6.8474 15.3
    endloop
  endfacet
  facet normal 0.860236 0.509896 0
    outer loop
      vertex -0.411331 -7.03952 20.6
      vertex -0.525208 -6.8474 15.3
      vertex -0.525208 -6.8474 20.6
    endloop
  endfacet
  facet normal 0.860236 0.509896 0
    outer loop
      vertex -0.525208 -6.8474 15.3
      vertex -0.411331 -7.03952 20.6
      vertex -0.411331 -7.03952 15.3
    endloop
  endfacet
  facet normal 0 1 -0
    outer loop
      vertex 0.411331 -7.03952 15.3
      vertex -0.411331 -7.03952 20.6
      vertex 0.411331 -7.03952 20.6
    endloop
  endfacet
  facet normal 0 1 0
    outer loop
      vertex -0.411331 -7.03952 20.6
      vertex 0.411331 -7.03952 15.3
      vertex -0.411331 -7.03952 15.3
    endloop
  endfacet
  facet normal -0.860236 0.509896 0
    outer loop
      vertex 0.411331 -7.03952 15.3
      vertex 0.525208 -6.8474 20.6
      vertex 0.525208 -6.8474 15.3
    endloop
  endfacet
  facet normal -0.860236 0.509896 0
    outer loop
      vertex 0.525208 -6.8474 20.6
      vertex 0.411331 -7.03952 15.3
      vertex 0.411331 -7.03952 20.6
    endloop
  endfacet
  facet normal -0.595699 -0.803208 0
    outer loop
      vertex 1.86116 2.78542 0
      vertex 2.12522 2.58958 15.3
      vertex 1.86116 2.78542 15.3
    endloop
  endfacet
  facet normal -0.595699 -0.803208 -0
    outer loop
      vertex 2.12522 2.58958 15.3
      vertex 1.86116 2.78542 0
      vertex 2.12522 2.58958 0
    endloop
  endfacet
  facet normal 0.336879 -0.941548 0
    outer loop
      vertex -1.28199 3.095 0
      vertex -0.972453 3.20575 15.3
      vertex -1.28199 3.095 15.3
    endloop
  endfacet
  facet normal 0.336879 -0.941548 0
    outer loop
      vertex -0.972453 3.20575 15.3
      vertex -1.28199 3.095 0
      vertex -0.972453 3.20575 0
    endloop
  endfacet
  facet normal 0.90399 -0.427554 0
    outer loop
      vertex -3.095 1.28199 15.3
      vertex -2.95444 1.57918 0
      vertex -2.95444 1.57918 15.3
    endloop
  endfacet
  facet normal 0.90399 -0.427554 0
    outer loop
      vertex -2.95444 1.57918 0
      vertex -3.095 1.28199 15.3
      vertex -3.095 1.28199 0
    endloop
  endfacet
  facet normal -0.941548 0.336879 0
    outer loop
      vertex 3.095 -1.28199 0
      vertex 3.20575 -0.972453 15.3
      vertex 3.20575 -0.972453 0
    endloop
  endfacet
  facet normal -0.941548 0.336879 0
    outer loop
      vertex 3.20575 -0.972453 15.3
      vertex 3.095 -1.28199 0
      vertex 3.095 -1.28199 15.3
    endloop
  endfacet
  facet normal 0.427554 0.90399 -0
    outer loop
      vertex -1.28199 -3.095 0
      vertex -1.57918 -2.95444 15.3
      vertex -1.28199 -3.095 15.3
    endloop
  endfacet
  facet normal 0.427554 0.90399 0
    outer loop
      vertex -1.57918 -2.95444 15.3
      vertex -1.28199 -3.095 0
      vertex -1.57918 -2.95444 0
    endloop
  endfacet
  facet normal -0.90399 -0.427554 0
    outer loop
      vertex 3.095 1.28199 0
      vertex 2.95444 1.57918 15.3
      vertex 2.95444 1.57918 0
    endloop
  endfacet
  facet normal -0.90399 -0.427554 0
    outer loop
      vertex 2.95444 1.57918 15.3
      vertex 3.095 1.28199 0
      vertex 3.095 1.28199 15.3
    endloop
  endfacet
  facet normal -0.857718 -0.51412 0
    outer loop
      vertex 2.95444 1.57918 0
      vertex 2.78542 1.86116 15.3
      vertex 2.78542 1.86116 0
    endloop
  endfacet
  facet normal -0.857718 -0.51412 0
    outer loop
      vertex 2.78542 1.86116 15.3
      vertex 2.95444 1.57918 0
      vertex 2.95444 1.57918 15.3
    endloop
  endfacet
  facet normal -0.336879 -0.941548 0
    outer loop
      vertex 0.972453 3.20575 0
      vertex 1.28199 3.095 15.3
      vertex 0.972453 3.20575 15.3
    endloop
  endfacet
  facet normal -0.336879 -0.941548 -0
    outer loop
      vertex 1.28199 3.095 15.3
      vertex 0.972453 3.20575 0
      vertex 1.28199 3.095 0
    endloop
  endfacet
  facet normal -0.242979 -0.970032 0
    outer loop
      vertex 0.653552 3.28563 0
      vertex 0.972453 3.20575 15.3
      vertex 0.653552 3.28563 15.3
    endloop
  endfacet
  facet normal -0.242979 -0.970032 -0
    outer loop
      vertex 0.972453 3.20575 15.3
      vertex 0.653552 3.28563 0
      vertex 0.972453 3.20575 0
    endloop
  endfacet
  facet normal -0.146736 -0.989176 0
    outer loop
      vertex 0.328357 3.33387 0
      vertex 0.653552 3.28563 15.3
      vertex 0.328357 3.33387 15.3
    endloop
  endfacet
  facet normal -0.146736 -0.989176 -0
    outer loop
      vertex 0.653552 3.28563 15.3
      vertex 0.328357 3.33387 0
      vertex 0.653552 3.28563 0
    endloop
  endfacet
  facet normal 0.989176 -0.146736 0
    outer loop
      vertex -3.33387 0.328357 15.3
      vertex -3.28563 0.653552 0
      vertex -3.28563 0.653552 15.3
    endloop
  endfacet
  facet normal 0.989176 -0.146736 0
    outer loop
      vertex -3.28563 0.653552 0
      vertex -3.33387 0.328357 15.3
      vertex -3.33387 0.328357 0
    endloop
  endfacet
  facet normal 0.740962 -0.671547 0
    outer loop
      vertex -2.58958 2.12522 15.3
      vertex -2.36881 2.36881 0
      vertex -2.36881 2.36881 15.3
    endloop
  endfacet
  facet normal 0.740962 -0.671547 0
    outer loop
      vertex -2.36881 2.36881 0
      vertex -2.58958 2.12522 15.3
      vertex -2.58958 2.12522 0
    endloop
  endfacet
  facet normal 0.146736 -0.989176 0
    outer loop
      vertex -0.653552 3.28563 0
      vertex -0.328357 3.33387 15.3
      vertex -0.653552 3.28563 15.3
    endloop
  endfacet
  facet normal 0.146736 -0.989176 0
    outer loop
      vertex -0.328357 3.33387 15.3
      vertex -0.653552 3.28563 0
      vertex -0.328357 3.33387 0
    endloop
  endfacet
  facet normal -0.427554 0.90399 0
    outer loop
      vertex 1.57918 -2.95444 0
      vertex 1.28199 -3.095 15.3
      vertex 1.57918 -2.95444 15.3
    endloop
  endfacet
  facet normal -0.427554 0.90399 0
    outer loop
      vertex 1.28199 -3.095 15.3
      vertex 1.57918 -2.95444 0
      vertex 1.28199 -3.095 0
    endloop
  endfacet
  facet normal -0.803208 0.595699 0
    outer loop
      vertex 2.58958 -2.12522 0
      vertex 2.78542 -1.86116 15.3
      vertex 2.78542 -1.86116 0
    endloop
  endfacet
  facet normal -0.803208 0.595699 0
    outer loop
      vertex 2.78542 -1.86116 15.3
      vertex 2.58958 -2.12522 0
      vertex 2.58958 -2.12522 15.3
    endloop
  endfacet
  facet normal 0.146736 0.989176 -0
    outer loop
      vertex -0.328357 -3.33387 0
      vertex -0.653552 -3.28563 15.3
      vertex -0.328357 -3.33387 15.3
    endloop
  endfacet
  facet normal 0.146736 0.989176 0
    outer loop
      vertex -0.653552 -3.28563 15.3
      vertex -0.328357 -3.33387 0
      vertex -0.653552 -3.28563 0
    endloop
  endfacet
  facet normal 0.671547 0.740962 -0
    outer loop
      vertex -2.12522 -2.58958 0
      vertex -2.36881 -2.36881 15.3
      vertex -2.12522 -2.58958 15.3
    endloop
  endfacet
  facet normal 0.671547 0.740962 0
    outer loop
      vertex -2.36881 -2.36881 15.3
      vertex -2.12522 -2.58958 0
      vertex -2.36881 -2.36881 0
    endloop
  endfacet
  facet normal 0.803208 0.595699 0
    outer loop
      vertex -2.58958 -2.12522 15.3
      vertex -2.78542 -1.86116 0
      vertex -2.78542 -1.86116 15.3
    endloop
  endfacet
  facet normal 0.803208 0.595699 0
    outer loop
      vertex -2.78542 -1.86116 0
      vertex -2.58958 -2.12522 15.3
      vertex -2.58958 -2.12522 0
    endloop
  endfacet
  facet normal -0.970032 -0.242979 0
    outer loop
      vertex 3.28563 0.653552 0
      vertex 3.20575 0.972453 15.3
      vertex 3.20575 0.972453 0
    endloop
  endfacet
  facet normal -0.970032 -0.242979 0
    outer loop
      vertex 3.20575 0.972453 15.3
      vertex 3.28563 0.653552 0
      vertex 3.28563 0.653552 15.3
    endloop
  endfacet
  facet normal -0.941548 -0.336879 0
    outer loop
      vertex 3.20575 0.972453 0
      vertex 3.095 1.28199 15.3
      vertex 3.095 1.28199 0
    endloop
  endfacet
  facet normal -0.941548 -0.336879 0
    outer loop
      vertex 3.095 1.28199 15.3
      vertex 3.20575 0.972453 0
      vertex 3.20575 0.972453 15.3
    endloop
  endfacet
  facet normal -0.740962 -0.671547 0
    outer loop
      vertex 2.58958 2.12522 0
      vertex 2.36881 2.36881 15.3
      vertex 2.36881 2.36881 0
    endloop
  endfacet
  facet normal -0.740962 -0.671547 0
    outer loop
      vertex 2.36881 2.36881 15.3
      vertex 2.58958 2.12522 0
      vertex 2.58958 2.12522 15.3
    endloop
  endfacet
  facet normal -0.803208 -0.595699 0
    outer loop
      vertex 2.78542 1.86116 0
      vertex 2.58958 2.12522 15.3
      vertex 2.58958 2.12522 0
    endloop
  endfacet
  facet normal -0.803208 -0.595699 0
    outer loop
      vertex 2.58958 2.12522 15.3
      vertex 2.78542 1.86116 0
      vertex 2.78542 1.86116 15.3
    endloop
  endfacet
  facet normal -0.671547 -0.740962 0
    outer loop
      vertex 2.12522 2.58958 0
      vertex 2.36881 2.36881 15.3
      vertex 2.12522 2.58958 15.3
    endloop
  endfacet
  facet normal -0.671547 -0.740962 -0
    outer loop
      vertex 2.36881 2.36881 15.3
      vertex 2.12522 2.58958 0
      vertex 2.36881 2.36881 0
    endloop
  endfacet
  facet normal -0.51412 -0.857718 0
    outer loop
      vertex 1.57918 2.95444 0
      vertex 1.86116 2.78542 15.3
      vertex 1.57918 2.95444 15.3
    endloop
  endfacet
  facet normal -0.51412 -0.857718 -0
    outer loop
      vertex 1.86116 2.78542 15.3
      vertex 1.57918 2.95444 0
      vertex 1.86116 2.78542 0
    endloop
  endfacet
  facet normal -0.0490642 -0.998796 0
    outer loop
      vertex 0 3.35 0
      vertex 0.328357 3.33387 15.3
      vertex 0 3.35 15.3
    endloop
  endfacet
  facet normal -0.0490642 -0.998796 -0
    outer loop
      vertex 0.328357 3.33387 15.3
      vertex 0 3.35 0
      vertex 0.328357 3.33387 0
    endloop
  endfacet
  facet normal -0.427554 -0.90399 0
    outer loop
      vertex 1.28199 3.095 0
      vertex 1.57918 2.95444 15.3
      vertex 1.28199 3.095 15.3
    endloop
  endfacet
  facet normal -0.427554 -0.90399 -0
    outer loop
      vertex 1.57918 2.95444 15.3
      vertex 1.28199 3.095 0
      vertex 1.57918 2.95444 0
    endloop
  endfacet
  facet normal 0.998796 -0.0490642 0
    outer loop
      vertex -3.35 0 15.3
      vertex -3.33387 0.328357 0
      vertex -3.33387 0.328357 15.3
    endloop
  endfacet
  facet normal 0.998796 -0.0490642 0
    outer loop
      vertex -3.33387 0.328357 0
      vertex -3.35 0 15.3
      vertex -3.35 0 0
    endloop
  endfacet
  facet normal 0.941548 -0.336879 0
    outer loop
      vertex -3.20575 0.972453 15.3
      vertex -3.095 1.28199 0
      vertex -3.095 1.28199 15.3
    endloop
  endfacet
  facet normal 0.941548 -0.336879 0
    outer loop
      vertex -3.095 1.28199 0
      vertex -3.20575 0.972453 15.3
      vertex -3.20575 0.972453 0
    endloop
  endfacet
  facet normal 0.970032 -0.242979 0
    outer loop
      vertex -3.28563 0.653552 15.3
      vertex -3.20575 0.972453 0
      vertex -3.20575 0.972453 15.3
    endloop
  endfacet
  facet normal 0.970032 -0.242979 0
    outer loop
      vertex -3.20575 0.972453 0
      vertex -3.28563 0.653552 15.3
      vertex -3.28563 0.653552 0
    endloop
  endfacet
  facet normal 0.857718 -0.51412 0
    outer loop
      vertex -2.95444 1.57918 15.3
      vertex -2.78542 1.86116 0
      vertex -2.78542 1.86116 15.3
    endloop
  endfacet
  facet normal 0.857718 -0.51412 0
    outer loop
      vertex -2.78542 1.86116 0
      vertex -2.95444 1.57918 15.3
      vertex -2.95444 1.57918 0
    endloop
  endfacet
  facet normal 0.803208 -0.595699 0
    outer loop
      vertex -2.78542 1.86116 15.3
      vertex -2.58958 2.12522 0
      vertex -2.58958 2.12522 15.3
    endloop
  endfacet
  facet normal 0.803208 -0.595699 0
    outer loop
      vertex -2.58958 2.12522 0
      vertex -2.78542 1.86116 15.3
      vertex -2.78542 1.86116 0
    endloop
  endfacet
  facet normal 0.242979 -0.970032 0
    outer loop
      vertex -0.972453 3.20575 0
      vertex -0.653552 3.28563 15.3
      vertex -0.972453 3.20575 15.3
    endloop
  endfacet
  facet normal 0.242979 -0.970032 0
    outer loop
      vertex -0.653552 3.28563 15.3
      vertex -0.972453 3.20575 0
      vertex -0.653552 3.28563 0
    endloop
  endfacet
  facet normal 0.0490642 -0.998796 0
    outer loop
      vertex -0.328357 3.33387 0
      vertex 0 3.35 15.3
      vertex -0.328357 3.33387 15.3
    endloop
  endfacet
  facet normal 0.0490642 -0.998796 0
    outer loop
      vertex 0 3.35 15.3
      vertex -0.328357 3.33387 0
      vertex 0 3.35 0
    endloop
  endfacet
  facet normal 0.51412 -0.857718 0
    outer loop
      vertex -1.86116 2.78542 0
      vertex -1.57918 2.95444 15.3
      vertex -1.86116 2.78542 15.3
    endloop
  endfacet
  facet normal 0.51412 -0.857718 0
    outer loop
      vertex -1.57918 2.95444 15.3
      vertex -1.86116 2.78542 0
      vertex -1.57918 2.95444 0
    endloop
  endfacet
  facet normal 0.595699 -0.803208 0
    outer loop
      vertex -2.12522 2.58958 0
      vertex -1.86116 2.78542 15.3
      vertex -2.12522 2.58958 15.3
    endloop
  endfacet
  facet normal 0.595699 -0.803208 0
    outer loop
      vertex -1.86116 2.78542 15.3
      vertex -2.12522 2.58958 0
      vertex -1.86116 2.78542 0
    endloop
  endfacet
  facet normal 0.427554 -0.90399 0
    outer loop
      vertex -1.57918 2.95444 0
      vertex -1.28199 3.095 15.3
      vertex -1.57918 2.95444 15.3
    endloop
  endfacet
  facet normal 0.427554 -0.90399 0
    outer loop
      vertex -1.28199 3.095 15.3
      vertex -1.57918 2.95444 0
      vertex -1.28199 3.095 0
    endloop
  endfacet
  facet normal 0.671547 -0.740962 0
    outer loop
      vertex -2.36881 2.36881 0
      vertex -2.12522 2.58958 15.3
      vertex -2.36881 2.36881 15.3
    endloop
  endfacet
  facet normal 0.671547 -0.740962 0
    outer loop
      vertex -2.12522 2.58958 15.3
      vertex -2.36881 2.36881 0
      vertex -2.12522 2.58958 0
    endloop
  endfacet
  facet normal -0.998796 -0.0490642 0
    outer loop
      vertex 3.35 0 0
      vertex 3.33387 0.328357 15.3
      vertex 3.33387 0.328357 0
    endloop
  endfacet
  facet normal -0.998796 -0.0490642 0
    outer loop
      vertex 3.33387 0.328357 15.3
      vertex 3.35 0 0
      vertex 3.35 0 15.3
    endloop
  endfacet
  facet normal -0.0490642 0.998796 0
    outer loop
      vertex 0.328357 -3.33387 0
      vertex 0 -3.35 15.3
      vertex 0.328357 -3.33387 15.3
    endloop
  endfacet
  facet normal -0.0490642 0.998796 0
    outer loop
      vertex 0 -3.35 15.3
      vertex 0.328357 -3.33387 0
      vertex 0 -3.35 0
    endloop
  endfacet
  facet normal -0.970032 0.242979 0
    outer loop
      vertex 3.20575 -0.972453 0
      vertex 3.28563 -0.653552 15.3
      vertex 3.28563 -0.653552 0
    endloop
  endfacet
  facet normal -0.970032 0.242979 0
    outer loop
      vertex 3.28563 -0.653552 15.3
      vertex 3.20575 -0.972453 0
      vertex 3.20575 -0.972453 15.3
    endloop
  endfacet
  facet normal -0.146736 0.989176 0
    outer loop
      vertex 0.653552 -3.28563 0
      vertex 0.328357 -3.33387 15.3
      vertex 0.653552 -3.28563 15.3
    endloop
  endfacet
  facet normal -0.146736 0.989176 0
    outer loop
      vertex 0.328357 -3.33387 15.3
      vertex 0.653552 -3.28563 0
      vertex 0.328357 -3.33387 0
    endloop
  endfacet
  facet normal -0.242979 0.970032 0
    outer loop
      vertex 0.972453 -3.20575 0
      vertex 0.653552 -3.28563 15.3
      vertex 0.972453 -3.20575 15.3
    endloop
  endfacet
  facet normal -0.242979 0.970032 0
    outer loop
      vertex 0.653552 -3.28563 15.3
      vertex 0.972453 -3.20575 0
      vertex 0.653552 -3.28563 0
    endloop
  endfacet
  facet normal -0.671547 0.740962 0
    outer loop
      vertex 2.36881 -2.36881 0
      vertex 2.12522 -2.58958 15.3
      vertex 2.36881 -2.36881 15.3
    endloop
  endfacet
  facet normal -0.671547 0.740962 0
    outer loop
      vertex 2.12522 -2.58958 15.3
      vertex 2.36881 -2.36881 0
      vertex 2.12522 -2.58958 0
    endloop
  endfacet
  facet normal -0.51412 0.857718 0
    outer loop
      vertex 1.86116 -2.78542 0
      vertex 1.57918 -2.95444 15.3
      vertex 1.86116 -2.78542 15.3
    endloop
  endfacet
  facet normal -0.51412 0.857718 0
    outer loop
      vertex 1.57918 -2.95444 15.3
      vertex 1.86116 -2.78542 0
      vertex 1.57918 -2.95444 0
    endloop
  endfacet
  facet normal -0.90399 0.427554 0
    outer loop
      vertex 2.95444 -1.57918 0
      vertex 3.095 -1.28199 15.3
      vertex 3.095 -1.28199 0
    endloop
  endfacet
  facet normal -0.90399 0.427554 0
    outer loop
      vertex 3.095 -1.28199 15.3
      vertex 2.95444 -1.57918 0
      vertex 2.95444 -1.57918 15.3
    endloop
  endfacet
  facet normal 0.0490642 0.998796 -0
    outer loop
      vertex 0 -3.35 0
      vertex -0.328357 -3.33387 15.3
      vertex 0 -3.35 15.3
    endloop
  endfacet
  facet normal 0.0490642 0.998796 0
    outer loop
      vertex -0.328357 -3.33387 15.3
      vertex 0 -3.35 0
      vertex -0.328357 -3.33387 0
    endloop
  endfacet
  facet normal 0.336879 0.941548 -0
    outer loop
      vertex -0.972453 -3.20575 0
      vertex -1.28199 -3.095 15.3
      vertex -0.972453 -3.20575 15.3
    endloop
  endfacet
  facet normal 0.336879 0.941548 0
    outer loop
      vertex -1.28199 -3.095 15.3
      vertex -0.972453 -3.20575 0
      vertex -1.28199 -3.095 0
    endloop
  endfacet
  facet normal 0.51412 0.857718 -0
    outer loop
      vertex -1.57918 -2.95444 0
      vertex -1.86116 -2.78542 15.3
      vertex -1.57918 -2.95444 15.3
    endloop
  endfacet
  facet normal 0.51412 0.857718 0
    outer loop
      vertex -1.86116 -2.78542 15.3
      vertex -1.57918 -2.95444 0
      vertex -1.86116 -2.78542 0
    endloop
  endfacet
  facet normal 0.998796 0.0490642 0
    outer loop
      vertex -3.33387 -0.328357 15.3
      vertex -3.35 0 0
      vertex -3.35 0 15.3
    endloop
  endfacet
  facet normal 0.998796 0.0490642 0
    outer loop
      vertex -3.35 0 0
      vertex -3.33387 -0.328357 15.3
      vertex -3.33387 -0.328357 0
    endloop
  endfacet
  facet normal 0.970032 0.242979 0
    outer loop
      vertex -3.20575 -0.972453 15.3
      vertex -3.28563 -0.653552 0
      vertex -3.28563 -0.653552 15.3
    endloop
  endfacet
  facet normal 0.970032 0.242979 0
    outer loop
      vertex -3.28563 -0.653552 0
      vertex -3.20575 -0.972453 15.3
      vertex -3.20575 -0.972453 0
    endloop
  endfacet
  facet normal 0.90399 0.427554 0
    outer loop
      vertex -2.95444 -1.57918 15.3
      vertex -3.095 -1.28199 0
      vertex -3.095 -1.28199 15.3
    endloop
  endfacet
  facet normal 0.90399 0.427554 0
    outer loop
      vertex -3.095 -1.28199 0
      vertex -2.95444 -1.57918 15.3
      vertex -2.95444 -1.57918 0
    endloop
  endfacet
  facet normal -0.989176 -0.146736 0
    outer loop
      vertex 3.33387 0.328357 0
      vertex 3.28563 0.653552 15.3
      vertex 3.28563 0.653552 0
    endloop
  endfacet
  facet normal -0.989176 -0.146736 0
    outer loop
      vertex 3.28563 0.653552 15.3
      vertex 3.33387 0.328357 0
      vertex 3.33387 0.328357 15.3
    endloop
  endfacet
  facet normal -0.989176 0.146736 0
    outer loop
      vertex 3.28563 -0.653552 0
      vertex 3.33387 -0.328357 15.3
      vertex 3.33387 -0.328357 0
    endloop
  endfacet
  facet normal -0.989176 0.146736 0
    outer loop
      vertex 3.33387 -0.328357 15.3
      vertex 3.28563 -0.653552 0
      vertex 3.28563 -0.653552 15.3
    endloop
  endfacet
  facet normal -0.336879 0.941548 0
    outer loop
      vertex 1.28199 -3.095 0
      vertex 0.972453 -3.20575 15.3
      vertex 1.28199 -3.095 15.3
    endloop
  endfacet
  facet normal -0.336879 0.941548 0
    outer loop
      vertex 0.972453 -3.20575 15.3
      vertex 1.28199 -3.095 0
      vertex 0.972453 -3.20575 0
    endloop
  endfacet
  facet normal -0.740962 0.671547 0
    outer loop
      vertex 2.36881 -2.36881 0
      vertex 2.58958 -2.12522 15.3
      vertex 2.58958 -2.12522 0
    endloop
  endfacet
  facet normal -0.740962 0.671547 0
    outer loop
      vertex 2.58958 -2.12522 15.3
      vertex 2.36881 -2.36881 0
      vertex 2.36881 -2.36881 15.3
    endloop
  endfacet
  facet normal -0.595699 0.803208 0
    outer loop
      vertex 2.12522 -2.58958 0
      vertex 1.86116 -2.78542 15.3
      vertex 2.12522 -2.58958 15.3
    endloop
  endfacet
  facet normal -0.595699 0.803208 0
    outer loop
      vertex 1.86116 -2.78542 15.3
      vertex 2.12522 -2.58958 0
      vertex 1.86116 -2.78542 0
    endloop
  endfacet
  facet normal -0.857718 0.51412 0
    outer loop
      vertex 2.78542 -1.86116 0
      vertex 2.95444 -1.57918 15.3
      vertex 2.95444 -1.57918 0
    endloop
  endfacet
  facet normal -0.857718 0.51412 0
    outer loop
      vertex 2.95444 -1.57918 15.3
      vertex 2.78542 -1.86116 0
      vertex 2.78542 -1.86116 15.3
    endloop
  endfacet
  facet normal 0.242979 0.970032 -0
    outer loop
      vertex -0.653552 -3.28563 0
      vertex -0.972453 -3.20575 15.3
      vertex -0.653552 -3.28563 15.3
    endloop
  endfacet
  facet normal 0.242979 0.970032 0
    outer loop
      vertex -0.972453 -3.20575 15.3
      vertex -0.653552 -3.28563 0
      vertex -0.972453 -3.20575 0
    endloop
  endfacet
  facet normal 0.595699 0.803208 -0
    outer loop
      vertex -1.86116 -2.78542 0
      vertex -2.12522 -2.58958 15.3
      vertex -1.86116 -2.78542 15.3
    endloop
  endfacet
  facet normal 0.595699 0.803208 0
    outer loop
      vertex -2.12522 -2.58958 15.3
      vertex -1.86116 -2.78542 0
      vertex -2.12522 -2.58958 0
    endloop
  endfacet
  facet normal 0.941548 0.336879 0
    outer loop
      vertex -3.095 -1.28199 15.3
      vertex -3.20575 -0.972453 0
      vertex -3.20575 -0.972453 15.3
    endloop
  endfacet
  facet normal 0.941548 0.336879 0
    outer loop
      vertex -3.20575 -0.972453 0
      vertex -3.095 -1.28199 15.3
      vertex -3.095 -1.28199 0
    endloop
  endfacet
  facet normal 0.989176 0.146736 0
    outer loop
      vertex -3.28563 -0.653552 15.3
      vertex -3.33387 -0.328357 0
      vertex -3.33387 -0.328357 15.3
    endloop
  endfacet
  facet normal 0.989176 0.146736 0
    outer loop
      vertex -3.33387 -0.328357 0
      vertex -3.28563 -0.653552 15.3
      vertex -3.28563 -0.653552 0
    endloop
  endfacet
  facet normal 0.857718 0.51412 0
    outer loop
      vertex -2.78542 -1.86116 15.3
      vertex -2.95444 -1.57918 0
      vertex -2.95444 -1.57918 15.3
    endloop
  endfacet
  facet normal 0.857718 0.51412 0
    outer loop
      vertex -2.95444 -1.57918 0
      vertex -2.78542 -1.86116 15.3
      vertex -2.78542 -1.86116 0
    endloop
  endfacet
  facet normal 0.740962 0.671547 0
    outer loop
      vertex -2.36881 -2.36881 15.3
      vertex -2.58958 -2.12522 0
      vertex -2.58958 -2.12522 15.3
    endloop
  endfacet
  facet normal 0.740962 0.671547 0
    outer loop
      vertex -2.58958 -2.12522 0
      vertex -2.36881 -2.36881 15.3
      vertex -2.36881 -2.36881 0
    endloop
  endfacet
  facet normal -0.998796 0.0490642 0
    outer loop
      vertex 3.33387 -0.328357 0
      vertex 3.35 0 15.3
      vertex 3.35 0 0
    endloop
  endfacet
  facet normal -0.998796 0.0490642 0
    outer loop
      vertex 3.35 0 15.3
      vertex 3.33387 -0.328357 0
      vertex 3.33387 -0.328357 15.3
    endloop
  endfacet
endsolid OpenSCAD_Model
