solid OpenSCAD_Model
  facet normal 0 0 -1
    outer loop
      vertex 36.6864 -14.5676 0
      vertex 36.6863 -14.4891 0
      vertex 36.6877 -14.5284 0
    endloop
  endfacet
  facet normal 0 0 -1
    outer loop
      vertex 36.6826 -14.6067 0
      vertex 36.6863 -14.4891 0
      vertex 36.6864 -14.5676 0
    endloop
  endfacet
  facet normal 0 0 -1
    outer loop
      vertex 36.6826 -14.6067 0
      vertex 36.6825 -14.4501 0
      vertex 36.6863 -14.4891 0
    endloop
  endfacet
  facet normal 0 0 -1
    outer loop
      vertex 36.6762 -14.6454 0
      vertex 36.6825 -14.4501 0
      vertex 36.6826 -14.6067 0
    endloop
  endfacet
  facet normal 0 0 -1
    outer loop
      vertex 36.6762 -14.6454 0
      vertex 36.676 -14.4113 0
      vertex 36.6825 -14.4501 0
    endloop
  endfacet
  facet normal 0 0 -1
    outer loop
      vertex 36.6674 -14.6837 0
      vertex 36.676 -14.4113 0
      vertex 36.6762 -14.6454 0
    endloop
  endfacet
  facet normal 0 0 -1
    outer loop
      vertex 36.6674 -14.6837 0
      vertex 36.6671 -14.3731 0
      vertex 36.676 -14.4113 0
    endloop
  endfacet
  facet normal 0 0 -1
    outer loop
      vertex 36.656 -14.7213 0
      vertex 36.6671 -14.3731 0
      vertex 36.6674 -14.6837 0
    endloop
  endfacet
  facet normal 0 0 -1
    outer loop
      vertex 36.656 -14.7213 0
      vertex 36.6557 -14.3355 0
      vertex 36.6671 -14.3731 0
    endloop
  endfacet
  facet normal 0 0 -1
    outer loop
      vertex 36.6429 -14.7564 0
      vertex 36.6557 -14.3355 0
      vertex 36.656 -14.7213 0
    endloop
  endfacet
  facet normal 0 0 -1
    outer loop
      vertex 36.6429 -14.7564 0
      vertex 36.6418 -14.2988 0
      vertex 36.6557 -14.3355 0
    endloop
  endfacet
  facet normal 0 0 -1
    outer loop
      vertex 36.6429 -14.7564 0
      vertex 36.6255 -14.2631 0
      vertex 36.6418 -14.2988 0
    endloop
  endfacet
  facet normal 0 0 -1
    outer loop
      vertex 36.6429 -14.7564 0
      vertex 36.607 -14.2285 0
      vertex 36.6255 -14.2631 0
    endloop
  endfacet
  facet normal 0 0 -1
    outer loop
      vertex 36.6429 -14.7564 0
      vertex 36.5863 -14.1951 0
      vertex 36.607 -14.2285 0
    endloop
  endfacet
  facet normal 0 0 -1
    outer loop
      vertex 36.6429 -14.7564 0
      vertex 36.5634 -14.1632 0
      vertex 36.5863 -14.1951 0
    endloop
  endfacet
  facet normal 0 0 -1
    outer loop
      vertex 36.6429 -14.7564 0
      vertex 36.5384 -14.1329 0
      vertex 36.5634 -14.1632 0
    endloop
  endfacet
  facet normal 0 0 -1
    outer loop
      vertex 36.6429 -14.7564 0
      vertex 36.5116 -14.1043 0
      vertex 36.5384 -14.1329 0
    endloop
  endfacet
  facet normal 0 0 -1
    outer loop
      vertex 36.6429 -14.7564 0
      vertex 36.4829 -14.0775 0
      vertex 36.5116 -14.1043 0
    endloop
  endfacet
  facet normal 0 0 -1
    outer loop
      vertex 36.3038 -15.5839 0
      vertex 36.4829 -14.0775 0
      vertex 36.6429 -14.7564 0
    endloop
  endfacet
  facet normal 0 0 -1
    outer loop
      vertex 36.2958 -15.6025 0
      vertex 36.4829 -14.0775 0
      vertex 36.3038 -15.5839 0
    endloop
  endfacet
  facet normal 0 0 -1
    outer loop
      vertex 33.5747 -11.5315 0
      vertex 36.2958 -15.6025 0
      vertex 35.7576 -16.7993 0
    endloop
  endfacet
  facet normal 0 0 -1
    outer loop
      vertex 33.5747 -11.5315 0
      vertex 35.7576 -16.7993 0
      vertex 35.749 -16.8176 0
    endloop
  endfacet
  facet normal 0 0 -1
    outer loop
      vertex 33.5747 -11.5315 0
      vertex 35.749 -16.8176 0
      vertex 35.1704 -17.9964 0
    endloop
  endfacet
  facet normal 0 0 -1
    outer loop
      vertex 33.5747 -11.5315 0
      vertex 35.1704 -17.9964 0
      vertex 35.1611 -18.0144 0
    endloop
  endfacet
  facet normal 0 0 -1
    outer loop
      vertex 33.5747 -11.5315 0
      vertex 35.1611 -18.0144 0
      vertex 34.5435 -19.1722 0
    endloop
  endfacet
  facet normal 0 0 -1
    outer loop
      vertex 33.5747 -11.5315 0
      vertex 34.5435 -19.1722 0
      vertex 34.5337 -19.1899 0
    endloop
  endfacet
  facet normal 0 0 -1
    outer loop
      vertex 33.5747 -11.5315 0
      vertex 34.5337 -19.1899 0
      vertex 33.8771 -20.3265 0
    endloop
  endfacet
  facet normal 0 0 -1
    outer loop
      vertex 33.5747 -11.5315 0
      vertex 33.8771 -20.3265 0
      vertex 33.8667 -20.3439 0
    endloop
  endfacet
  facet normal 0 0 -1
    outer loop
      vertex 36.2958 -15.6025 0
      vertex 33.5747 -11.5315 0
      vertex 36.4829 -14.0775 0
    endloop
  endfacet
  facet normal 0 -0 -1
    outer loop
      vertex 33.5747 -11.5315 0
      vertex 33.8667 -20.3439 0
      vertex 33.1722 -21.4577 0
    endloop
  endfacet
  facet normal 0 0 -1
    outer loop
      vertex 3.2 0 0
      vertex 35.5 -0.00524902 0
      vertex 35.4946 -0.614365 0
    endloop
  endfacet
  facet normal 0 0 -1
    outer loop
      vertex 35.5 -0.00524902 0
      vertex 3.2 0 0
      vertex 35.5 0.00524902 0
    endloop
  endfacet
  facet normal 0 0 -1
    outer loop
      vertex 3.2 0 0
      vertex 35.4946 -0.614365 0
      vertex 35.4944 -0.624817 0
    endloop
  endfacet
  facet normal -0 0 -1
    outer loop
      vertex 35.5 0.00524902 0
      vertex 3.2 0 0
      vertex 35.4946 0.614365 0
    endloop
  endfacet
  facet normal 0 0 -1
    outer loop
      vertex 3.2 0 0
      vertex 35.4944 -0.624817 0
      vertex 35.4785 -1.23372 0
    endloop
  endfacet
  facet normal -0 0 -1
    outer loop
      vertex 35.4946 0.614365 0
      vertex 3.2 0 0
      vertex 35.4944 0.624817 0
    endloop
  endfacet
  facet normal 0 0 -1
    outer loop
      vertex 3.2 0 0
      vertex 35.4785 -1.23372 0
      vertex 35.4781 -1.24419 0
    endloop
  endfacet
  facet normal -0 0 -1
    outer loop
      vertex 35.4944 0.624817 0
      vertex 3.2 0 0
      vertex 35.4785 1.23372 0
    endloop
  endfacet
  facet normal 0 0 -1
    outer loop
      vertex 3.2 0 0
      vertex 35.4781 -1.24419 0
      vertex 35.4516 -1.85274 0
    endloop
  endfacet
  facet normal -0 0 -1
    outer loop
      vertex 35.4785 1.23372 0
      vertex 3.2 0 0
      vertex 35.4781 1.24419 0
    endloop
  endfacet
  facet normal 0 0 -1
    outer loop
      vertex 3.2 0 0
      vertex 35.4516 -1.85274 0
      vertex 35.451 -1.8632 0
    endloop
  endfacet
  facet normal -0 0 -1
    outer loop
      vertex 35.4781 1.24419 0
      vertex 3.2 0 0
      vertex 35.4516 1.85274 0
    endloop
  endfacet
  facet normal -0 0 -1
    outer loop
      vertex 35.4516 1.85274 0
      vertex 3.2 0 0
      vertex 35.451 1.8632 0
    endloop
  endfacet
  facet normal 0 0 -1
    outer loop
      vertex 3.18459 -0.313654 0
      vertex 35.451 -1.8632 0
      vertex 35.4138 -2.47127 0
    endloop
  endfacet
  facet normal 0 0 -1
    outer loop
      vertex 3.18459 0.313654 0
      vertex 35.451 1.8632 0
      vertex 3.2 0 0
    endloop
  endfacet
  facet normal 0 0 -1
    outer loop
      vertex 3.18459 -0.313654 0
      vertex 35.4138 -2.47127 0
      vertex 35.4131 -2.4817 0
    endloop
  endfacet
  facet normal -0 0 -1
    outer loop
      vertex 35.451 1.8632 0
      vertex 3.18459 0.313654 0
      vertex 35.4138 2.47119 0
    endloop
  endfacet
  facet normal 0 0 -1
    outer loop
      vertex 3.18459 -0.313654 0
      vertex 35.4131 -2.4817 0
      vertex 35.3654 -3.08817 0
    endloop
  endfacet
  facet normal 0 0 -1
    outer loop
      vertex 39.2667 4.16095 0
      vertex 39.2685 4.23941 0
      vertex 39.2689 4.20015 0
    endloop
  endfacet
  facet normal 0 0 -1
    outer loop
      vertex 39.2667 4.16095 0
      vertex 39.2655 4.27856 0
      vertex 39.2685 4.23941 0
    endloop
  endfacet
  facet normal 0 0 -1
    outer loop
      vertex 39.262 4.12196 0
      vertex 39.2655 4.27856 0
      vertex 39.2667 4.16095 0
    endloop
  endfacet
  facet normal 0 0 -1
    outer loop
      vertex 39.2547 4.08339 0
      vertex 39.2655 4.27856 0
      vertex 39.262 4.12196 0
    endloop
  endfacet
  facet normal 0 0 -1
    outer loop
      vertex 39.2449 4.04536 0
      vertex 39.2655 4.27856 0
      vertex 39.2547 4.08339 0
    endloop
  endfacet
  facet normal 0 0 -1
    outer loop
      vertex 39.2327 4.00806 0
      vertex 39.2655 4.27856 0
      vertex 39.2449 4.04536 0
    endloop
  endfacet
  facet normal 0 0 -1
    outer loop
      vertex 39.218 3.97163 0
      vertex 39.2655 4.27856 0
      vertex 39.2327 4.00806 0
    endloop
  endfacet
  facet normal 0 0 -1
    outer loop
      vertex 39.201 3.93625 0
      vertex 39.2655 4.27856 0
      vertex 39.218 3.97163 0
    endloop
  endfacet
  facet normal 0 0 -1
    outer loop
      vertex 39.1817 3.90205 0
      vertex 39.2655 4.27856 0
      vertex 39.201 3.93625 0
    endloop
  endfacet
  facet normal 0 0 -1
    outer loop
      vertex 38.8142 3.63158 0
      vertex 39.2655 4.27856 0
      vertex 39.1817 3.90205 0
    endloop
  endfacet
  facet normal -0 0 -1
    outer loop
      vertex 39.2655 4.27856 0
      vertex 38.8142 3.63158 0
      vertex 39.1746 5.11546 0
    endloop
  endfacet
  facet normal 0 0 -1
    outer loop
      vertex 38.8142 3.63158 0
      vertex 39.1817 3.90205 0
      vertex 39.1602 3.86919 0
    endloop
  endfacet
  facet normal 0 0 -1
    outer loop
      vertex 38.8142 3.63158 0
      vertex 39.1602 3.86919 0
      vertex 39.1366 3.8378 0
    endloop
  endfacet
  facet normal 0 0 -1
    outer loop
      vertex 38.8142 3.63158 0
      vertex 39.1366 3.8378 0
      vertex 39.1111 3.80801 0
    endloop
  endfacet
  facet normal 0 0 -1
    outer loop
      vertex 38.8142 3.63158 0
      vertex 39.1111 3.80801 0
      vertex 39.0836 3.77998 0
    endloop
  endfacet
  facet normal 0 0 -1
    outer loop
      vertex 38.8142 3.63158 0
      vertex 39.0836 3.77998 0
      vertex 39.0543 3.7538 0
    endloop
  endfacet
  facet normal 0 0 -1
    outer loop
      vertex 38.8142 3.63158 0
      vertex 39.0543 3.7538 0
      vertex 39.0234 3.72958 0
    endloop
  endfacet
  facet normal 0 0 -1
    outer loop
      vertex 38.8142 3.63158 0
      vertex 39.0234 3.72958 0
      vertex 38.991 3.70744 0
    endloop
  endfacet
  facet normal -0 0 -1
    outer loop
      vertex 39.1746 5.11546 0
      vertex 38.8142 3.63158 0
      vertex 39.1716 5.13889 0
    endloop
  endfacet
  facet normal 0 0 -1
    outer loop
      vertex 35.3898 2.77777 0
      vertex 39.1716 5.13889 0
      vertex 38.8142 3.63158 0
    endloop
  endfacet
  facet normal 0 0 -1
    outer loop
      vertex 38.8142 3.63158 0
      vertex 38.991 3.70744 0
      vertex 38.9572 3.68747 0
    endloop
  endfacet
  facet normal 0 0 -1
    outer loop
      vertex 38.8142 3.63158 0
      vertex 38.9572 3.68747 0
      vertex 38.9221 3.66975 0
    endloop
  endfacet
  facet normal 0 0 -1
    outer loop
      vertex 38.8142 3.63158 0
      vertex 38.9221 3.66975 0
      vertex 38.886 3.65436 0
    endloop
  endfacet
  facet normal 0 0 -1
    outer loop
      vertex 38.8142 3.63158 0
      vertex 38.886 3.65436 0
      vertex 38.849 3.64137 0
    endloop
  endfacet
  facet normal -0 0 -1
    outer loop
      vertex 39.1716 5.13889 0
      vertex 35.3898 2.77777 0
      vertex 38.9724 6.47859 0
    endloop
  endfacet
  facet normal -0 0 -1
    outer loop
      vertex 38.9724 6.47859 0
      vertex 35.3898 2.77777 0
      vertex 38.969 6.49921 0
    endloop
  endfacet
  facet normal -0 0 -1
    outer loop
      vertex 38.969 6.49921 0
      vertex 35.3898 2.77777 0
      vertex 38.7231 7.83258 0
    endloop
  endfacet
  facet normal -0 0 -1
    outer loop
      vertex 38.7231 7.83258 0
      vertex 35.3898 2.77777 0
      vertex 38.7189 7.85309 0
    endloop
  endfacet
  facet normal -0 0 -1
    outer loop
      vertex 38.7189 7.85309 0
      vertex 35.3898 2.77777 0
      vertex 38.4266 9.17709 0
    endloop
  endfacet
  facet normal -0 0 -1
    outer loop
      vertex 38.4266 9.17709 0
      vertex 35.3898 2.77777 0
      vertex 38.4218 9.19742 0
    endloop
  endfacet
  facet normal -0 0 -1
    outer loop
      vertex 38.4218 9.19742 0
      vertex 35.3898 2.77777 0
      vertex 38.0834 10.511 0
    endloop
  endfacet
  facet normal -0 0 -1
    outer loop
      vertex 38.0834 10.511 0
      vertex 35.3898 2.77777 0
      vertex 38.0778 10.5312 0
    endloop
  endfacet
  facet normal -0 0 -1
    outer loop
      vertex 38.0778 10.5312 0
      vertex 35.3898 2.77777 0
      vertex 37.6941 11.8313 0
    endloop
  endfacet
  facet normal -0 0 -1
    outer loop
      vertex 37.6941 11.8313 0
      vertex 35.3898 2.77777 0
      vertex 37.6878 11.8513 0
    endloop
  endfacet
  facet normal -0 0 -1
    outer loop
      vertex 37.6878 11.8513 0
      vertex 35.3898 2.77777 0
      vertex 37.2589 13.1376 0
    endloop
  endfacet
  facet normal -0 0 -1
    outer loop
      vertex 37.2589 13.1376 0
      vertex 35.3898 2.77777 0
      vertex 37.252 13.1574 0
    endloop
  endfacet
  facet normal -0 0 -1
    outer loop
      vertex 37.252 13.1574 0
      vertex 35.3898 2.77777 0
      vertex 36.7784 14.4281 0
    endloop
  endfacet
  facet normal -0 0 -1
    outer loop
      vertex 36.7784 14.4281 0
      vertex 35.3898 2.77777 0
      vertex 36.7708 14.4476 0
    endloop
  endfacet
  facet normal -0 0 -1
    outer loop
      vertex 36.7708 14.4476 0
      vertex 35.3898 2.77777 0
      vertex 36.2533 15.701 0
    endloop
  endfacet
  facet normal -0 0 -1
    outer loop
      vertex 36.2533 15.701 0
      vertex 35.3898 2.77777 0
      vertex 36.245 15.7202 0
    endloop
  endfacet
  facet normal -0 0 -1
    outer loop
      vertex 36.245 15.7202 0
      vertex 35.3898 2.77777 0
      vertex 35.6841 16.9548 0
    endloop
  endfacet
  facet normal -0 0 -1
    outer loop
      vertex 35.6841 16.9548 0
      vertex 35.3898 2.77777 0
      vertex 35.6752 16.9737 0
    endloop
  endfacet
  facet normal 0 0 -1
    outer loop
      vertex 3.18459 -0.313654 0
      vertex 35.3654 -3.08817 0
      vertex 35.3645 -3.09859 0
    endloop
  endfacet
  facet normal 0 0 -1
    outer loop
      vertex 3.18459 -0.313654 0
      vertex 35.3645 -3.09859 0
      vertex 35.306 -3.70563 0
    endloop
  endfacet
  facet normal 0 0 -1
    outer loop
      vertex 3.18459 -0.313654 0
      vertex 35.306 -3.70563 0
      vertex 35.3049 -3.71605 0
    endloop
  endfacet
  facet normal 0 0 -1
    outer loop
      vertex 3.18459 -0.313654 0
      vertex 35.3049 -3.71605 0
      vertex 35.2359 -4.32158 0
    endloop
  endfacet
  facet normal -0 0 -1
    outer loop
      vertex 35.4138 2.47119 0
      vertex 3.18459 0.313654 0
      vertex 35.4131 2.48164 0
    endloop
  endfacet
  facet normal 0 0 -1
    outer loop
      vertex 3.18459 -0.313654 0
      vertex 35.2359 -4.32158 0
      vertex 35.2346 -4.33199 0
    endloop
  endfacet
  facet normal 0 0 -1
    outer loop
      vertex 3.18459 -0.313654 0
      vertex 35.2346 -4.33199 0
      vertex 35.1553 -4.93498 0
    endloop
  endfacet
  facet normal 0 0 -1
    outer loop
      vertex 3.18459 -0.313654 0
      vertex 35.1553 -4.93498 0
      vertex 35.1538 -4.94534 0
    endloop
  endfacet
  facet normal 0 0 -1
    outer loop
      vertex 2.95641 1.22459 0
      vertex 35.3898 2.77777 0
      vertex 3.06221 0.92891 0
    endloop
  endfacet
  facet normal 0 0 -1
    outer loop
      vertex 3.18459 -0.313654 0
      vertex 35.1538 -4.94534 0
      vertex 35.0636 -5.54877 0
    endloop
  endfacet
  facet normal 0 0 -1
    outer loop
      vertex 2.82215 1.50847 0
      vertex 35.3898 2.77777 0
      vertex 2.95641 1.22459 0
    endloop
  endfacet
  facet normal 0 0 -1
    outer loop
      vertex 3.13851 -0.624289 0
      vertex 35.0636 -5.54877 0
      vertex 35.062 -5.55911 0
    endloop
  endfacet
  facet normal 0 0 -1
    outer loop
      vertex 3.13851 -0.624289 0
      vertex 35.062 -5.55911 0
      vertex 34.9615 -6.15933 0
    endloop
  endfacet
  facet normal 0 0 -1
    outer loop
      vertex 3.13851 -0.624289 0
      vertex 34.9615 -6.15933 0
      vertex 34.9597 -6.16963 0
    endloop
  endfacet
  facet normal 0 0 -1
    outer loop
      vertex 3.13851 -0.624289 0
      vertex 34.9597 -6.16963 0
      vertex 34.8488 -6.76839 0
    endloop
  endfacet
  facet normal 0 0 -1
    outer loop
      vertex 3.13851 -0.624289 0
      vertex 34.8488 -6.76839 0
      vertex 34.8468 -6.77869 0
    endloop
  endfacet
  facet normal 0 0 -1
    outer loop
      vertex 3.13851 -0.624289 0
      vertex 34.8468 -6.77869 0
      vertex 34.7253 -7.3754 0
    endloop
  endfacet
  facet normal 0 0 -1
    outer loop
      vertex 3.13851 -0.624289 0
      vertex 34.7253 -7.3754 0
      vertex 34.7232 -7.38562 0
    endloop
  endfacet
  facet normal 0 0 -1
    outer loop
      vertex 3.13851 -0.624289 0
      vertex 34.7232 -7.38562 0
      vertex 34.5912 -7.98109 0
    endloop
  endfacet
  facet normal 0 0 -1
    outer loop
      vertex 3.13851 -0.624289 0
      vertex 34.5912 -7.98109 0
      vertex 34.5888 -7.99132 0
    endloop
  endfacet
  facet normal 0 0 -1
    outer loop
      vertex 3.13851 -0.624289 0
      vertex 34.5888 -7.99132 0
      vertex 34.4468 -8.58289 0
    endloop
  endfacet
  facet normal 0 0 -1
    outer loop
      vertex 3.13851 -0.624289 0
      vertex 34.4468 -8.58289 0
      vertex 34.4442 -8.59305 0
    endloop
  endfacet
  facet normal 0 0 -1
    outer loop
      vertex 35.3898 2.77777 0
      vertex 3.13851 0.624289 0
      vertex 3.06221 0.92891 0
    endloop
  endfacet
  facet normal 0 -0 -1
    outer loop
      vertex 35.0621 18.2064 0
      vertex 35.3898 2.77777 0
      vertex 2.82215 1.50847 0
    endloop
  endfacet
  facet normal 0 0 -1
    outer loop
      vertex 3.13851 -0.624289 0
      vertex 34.4442 -8.59305 0
      vertex 34.2917 -9.18269 0
    endloop
  endfacet
  facet normal 0 0 -1
    outer loop
      vertex 3.06221 -0.92891 0
      vertex 34.2917 -9.18269 0
      vertex 34.289 -9.19279 0
    endloop
  endfacet
  facet normal 0 0 -1
    outer loop
      vertex 3.06221 -0.92891 0
      vertex 34.289 -9.19279 0
      vertex 34.1261 -9.78044 0
    endloop
  endfacet
  facet normal 0 0 -1
    outer loop
      vertex 3.06221 -0.92891 0
      vertex 34.1261 -9.78044 0
      vertex 34.1232 -9.79053 0
    endloop
  endfacet
  facet normal 0 0 -1
    outer loop
      vertex 3.06221 -0.92891 0
      vertex 34.1232 -9.79053 0
      vertex 33.9503 -10.374 0
    endloop
  endfacet
  facet normal 0 0 -1
    outer loop
      vertex 3.06221 -0.92891 0
      vertex 33.9503 -10.374 0
      vertex 33.9473 -10.384 0
    endloop
  endfacet
  facet normal 0 0 -1
    outer loop
      vertex 3.06221 -0.92891 0
      vertex 33.9473 -10.384 0
      vertex 33.7641 -10.965 0
    endloop
  endfacet
  facet normal 0 0 -1
    outer loop
      vertex 3.06221 -0.92891 0
      vertex 33.7641 -10.965 0
      vertex 33.7609 -10.9749 0
    endloop
  endfacet
  facet normal 0 0 -1
    outer loop
      vertex 35.3898 2.77777 0
      vertex 35.0717 18.1879 0
      vertex 35.6752 16.9737 0
    endloop
  endfacet
  facet normal 0 0 -1
    outer loop
      vertex 35.3898 2.77777 0
      vertex 35.0621 18.2064 0
      vertex 35.0717 18.1879 0
    endloop
  endfacet
  facet normal 0 0 -1
    outer loop
      vertex 3.06221 -0.92891 0
      vertex 33.7609 -10.9749 0
      vertex 33.5747 -11.5315 0
    endloop
  endfacet
  facet normal 0 0 -1
    outer loop
      vertex 33.1612 -21.4746 0
      vertex 33.5747 -11.5315 0
      vertex 33.1722 -21.4577 0
    endloop
  endfacet
  facet normal 0 0 -1
    outer loop
      vertex 32.4295 -22.5645 0
      vertex 33.5747 -11.5315 0
      vertex 33.1612 -21.4746 0
    endloop
  endfacet
  facet normal -0 0 -1
    outer loop
      vertex 35.4131 2.48164 0
      vertex 3.18459 0.313654 0
      vertex 35.3898 2.77777 0
    endloop
  endfacet
  facet normal 0 0 -1
    outer loop
      vertex 35.3898 2.77777 0
      vertex 3.18459 0.313654 0
      vertex 3.13851 0.624289 0
    endloop
  endfacet
  facet normal 0 0 -1
    outer loop
      vertex 32.4179 -22.5811 0
      vertex 33.5747 -11.5315 0
      vertex 32.4295 -22.5645 0
    endloop
  endfacet
  facet normal 0 0 -1
    outer loop
      vertex 31.6498 -23.6456 0
      vertex 33.5747 -11.5315 0
      vertex 32.4179 -22.5811 0
    endloop
  endfacet
  facet normal -0 0 -1
    outer loop
      vertex 35.0621 18.2064 0
      vertex 2.82215 1.50847 0
      vertex 34.4167 19.3988 0
    endloop
  endfacet
  facet normal -0 0 -1
    outer loop
      vertex 34.4167 19.3988 0
      vertex 2.82215 1.50847 0
      vertex 34.4064 19.4171 0
    endloop
  endfacet
  facet normal 0 0 -1
    outer loop
      vertex 31.6377 -23.6618 0
      vertex 33.5747 -11.5315 0
      vertex 31.6498 -23.6456 0
    endloop
  endfacet
  facet normal 0 0 -1
    outer loop
      vertex 30.8343 -24.6997 0
      vertex 33.5747 -11.5315 0
      vertex 31.6377 -23.6618 0
    endloop
  endfacet
  facet normal -0 0 -1
    outer loop
      vertex 34.4064 19.4171 0
      vertex 2.82215 1.50847 0
      vertex 33.7198 20.5865 0
    endloop
  endfacet
  facet normal -0 0 -1
    outer loop
      vertex 33.7198 20.5865 0
      vertex 2.82215 1.50847 0
      vertex 33.7089 20.6043 0
    endloop
  endfacet
  facet normal 0 0 -1
    outer loop
      vertex 30.8216 -24.7155 0
      vertex 33.5747 -11.5315 0
      vertex 30.8343 -24.6997 0
    endloop
  endfacet
  facet normal 0 0 -1
    outer loop
      vertex 29.9834 -25.7259 0
      vertex 33.5747 -11.5315 0
      vertex 30.8216 -24.7155 0
    endloop
  endfacet
  facet normal 0 0 -1
    outer loop
      vertex 2.6607 1.77782 0
      vertex 33.7089 20.6043 0
      vertex 2.82215 1.50847 0
    endloop
  endfacet
  facet normal 0 -0 -1
    outer loop
      vertex 19.9815 29.3414 0
      vertex 33.7089 20.6043 0
      vertex 2.6607 1.77782 0
    endloop
  endfacet
  facet normal 0 0 -1
    outer loop
      vertex 33.5747 -11.5315 0
      vertex 29.9834 -25.7259 0
      vertex 1.94858 -19.331 0
    endloop
  endfacet
  facet normal 0 0 -1
    outer loop
      vertex 1.94858 -19.331 0
      vertex 29.9834 -25.7259 0
      vertex 29.9702 -25.7413 0
    endloop
  endfacet
  facet normal 0 0 -1
    outer loop
      vertex 33.7089 20.6043 0
      vertex 19.9815 29.3414 0
      vertex 32.9819 21.7491 0
    endloop
  endfacet
  facet normal 0 0 -1
    outer loop
      vertex 32.9819 21.7491 0
      vertex 19.9815 29.3414 0
      vertex 32.9703 21.7665 0
    endloop
  endfacet
  facet normal 0 0 -1
    outer loop
      vertex 1.94858 -19.331 0
      vertex 29.9702 -25.7413 0
      vertex 29.0985 -26.7227 0
    endloop
  endfacet
  facet normal 0 0 -1
    outer loop
      vertex 1.94858 -19.331 0
      vertex 29.0985 -26.7227 0
      vertex 29.0848 -26.7376 0
    endloop
  endfacet
  facet normal 0 0 -1
    outer loop
      vertex 32.9703 21.7665 0
      vertex 19.9815 29.3414 0
      vertex 32.204 22.885 0
    endloop
  endfacet
  facet normal 0 0 -1
    outer loop
      vertex 32.1919 22.9021 0
      vertex 19.9815 29.3414 0
      vertex 31.3869 23.9934 0
    endloop
  endfacet
  facet normal 0 0 -1
    outer loop
      vertex 1.94858 -19.331 0
      vertex 29.0848 -26.7376 0
      vertex 28.1806 -27.6889 0
    endloop
  endfacet
  facet normal 0 0 -1
    outer loop
      vertex 1.94858 -19.331 0
      vertex 28.1806 -27.6889 0
      vertex 28.1664 -27.7034 0
    endloop
  endfacet
  facet normal 0 0 -1
    outer loop
      vertex 31.3869 23.9934 0
      vertex 19.9815 29.3414 0
      vertex 31.3742 24.01 0
    endloop
  endfacet
  facet normal 0 0 -1
    outer loop
      vertex 31.3742 24.01 0
      vertex 19.9815 29.3414 0
      vertex 30.5317 25.0727 0
    endloop
  endfacet
  facet normal 0 0 -1
    outer loop
      vertex 1.94858 -19.331 0
      vertex 28.1664 -27.7034 0
      vertex 27.2306 -28.6237 0
    endloop
  endfacet
  facet normal 0 0 -1
    outer loop
      vertex 1.94858 -19.331 0
      vertex 27.2306 -28.6237 0
      vertex 27.216 -28.6377 0
    endloop
  endfacet
  facet normal 0 0 -1
    outer loop
      vertex 30.5317 25.0727 0
      vertex 19.9815 29.3414 0
      vertex 30.5184 25.0889 0
    endloop
  endfacet
  facet normal 0 0 -1
    outer loop
      vertex 30.5184 25.0889 0
      vertex 19.9815 29.3414 0
      vertex 29.6397 26.1211 0
    endloop
  endfacet
  facet normal 0 0 -1
    outer loop
      vertex 1.94858 -19.331 0
      vertex 27.216 -28.6377 0
      vertex 26.2494 -29.5262 0
    endloop
  endfacet
  facet normal 0 0 -1
    outer loop
      vertex 1.94858 -19.331 0
      vertex 26.2494 -29.5262 0
      vertex 26.2343 -29.5396 0
    endloop
  endfacet
  facet normal 0 0 -1
    outer loop
      vertex 29.6397 26.1211 0
      vertex 19.9815 29.3414 0
      vertex 29.6258 26.1368 0
    endloop
  endfacet
  facet normal 0 0 -1
    outer loop
      vertex 29.6258 26.1368 0
      vertex 19.9815 29.3414 0
      vertex 28.7113 27.1382 0
    endloop
  endfacet
  facet normal 0 0 -1
    outer loop
      vertex 1.94858 -19.331 0
      vertex 26.2343 -29.5396 0
      vertex 25.2388 -30.3945 0
    endloop
  endfacet
  facet normal 0 0 -1
    outer loop
      vertex 1.94858 -19.331 0
      vertex 25.2388 -30.3945 0
      vertex 25.2232 -30.4075 0
    endloop
  endfacet
  facet normal 0 0 -1
    outer loop
      vertex 28.697 27.1534 0
      vertex 19.9815 29.3414 0
      vertex 27.7481 28.1223 0
    endloop
  endfacet
  facet normal 0 0 -1
    outer loop
      vertex 27.7481 28.1223 0
      vertex 19.9815 29.3414 0
      vertex 27.7332 28.137 0
    endloop
  endfacet
  facet normal 0 0 -1
    outer loop
      vertex 1.94858 -19.331 0
      vertex 25.2232 -30.4075 0
      vertex 24.1991 -31.2287 0
    endloop
  endfacet
  facet normal 0 0 -1
    outer loop
      vertex 1.94858 -20.2532 0
      vertex 24.1991 -31.2287 0
      vertex 24.1831 -31.2411 0
    endloop
  endfacet
  facet normal 0 0 -1
    outer loop
      vertex 27.7332 28.137 0
      vertex 19.9815 29.3414 0
      vertex 26.7516 29.0719 0
    endloop
  endfacet
  facet normal 0 0 -1
    outer loop
      vertex 24.6615 30.8648 0
      vertex 23.2052 31.475 0
      vertex 24.6451 30.8778 0
    endloop
  endfacet
  facet normal 0 0 -1
    outer loop
      vertex 24.6451 30.8778 0
      vertex 23.2052 31.475 0
      vertex 23.9025 31.45 0
    endloop
  endfacet
  facet normal 0 0 -1
    outer loop
      vertex 23.9025 31.45 0
      vertex 23.2052 31.475 0
      vertex 23.8718 31.4721 0
    endloop
  endfacet
  facet normal 0 0 -1
    outer loop
      vertex 23.8718 31.4721 0
      vertex 23.2052 31.475 0
      vertex 23.8386 31.493 0
    endloop
  endfacet
  facet normal -0 0 -1
    outer loop
      vertex 23.8386 31.493 0
      vertex 23.2052 31.475 0
      vertex 23.804 31.5117 0
    endloop
  endfacet
  facet normal -0 0 -1
    outer loop
      vertex 23.804 31.5117 0
      vertex 23.2052 31.475 0
      vertex 23.7683 31.528 0
    endloop
  endfacet
  facet normal -0 0 -1
    outer loop
      vertex 23.7683 31.528 0
      vertex 23.2052 31.475 0
      vertex 23.7317 31.542 0
    endloop
  endfacet
  facet normal -0 0 -1
    outer loop
      vertex 23.7317 31.542 0
      vertex 23.2052 31.475 0
      vertex 23.6941 31.5536 0
    endloop
  endfacet
  facet normal -0 0 -1
    outer loop
      vertex 23.6941 31.5536 0
      vertex 23.2052 31.475 0
      vertex 23.6559 31.5627 0
    endloop
  endfacet
  facet normal -0 0 -1
    outer loop
      vertex 23.6559 31.5627 0
      vertex 23.2052 31.475 0
      vertex 23.6172 31.5692 0
    endloop
  endfacet
  facet normal -0 0 -1
    outer loop
      vertex 23.6172 31.5692 0
      vertex 23.2052 31.475 0
      vertex 23.5782 31.5732 0
    endloop
  endfacet
  facet normal -0 0 -1
    outer loop
      vertex 23.5782 31.5732 0
      vertex 23.2052 31.475 0
      vertex 23.5389 31.5747 0
    endloop
  endfacet
  facet normal 0 0 -1
    outer loop
      vertex 23.5389 31.5747 0
      vertex 23.2052 31.475 0
      vertex 23.4997 31.5736 0
    endloop
  endfacet
  facet normal 0 0 -1
    outer loop
      vertex 23.4997 31.5736 0
      vertex 23.2052 31.475 0
      vertex 23.4606 31.5699 0
    endloop
  endfacet
  facet normal 0 0 -1
    outer loop
      vertex 23.4606 31.5699 0
      vertex 23.2052 31.475 0
      vertex 23.4218 31.5637 0
    endloop
  endfacet
  facet normal 0 0 -1
    outer loop
      vertex 23.4218 31.5637 0
      vertex 23.2052 31.475 0
      vertex 23.3836 31.5549 0
    endloop
  endfacet
  facet normal 0 0 -1
    outer loop
      vertex 23.3836 31.5549 0
      vertex 23.2052 31.475 0
      vertex 23.3459 31.5437 0
    endloop
  endfacet
  facet normal 0 0 -1
    outer loop
      vertex 23.3459 31.5437 0
      vertex 23.2052 31.475 0
      vertex 23.3091 31.53 0
    endloop
  endfacet
  facet normal 0 0 -1
    outer loop
      vertex 23.2733 31.514 0
      vertex 23.2052 31.475 0
      vertex 23.2386 31.4956 0
    endloop
  endfacet
  facet normal 0 0 -1
    outer loop
      vertex 11.7843 -33.4857 0
      vertex 24.1831 -31.2411 0
      vertex 23.1315 -32.0274 0
    endloop
  endfacet
  facet normal 0 0 -1
    outer loop
      vertex 11.7843 -33.4857 0
      vertex 23.1315 -32.0274 0
      vertex 23.1151 -32.0393 0
    endloop
  endfacet
  facet normal 0 0 -1
    outer loop
      vertex 11.7843 -33.4857 0
      vertex 23.1151 -32.0393 0
      vertex 22.0384 -32.7892 0
    endloop
  endfacet
  facet normal 0 0 -1
    outer loop
      vertex 11.7843 -33.4857 0
      vertex 22.0384 -32.7892 0
      vertex 22.0216 -32.8005 0
    endloop
  endfacet
  facet normal 0 0 -1
    outer loop
      vertex 11.7843 -33.4857 0
      vertex 22.0216 -32.8005 0
      vertex 20.9195 -33.5142 0
    endloop
  endfacet
  facet normal 0 0 -1
    outer loop
      vertex 11.7843 -33.4857 0
      vertex 20.9195 -33.5142 0
      vertex 20.9023 -33.5249 0
    endloop
  endfacet
  facet normal 0 0 -1
    outer loop
      vertex 23.3091 31.53 0
      vertex 23.2052 31.475 0
      vertex 23.2733 31.514 0
    endloop
  endfacet
  facet normal -0 0 -1
    outer loop
      vertex 25.7061 30.0003 0
      vertex 19.9815 29.3414 0
      vertex 24.6615 30.8648 0
    endloop
  endfacet
  facet normal 0 -0 -1
    outer loop
      vertex 23.2052 31.475 0
      vertex 24.6615 30.8648 0
      vertex 19.9815 29.3414 0
    endloop
  endfacet
  facet normal 0 0 -1
    outer loop
      vertex 11.7843 -33.4857 0
      vertex 20.9023 -33.5249 0
      vertex 19.7773 -34.2007 0
    endloop
  endfacet
  facet normal 0 0 -1
    outer loop
      vertex 11.7843 -33.4857 0
      vertex 19.7773 -34.2007 0
      vertex 19.7597 -34.2108 0
    endloop
  endfacet
  facet normal 0 0 -1
    outer loop
      vertex 26.7363 29.086 0
      vertex 19.9815 29.3414 0
      vertex 25.722 29.9867 0
    endloop
  endfacet
  facet normal -0 0 -1
    outer loop
      vertex 25.722 29.9867 0
      vertex 19.9815 29.3414 0
      vertex 25.7061 30.0003 0
    endloop
  endfacet
  facet normal 0 0 -1
    outer loop
      vertex 26.7516 29.0719 0
      vertex 19.9815 29.3414 0
      vertex 26.7363 29.086 0
    endloop
  endfacet
  facet normal 0 0 -1
    outer loop
      vertex 28.7113 27.1382 0
      vertex 19.9815 29.3414 0
      vertex 28.697 27.1534 0
    endloop
  endfacet
  facet normal 0 0 -1
    outer loop
      vertex 11.7843 -33.4857 0
      vertex 19.7597 -34.2108 0
      vertex 18.6125 -34.8482 0
    endloop
  endfacet
  facet normal 0 0 -1
    outer loop
      vertex 11.7843 -33.4857 0
      vertex 18.6125 -34.8482 0
      vertex 18.5947 -34.8578 0
    endloop
  endfacet
  facet normal 0 0 -1
    outer loop
      vertex 32.204 22.885 0
      vertex 19.9815 29.3414 0
      vertex 32.1919 22.9021 0
    endloop
  endfacet
  facet normal 0 0 -1
    outer loop
      vertex 2.47363 2.03006 0
      vertex 19.9815 29.3414 0
      vertex 2.6607 1.77782 0
    endloop
  endfacet
  facet normal 0 0 -1
    outer loop
      vertex 2.26274 2.26274 0
      vertex 19.9815 29.3414 0
      vertex 2.47363 2.03006 0
    endloop
  endfacet
  facet normal 0 0 -1
    outer loop
      vertex 2.03006 2.47363 0
      vertex 19.9815 29.3414 0
      vertex 2.26274 2.26274 0
    endloop
  endfacet
  facet normal 0 0 -1
    outer loop
      vertex 11.7843 -33.4857 0
      vertex 18.5947 -34.8578 0
      vertex 17.4262 -35.4563 0
    endloop
  endfacet
  facet normal 0 0 -1
    outer loop
      vertex 11.7843 -33.4857 0
      vertex 17.4262 -35.4563 0
      vertex 17.4081 -35.4652 0
    endloop
  endfacet
  facet normal 0 0 -1
    outer loop
      vertex 1.77782 2.6607 0
      vertex 19.9815 29.3414 0
      vertex 2.03006 2.47363 0
    endloop
  endfacet
  facet normal -0 0 -1
    outer loop
      vertex 19.9815 29.3414 0
      vertex 1.77782 2.6607 0
      vertex 19.8558 29.4278 0
    endloop
  endfacet
  facet normal -0 0 -1
    outer loop
      vertex 19.8558 29.4278 0
      vertex 1.77782 2.6607 0
      vertex 19.8471 29.4336 0
    endloop
  endfacet
  facet normal -0 0 -1
    outer loop
      vertex 19.8471 29.4336 0
      vertex 1.77782 2.6607 0
      vertex 19.3388 29.7701 0
    endloop
  endfacet
  facet normal 0 0 -1
    outer loop
      vertex 11.7843 -33.4857 0
      vertex 17.4081 -35.4652 0
      vertex 16.2203 -36.024 0
    endloop
  endfacet
  facet normal 0 0 -1
    outer loop
      vertex 11.7843 -33.4857 0
      vertex 16.2203 -36.024 0
      vertex 16.2018 -36.0323 0
    endloop
  endfacet
  facet normal -0 0 -1
    outer loop
      vertex 19.3388 29.7701 0
      vertex 1.77782 2.6607 0
      vertex 19.33 29.7758 0
    endloop
  endfacet
  facet normal -0 0 -1
    outer loop
      vertex 19.33 29.7758 0
      vertex 1.77782 2.6607 0
      vertex 18.8164 30.103 0
    endloop
  endfacet
  facet normal -0 0 -1
    outer loop
      vertex 18.8164 30.103 0
      vertex 1.77782 2.6607 0
      vertex 18.8075 30.1086 0
    endloop
  endfacet
  facet normal -0 0 -1
    outer loop
      vertex 18.8075 30.1086 0
      vertex 1.77782 2.6607 0
      vertex 18.2885 30.4266 0
    endloop
  endfacet
  facet normal -0 0 -1
    outer loop
      vertex 18.2885 30.4266 0
      vertex 1.77782 2.6607 0
      vertex 18.2795 30.432 0
    endloop
  endfacet
  facet normal -0 0 -1
    outer loop
      vertex 18.2795 30.432 0
      vertex 1.77782 2.6607 0
      vertex 17.7548 30.7411 0
    endloop
  endfacet
  facet normal 0 0 -1
    outer loop
      vertex 11.7843 -33.4857 0
      vertex 16.2018 -36.0323 0
      vertex 14.997 -36.5501 0
    endloop
  endfacet
  facet normal 0 0 -1
    outer loop
      vertex 13.4901 -36.5757 0
      vertex 14.997 -36.5501 0
      vertex 14.9757 -36.5588 0
    endloop
  endfacet
  facet normal 0 0 -1
    outer loop
      vertex 1.50847 2.82215 0
      vertex 17.7548 30.7411 0
      vertex 1.77782 2.6607 0
    endloop
  endfacet
  facet normal -0 0 -1
    outer loop
      vertex 17.7548 30.7411 0
      vertex 1.50847 2.82215 0
      vertex 17.7457 30.7463 0
    endloop
  endfacet
  facet normal 0 0 -1
    outer loop
      vertex 13.4901 -36.5757 0
      vertex 14.9757 -36.5588 0
      vertex 14.231 -36.8456 0
    endloop
  endfacet
  facet normal 0 0 -1
    outer loop
      vertex 13.4901 -36.5757 0
      vertex 14.231 -36.8456 0
      vertex 14.1939 -36.8585 0
    endloop
  endfacet
  facet normal 0 0 -1
    outer loop
      vertex 13.4901 -36.5757 0
      vertex 14.1939 -36.8585 0
      vertex 14.156 -36.8689 0
    endloop
  endfacet
  facet normal 0 0 -1
    outer loop
      vertex 13.4901 -36.5757 0
      vertex 14.156 -36.8689 0
      vertex 14.1176 -36.8769 0
    endloop
  endfacet
  facet normal 0 0 -1
    outer loop
      vertex 13.4901 -36.5757 0
      vertex 14.1176 -36.8769 0
      vertex 14.0787 -36.8823 0
    endloop
  endfacet
  facet normal 0 0 -1
    outer loop
      vertex 13.4901 -36.5757 0
      vertex 14.0787 -36.8823 0
      vertex 14.0395 -36.8852 0
    endloop
  endfacet
  facet normal 0 0 -1
    outer loop
      vertex 13.4901 -36.5757 0
      vertex 14.0395 -36.8852 0
      vertex 14.0003 -36.8855 0
    endloop
  endfacet
  facet normal 0 0 -1
    outer loop
      vertex 13.4901 -36.5757 0
      vertex 14.0003 -36.8855 0
      vertex 13.9611 -36.8832 0
    endloop
  endfacet
  facet normal 0 0 -1
    outer loop
      vertex 13.4901 -36.5757 0
      vertex 13.9611 -36.8832 0
      vertex 13.9221 -36.8784 0
    endloop
  endfacet
  facet normal 0 0 -1
    outer loop
      vertex 13.4901 -36.5757 0
      vertex 13.9221 -36.8784 0
      vertex 13.8835 -36.871 0
    endloop
  endfacet
  facet normal -0 0 -1
    outer loop
      vertex 24.1831 -31.2411 0
      vertex 11.7843 -33.4857 0
      vertex 1.94858 -20.2532 0
    endloop
  endfacet
  facet normal -0 0 -1
    outer loop
      vertex 17.7457 30.7463 0
      vertex 1.50847 2.82215 0
      vertex 17.2152 31.0465 0
    endloop
  endfacet
  facet normal 0 0 -1
    outer loop
      vertex 13.4901 -36.5757 0
      vertex 13.8835 -36.871 0
      vertex 13.8456 -36.8611 0
    endloop
  endfacet
  facet normal 0 0 -1
    outer loop
      vertex 13.4901 -36.5757 0
      vertex 13.8456 -36.8611 0
      vertex 13.8083 -36.8488 0
    endloop
  endfacet
  facet normal 0 0 -1
    outer loop
      vertex 13.4901 -36.5757 0
      vertex 13.8083 -36.8488 0
      vertex 13.7719 -36.8341 0
    endloop
  endfacet
  facet normal 0 0 -1
    outer loop
      vertex 13.4901 -36.5757 0
      vertex 13.7719 -36.8341 0
      vertex 13.7365 -36.817 0
    endloop
  endfacet
  facet normal 0 0 -1
    outer loop
      vertex 13.4901 -36.5757 0
      vertex 13.7365 -36.817 0
      vertex 13.7024 -36.7976 0
    endloop
  endfacet
  facet normal 0 0 -1
    outer loop
      vertex 13.4901 -36.5757 0
      vertex 13.7024 -36.7976 0
      vertex 13.6696 -36.776 0
    endloop
  endfacet
  facet normal 0 0 -1
    outer loop
      vertex 13.4901 -36.5757 0
      vertex 13.6696 -36.776 0
      vertex 13.6383 -36.7524 0
    endloop
  endfacet
  facet normal 0 0 -1
    outer loop
      vertex 13.4901 -36.5757 0
      vertex 13.6383 -36.7524 0
      vertex 13.6085 -36.7267 0
    endloop
  endfacet
  facet normal 0 0 -1
    outer loop
      vertex 13.4901 -36.5757 0
      vertex 13.6085 -36.7267 0
      vertex 13.5806 -36.6991 0
    endloop
  endfacet
  facet normal 0 0 -1
    outer loop
      vertex 13.4901 -36.5757 0
      vertex 13.5806 -36.6991 0
      vertex 13.5545 -36.6698 0
    endloop
  endfacet
  facet normal 0 0 -1
    outer loop
      vertex 13.4901 -36.5757 0
      vertex 13.5545 -36.6698 0
      vertex 13.5303 -36.6389 0
    endloop
  endfacet
  facet normal 0 0 -1
    outer loop
      vertex 13.4901 -36.5757 0
      vertex 13.5303 -36.6389 0
      vertex 13.5083 -36.6064 0
    endloop
  endfacet
  facet normal -0 0 -1
    outer loop
      vertex 14.997 -36.5501 0
      vertex 13.4901 -36.5757 0
      vertex 11.7843 -33.4857 0
    endloop
  endfacet
  facet normal -0 0 -1
    outer loop
      vertex 17.2152 31.0465 0
      vertex 1.50847 2.82215 0
      vertex 17.206 31.0515 0
    endloop
  endfacet
  facet normal -0 0 -1
    outer loop
      vertex 17.206 31.0515 0
      vertex 1.50847 2.82215 0
      vertex 16.6707 31.3422 0
    endloop
  endfacet
  facet normal -0 0 -1
    outer loop
      vertex 16.6707 31.3422 0
      vertex 1.50847 2.82215 0
      vertex 16.6615 31.3471 0
    endloop
  endfacet
  facet normal -0 0 -1
    outer loop
      vertex 16.6615 31.3471 0
      vertex 1.50847 2.82215 0
      vertex 16.1211 31.6284 0
    endloop
  endfacet
  facet normal -0 0 -1
    outer loop
      vertex 16.1211 31.6284 0
      vertex 1.50847 2.82215 0
      vertex 16.1118 31.6332 0
    endloop
  endfacet
  facet normal -0 0 -1
    outer loop
      vertex 16.1118 31.6332 0
      vertex 1.50847 2.82215 0
      vertex 15.5672 31.9046 0
    endloop
  endfacet
  facet normal -0 0 -1
    outer loop
      vertex 15.5672 31.9046 0
      vertex 1.50847 2.82215 0
      vertex 15.5578 31.9092 0
    endloop
  endfacet
  facet normal -0 0 -1
    outer loop
      vertex 15.5578 31.9092 0
      vertex 1.50847 2.82215 0
      vertex 15.0076 32.1717 0
    endloop
  endfacet
  facet normal 0 0 -1
    outer loop
      vertex 2.17097 -25.7325 0
      vertex 11.7843 -33.4857 0
      vertex 11.5628 -33.5641 0
    endloop
  endfacet
  facet normal -0 0 -1
    outer loop
      vertex 15.0076 32.1717 0
      vertex 1.50847 2.82215 0
      vertex 14.9982 32.1761 0
    endloop
  endfacet
  facet normal 0 0 -1
    outer loop
      vertex 2.17097 -25.7325 0
      vertex 11.5628 -33.5641 0
      vertex 11.5529 -33.5675 0
    endloop
  endfacet
  facet normal 0 0 -1
    outer loop
      vertex 2.17097 -25.7325 0
      vertex 11.5529 -33.5675 0
      vertex 10.9749 -33.7609 0
    endloop
  endfacet
  facet normal 0 0 -1
    outer loop
      vertex 1.22459 2.95641 0
      vertex 14.9982 32.1761 0
      vertex 1.50847 2.82215 0
    endloop
  endfacet
  facet normal 0 0 -1
    outer loop
      vertex 2.17097 -25.7325 0
      vertex 10.9749 -33.7609 0
      vertex 10.965 -33.7641 0
    endloop
  endfacet
  facet normal -0 0 -1
    outer loop
      vertex 14.9982 32.1761 0
      vertex 1.22459 2.95641 0
      vertex 14.4435 32.4289 0
    endloop
  endfacet
  facet normal 0 0 -1
    outer loop
      vertex 2.17097 -25.7325 0
      vertex 10.965 -33.7641 0
      vertex 10.384 -33.9473 0
    endloop
  endfacet
  facet normal -0 0 -1
    outer loop
      vertex 14.4435 32.4289 0
      vertex 1.22459 2.95641 0
      vertex 14.4339 32.4332 0
    endloop
  endfacet
  facet normal 0 0 -1
    outer loop
      vertex 2.17097 -25.7325 0
      vertex 10.384 -33.9473 0
      vertex 10.374 -33.9503 0
    endloop
  endfacet
  facet normal -0 0 -1
    outer loop
      vertex 14.4339 32.4332 0
      vertex 1.22459 2.95641 0
      vertex 13.8759 32.6758 0
    endloop
  endfacet
  facet normal 0 0 -1
    outer loop
      vertex 2.17097 -25.7325 0
      vertex 10.374 -33.9503 0
      vertex 9.79053 -34.1232 0
    endloop
  endfacet
  facet normal -0 0 -1
    outer loop
      vertex 13.8759 32.6758 0
      vertex 1.22459 2.95641 0
      vertex 13.8662 32.6799 0
    endloop
  endfacet
  facet normal 0 0 -1
    outer loop
      vertex 2.17097 -25.7325 0
      vertex 9.79053 -34.1232 0
      vertex 9.78044 -34.1261 0
    endloop
  endfacet
  facet normal -0 0 -1
    outer loop
      vertex 13.8662 32.6799 0
      vertex 1.22459 2.95641 0
      vertex 13.3034 32.913 0
    endloop
  endfacet
  facet normal -0 0 -1
    outer loop
      vertex 13.3034 32.913 0
      vertex 1.22459 2.95641 0
      vertex 13.2937 32.9169 0
    endloop
  endfacet
  facet normal 0 0 -1
    outer loop
      vertex 9.79684 37.733 0
      vertex 9.38036 38.367 0
      vertex 9.41739 38.3539 0
    endloop
  endfacet
  facet normal -0 0 -1
    outer loop
      vertex 13.2937 32.9169 0
      vertex 1.22459 2.95641 0
      vertex 12.7274 33.14 0
    endloop
  endfacet
  facet normal -0 0 -1
    outer loop
      vertex 12.7274 33.14 0
      vertex 1.22459 2.95641 0
      vertex 12.7176 33.1438 0
    endloop
  endfacet
  facet normal 0 0 -1
    outer loop
      vertex 2.17097 -25.7325 0
      vertex 9.78044 -34.1261 0
      vertex 9.19279 -34.289 0
    endloop
  endfacet
  facet normal 0 0 -1
    outer loop
      vertex 2.17097 -25.7325 0
      vertex 9.19279 -34.289 0
      vertex 9.18269 -34.2917 0
    endloop
  endfacet
  facet normal 0 0 -1
    outer loop
      vertex 2.17097 -25.7325 0
      vertex 9.18269 -34.2917 0
      vertex 8.59305 -34.4442 0
    endloop
  endfacet
  facet normal 0 0 -1
    outer loop
      vertex 2.17097 -25.7325 0
      vertex 8.59305 -34.4442 0
      vertex 8.58289 -34.4468 0
    endloop
  endfacet
  facet normal -0 0 -1
    outer loop
      vertex 12.7176 33.1438 0
      vertex 1.22459 2.95641 0
      vertex 12.1463 33.3574 0
    endloop
  endfacet
  facet normal -0 0 -1
    outer loop
      vertex 12.1463 33.3574 0
      vertex 1.22459 2.95641 0
      vertex 12.1365 33.3609 0
    endloop
  endfacet
  facet normal 0 0 -1
    outer loop
      vertex 2.17097 -25.7325 0
      vertex 8.58289 -34.4468 0
      vertex 7.99132 -34.5888 0
    endloop
  endfacet
  facet normal 0 0 -1
    outer loop
      vertex 2.17097 -25.7325 0
      vertex 7.99132 -34.5888 0
      vertex 7.98109 -34.5912 0
    endloop
  endfacet
  facet normal 0 0 -1
    outer loop
      vertex 2.17097 -25.7325 0
      vertex 7.98109 -34.5912 0
      vertex 7.38562 -34.7232 0
    endloop
  endfacet
  facet normal 0 0 -1
    outer loop
      vertex 2.17097 -25.7325 0
      vertex 7.38562 -34.7232 0
      vertex 7.3754 -34.7253 0
    endloop
  endfacet
  facet normal -0 0 -1
    outer loop
      vertex 12.1365 33.3609 0
      vertex 1.22459 2.95641 0
      vertex 11.563 33.564 0
    endloop
  endfacet
  facet normal 0 0 -1
    outer loop
      vertex 0.92891 3.06221 0
      vertex 11.563 33.564 0
      vertex 1.22459 2.95641 0
    endloop
  endfacet
  facet normal 0 0 -1
    outer loop
      vertex 2.17097 -25.7325 0
      vertex 7.3754 -34.7253 0
      vertex 6.77869 -34.8468 0
    endloop
  endfacet
  facet normal 0 0 -1
    outer loop
      vertex 2.17097 -25.7325 0
      vertex 6.77869 -34.8468 0
      vertex 6.76839 -34.8488 0
    endloop
  endfacet
  facet normal 0 0 -1
    outer loop
      vertex 2.17097 -25.7325 0
      vertex 6.76839 -34.8488 0
      vertex 6.16963 -34.9597 0
    endloop
  endfacet
  facet normal 0 0 -1
    outer loop
      vertex 2.17097 -25.7325 0
      vertex 6.16963 -34.9597 0
      vertex 6.15933 -34.9615 0
    endloop
  endfacet
  facet normal -0 0 -1
    outer loop
      vertex 11.563 33.564 0
      vertex 0.92891 3.06221 0
      vertex 11.5531 33.5674 0
    endloop
  endfacet
  facet normal -0 0 -1
    outer loop
      vertex 11.5531 33.5674 0
      vertex 0.92891 3.06221 0
      vertex 10.9749 33.7609 0
    endloop
  endfacet
  facet normal 0 0 -1
    outer loop
      vertex 2.17097 -25.7325 0
      vertex 6.15933 -34.9615 0
      vertex 5.55911 -35.062 0
    endloop
  endfacet
  facet normal 0 0 -1
    outer loop
      vertex 2.17097 -25.7325 0
      vertex 5.55911 -35.062 0
      vertex 5.54877 -35.0636 0
    endloop
  endfacet
  facet normal 0 0 -1
    outer loop
      vertex 2.17097 -25.7325 0
      vertex 5.54877 -35.0636 0
      vertex 4.94534 -35.1538 0
    endloop
  endfacet
  facet normal 0 0 -1
    outer loop
      vertex 2.17097 -25.7325 0
      vertex 4.94534 -35.1538 0
      vertex 4.93498 -35.1553 0
    endloop
  endfacet
  facet normal -0 0 -1
    outer loop
      vertex 10.9749 33.7609 0
      vertex 0.92891 3.06221 0
      vertex 10.965 33.7641 0
    endloop
  endfacet
  facet normal -0 0 -1
    outer loop
      vertex 10.965 33.7641 0
      vertex 0.92891 3.06221 0
      vertex 10.384 33.9473 0
    endloop
  endfacet
  facet normal 0 0 -1
    outer loop
      vertex 2.17097 -25.7325 0
      vertex 4.93498 -35.1553 0
      vertex 4.33199 -35.2346 0
    endloop
  endfacet
  facet normal 0 0 -1
    outer loop
      vertex 2.17097 -25.7325 0
      vertex 4.33199 -35.2346 0
      vertex 4.32158 -35.2359 0
    endloop
  endfacet
  facet normal 0 0 -1
    outer loop
      vertex 2.17097 -25.7325 0
      vertex 4.32158 -35.2359 0
      vertex 3.71605 -35.3049 0
    endloop
  endfacet
  facet normal 0 0 -1
    outer loop
      vertex 2.17097 -25.7325 0
      vertex 3.71605 -35.3049 0
      vertex 3.70563 -35.306 0
    endloop
  endfacet
  facet normal -0 0 -1
    outer loop
      vertex 10.384 33.9473 0
      vertex 0.92891 3.06221 0
      vertex 10.374 33.9503 0
    endloop
  endfacet
  facet normal -0 0 -1
    outer loop
      vertex 10.374 33.9503 0
      vertex 0.92891 3.06221 0
      vertex 9.78972 34.1234 0
    endloop
  endfacet
  facet normal -0 0 -1
    outer loop
      vertex 9.78972 34.1234 0
      vertex 0.92891 3.06221 0
      vertex 9.77963 34.1263 0
    endloop
  endfacet
  facet normal 0 0 -1
    outer loop
      vertex 35.451 -1.8632 0
      vertex 3.18459 -0.313654 0
      vertex 3.2 0 0
    endloop
  endfacet
  facet normal 0 0 -1
    outer loop
      vertex 35.0636 -5.54877 0
      vertex 3.13851 -0.624289 0
      vertex 3.18459 -0.313654 0
    endloop
  endfacet
  facet normal 0 0 -1
    outer loop
      vertex 2.17097 -25.7325 0
      vertex 3.70563 -35.306 0
      vertex 3.09859 -35.3645 0
    endloop
  endfacet
  facet normal 0 0 -1
    outer loop
      vertex 2.17097 -25.7325 0
      vertex 3.09859 -35.3645 0
      vertex 3.08817 -35.3654 0
    endloop
  endfacet
  facet normal 0 0 -1
    outer loop
      vertex 11.7843 -33.4857 0
      vertex 2.17097 -24.9025 0
      vertex 1.94858 -20.2532 0
    endloop
  endfacet
  facet normal -0 0 -1
    outer loop
      vertex 33.5747 -11.5315 0
      vertex 1.94858 -19.331 0
      vertex 2.6607 -1.77782 0
    endloop
  endfacet
  facet normal 0 0 -1
    outer loop
      vertex 34.2917 -9.18269 0
      vertex 3.06221 -0.92891 0
      vertex 3.13851 -0.624289 0
    endloop
  endfacet
  facet normal 0 0 -1
    outer loop
      vertex 33.5747 -11.5315 0
      vertex 2.95641 -1.22459 0
      vertex 3.06221 -0.92891 0
    endloop
  endfacet
  facet normal 0 0 -1
    outer loop
      vertex 2.17097 -25.7325 0
      vertex 3.08817 -35.3654 0
      vertex 2.4817 -35.4131 0
    endloop
  endfacet
  facet normal 0 0 -1
    outer loop
      vertex 33.5747 -11.5315 0
      vertex 2.82215 -1.50847 0
      vertex 2.95641 -1.22459 0
    endloop
  endfacet
  facet normal 0 0 -1
    outer loop
      vertex 2.17097 -25.7325 0
      vertex 2.4817 -35.4131 0
      vertex 2.47127 -35.4138 0
    endloop
  endfacet
  facet normal 0 0 -1
    outer loop
      vertex 33.5747 -11.5315 0
      vertex 2.6607 -1.77782 0
      vertex 2.82215 -1.50847 0
    endloop
  endfacet
  facet normal 0 0 -1
    outer loop
      vertex 11.7843 -33.4857 0
      vertex 2.17097 -25.7325 0
      vertex 2.17097 -24.9025 0
    endloop
  endfacet
  facet normal 0 0 -1
    outer loop
      vertex 1.8632 -35.451 0
      vertex 2.17097 -25.7325 0
      vertex 2.47127 -35.4138 0
    endloop
  endfacet
  facet normal 0 0 -1
    outer loop
      vertex 1.85274 -35.4516 0
      vertex 2.17097 -25.7325 0
      vertex 1.8632 -35.451 0
    endloop
  endfacet
  facet normal 0 0 -1
    outer loop
      vertex 1.24419 -35.4781 0
      vertex 2.17097 -25.7325 0
      vertex 1.85274 -35.4516 0
    endloop
  endfacet
  facet normal 0 0 -1
    outer loop
      vertex 1.23372 -35.4785 0
      vertex 2.17097 -25.7325 0
      vertex 1.24419 -35.4781 0
    endloop
  endfacet
  facet normal 0 0 -1
    outer loop
      vertex 0.624802 -35.4944 0
      vertex 2.17097 -25.7325 0
      vertex 1.23372 -35.4785 0
    endloop
  endfacet
  facet normal 0 0 -1
    outer loop
      vertex 0.614334 -35.4946 0
      vertex 2.17097 -25.7325 0
      vertex 0.624802 -35.4944 0
    endloop
  endfacet
  facet normal 0 0 -1
    outer loop
      vertex 0.523422 -35.4954 0
      vertex 2.17097 -25.7325 0
      vertex 0.614334 -35.4946 0
    endloop
  endfacet
  facet normal 0 0 -1
    outer loop
      vertex -2.41493 -39.4334 0
      vertex 0.523422 -35.4954 0
      vertex -0.887009 -39.0944 0
    endloop
  endfacet
  facet normal 0 0 -1
    outer loop
      vertex -1.47183 -39.4749 0
      vertex -0.887009 -39.0944 0
      vertex -0.902527 -39.1305 0
    endloop
  endfacet
  facet normal 0 0 -1
    outer loop
      vertex -1.47183 -39.4749 0
      vertex -0.902527 -39.1305 0
      vertex -0.920364 -39.1655 0
    endloop
  endfacet
  facet normal 0 0 -1
    outer loop
      vertex -1.47183 -39.4749 0
      vertex -0.920364 -39.1655 0
      vertex -0.94046 -39.1992 0
    endloop
  endfacet
  facet normal 0 0 -1
    outer loop
      vertex -1.47183 -39.4749 0
      vertex -0.94046 -39.1992 0
      vertex -0.962708 -39.2316 0
    endloop
  endfacet
  facet normal 0 0 -1
    outer loop
      vertex -1.47183 -39.4749 0
      vertex -0.962708 -39.2316 0
      vertex -0.98703 -39.2624 0
    endloop
  endfacet
  facet normal 0 0 -1
    outer loop
      vertex -1.47183 -39.4749 0
      vertex -0.98703 -39.2624 0
      vertex -1.01332 -39.2916 0
    endloop
  endfacet
  facet normal 0 0 -1
    outer loop
      vertex -1.47183 -39.4749 0
      vertex -1.01332 -39.2916 0
      vertex -1.04146 -39.3189 0
    endloop
  endfacet
  facet normal 0 0 -1
    outer loop
      vertex -1.47183 -39.4749 0
      vertex -1.04146 -39.3189 0
      vertex -1.07132 -39.3444 0
    endloop
  endfacet
  facet normal 0 0 -1
    outer loop
      vertex -1.47183 -39.4749 0
      vertex -1.07132 -39.3444 0
      vertex -1.10278 -39.3679 0
    endloop
  endfacet
  facet normal 0 0 -1
    outer loop
      vertex -1.47183 -39.4749 0
      vertex -1.10278 -39.3679 0
      vertex -1.13573 -39.3893 0
    endloop
  endfacet
  facet normal 0 0 -1
    outer loop
      vertex -1.47183 -39.4749 0
      vertex -1.13573 -39.3893 0
      vertex -1.17 -39.4084 0
    endloop
  endfacet
  facet normal 0 0 -1
    outer loop
      vertex -1.47183 -39.4749 0
      vertex -1.17 -39.4084 0
      vertex -1.20544 -39.4253 0
    endloop
  endfacet
  facet normal 0 0 -1
    outer loop
      vertex -1.47183 -39.4749 0
      vertex -1.20544 -39.4253 0
      vertex -1.24191 -39.4399 0
    endloop
  endfacet
  facet normal 0 0 -1
    outer loop
      vertex -1.47183 -39.4749 0
      vertex -1.24191 -39.4399 0
      vertex -1.27925 -39.452 0
    endloop
  endfacet
  facet normal 0 0 -1
    outer loop
      vertex -1.47183 -39.4749 0
      vertex -1.27925 -39.452 0
      vertex -1.31732 -39.4616 0
    endloop
  endfacet
  facet normal 0 0 -1
    outer loop
      vertex -1.47183 -39.4749 0
      vertex -1.31732 -39.4616 0
      vertex -1.35593 -39.4688 0
    endloop
  endfacet
  facet normal 0 0 -1
    outer loop
      vertex -1.47183 -39.4749 0
      vertex -1.35593 -39.4688 0
      vertex -1.39491 -39.4734 0
    endloop
  endfacet
  facet normal 0 0 -1
    outer loop
      vertex -1.47183 -39.4749 0
      vertex -1.39491 -39.4734 0
      vertex -1.43413 -39.4754 0
    endloop
  endfacet
  facet normal 0 0 -1
    outer loop
      vertex -0.887009 -39.0944 0
      vertex -1.47183 -39.4749 0
      vertex -2.39427 -39.4346 0
    endloop
  endfacet
  facet normal 0 0 -1
    outer loop
      vertex -0.887009 -39.0944 0
      vertex -2.39427 -39.4346 0
      vertex -2.41493 -39.4334 0
    endloop
  endfacet
  facet normal 0 0 -1
    outer loop
      vertex 0.523422 -35.4954 0
      vertex -2.41493 -39.4334 0
      vertex -3.75343 -39.3286 0
    endloop
  endfacet
  facet normal 0 0 -1
    outer loop
      vertex 0.523422 -35.4954 0
      vertex -2.61925 -25.7325 0
      vertex 2.17097 -25.7325 0
    endloop
  endfacet
  facet normal 0 0 -1
    outer loop
      vertex -23.7594 -26.3768 0
      vertex -2.61925 -24.9025 0
      vertex -2.61925 -25.7325 0
    endloop
  endfacet
  facet normal 0 0 -1
    outer loop
      vertex -25.1059 -25.0986 0
      vertex -2.61925 -24.9025 0
      vertex -25.0986 -25.1059 0
    endloop
  endfacet
  facet normal 0 0 -1
    outer loop
      vertex -25.5329 -24.6641 0
      vertex -2.61925 -24.9025 0
      vertex -25.1059 -25.0986 0
    endloop
  endfacet
  facet normal 0 0 -1
    outer loop
      vertex -2.61925 -24.9025 0
      vertex -25.5329 -24.6641 0
      vertex -2.6607 -1.77782 0
    endloop
  endfacet
  facet normal 0 0 -1
    outer loop
      vertex -3.77403 -39.3266 0
      vertex 0.523422 -35.4954 0
      vertex -3.75343 -39.3286 0
    endloop
  endfacet
  facet normal 0 0 -1
    outer loop
      vertex -5.10687 -39.1758 0
      vertex 0.523422 -35.4954 0
      vertex -3.77403 -39.3266 0
    endloop
  endfacet
  facet normal 0 0 -1
    outer loop
      vertex -5.1274 -39.1731 0
      vertex 0.523422 -35.4954 0
      vertex -5.10687 -39.1758 0
    endloop
  endfacet
  facet normal 0 0 -1
    outer loop
      vertex -6.4552 -38.9763 0
      vertex 0.523422 -35.4954 0
      vertex -5.1274 -39.1731 0
    endloop
  endfacet
  facet normal 0 0 -1
    outer loop
      vertex 9.43404 34.2222 0
      vertex -3.37799 39.3626 0
      vertex -3.35783 39.3643 0
    endloop
  endfacet
  facet normal 0 0 -1
    outer loop
      vertex -6.47562 -38.9729 0
      vertex 0.523422 -35.4954 0
      vertex -6.4552 -38.9763 0
    endloop
  endfacet
  facet normal -0 0 -1
    outer loop
      vertex 0.523422 -35.4954 0
      vertex -6.47562 -38.9729 0
      vertex -2.61925 -25.7325 0
    endloop
  endfacet
  facet normal 0 0 -1
    outer loop
      vertex -7.7955 -38.7305 0
      vertex -2.61925 -25.7325 0
      vertex -6.47562 -38.9729 0
    endloop
  endfacet
  facet normal 0 0 -1
    outer loop
      vertex -3.18459 0.313654 0
      vertex -20.9884 28.6298 0
      vertex -7.31818 38.8236 0
    endloop
  endfacet
  facet normal 0 0 -1
    outer loop
      vertex -3.18459 0.313654 0
      vertex -4.68344 39.2287 0
      vertex -3.37799 39.3626 0
    endloop
  endfacet
  facet normal 0 0 -1
    outer loop
      vertex -7.8158 -38.7265 0
      vertex -2.61925 -25.7325 0
      vertex -7.7955 -38.7305 0
    endloop
  endfacet
  facet normal 0 0 -1
    outer loop
      vertex -9.12679 -38.4386 0
      vertex -2.61925 -25.7325 0
      vertex -7.8158 -38.7265 0
    endloop
  endfacet
  facet normal 0 0 -1
    outer loop
      vertex -3.18459 0.313654 0
      vertex -4.70355 39.2263 0
      vertex -4.68344 39.2287 0
    endloop
  endfacet
  facet normal 0 0 -1
    outer loop
      vertex -3.18459 0.313654 0
      vertex -6.00441 39.0483 0
      vertex -4.70355 39.2263 0
    endloop
  endfacet
  facet normal 0 0 -1
    outer loop
      vertex -9.14691 -38.4338 0
      vertex -2.61925 -25.7325 0
      vertex -9.12679 -38.4386 0
    endloop
  endfacet
  facet normal 0 0 -1
    outer loop
      vertex -10.4468 -38.101 0
      vertex -2.61925 -25.7325 0
      vertex -9.14691 -38.4338 0
    endloop
  endfacet
  facet normal 0 0 -1
    outer loop
      vertex -3.18459 0.313654 0
      vertex -6.02441 39.0453 0
      vertex -6.00441 39.0483 0
    endloop
  endfacet
  facet normal 0 0 -1
    outer loop
      vertex -3.18459 0.313654 0
      vertex -7.31818 38.8236 0
      vertex -6.02441 39.0453 0
    endloop
  endfacet
  facet normal 0 0 -1
    outer loop
      vertex -10.4668 -38.0956 0
      vertex -2.61925 -25.7325 0
      vertex -10.4468 -38.101 0
    endloop
  endfacet
  facet normal 0 0 -1
    outer loop
      vertex -11.7546 -37.7181 0
      vertex -2.61925 -25.7325 0
      vertex -10.4668 -38.0956 0
    endloop
  endfacet
  facet normal 0 0 -1
    outer loop
      vertex -7.31818 38.8236 0
      vertex -20.9884 28.6298 0
      vertex -7.33807 38.8198 0
    endloop
  endfacet
  facet normal 0 0 -1
    outer loop
      vertex -7.33807 38.8198 0
      vertex -20.9884 28.6298 0
      vertex -8.6236 38.5546 0
    endloop
  endfacet
  facet normal 0 0 -1
    outer loop
      vertex -11.7744 -37.7119 0
      vertex -2.61925 -25.7325 0
      vertex -11.7546 -37.7181 0
    endloop
  endfacet
  facet normal 0 0 -1
    outer loop
      vertex -2.61925 -24.9025 0
      vertex -23.7594 -26.3768 0
      vertex -24.2075 -25.9662 0
    endloop
  endfacet
  facet normal 0 0 -1
    outer loop
      vertex -8.6236 38.5546 0
      vertex -20.9884 28.6298 0
      vertex -8.64334 38.5502 0
    endloop
  endfacet
  facet normal 0 0 -1
    outer loop
      vertex -8.64334 38.5502 0
      vertex -20.9884 28.6298 0
      vertex -9.91946 38.2417 0
    endloop
  endfacet
  facet normal 0 0 -1
    outer loop
      vertex -2.61925 -24.9025 0
      vertex -24.2151 -25.9591 0
      vertex -24.6565 -25.5402 0
    endloop
  endfacet
  facet normal 0 0 -1
    outer loop
      vertex -2.61925 -24.9025 0
      vertex -24.6565 -25.5402 0
      vertex -24.6641 -25.5329 0
    endloop
  endfacet
  facet normal 0 0 -1
    outer loop
      vertex -9.91946 38.2417 0
      vertex -20.9884 28.6298 0
      vertex -9.93906 38.2366 0
    endloop
  endfacet
  facet normal 0 0 -1
    outer loop
      vertex -9.93906 38.2366 0
      vertex -20.9884 28.6298 0
      vertex -11.2033 37.8855 0
    endloop
  endfacet
  facet normal 0 0 -1
    outer loop
      vertex -2.61925 -24.9025 0
      vertex -24.2075 -25.9662 0
      vertex -24.2151 -25.9591 0
    endloop
  endfacet
  facet normal 0 0 -1
    outer loop
      vertex -13.0483 -37.2903 0
      vertex -2.61925 -25.7325 0
      vertex -11.7744 -37.7119 0
    endloop
  endfacet
  facet normal 0 0 -1
    outer loop
      vertex -11.2033 37.8855 0
      vertex -20.9884 28.6298 0
      vertex -11.2227 37.8797 0
    endloop
  endfacet
  facet normal 0 0 -1
    outer loop
      vertex -11.2227 37.8797 0
      vertex -20.9884 28.6298 0
      vertex -12.475 37.486 0
    endloop
  endfacet
  facet normal 0 0 -1
    outer loop
      vertex -13.0678 -37.2835 0
      vertex -2.61925 -25.7325 0
      vertex -13.0483 -37.2903 0
    endloop
  endfacet
  facet normal 0 0 -1
    outer loop
      vertex -14.3266 -36.8181 0
      vertex -2.61925 -25.7325 0
      vertex -13.0678 -37.2835 0
    endloop
  endfacet
  facet normal 0 0 -1
    outer loop
      vertex -12.475 37.486 0
      vertex -20.9884 28.6298 0
      vertex -12.4942 37.4796 0
    endloop
  endfacet
  facet normal 0 0 -1
    outer loop
      vertex -12.4942 37.4796 0
      vertex -20.9884 28.6298 0
      vertex -13.7329 37.0437 0
    endloop
  endfacet
  facet normal 0 0 -1
    outer loop
      vertex -14.3458 -36.8106 0
      vertex -2.61925 -25.7325 0
      vertex -14.3266 -36.8181 0
    endloop
  endfacet
  facet normal 0 0 -1
    outer loop
      vertex -15.5881 -36.302 0
      vertex -2.61925 -25.7325 0
      vertex -14.3458 -36.8106 0
    endloop
  endfacet
  facet normal 0 0 -1
    outer loop
      vertex -13.7329 37.0437 0
      vertex -20.9884 28.6298 0
      vertex -13.7518 37.0366 0
    endloop
  endfacet
  facet normal 0 0 -1
    outer loop
      vertex -13.7518 37.0366 0
      vertex -20.9884 28.6298 0
      vertex -14.9741 36.5595 0
    endloop
  endfacet
  facet normal 0 0 -1
    outer loop
      vertex -15.6071 -36.2938 0
      vertex -2.61925 -25.7325 0
      vertex -15.5881 -36.302 0
    endloop
  endfacet
  facet normal 0 0 -1
    outer loop
      vertex -16.8305 -35.743 0
      vertex -2.61925 -25.7325 0
      vertex -15.6071 -36.2938 0
    endloop
  endfacet
  facet normal 0 0 -1
    outer loop
      vertex -14.9741 36.5595 0
      vertex -20.9884 28.6298 0
      vertex -14.9929 36.5519 0
    endloop
  endfacet
  facet normal 0 0 -1
    outer loop
      vertex -14.9929 36.5519 0
      vertex -20.9884 28.6298 0
      vertex -16.1989 36.0336 0
    endloop
  endfacet
  facet normal 0 0 -1
    outer loop
      vertex -16.8492 -35.7341 0
      vertex -2.61925 -25.7325 0
      vertex -16.8305 -35.743 0
    endloop
  endfacet
  facet normal 0 0 -1
    outer loop
      vertex -18.0532 -35.1412 0
      vertex -2.61925 -25.7325 0
      vertex -16.8492 -35.7341 0
    endloop
  endfacet
  facet normal 0 0 -1
    outer loop
      vertex -16.1989 36.0336 0
      vertex -20.9884 28.6298 0
      vertex -16.2173 36.0253 0
    endloop
  endfacet
  facet normal 0 0 -1
    outer loop
      vertex -16.2173 36.0253 0
      vertex -20.9884 28.6298 0
      vertex -17.4055 35.4665 0
    endloop
  endfacet
  facet normal 0 0 -1
    outer loop
      vertex -2.61925 -25.7325 0
      vertex -18.0532 -35.1412 0
      vertex -23.7594 -26.3768 0
    endloop
  endfacet
  facet normal 0 0 -1
    outer loop
      vertex -23.7594 -26.3768 0
      vertex -18.0532 -35.1412 0
      vertex -18.0716 -35.1318 0
    endloop
  endfacet
  facet normal 0 0 -1
    outer loop
      vertex -17.4055 35.4665 0
      vertex -20.9884 28.6298 0
      vertex -17.4237 35.4576 0
    endloop
  endfacet
  facet normal 0 0 -1
    outer loop
      vertex -17.4237 35.4576 0
      vertex -20.9884 28.6298 0
      vertex -18.5918 34.8593 0
    endloop
  endfacet
  facet normal 0 0 -1
    outer loop
      vertex -23.7594 -26.3768 0
      vertex -18.0716 -35.1318 0
      vertex -19.2543 -34.4978 0
    endloop
  endfacet
  facet normal 0 0 -1
    outer loop
      vertex -23.7594 -26.3768 0
      vertex -19.2543 -34.4978 0
      vertex -19.2724 -34.4877 0
    endloop
  endfacet
  facet normal 0 0 -1
    outer loop
      vertex -18.5918 34.8593 0
      vertex -20.9884 28.6298 0
      vertex -18.6096 34.8498 0
    endloop
  endfacet
  facet normal 0 0 -1
    outer loop
      vertex -18.6096 34.8498 0
      vertex -20.9884 28.6298 0
      vertex -19.7569 34.2124 0
    endloop
  endfacet
  facet normal 0 0 -1
    outer loop
      vertex -23.7594 -26.3768 0
      vertex -19.2724 -34.4877 0
      vertex -20.4327 -33.8132 0
    endloop
  endfacet
  facet normal 0 0 -1
    outer loop
      vertex -23.7594 -26.3768 0
      vertex -20.4327 -33.8132 0
      vertex -20.4504 -33.8025 0
    endloop
  endfacet
  facet normal 0 0 -1
    outer loop
      vertex -19.7569 34.2124 0
      vertex -20.9884 28.6298 0
      vertex -19.7744 34.2023 0
    endloop
  endfacet
  facet normal 0 0 -1
    outer loop
      vertex -19.7744 34.2023 0
      vertex -20.9884 28.6298 0
      vertex -20.8997 33.5265 0
    endloop
  endfacet
  facet normal 0 0 -1
    outer loop
      vertex -21.9237 32.381 0
      vertex -20.8997 33.5265 0
      vertex -20.9884 28.6298 0
    endloop
  endfacet
  facet normal 0 0 -1
    outer loop
      vertex -2.61925 -24.9025 0
      vertex -24.6641 -25.5329 0
      vertex -25.0986 -25.1059 0
    endloop
  endfacet
  facet normal 0 0 -1
    outer loop
      vertex -3.18459 0.313654 0
      vertex -21.3602 28.3546 0
      vertex -20.9884 28.6298 0
    endloop
  endfacet
  facet normal 0 0 -1
    outer loop
      vertex -23.7594 -26.3768 0
      vertex -20.4504 -33.8025 0
      vertex -21.5866 -33.0884 0
    endloop
  endfacet
  facet normal 0 0 -1
    outer loop
      vertex -23.7594 -26.3768 0
      vertex -21.5866 -33.0884 0
      vertex -21.604 -33.0771 0
    endloop
  endfacet
  facet normal 0 0 -1
    outer loop
      vertex -3.18459 0.313654 0
      vertex -21.3686 28.3483 0
      vertex -21.3602 28.3546 0
    endloop
  endfacet
  facet normal 0 0 -1
    outer loop
      vertex -3.18459 0.313654 0
      vertex -21.8515 27.9778 0
      vertex -21.3686 28.3483 0
    endloop
  endfacet
  facet normal 0 0 -1
    outer loop
      vertex -3.18459 0.313654 0
      vertex -21.8598 27.9713 0
      vertex -21.8515 27.9778 0
    endloop
  endfacet
  facet normal 0 0 -1
    outer loop
      vertex -3.18459 0.313654 0
      vertex -22.3364 27.5922 0
      vertex -21.8598 27.9713 0
    endloop
  endfacet
  facet normal 0 0 -1
    outer loop
      vertex -23.7594 -26.3768 0
      vertex -21.604 -33.0771 0
      vertex -22.7148 -32.3244 0
    endloop
  endfacet
  facet normal 0 0 -1
    outer loop
      vertex -23.7594 -26.3768 0
      vertex -22.7148 -32.3244 0
      vertex -22.7317 -32.3125 0
    endloop
  endfacet
  facet normal 0 0 -1
    outer loop
      vertex -3.18459 0.313654 0
      vertex -22.3446 27.5856 0
      vertex -22.3364 27.5922 0
    endloop
  endfacet
  facet normal 0 0 -1
    outer loop
      vertex -3.18459 0.313654 0
      vertex -22.8152 27.1976 0
      vertex -22.3446 27.5856 0
    endloop
  endfacet
  facet normal 0 0 -1
    outer loop
      vertex -3.18459 0.313654 0
      vertex -22.8232 27.1909 0
      vertex -22.8152 27.1976 0
    endloop
  endfacet
  facet normal 0 0 -1
    outer loop
      vertex -3.18459 0.313654 0
      vertex -23.2859 26.7957 0
      vertex -22.8232 27.1909 0
    endloop
  endfacet
  facet normal 0 0 -1
    outer loop
      vertex -3.18459 0.313654 0
      vertex -23.2938 26.7889 0
      vertex -23.2859 26.7957 0
    endloop
  endfacet
  facet normal 0 0 -1
    outer loop
      vertex -3.18459 0.313654 0
      vertex -23.7502 26.3852 0
      vertex -23.2938 26.7889 0
    endloop
  endfacet
  facet normal 0 0 -1
    outer loop
      vertex -3.18459 0.313654 0
      vertex -23.7579 26.3781 0
      vertex -23.7502 26.3852 0
    endloop
  endfacet
  facet normal 0 0 -1
    outer loop
      vertex -23.8162 -31.5217 0
      vertex -23.7594 -26.3768 0
      vertex -22.7317 -32.3125 0
    endloop
  endfacet
  facet normal 0 0 -1
    outer loop
      vertex -23.8327 -31.5092 0
      vertex -23.7594 -26.3768 0
      vertex -23.8162 -31.5217 0
    endloop
  endfacet
  facet normal 0 0 -1
    outer loop
      vertex -24.8881 -30.6823 0
      vertex -23.7594 -26.3768 0
      vertex -23.8327 -31.5092 0
    endloop
  endfacet
  facet normal 0 0 -1
    outer loop
      vertex -25.6551 -29.3523 0
      vertex -24.8881 -30.6823 0
      vertex -24.9063 -30.6675 0
    endloop
  endfacet
  facet normal 0 0 -1
    outer loop
      vertex -25.6551 -29.3523 0
      vertex -24.9063 -30.6675 0
      vertex -25.5372 -30.1322 0
    endloop
  endfacet
  facet normal 0 0 -1
    outer loop
      vertex -25.6551 -29.3523 0
      vertex -25.5372 -30.1322 0
      vertex -25.5663 -30.1058 0
    endloop
  endfacet
  facet normal 0 0 -1
    outer loop
      vertex -25.6551 -29.3523 0
      vertex -25.5663 -30.1058 0
      vertex -25.5936 -30.0776 0
    endloop
  endfacet
  facet normal 0 0 -1
    outer loop
      vertex -25.6551 -29.3523 0
      vertex -25.5936 -30.0776 0
      vertex -25.619 -30.0477 0
    endloop
  endfacet
  facet normal 0 0 -1
    outer loop
      vertex -25.6551 -29.3523 0
      vertex -25.619 -30.0477 0
      vertex -25.6424 -30.0161 0
    endloop
  endfacet
  facet normal 0 0 -1
    outer loop
      vertex -24.8881 -30.6823 0
      vertex -25.6551 -29.3523 0
      vertex -23.7594 -26.3768 0
    endloop
  endfacet
  facet normal 0 0 -1
    outer loop
      vertex -25.6637 -29.9831 0
      vertex -25.6551 -29.3523 0
      vertex -25.6424 -30.0161 0
    endloop
  endfacet
  facet normal 0 0 -1
    outer loop
      vertex -25.6637 -29.9831 0
      vertex -25.6735 -29.3832 0
      vertex -25.6551 -29.3523 0
    endloop
  endfacet
  facet normal 0 0 -1
    outer loop
      vertex -25.6827 -29.9488 0
      vertex -25.6735 -29.3832 0
      vertex -25.6637 -29.9831 0
    endloop
  endfacet
  facet normal 0 0 -1
    outer loop
      vertex -25.6827 -29.9488 0
      vertex -25.6914 -29.4181 0
      vertex -25.6735 -29.3832 0
    endloop
  endfacet
  facet normal 0 0 -1
    outer loop
      vertex -25.6995 -29.9133 0
      vertex -25.6914 -29.4181 0
      vertex -25.6827 -29.9488 0
    endloop
  endfacet
  facet normal 0 0 -1
    outer loop
      vertex -25.6995 -29.9133 0
      vertex -25.707 -29.4541 0
      vertex -25.6914 -29.4181 0
    endloop
  endfacet
  facet normal 0 0 -1
    outer loop
      vertex -25.714 -29.8768 0
      vertex -25.707 -29.4541 0
      vertex -25.6995 -29.9133 0
    endloop
  endfacet
  facet normal 0 0 -1
    outer loop
      vertex -25.714 -29.8768 0
      vertex -25.7203 -29.4911 0
      vertex -25.707 -29.4541 0
    endloop
  endfacet
  facet normal 0 0 -1
    outer loop
      vertex -25.726 -29.8394 0
      vertex -25.7203 -29.4911 0
      vertex -25.714 -29.8768 0
    endloop
  endfacet
  facet normal 0 0 -1
    outer loop
      vertex -25.726 -29.8394 0
      vertex -25.731 -29.5289 0
      vertex -25.7203 -29.4911 0
    endloop
  endfacet
  facet normal 0 0 -1
    outer loop
      vertex -25.7355 -29.8013 0
      vertex -25.731 -29.5289 0
      vertex -25.726 -29.8394 0
    endloop
  endfacet
  facet normal 0 0 -1
    outer loop
      vertex -25.7355 -29.8013 0
      vertex -25.7393 -29.5672 0
      vertex -25.731 -29.5289 0
    endloop
  endfacet
  facet normal 0 0 -1
    outer loop
      vertex -25.7425 -29.7627 0
      vertex -25.7393 -29.5672 0
      vertex -25.7355 -29.8013 0
    endloop
  endfacet
  facet normal 0 0 -1
    outer loop
      vertex -25.7425 -29.7627 0
      vertex -25.7451 -29.6061 0
      vertex -25.7393 -29.5672 0
    endloop
  endfacet
  facet normal 0 0 -1
    outer loop
      vertex -25.747 -29.7237 0
      vertex -25.7451 -29.6061 0
      vertex -25.7425 -29.7627 0
    endloop
  endfacet
  facet normal 0 0 -1
    outer loop
      vertex -25.747 -29.7237 0
      vertex -25.7483 -29.6452 0
      vertex -25.7451 -29.6061 0
    endloop
  endfacet
  facet normal 0 -0 -1
    outer loop
      vertex -25.7483 -29.6452 0
      vertex -25.747 -29.7237 0
      vertex -25.7489 -29.6845 0
    endloop
  endfacet
  facet normal 0 0 -1
    outer loop
      vertex -2.61925 -24.9025 0
      vertex -0.75853 -18.0887 0
      vertex -0.75853 -24.9025 0
    endloop
  endfacet
  facet normal 0 0 -1
    outer loop
      vertex -2.6607 -1.77782 0
      vertex -0.75853 -18.0887 0
      vertex -2.61925 -24.9025 0
    endloop
  endfacet
  facet normal 0 0 -1
    outer loop
      vertex -0.75853 -18.0887 0
      vertex -1.22459 -2.95641 0
      vertex -0.92891 -3.06221 0
    endloop
  endfacet
  facet normal 0 0 -1
    outer loop
      vertex -0.75853 -18.0887 0
      vertex -1.50847 -2.82215 0
      vertex -1.22459 -2.95641 0
    endloop
  endfacet
  facet normal 0 0 -1
    outer loop
      vertex -0.75853 -18.0887 0
      vertex -1.77782 -2.6607 0
      vertex -1.50847 -2.82215 0
    endloop
  endfacet
  facet normal 0 0 -1
    outer loop
      vertex -0.75853 -18.0887 0
      vertex -2.03006 -2.47363 0
      vertex -1.77782 -2.6607 0
    endloop
  endfacet
  facet normal 0 0 -1
    outer loop
      vertex -0.75853 -18.0887 0
      vertex -2.26274 -2.26274 0
      vertex -2.03006 -2.47363 0
    endloop
  endfacet
  facet normal 0 0 -1
    outer loop
      vertex -0.75853 -18.0887 0
      vertex -2.47363 -2.03006 0
      vertex -2.26274 -2.26274 0
    endloop
  endfacet
  facet normal 0 0 -1
    outer loop
      vertex -0.75853 -18.0887 0
      vertex -2.6607 -1.77782 0
      vertex -2.47363 -2.03006 0
    endloop
  endfacet
  facet normal 0 0 -1
    outer loop
      vertex 9.79945 37.7686 0
      vertex 9.79773 37.8471 0
      vertex 9.79988 37.8079 0
    endloop
  endfacet
  facet normal 0 0 -1
    outer loop
      vertex 9.79684 37.733 0
      vertex 9.79773 37.8471 0
      vertex 9.79945 37.7686 0
    endloop
  endfacet
  facet normal 0 0 -1
    outer loop
      vertex 9.79684 37.733 0
      vertex 9.79303 37.8861 0
      vertex 9.79773 37.8471 0
    endloop
  endfacet
  facet normal 0 0 -1
    outer loop
      vertex 9.79684 37.733 0
      vertex 9.78578 37.9247 0
      vertex 9.79303 37.8861 0
    endloop
  endfacet
  facet normal 0 0 -1
    outer loop
      vertex 9.79684 37.733 0
      vertex 9.77603 37.9627 0
      vertex 9.78578 37.9247 0
    endloop
  endfacet
  facet normal 0 0 -1
    outer loop
      vertex 9.79684 37.733 0
      vertex 9.76381 38 0
      vertex 9.77603 37.9627 0
    endloop
  endfacet
  facet normal 0 0 -1
    outer loop
      vertex 9.79684 37.733 0
      vertex 9.74918 38.0365 0
      vertex 9.76381 38 0
    endloop
  endfacet
  facet normal 0 0 -1
    outer loop
      vertex 9.79684 37.733 0
      vertex 9.73219 38.0719 0
      vertex 9.74918 38.0365 0
    endloop
  endfacet
  facet normal 0 0 -1
    outer loop
      vertex 9.79684 37.733 0
      vertex 9.71292 38.1061 0
      vertex 9.73219 38.0719 0
    endloop
  endfacet
  facet normal 0 0 -1
    outer loop
      vertex 9.79684 37.733 0
      vertex 9.69147 38.1389 0
      vertex 9.71292 38.1061 0
    endloop
  endfacet
  facet normal 0 0 -1
    outer loop
      vertex 9.79684 37.733 0
      vertex 9.66789 38.1703 0
      vertex 9.69147 38.1389 0
    endloop
  endfacet
  facet normal 0 0 -1
    outer loop
      vertex 9.79684 37.733 0
      vertex 9.64232 38.2001 0
      vertex 9.66789 38.1703 0
    endloop
  endfacet
  facet normal 0 0 -1
    outer loop
      vertex 9.79684 37.733 0
      vertex 9.61487 38.2282 0
      vertex 9.64232 38.2001 0
    endloop
  endfacet
  facet normal 0 0 -1
    outer loop
      vertex 9.79684 37.733 0
      vertex 9.58562 38.2544 0
      vertex 9.61487 38.2282 0
    endloop
  endfacet
  facet normal 0 0 -1
    outer loop
      vertex 9.79684 37.733 0
      vertex 9.55473 38.2786 0
      vertex 9.58562 38.2544 0
    endloop
  endfacet
  facet normal 0 0 -1
    outer loop
      vertex 9.79684 37.733 0
      vertex 9.52232 38.3008 0
      vertex 9.55473 38.2786 0
    endloop
  endfacet
  facet normal 0 0 -1
    outer loop
      vertex 9.79684 37.733 0
      vertex 9.48853 38.3208 0
      vertex 9.52232 38.3008 0
    endloop
  endfacet
  facet normal 0 0 -1
    outer loop
      vertex 9.79684 37.733 0
      vertex 9.45351 38.3385 0
      vertex 9.48853 38.3208 0
    endloop
  endfacet
  facet normal 0 0 -1
    outer loop
      vertex 8.54495 38.5721 0
      vertex 9.79684 37.733 0
      vertex 9.43404 34.2222 0
    endloop
  endfacet
  facet normal 0 0 -1
    outer loop
      vertex 9.79684 37.733 0
      vertex 9.41739 38.3539 0
      vertex 9.45351 38.3385 0
    endloop
  endfacet
  facet normal -0 0 -1
    outer loop
      vertex 9.77963 34.1263 0
      vertex 0.92891 3.06221 0
      vertex 9.43404 34.2222 0
    endloop
  endfacet
  facet normal 0 0 -1
    outer loop
      vertex 0.624289 3.13851 0
      vertex 9.43404 34.2222 0
      vertex 0.92891 3.06221 0
    endloop
  endfacet
  facet normal 0 0 -1
    outer loop
      vertex 0.313654 3.18459 0
      vertex 9.43404 34.2222 0
      vertex 0.624289 3.13851 0
    endloop
  endfacet
  facet normal 0 0 -1
    outer loop
      vertex 9.79684 37.733 0
      vertex 9.34254 38.3775 0
      vertex 9.38036 38.367 0
    endloop
  endfacet
  facet normal 0 0 -1
    outer loop
      vertex 9.79684 37.733 0
      vertex 8.56743 38.5671 0
      vertex 9.34254 38.3775 0
    endloop
  endfacet
  facet normal 0 0 -1
    outer loop
      vertex 9.79684 37.733 0
      vertex 8.54495 38.5721 0
      vertex 8.56743 38.5671 0
    endloop
  endfacet
  facet normal 0 0 -1
    outer loop
      vertex 9.43404 34.2222 0
      vertex 7.2598 38.8345 0
      vertex 8.54495 38.5721 0
    endloop
  endfacet
  facet normal 0 0 -1
    outer loop
      vertex 9.43404 34.2222 0
      vertex 7.2399 38.8382 0
      vertex 7.2598 38.8345 0
    endloop
  endfacet
  facet normal 0 0 -1
    outer loop
      vertex 9.43404 34.2222 0
      vertex 5.94577 39.0573 0
      vertex 7.2399 38.8382 0
    endloop
  endfacet
  facet normal 0 0 -1
    outer loop
      vertex 9.43404 34.2222 0
      vertex 5.92577 39.0603 0
      vertex 5.94577 39.0573 0
    endloop
  endfacet
  facet normal 0 0 -1
    outer loop
      vertex 0 3.2 0
      vertex 9.43404 34.2222 0
      vertex 0.313654 3.18459 0
    endloop
  endfacet
  facet normal 0 0 -1
    outer loop
      vertex 9.43404 34.2222 0
      vertex 4.625 39.2356 0
      vertex 5.92577 39.0603 0
    endloop
  endfacet
  facet normal 0 0 -1
    outer loop
      vertex 9.43404 34.2222 0
      vertex 4.60489 39.238 0
      vertex 4.625 39.2356 0
    endloop
  endfacet
  facet normal 0 0 -1
    outer loop
      vertex 9.43404 34.2222 0
      vertex 3.29912 39.3693 0
      vertex 4.60489 39.238 0
    endloop
  endfacet
  facet normal 0 0 -1
    outer loop
      vertex 9.43404 34.2222 0
      vertex 3.27895 39.371 0
      vertex 3.29912 39.3693 0
    endloop
  endfacet
  facet normal 0 0 -1
    outer loop
      vertex 9.43404 34.2222 0
      vertex 1.96907 39.4582 0
      vertex 3.27895 39.371 0
    endloop
  endfacet
  facet normal 0 0 -1
    outer loop
      vertex 9.43404 34.2222 0
      vertex 1.94885 39.4592 0
      vertex 1.96907 39.4582 0
    endloop
  endfacet
  facet normal 0 0 -1
    outer loop
      vertex -0.313654 3.18459 0
      vertex 9.43404 34.2222 0
      vertex 0 3.2 0
    endloop
  endfacet
  facet normal 0 0 -1
    outer loop
      vertex 9.43404 34.2222 0
      vertex 0.636826 39.5022 0
      vertex 1.94885 39.4592 0
    endloop
  endfacet
  facet normal 0 0 -1
    outer loop
      vertex 9.43404 34.2222 0
      vertex 0.616592 39.5025 0
      vertex 0.636826 39.5022 0
    endloop
  endfacet
  facet normal 0 0 -1
    outer loop
      vertex -3.37799 39.3626 0
      vertex 9.43404 34.2222 0
      vertex -0.313654 3.18459 0
    endloop
  endfacet
  facet normal 0 0 -1
    outer loop
      vertex -3.37799 39.3626 0
      vertex -0.313654 3.18459 0
      vertex -0.624289 3.13851 0
    endloop
  endfacet
  facet normal 0 0 -1
    outer loop
      vertex 9.43404 34.2222 0
      vertex -0.696136 39.5012 0
      vertex 0.616592 39.5025 0
    endloop
  endfacet
  facet normal 0 0 -1
    outer loop
      vertex 9.43404 34.2222 0
      vertex -0.716385 39.5008 0
      vertex -0.696136 39.5012 0
    endloop
  endfacet
  facet normal 0 0 -1
    outer loop
      vertex -3.37799 39.3626 0
      vertex -0.624289 3.13851 0
      vertex -0.92891 3.06221 0
    endloop
  endfacet
  facet normal 0 0 -1
    outer loop
      vertex -3.37799 39.3626 0
      vertex -0.92891 3.06221 0
      vertex -1.22459 2.95641 0
    endloop
  endfacet
  facet normal 0 0 -1
    outer loop
      vertex -3.37799 39.3626 0
      vertex -1.22459 2.95641 0
      vertex -1.50847 2.82215 0
    endloop
  endfacet
  facet normal 0 0 -1
    outer loop
      vertex -3.37799 39.3626 0
      vertex -1.50847 2.82215 0
      vertex -1.77782 2.6607 0
    endloop
  endfacet
  facet normal 0 0 -1
    outer loop
      vertex 9.43404 34.2222 0
      vertex -2.02832 39.4552 0
      vertex -0.716385 39.5008 0
    endloop
  endfacet
  facet normal 0 0 -1
    outer loop
      vertex -3.37799 39.3626 0
      vertex -1.77782 2.6607 0
      vertex -2.03006 2.47363 0
    endloop
  endfacet
  facet normal 0 0 -1
    outer loop
      vertex 9.43404 34.2222 0
      vertex -2.04854 39.4541 0
      vertex -2.02832 39.4552 0
    endloop
  endfacet
  facet normal 0 0 -1
    outer loop
      vertex -3.37799 39.3626 0
      vertex -2.03006 2.47363 0
      vertex -2.26274 2.26274 0
    endloop
  endfacet
  facet normal 0 0 -1
    outer loop
      vertex -3.37799 39.3626 0
      vertex -2.26274 2.26274 0
      vertex -2.47363 2.03006 0
    endloop
  endfacet
  facet normal 0 0 -1
    outer loop
      vertex -3.37799 39.3626 0
      vertex -2.47363 2.03006 0
      vertex -2.6607 1.77782 0
    endloop
  endfacet
  facet normal 0 0 -1
    outer loop
      vertex -3.37799 39.3626 0
      vertex -2.6607 1.77782 0
      vertex -2.82215 1.50847 0
    endloop
  endfacet
  facet normal 0 0 -1
    outer loop
      vertex -3.37799 39.3626 0
      vertex -2.82215 1.50847 0
      vertex -2.95641 1.22459 0
    endloop
  endfacet
  facet normal 0 0 -1
    outer loop
      vertex -3.37799 39.3626 0
      vertex -2.95641 1.22459 0
      vertex -3.06221 0.92891 0
    endloop
  endfacet
  facet normal 0 0 -1
    outer loop
      vertex -3.37799 39.3626 0
      vertex -3.06221 0.92891 0
      vertex -3.13851 0.624289 0
    endloop
  endfacet
  facet normal 0 0 -1
    outer loop
      vertex -3.37799 39.3626 0
      vertex -3.13851 0.624289 0
      vertex -3.18459 0.313654 0
    endloop
  endfacet
  facet normal 0 0 -1
    outer loop
      vertex -33.9032 -10.524 0
      vertex -3.18459 0.313654 0
      vertex -3.2 0 0
    endloop
  endfacet
  facet normal 0 0 -1
    outer loop
      vertex 9.43404 34.2222 0
      vertex -3.35783 39.3643 0
      vertex -2.04854 39.4541 0
    endloop
  endfacet
  facet normal 0 0 -1
    outer loop
      vertex 2.6607 -1.77782 0
      vertex 1.94858 -19.331 0
      vertex 2.47363 -2.03006 0
    endloop
  endfacet
  facet normal 0 0 -1
    outer loop
      vertex 2.47363 -2.03006 0
      vertex 1.94858 -19.331 0
      vertex 2.26274 -2.26274 0
    endloop
  endfacet
  facet normal 0 0 -1
    outer loop
      vertex 24.1991 -31.2287 0
      vertex 1.94858 -20.2532 0
      vertex 1.94858 -19.331 0
    endloop
  endfacet
  facet normal 0 0 -1
    outer loop
      vertex 0.22345 -24.9025 0
      vertex 1.94858 -20.2532 0
      vertex 2.17097 -24.9025 0
    endloop
  endfacet
  facet normal -0 0 -1
    outer loop
      vertex 1.94858 -20.2532 0
      vertex 0.22345 -24.9025 0
      vertex 0.22345 -19.0218 0
    endloop
  endfacet
  facet normal 0 0 -1
    outer loop
      vertex 2.26274 -2.26274 0
      vertex 1.94858 -19.331 0
      vertex 2.03006 -2.47363 0
    endloop
  endfacet
  facet normal 0 0 -1
    outer loop
      vertex 1.94858 -19.331 0
      vertex 1.77782 -2.6607 0
      vertex 2.03006 -2.47363 0
    endloop
  endfacet
  facet normal 0 0 -1
    outer loop
      vertex 1.94858 -19.331 0
      vertex 1.50847 -2.82215 0
      vertex 1.77782 -2.6607 0
    endloop
  endfacet
  facet normal 0 0 -1
    outer loop
      vertex 0.142014 -18.0887 0
      vertex 1.50847 -2.82215 0
      vertex 1.94858 -19.331 0
    endloop
  endfacet
  facet normal 0 0 -1
    outer loop
      vertex 1.50847 -2.82215 0
      vertex 0.142014 -18.0887 0
      vertex 1.22459 -2.95641 0
    endloop
  endfacet
  facet normal 0 0 -1
    outer loop
      vertex 1.22459 -2.95641 0
      vertex 0.142014 -18.0887 0
      vertex 0.92891 -3.06221 0
    endloop
  endfacet
  facet normal 0 0 -1
    outer loop
      vertex 0.92891 -3.06221 0
      vertex 0.142014 -18.0887 0
      vertex 0.624289 -3.13851 0
    endloop
  endfacet
  facet normal 0 0 -1
    outer loop
      vertex 0.624289 -3.13851 0
      vertex 0.142014 -18.0887 0
      vertex 0.313654 -3.18459 0
    endloop
  endfacet
  facet normal 0 0 -1
    outer loop
      vertex 0.142014 -18.0887 0
      vertex 0 -3.2 0
      vertex 0.313654 -3.18459 0
    endloop
  endfacet
  facet normal 0 0 -1
    outer loop
      vertex -0.75853 -18.0887 0
      vertex 0 -3.2 0
      vertex 0.142014 -18.0887 0
    endloop
  endfacet
  facet normal -0 0 -1
    outer loop
      vertex 0 -3.2 0
      vertex -0.75853 -18.0887 0
      vertex -0.313654 -3.18459 0
    endloop
  endfacet
  facet normal -0 0 -1
    outer loop
      vertex -0.313654 -3.18459 0
      vertex -0.75853 -18.0887 0
      vertex -0.624289 -3.13851 0
    endloop
  endfacet
  facet normal -0 0 -1
    outer loop
      vertex -0.624289 -3.13851 0
      vertex -0.75853 -18.0887 0
      vertex -0.92891 -3.06221 0
    endloop
  endfacet
  facet normal 0 0 -1
    outer loop
      vertex -20.8997 33.5265 0
      vertex -21.9237 32.381 0
      vertex -20.9169 33.5158 0
    endloop
  endfacet
  facet normal 0 0 -1
    outer loop
      vertex -20.9169 33.5158 0
      vertex -21.9237 32.381 0
      vertex -21.6676 33.0298 0
    endloop
  endfacet
  facet normal 0 0 -1
    outer loop
      vertex -21.6676 33.0298 0
      vertex -21.9237 32.381 0
      vertex -21.6984 33.0084 0
    endloop
  endfacet
  facet normal 0 0 -1
    outer loop
      vertex -21.6984 33.0084 0
      vertex -21.9237 32.381 0
      vertex -21.7292 32.9841 0
    endloop
  endfacet
  facet normal 0 0 -1
    outer loop
      vertex -21.7292 32.9841 0
      vertex -21.9237 32.381 0
      vertex -21.7583 32.9577 0
    endloop
  endfacet
  facet normal 0 0 -1
    outer loop
      vertex -21.7583 32.9577 0
      vertex -21.9237 32.381 0
      vertex -21.7856 32.9295 0
    endloop
  endfacet
  facet normal 0 0 -1
    outer loop
      vertex -21.7856 32.9295 0
      vertex -21.9237 32.381 0
      vertex -21.8111 32.8996 0
    endloop
  endfacet
  facet normal 0 0 -1
    outer loop
      vertex -21.8111 32.8996 0
      vertex -21.9237 32.381 0
      vertex -21.8345 32.8681 0
    endloop
  endfacet
  facet normal 0 0 -1
    outer loop
      vertex -21.8345 32.8681 0
      vertex -21.9237 32.381 0
      vertex -21.8558 32.8351 0
    endloop
  endfacet
  facet normal 0 0 -1
    outer loop
      vertex -21.8558 32.8351 0
      vertex -21.9237 32.381 0
      vertex -21.8749 32.8008 0
    endloop
  endfacet
  facet normal 0 0 -1
    outer loop
      vertex -21.8749 32.8008 0
      vertex -21.9237 32.381 0
      vertex -21.8917 32.7654 0
    endloop
  endfacet
  facet normal 0 0 -1
    outer loop
      vertex -21.8917 32.7654 0
      vertex -21.9237 32.381 0
      vertex -21.9062 32.7289 0
    endloop
  endfacet
  facet normal 0 0 -1
    outer loop
      vertex -21.9062 32.7289 0
      vertex -21.9237 32.381 0
      vertex -21.9183 32.6915 0
    endloop
  endfacet
  facet normal 0 0 -1
    outer loop
      vertex -21.9237 32.381 0
      vertex -21.9278 32.6534 0
      vertex -21.9183 32.6915 0
    endloop
  endfacet
  facet normal 0 0 -1
    outer loop
      vertex -21.9319 32.4194 0
      vertex -21.9278 32.6534 0
      vertex -21.9237 32.381 0
    endloop
  endfacet
  facet normal 0 0 -1
    outer loop
      vertex -21.9319 32.4194 0
      vertex -21.9349 32.6148 0
      vertex -21.9278 32.6534 0
    endloop
  endfacet
  facet normal 0 0 -1
    outer loop
      vertex -21.9377 32.4582 0
      vertex -21.9349 32.6148 0
      vertex -21.9319 32.4194 0
    endloop
  endfacet
  facet normal 0 0 -1
    outer loop
      vertex -21.9377 32.4582 0
      vertex -21.9395 32.5758 0
      vertex -21.9349 32.6148 0
    endloop
  endfacet
  facet normal 0 0 -1
    outer loop
      vertex -21.9408 32.4973 0
      vertex -21.9395 32.5758 0
      vertex -21.9377 32.4582 0
    endloop
  endfacet
  facet normal 0 0 -1
    outer loop
      vertex -21.9395 32.5758 0
      vertex -21.9408 32.4973 0
      vertex -21.9414 32.5366 0
    endloop
  endfacet
  facet normal 0 0 -1
    outer loop
      vertex -25.5402 -24.6565 0
      vertex -2.6607 -1.77782 0
      vertex -25.5329 -24.6641 0
    endloop
  endfacet
  facet normal 0 0 -1
    outer loop
      vertex -3.18459 0.313654 0
      vertex -24.2075 25.9662 0
      vertex -23.7579 26.3781 0
    endloop
  endfacet
  facet normal 0 0 -1
    outer loop
      vertex -25.9591 -24.2151 0
      vertex -2.6607 -1.77782 0
      vertex -25.5402 -24.6565 0
    endloop
  endfacet
  facet normal 0 0 -1
    outer loop
      vertex -3.18459 0.313654 0
      vertex -24.2151 25.9591 0
      vertex -24.2075 25.9662 0
    endloop
  endfacet
  facet normal 0 0 -1
    outer loop
      vertex -25.9662 -24.2075 0
      vertex -2.6607 -1.77782 0
      vertex -25.9591 -24.2151 0
    endloop
  endfacet
  facet normal 0 0 -1
    outer loop
      vertex -3.18459 0.313654 0
      vertex -24.6565 25.5402 0
      vertex -24.2151 25.9591 0
    endloop
  endfacet
  facet normal 0 0 -1
    outer loop
      vertex -26.3781 -23.7579 0
      vertex -2.6607 -1.77782 0
      vertex -25.9662 -24.2075 0
    endloop
  endfacet
  facet normal 0 0 -1
    outer loop
      vertex -3.18459 0.313654 0
      vertex -24.6641 25.5329 0
      vertex -24.6565 25.5402 0
    endloop
  endfacet
  facet normal 0 0 -1
    outer loop
      vertex -26.3852 -23.7502 0
      vertex -2.6607 -1.77782 0
      vertex -26.3781 -23.7579 0
    endloop
  endfacet
  facet normal 0 0 -1
    outer loop
      vertex -3.18459 0.313654 0
      vertex -25.0986 25.1059 0
      vertex -24.6641 25.5329 0
    endloop
  endfacet
  facet normal 0 0 -1
    outer loop
      vertex -26.7889 -23.2938 0
      vertex -2.6607 -1.77782 0
      vertex -26.3852 -23.7502 0
    endloop
  endfacet
  facet normal 0 0 -1
    outer loop
      vertex -3.18459 0.313654 0
      vertex -25.1059 25.0986 0
      vertex -25.0986 25.1059 0
    endloop
  endfacet
  facet normal 0 0 -1
    outer loop
      vertex -26.7957 -23.2859 0
      vertex -2.6607 -1.77782 0
      vertex -26.7889 -23.2938 0
    endloop
  endfacet
  facet normal 0 0 -1
    outer loop
      vertex -3.18459 0.313654 0
      vertex -25.5329 24.6641 0
      vertex -25.1059 25.0986 0
    endloop
  endfacet
  facet normal 0 0 -1
    outer loop
      vertex -27.1909 -22.8232 0
      vertex -2.6607 -1.77782 0
      vertex -26.7957 -23.2859 0
    endloop
  endfacet
  facet normal 0 0 -1
    outer loop
      vertex -3.18459 0.313654 0
      vertex -25.5402 24.6565 0
      vertex -25.5329 24.6641 0
    endloop
  endfacet
  facet normal 0 0 -1
    outer loop
      vertex -27.1976 -22.8152 0
      vertex -2.6607 -1.77782 0
      vertex -27.1909 -22.8232 0
    endloop
  endfacet
  facet normal 0 0 -1
    outer loop
      vertex -3.18459 0.313654 0
      vertex -25.9591 24.2151 0
      vertex -25.5402 24.6565 0
    endloop
  endfacet
  facet normal 0 0 -1
    outer loop
      vertex -27.5856 -22.3446 0
      vertex -2.6607 -1.77782 0
      vertex -27.1976 -22.8152 0
    endloop
  endfacet
  facet normal 0 0 -1
    outer loop
      vertex -3.18459 0.313654 0
      vertex -25.9662 24.2075 0
      vertex -25.9591 24.2151 0
    endloop
  endfacet
  facet normal 0 0 -1
    outer loop
      vertex -27.5922 -22.3364 0
      vertex -2.6607 -1.77782 0
      vertex -27.5856 -22.3446 0
    endloop
  endfacet
  facet normal 0 0 -1
    outer loop
      vertex -3.18459 0.313654 0
      vertex -26.3781 23.7579 0
      vertex -25.9662 24.2075 0
    endloop
  endfacet
  facet normal 0 0 -1
    outer loop
      vertex -27.9713 -21.8598 0
      vertex -2.6607 -1.77782 0
      vertex -27.5922 -22.3364 0
    endloop
  endfacet
  facet normal 0 0 -1
    outer loop
      vertex -3.18459 0.313654 0
      vertex -26.3852 23.7502 0
      vertex -26.3781 23.7579 0
    endloop
  endfacet
  facet normal 0 0 -1
    outer loop
      vertex -27.9778 -21.8515 0
      vertex -2.6607 -1.77782 0
      vertex -27.9713 -21.8598 0
    endloop
  endfacet
  facet normal 0 0 -1
    outer loop
      vertex -3.18459 0.313654 0
      vertex -26.7889 23.2938 0
      vertex -26.3852 23.7502 0
    endloop
  endfacet
  facet normal 0 0 -1
    outer loop
      vertex -28.3483 -21.3686 0
      vertex -2.6607 -1.77782 0
      vertex -27.9778 -21.8515 0
    endloop
  endfacet
  facet normal 0 0 -1
    outer loop
      vertex -3.18459 0.313654 0
      vertex -26.7957 23.2859 0
      vertex -26.7889 23.2938 0
    endloop
  endfacet
  facet normal 0 0 -1
    outer loop
      vertex -28.3546 -21.3603 0
      vertex -2.6607 -1.77782 0
      vertex -28.3483 -21.3686 0
    endloop
  endfacet
  facet normal 0 0 -1
    outer loop
      vertex -3.18459 0.313654 0
      vertex -27.1909 22.8232 0
      vertex -26.7957 23.2859 0
    endloop
  endfacet
  facet normal 0 0 -1
    outer loop
      vertex -28.7168 -20.8709 0
      vertex -2.6607 -1.77782 0
      vertex -28.3546 -21.3603 0
    endloop
  endfacet
  facet normal 0 0 -1
    outer loop
      vertex -3.18459 0.313654 0
      vertex -27.1976 22.8152 0
      vertex -27.1909 22.8232 0
    endloop
  endfacet
  facet normal 0 0 -1
    outer loop
      vertex -28.7229 -20.8624 0
      vertex -2.6607 -1.77782 0
      vertex -28.7168 -20.8709 0
    endloop
  endfacet
  facet normal 0 0 -1
    outer loop
      vertex -3.18459 0.313654 0
      vertex -27.5856 22.3446 0
      vertex -27.1976 22.8152 0
    endloop
  endfacet
  facet normal 0 0 -1
    outer loop
      vertex -29.077 -20.3661 0
      vertex -2.6607 -1.77782 0
      vertex -28.7229 -20.8624 0
    endloop
  endfacet
  facet normal 0 0 -1
    outer loop
      vertex -3.18459 0.313654 0
      vertex -27.5922 22.3364 0
      vertex -27.5856 22.3446 0
    endloop
  endfacet
  facet normal 0 0 -1
    outer loop
      vertex -29.0829 -20.3575 0
      vertex -2.6607 -1.77782 0
      vertex -29.077 -20.3661 0
    endloop
  endfacet
  facet normal 0 0 -1
    outer loop
      vertex -3.18459 0.313654 0
      vertex -27.9713 21.8598 0
      vertex -27.5922 22.3364 0
    endloop
  endfacet
  facet normal 0 0 -1
    outer loop
      vertex -29.4278 -19.8558 0
      vertex -2.6607 -1.77782 0
      vertex -29.0829 -20.3575 0
    endloop
  endfacet
  facet normal 0 0 -1
    outer loop
      vertex -3.18459 0.313654 0
      vertex -27.9778 21.8515 0
      vertex -27.9713 21.8598 0
    endloop
  endfacet
  facet normal 0 0 -1
    outer loop
      vertex -29.4336 -19.8471 0
      vertex -2.6607 -1.77782 0
      vertex -29.4278 -19.8558 0
    endloop
  endfacet
  facet normal 0 0 -1
    outer loop
      vertex -3.18459 0.313654 0
      vertex -28.3483 21.3686 0
      vertex -27.9778 21.8515 0
    endloop
  endfacet
  facet normal 0 0 -1
    outer loop
      vertex -29.7701 -19.3388 0
      vertex -2.6607 -1.77782 0
      vertex -29.4336 -19.8471 0
    endloop
  endfacet
  facet normal 0 0 -1
    outer loop
      vertex -3.18459 0.313654 0
      vertex -28.3546 21.3603 0
      vertex -28.3483 21.3686 0
    endloop
  endfacet
  facet normal 0 0 -1
    outer loop
      vertex -29.7758 -19.33 0
      vertex -2.6607 -1.77782 0
      vertex -29.7701 -19.3388 0
    endloop
  endfacet
  facet normal 0 0 -1
    outer loop
      vertex -3.18459 0.313654 0
      vertex -28.7168 20.8709 0
      vertex -28.3546 21.3603 0
    endloop
  endfacet
  facet normal 0 0 -1
    outer loop
      vertex -30.103 -18.8164 0
      vertex -2.6607 -1.77782 0
      vertex -29.7758 -19.33 0
    endloop
  endfacet
  facet normal 0 0 -1
    outer loop
      vertex -3.18459 0.313654 0
      vertex -28.7229 20.8624 0
      vertex -28.7168 20.8709 0
    endloop
  endfacet
  facet normal 0 0 -1
    outer loop
      vertex -30.1086 -18.8075 0
      vertex -2.6607 -1.77782 0
      vertex -30.103 -18.8164 0
    endloop
  endfacet
  facet normal 0 0 -1
    outer loop
      vertex -3.18459 0.313654 0
      vertex -29.077 20.3661 0
      vertex -28.7229 20.8624 0
    endloop
  endfacet
  facet normal 0 0 -1
    outer loop
      vertex -30.4266 -18.2885 0
      vertex -2.6607 -1.77782 0
      vertex -30.1086 -18.8075 0
    endloop
  endfacet
  facet normal 0 0 -1
    outer loop
      vertex -3.18459 0.313654 0
      vertex -29.0829 20.3575 0
      vertex -29.077 20.3661 0
    endloop
  endfacet
  facet normal -0 0 -1
    outer loop
      vertex -2.6607 -1.77782 0
      vertex -30.4266 -18.2885 0
      vertex -2.82215 -1.50847 0
    endloop
  endfacet
  facet normal 0 0 -1
    outer loop
      vertex -3.18459 0.313654 0
      vertex -29.4278 19.8558 0
      vertex -29.0829 20.3575 0
    endloop
  endfacet
  facet normal 0 0 -1
    outer loop
      vertex -30.432 -18.2795 0
      vertex -2.82215 -1.50847 0
      vertex -30.4266 -18.2885 0
    endloop
  endfacet
  facet normal 0 0 -1
    outer loop
      vertex -3.18459 0.313654 0
      vertex -29.4336 19.8471 0
      vertex -29.4278 19.8558 0
    endloop
  endfacet
  facet normal 0 0 -1
    outer loop
      vertex -30.7411 -17.7548 0
      vertex -2.82215 -1.50847 0
      vertex -30.432 -18.2795 0
    endloop
  endfacet
  facet normal 0 0 -1
    outer loop
      vertex -3.18459 0.313654 0
      vertex -29.7701 19.3388 0
      vertex -29.4336 19.8471 0
    endloop
  endfacet
  facet normal 0 0 -1
    outer loop
      vertex -30.7463 -17.7457 0
      vertex -2.82215 -1.50847 0
      vertex -30.7411 -17.7548 0
    endloop
  endfacet
  facet normal 0 0 -1
    outer loop
      vertex -3.18459 0.313654 0
      vertex -29.7758 19.33 0
      vertex -29.7701 19.3388 0
    endloop
  endfacet
  facet normal 0 0 -1
    outer loop
      vertex -31.0465 -17.2152 0
      vertex -2.82215 -1.50847 0
      vertex -30.7463 -17.7457 0
    endloop
  endfacet
  facet normal 0 0 -1
    outer loop
      vertex -3.18459 0.313654 0
      vertex -30.103 18.8164 0
      vertex -29.7758 19.33 0
    endloop
  endfacet
  facet normal 0 0 -1
    outer loop
      vertex -31.0515 -17.206 0
      vertex -2.82215 -1.50847 0
      vertex -31.0465 -17.2152 0
    endloop
  endfacet
  facet normal 0 0 -1
    outer loop
      vertex -3.18459 0.313654 0
      vertex -30.1086 18.8075 0
      vertex -30.103 18.8164 0
    endloop
  endfacet
  facet normal 0 0 -1
    outer loop
      vertex -31.3422 -16.6707 0
      vertex -2.82215 -1.50847 0
      vertex -31.0515 -17.206 0
    endloop
  endfacet
  facet normal 0 0 -1
    outer loop
      vertex -3.18459 0.313654 0
      vertex -30.4266 18.2885 0
      vertex -30.1086 18.8075 0
    endloop
  endfacet
  facet normal 0 0 -1
    outer loop
      vertex -31.3471 -16.6615 0
      vertex -2.82215 -1.50847 0
      vertex -31.3422 -16.6707 0
    endloop
  endfacet
  facet normal 0 0 -1
    outer loop
      vertex -3.18459 0.313654 0
      vertex -30.432 18.2795 0
      vertex -30.4266 18.2885 0
    endloop
  endfacet
  facet normal 0 0 -1
    outer loop
      vertex -3.18459 0.313654 0
      vertex -30.5829 18.0233 0
      vertex -30.432 18.2795 0
    endloop
  endfacet
  facet normal 0 0 -1
    outer loop
      vertex -31.6284 -16.1211 0
      vertex -2.82215 -1.50847 0
      vertex -31.3471 -16.6615 0
    endloop
  endfacet
  facet normal 0 0 -1
    outer loop
      vertex -31.6332 -16.1118 0
      vertex -2.82215 -1.50847 0
      vertex -31.6284 -16.1211 0
    endloop
  endfacet
  facet normal 0 0 -1
    outer loop
      vertex -31.9046 -15.5672 0
      vertex -2.82215 -1.50847 0
      vertex -31.6332 -16.1118 0
    endloop
  endfacet
  facet normal 0 0 -1
    outer loop
      vertex -31.9092 -15.5578 0
      vertex -2.82215 -1.50847 0
      vertex -31.9046 -15.5672 0
    endloop
  endfacet
  facet normal -0 0 -1
    outer loop
      vertex -2.82215 -1.50847 0
      vertex -31.9092 -15.5578 0
      vertex -2.95641 -1.22459 0
    endloop
  endfacet
  facet normal 0 0 -1
    outer loop
      vertex -32.1717 -15.0076 0
      vertex -2.95641 -1.22459 0
      vertex -31.9092 -15.5578 0
    endloop
  endfacet
  facet normal 0 0 -1
    outer loop
      vertex -32.1761 -14.9982 0
      vertex -2.95641 -1.22459 0
      vertex -32.1717 -15.0076 0
    endloop
  endfacet
  facet normal 0 0 -1
    outer loop
      vertex -32.4289 -14.4435 0
      vertex -2.95641 -1.22459 0
      vertex -32.1761 -14.9982 0
    endloop
  endfacet
  facet normal 0 0 -1
    outer loop
      vertex -32.4332 -14.4339 0
      vertex -2.95641 -1.22459 0
      vertex -32.4289 -14.4435 0
    endloop
  endfacet
  facet normal 0 0 -1
    outer loop
      vertex -32.6758 -13.8759 0
      vertex -2.95641 -1.22459 0
      vertex -32.4332 -14.4339 0
    endloop
  endfacet
  facet normal 0 0 -1
    outer loop
      vertex -32.6799 -13.8662 0
      vertex -2.95641 -1.22459 0
      vertex -32.6758 -13.8759 0
    endloop
  endfacet
  facet normal 0 0 -1
    outer loop
      vertex -32.913 -13.3034 0
      vertex -2.95641 -1.22459 0
      vertex -32.6799 -13.8662 0
    endloop
  endfacet
  facet normal 0 0 -1
    outer loop
      vertex -32.9169 -13.2937 0
      vertex -2.95641 -1.22459 0
      vertex -32.913 -13.3034 0
    endloop
  endfacet
  facet normal 0 0 -1
    outer loop
      vertex -33.14 -12.7274 0
      vertex -2.95641 -1.22459 0
      vertex -32.9169 -13.2937 0
    endloop
  endfacet
  facet normal 0 0 -1
    outer loop
      vertex -33.1438 -12.7176 0
      vertex -2.95641 -1.22459 0
      vertex -33.14 -12.7274 0
    endloop
  endfacet
  facet normal 0 0 -1
    outer loop
      vertex -33.3574 -12.1463 0
      vertex -2.95641 -1.22459 0
      vertex -33.1438 -12.7176 0
    endloop
  endfacet
  facet normal -0 0 -1
    outer loop
      vertex -2.95641 -1.22459 0
      vertex -33.3574 -12.1463 0
      vertex -3.06221 -0.92891 0
    endloop
  endfacet
  facet normal 0 0 -1
    outer loop
      vertex -33.3609 -12.1365 0
      vertex -3.06221 -0.92891 0
      vertex -33.3574 -12.1463 0
    endloop
  endfacet
  facet normal 0 0 -1
    outer loop
      vertex -33.564 -11.563 0
      vertex -3.06221 -0.92891 0
      vertex -33.3609 -12.1365 0
    endloop
  endfacet
  facet normal 0 0 -1
    outer loop
      vertex -33.5674 -11.5531 0
      vertex -3.06221 -0.92891 0
      vertex -33.564 -11.563 0
    endloop
  endfacet
  facet normal 0 0 -1
    outer loop
      vertex -33.7609 -10.9749 0
      vertex -3.06221 -0.92891 0
      vertex -33.5674 -11.5531 0
    endloop
  endfacet
  facet normal 0 0 -1
    outer loop
      vertex -33.7641 -10.965 0
      vertex -3.06221 -0.92891 0
      vertex -33.7609 -10.9749 0
    endloop
  endfacet
  facet normal 0 0 -1
    outer loop
      vertex -33.9032 -10.524 0
      vertex -3.06221 -0.92891 0
      vertex -33.7641 -10.965 0
    endloop
  endfacet
  facet normal -0 0 -1
    outer loop
      vertex -3.06221 -0.92891 0
      vertex -33.9032 -10.524 0
      vertex -3.13851 -0.624289 0
    endloop
  endfacet
  facet normal -0 0 -1
    outer loop
      vertex -3.13851 -0.624289 0
      vertex -33.9032 -10.524 0
      vertex -3.18459 -0.313654 0
    endloop
  endfacet
  facet normal -0 0 -1
    outer loop
      vertex -3.18459 -0.313654 0
      vertex -33.9032 -10.524 0
      vertex -3.2 0 0
    endloop
  endfacet
  facet normal -0 0 -1
    outer loop
      vertex -3.18459 0.313654 0
      vertex -33.9032 -10.524 0
      vertex -30.5829 18.0233 0
    endloop
  endfacet
  facet normal 0 0 -1
    outer loop
      vertex -39.263 4.38692 0
      vertex -30.5829 18.0233 0
      vertex -33.9032 -10.524 0
    endloop
  endfacet
  facet normal 0 -0 -1
    outer loop
      vertex -37.1557 13.4267 0
      vertex -30.5829 18.0233 0
      vertex -37.5811 12.1856 0
    endloop
  endfacet
  facet normal 0 -0 -1
    outer loop
      vertex -37.1488 13.4458 0
      vertex -30.5829 18.0233 0
      vertex -37.1557 13.4267 0
    endloop
  endfacet
  facet normal 0 -0 -1
    outer loop
      vertex -36.6747 14.6898 0
      vertex -30.5829 18.0233 0
      vertex -36.6822 14.6711 0
    endloop
  endfacet
  facet normal 0 -0 -1
    outer loop
      vertex -36.1667 15.8994 0
      vertex -30.5829 18.0233 0
      vertex -36.6747 14.6898 0
    endloop
  endfacet
  facet normal 0 -0 -1
    outer loop
      vertex -36.1586 15.9179 0
      vertex -30.5829 18.0233 0
      vertex -36.1667 15.8994 0
    endloop
  endfacet
  facet normal 0 -0 -1
    outer loop
      vertex -35.6013 17.128 0
      vertex -30.5829 18.0233 0
      vertex -35.6101 17.1098 0
    endloop
  endfacet
  facet normal 0 -0 -1
    outer loop
      vertex -35.014 18.2988 0
      vertex -30.5829 18.0233 0
      vertex -35.6013 17.128 0
    endloop
  endfacet
  facet normal 0 -0 -1
    outer loop
      vertex -35.0033 18.3191 0
      vertex -33.8781 19.2882 0
      vertex -35.014 18.2988 0
    endloop
  endfacet
  facet normal 0 -0 -1
    outer loop
      vertex -34.6187 19.0175 0
      vertex -33.8781 19.2882 0
      vertex -35.0033 18.3191 0
    endloop
  endfacet
  facet normal -0 0 -1
    outer loop
      vertex -33.9118 19.3 0
      vertex -34.6187 19.0175 0
      vertex -33.9496 19.3107 0
    endloop
  endfacet
  facet normal -0 0 -1
    outer loop
      vertex -33.9496 19.3107 0
      vertex -34.6187 19.0175 0
      vertex -33.988 19.3188 0
    endloop
  endfacet
  facet normal -0 0 -1
    outer loop
      vertex -34.0268 19.3244 0
      vertex -34.6187 19.0175 0
      vertex -34.066 19.3275 0
    endloop
  endfacet
  facet normal -0 0 -1
    outer loop
      vertex -34.066 19.3275 0
      vertex -34.6187 19.0175 0
      vertex -34.1052 19.328 0
    endloop
  endfacet
  facet normal 0 0 -1
    outer loop
      vertex -34.1445 19.3259 0
      vertex -34.6187 19.0175 0
      vertex -34.1834 19.3212 0
    endloop
  endfacet
  facet normal 0 0 -1
    outer loop
      vertex -34.1834 19.3212 0
      vertex -34.6187 19.0175 0
      vertex -34.222 19.3141 0
    endloop
  endfacet
  facet normal 0 0 -1
    outer loop
      vertex -34.2601 19.3044 0
      vertex -34.6187 19.0175 0
      vertex -34.2974 19.2922 0
    endloop
  endfacet
  facet normal 0 0 -1
    outer loop
      vertex -34.2974 19.2922 0
      vertex -34.6187 19.0175 0
      vertex -34.3339 19.2776 0
    endloop
  endfacet
  facet normal 0 0 -1
    outer loop
      vertex -34.3693 19.2607 0
      vertex -34.6187 19.0175 0
      vertex -34.4035 19.2415 0
    endloop
  endfacet
  facet normal 0 0 -1
    outer loop
      vertex -34.4035 19.2415 0
      vertex -34.6187 19.0175 0
      vertex -34.4365 19.2201 0
    endloop
  endfacet
  facet normal 0 0 -1
    outer loop
      vertex -34.4365 19.2201 0
      vertex -34.6187 19.0175 0
      vertex -34.4679 19.1966 0
    endloop
  endfacet
  facet normal 0 0 -1
    outer loop
      vertex -34.5259 19.1437 0
      vertex -34.6187 19.0175 0
      vertex -34.5521 19.1145 0
    endloop
  endfacet
  facet normal 0 0 -1
    outer loop
      vertex -34.5521 19.1145 0
      vertex -34.6187 19.0175 0
      vertex -34.5764 19.0836 0
    endloop
  endfacet
  facet normal 0 0 -1
    outer loop
      vertex -34.5764 19.0836 0
      vertex -34.6187 19.0175 0
      vertex -34.5986 19.0513 0
    endloop
  endfacet
  facet normal 0 0 -1
    outer loop
      vertex -34.4978 19.1711 0
      vertex -34.6187 19.0175 0
      vertex -34.5259 19.1437 0
    endloop
  endfacet
  facet normal 0 0 -1
    outer loop
      vertex -34.4679 19.1966 0
      vertex -34.6187 19.0175 0
      vertex -34.4978 19.1711 0
    endloop
  endfacet
  facet normal 0 0 -1
    outer loop
      vertex -34.3339 19.2776 0
      vertex -34.6187 19.0175 0
      vertex -34.3693 19.2607 0
    endloop
  endfacet
  facet normal 0 0 -1
    outer loop
      vertex -34.222 19.3141 0
      vertex -34.6187 19.0175 0
      vertex -34.2601 19.3044 0
    endloop
  endfacet
  facet normal 0 0 -1
    outer loop
      vertex -34.1052 19.328 0
      vertex -34.6187 19.0175 0
      vertex -34.1445 19.3259 0
    endloop
  endfacet
  facet normal -0 0 -1
    outer loop
      vertex -33.988 19.3188 0
      vertex -34.6187 19.0175 0
      vertex -34.0268 19.3244 0
    endloop
  endfacet
  facet normal -0 0 -1
    outer loop
      vertex -33.8781 19.2882 0
      vertex -34.6187 19.0175 0
      vertex -33.9118 19.3 0
    endloop
  endfacet
  facet normal 0 0 -1
    outer loop
      vertex -30.5829 18.0233 0
      vertex -35.014 18.2988 0
      vertex -33.8781 19.2882 0
    endloop
  endfacet
  facet normal 0 -0 -1
    outer loop
      vertex -35.6101 17.1098 0
      vertex -30.5829 18.0233 0
      vertex -36.1586 15.9179 0
    endloop
  endfacet
  facet normal 0 -0 -1
    outer loop
      vertex -36.6822 14.6711 0
      vertex -30.5829 18.0233 0
      vertex -37.1488 13.4458 0
    endloop
  endfacet
  facet normal 0 0 -1
    outer loop
      vertex -30.5829 18.0233 0
      vertex -37.5873 12.1664 0
      vertex -37.5811 12.1856 0
    endloop
  endfacet
  facet normal 0 0 -1
    outer loop
      vertex -38.504 -8.84695 0
      vertex -33.9032 -10.524 0
      vertex -37.7545 -10.187 0
    endloop
  endfacet
  facet normal 0 0 -1
    outer loop
      vertex -38.2846 -9.73366 0
      vertex -37.7545 -10.187 0
      vertex -37.7935 -10.1823 0
    endloop
  endfacet
  facet normal 0 0 -1
    outer loop
      vertex -38.2846 -9.73366 0
      vertex -37.7935 -10.1823 0
      vertex -37.832 -10.1751 0
    endloop
  endfacet
  facet normal 0 0 -1
    outer loop
      vertex -38.2846 -9.73366 0
      vertex -37.832 -10.1751 0
      vertex -37.8701 -10.1653 0
    endloop
  endfacet
  facet normal 0 0 -1
    outer loop
      vertex -38.2846 -9.73366 0
      vertex -37.8701 -10.1653 0
      vertex -37.9074 -10.1531 0
    endloop
  endfacet
  facet normal 0 0 -1
    outer loop
      vertex -38.2846 -9.73366 0
      vertex -37.9074 -10.1531 0
      vertex -37.9438 -10.1385 0
    endloop
  endfacet
  facet normal 0 0 -1
    outer loop
      vertex -30.5829 18.0233 0
      vertex -37.9704 10.9121 0
      vertex -37.5873 12.1664 0
    endloop
  endfacet
  facet normal 0 0 -1
    outer loop
      vertex -30.5829 18.0233 0
      vertex -37.976 10.8927 0
      vertex -37.9704 10.9121 0
    endloop
  endfacet
  facet normal 0 0 -1
    outer loop
      vertex -38.2846 -9.73366 0
      vertex -37.9438 -10.1385 0
      vertex -37.9792 -10.1215 0
    endloop
  endfacet
  facet normal 0 0 -1
    outer loop
      vertex -38.2846 -9.73366 0
      vertex -37.9792 -10.1215 0
      vertex -38.0134 -10.1023 0
    endloop
  endfacet
  facet normal 0 0 -1
    outer loop
      vertex -38.2846 -9.73366 0
      vertex -38.0134 -10.1023 0
      vertex -38.0463 -10.0808 0
    endloop
  endfacet
  facet normal 0 0 -1
    outer loop
      vertex -38.2846 -9.73366 0
      vertex -38.0463 -10.0808 0
      vertex -38.0777 -10.0572 0
    endloop
  endfacet
  facet normal 0 0 -1
    outer loop
      vertex -38.2846 -9.73366 0
      vertex -38.0777 -10.0572 0
      vertex -38.1075 -10.0317 0
    endloop
  endfacet
  facet normal 0 0 -1
    outer loop
      vertex -38.2846 -9.73366 0
      vertex -38.1075 -10.0317 0
      vertex -38.1356 -10.0042 0
    endloop
  endfacet
  facet normal 0 0 -1
    outer loop
      vertex -38.2846 -9.73366 0
      vertex -38.1356 -10.0042 0
      vertex -38.1618 -9.97498 0
    endloop
  endfacet
  facet normal 0 0 -1
    outer loop
      vertex -38.2846 -9.73366 0
      vertex -38.1618 -9.97498 0
      vertex -38.1861 -9.94409 0
    endloop
  endfacet
  facet normal 0 0 -1
    outer loop
      vertex -38.2846 -9.73366 0
      vertex -38.1861 -9.94409 0
      vertex -38.2082 -9.91168 0
    endloop
  endfacet
  facet normal 0 0 -1
    outer loop
      vertex -38.2846 -9.73366 0
      vertex -38.2082 -9.91168 0
      vertex -38.2282 -9.8779 0
    endloop
  endfacet
  facet normal 0 0 -1
    outer loop
      vertex -38.2846 -9.73366 0
      vertex -38.2282 -9.8779 0
      vertex -38.246 -9.84288 0
    endloop
  endfacet
  facet normal 0 0 -1
    outer loop
      vertex -38.2846 -9.73366 0
      vertex -38.246 -9.84288 0
      vertex -38.2614 -9.80678 0
    endloop
  endfacet
  facet normal 0 0 -1
    outer loop
      vertex -38.2846 -9.73366 0
      vertex -38.2614 -9.80678 0
      vertex -38.2744 -9.76973 0
    endloop
  endfacet
  facet normal 0 0 -1
    outer loop
      vertex -37.7545 -10.187 0
      vertex -38.2846 -9.73366 0
      vertex -38.4995 -8.86667 0
    endloop
  endfacet
  facet normal 0 0 -1
    outer loop
      vertex -30.5829 18.0233 0
      vertex -38.3166 9.62631 0
      vertex -37.976 10.8927 0
    endloop
  endfacet
  facet normal 0 0 -1
    outer loop
      vertex -30.5829 18.0233 0
      vertex -38.3215 9.6067 0
      vertex -38.3166 9.62631 0
    endloop
  endfacet
  facet normal 0 0 -1
    outer loop
      vertex -37.7545 -10.187 0
      vertex -38.4995 -8.86667 0
      vertex -38.504 -8.84695 0
    endloop
  endfacet
  facet normal 0 0 -1
    outer loop
      vertex -33.9032 -10.524 0
      vertex -38.504 -8.84695 0
      vertex -38.7765 -7.56386 0
    endloop
  endfacet
  facet normal 0 0 -1
    outer loop
      vertex -30.5829 18.0233 0
      vertex -38.6193 8.32904 0
      vertex -38.3215 9.6067 0
    endloop
  endfacet
  facet normal 0 0 -1
    outer loop
      vertex -30.5829 18.0233 0
      vertex -38.6236 8.30927 0
      vertex -38.6193 8.32904 0
    endloop
  endfacet
  facet normal 0 0 -1
    outer loop
      vertex -33.9032 -10.524 0
      vertex -38.7765 -7.56386 0
      vertex -38.7803 -7.54401 0
    endloop
  endfacet
  facet normal 0 0 -1
    outer loop
      vertex -33.9032 -10.524 0
      vertex -38.7803 -7.54401 0
      vertex -39.0093 -6.25296 0
    endloop
  endfacet
  facet normal 0 0 -1
    outer loop
      vertex -30.5829 18.0233 0
      vertex -38.8781 7.02249 0
      vertex -38.6236 8.30927 0
    endloop
  endfacet
  facet normal 0 0 -1
    outer loop
      vertex -30.5829 18.0233 0
      vertex -38.8817 7.00259 0
      vertex -38.8781 7.02249 0
    endloop
  endfacet
  facet normal 0 0 -1
    outer loop
      vertex -33.9032 -10.524 0
      vertex -39.0093 -6.25296 0
      vertex -39.0125 -6.23299 0
    endloop
  endfacet
  facet normal 0 0 -1
    outer loop
      vertex -33.9032 -10.524 0
      vertex -39.0125 -6.23299 0
      vertex -39.198 -4.9342 0
    endloop
  endfacet
  facet normal 0 0 -1
    outer loop
      vertex -30.5829 18.0233 0
      vertex -39.0927 5.70863 0
      vertex -38.8817 7.00259 0
    endloop
  endfacet
  facet normal 0 0 -1
    outer loop
      vertex -30.5829 18.0233 0
      vertex -39.0956 5.68861 0
      vertex -39.0927 5.70863 0
    endloop
  endfacet
  facet normal 0 0 -1
    outer loop
      vertex -33.9032 -10.524 0
      vertex -39.198 -4.9342 0
      vertex -39.2005 -4.91414 0
    endloop
  endfacet
  facet normal 0 0 -1
    outer loop
      vertex -33.9032 -10.524 0
      vertex -39.2005 -4.91414 0
      vertex -39.342 -3.61032 0
    endloop
  endfacet
  facet normal 0 0 -1
    outer loop
      vertex -30.5829 18.0233 0
      vertex -39.263 4.38692 0
      vertex -39.0956 5.68861 0
    endloop
  endfacet
  facet normal 0 0 -1
    outer loop
      vertex -33.9032 -10.524 0
      vertex -39.2652 4.36681 0
      vertex -39.263 4.38692 0
    endloop
  endfacet
  facet normal 0 0 -1
    outer loop
      vertex -33.9032 -10.524 0
      vertex -39.342 -3.61032 0
      vertex -39.3438 -3.59016 0
    endloop
  endfacet
  facet normal 0 0 -1
    outer loop
      vertex -33.9032 -10.524 0
      vertex -39.3438 -3.59016 0
      vertex -39.4413 -2.28204 0
    endloop
  endfacet
  facet normal 0 0 -1
    outer loop
      vertex -33.9032 -10.524 0
      vertex -39.3885 3.0616 0
      vertex -39.2652 4.36681 0
    endloop
  endfacet
  facet normal 0 0 -1
    outer loop
      vertex -33.9032 -10.524 0
      vertex -39.39 3.04144 0
      vertex -39.3885 3.0616 0
    endloop
  endfacet
  facet normal 0 0 -1
    outer loop
      vertex -33.9032 -10.524 0
      vertex -39.4413 -2.28204 0
      vertex -39.4425 -2.26187 0
    endloop
  endfacet
  facet normal 0 0 -1
    outer loop
      vertex -33.9032 -10.524 0
      vertex -39.4425 -2.26187 0
      vertex -39.4958 -0.951614 0
    endloop
  endfacet
  facet normal 0 0 -1
    outer loop
      vertex -33.9032 -10.524 0
      vertex -39.4693 1.7321 0
      vertex -39.39 3.04144 0
    endloop
  endfacet
  facet normal 0 0 -1
    outer loop
      vertex -33.9032 -10.524 0
      vertex -39.4702 1.71188 0
      vertex -39.4693 1.7321 0
    endloop
  endfacet
  facet normal 0 0 -1
    outer loop
      vertex -39.4963 -0.931381 0
      vertex -33.9032 -10.524 0
      vertex -39.4958 -0.951614 0
    endloop
  endfacet
  facet normal 0 0 -1
    outer loop
      vertex -39.5054 0.380371 0
      vertex -33.9032 -10.524 0
      vertex -39.4963 -0.931381 0
    endloop
  endfacet
  facet normal 0 0 -1
    outer loop
      vertex -33.9032 -10.524 0
      vertex -39.5052 0.400589 0
      vertex -39.4702 1.71188 0
    endloop
  endfacet
  facet normal 0 0 -1
    outer loop
      vertex -33.9032 -10.524 0
      vertex -39.5054 0.380371 0
      vertex -39.5052 0.400589 0
    endloop
  endfacet
  facet normal 0 0 1
    outer loop
      vertex 9.79773 37.8471 6.6
      vertex 9.79945 37.7686 6.6
      vertex 9.79988 37.8079 6.6
    endloop
  endfacet
  facet normal 0 0 1
    outer loop
      vertex 9.79773 37.8471 6.6
      vertex 9.79684 37.733 6.6
      vertex 9.79945 37.7686 6.6
    endloop
  endfacet
  facet normal 0 0 1
    outer loop
      vertex 9.79303 37.8861 6.6
      vertex 9.79684 37.733 6.6
      vertex 9.79773 37.8471 6.6
    endloop
  endfacet
  facet normal 0 0 1
    outer loop
      vertex 9.78578 37.9247 6.6
      vertex 9.79684 37.733 6.6
      vertex 9.79303 37.8861 6.6
    endloop
  endfacet
  facet normal 0 0 1
    outer loop
      vertex 9.77603 37.9627 6.6
      vertex 9.79684 37.733 6.6
      vertex 9.78578 37.9247 6.6
    endloop
  endfacet
  facet normal 0 0 1
    outer loop
      vertex 9.76381 38 6.6
      vertex 9.79684 37.733 6.6
      vertex 9.77603 37.9627 6.6
    endloop
  endfacet
  facet normal 0 0 1
    outer loop
      vertex 9.74918 38.0365 6.6
      vertex 9.79684 37.733 6.6
      vertex 9.76381 38 6.6
    endloop
  endfacet
  facet normal 0 0 1
    outer loop
      vertex 9.73219 38.0719 6.6
      vertex 9.79684 37.733 6.6
      vertex 9.74918 38.0365 6.6
    endloop
  endfacet
  facet normal 0 0 1
    outer loop
      vertex 9.71292 38.1061 6.6
      vertex 9.79684 37.733 6.6
      vertex 9.73219 38.0719 6.6
    endloop
  endfacet
  facet normal 0 0 1
    outer loop
      vertex 9.69147 38.1389 6.6
      vertex 9.79684 37.733 6.6
      vertex 9.71292 38.1061 6.6
    endloop
  endfacet
  facet normal 0 0 1
    outer loop
      vertex 9.66789 38.1703 6.6
      vertex 9.79684 37.733 6.6
      vertex 9.69147 38.1389 6.6
    endloop
  endfacet
  facet normal 0 0 1
    outer loop
      vertex 9.64232 38.2001 6.6
      vertex 9.79684 37.733 6.6
      vertex 9.66789 38.1703 6.6
    endloop
  endfacet
  facet normal 0 0 1
    outer loop
      vertex 9.61487 38.2282 6.6
      vertex 9.79684 37.733 6.6
      vertex 9.64232 38.2001 6.6
    endloop
  endfacet
  facet normal 0 0 1
    outer loop
      vertex 9.58562 38.2544 6.6
      vertex 9.79684 37.733 6.6
      vertex 9.61487 38.2282 6.6
    endloop
  endfacet
  facet normal 0 0 1
    outer loop
      vertex 9.55473 38.2786 6.6
      vertex 9.79684 37.733 6.6
      vertex 9.58562 38.2544 6.6
    endloop
  endfacet
  facet normal 0 0 1
    outer loop
      vertex 9.52232 38.3008 6.6
      vertex 9.79684 37.733 6.6
      vertex 9.55473 38.2786 6.6
    endloop
  endfacet
  facet normal 0 0 1
    outer loop
      vertex 9.48853 38.3208 6.6
      vertex 9.79684 37.733 6.6
      vertex 9.52232 38.3008 6.6
    endloop
  endfacet
  facet normal 0 0 1
    outer loop
      vertex 9.45351 38.3385 6.6
      vertex 9.79684 37.733 6.6
      vertex 9.48853 38.3208 6.6
    endloop
  endfacet
  facet normal 0 0 1
    outer loop
      vertex 9.34254 38.3775 6.6
      vertex 9.79684 37.733 6.6
      vertex 9.45351 38.3385 6.6
    endloop
  endfacet
  facet normal 0 0 1
    outer loop
      vertex 9.34254 38.3775 6.6
      vertex 9.45351 38.3385 6.6
      vertex 9.41739 38.3539 6.6
    endloop
  endfacet
  facet normal 0 0 1
    outer loop
      vertex 39.2685 4.23941 6.6
      vertex 39.2667 4.16095 6.6
      vertex 39.2689 4.20015 6.6
    endloop
  endfacet
  facet normal 0 0 1
    outer loop
      vertex 39.2655 4.27856 6.6
      vertex 39.2667 4.16095 6.6
      vertex 39.2685 4.23941 6.6
    endloop
  endfacet
  facet normal 0 0 1
    outer loop
      vertex 39.2655 4.27856 6.6
      vertex 39.262 4.12196 6.6
      vertex 39.2667 4.16095 6.6
    endloop
  endfacet
  facet normal 0 0 1
    outer loop
      vertex 39.2655 4.27856 6.6
      vertex 39.2547 4.08339 6.6
      vertex 39.262 4.12196 6.6
    endloop
  endfacet
  facet normal 0 0 1
    outer loop
      vertex 39.2655 4.27856 6.6
      vertex 39.2449 4.04536 6.6
      vertex 39.2547 4.08339 6.6
    endloop
  endfacet
  facet normal 0 0 1
    outer loop
      vertex 39.2655 4.27856 6.6
      vertex 39.2327 4.00806 6.6
      vertex 39.2449 4.04536 6.6
    endloop
  endfacet
  facet normal 0 0 1
    outer loop
      vertex 39.2655 4.27856 6.6
      vertex 39.218 3.97163 6.6
      vertex 39.2327 4.00806 6.6
    endloop
  endfacet
  facet normal 0 0 1
    outer loop
      vertex 39.2655 4.27856 6.6
      vertex 39.201 3.93625 6.6
      vertex 39.218 3.97163 6.6
    endloop
  endfacet
  facet normal 0 0 1
    outer loop
      vertex 39.2655 4.27856 6.6
      vertex 39.1817 3.90205 6.6
      vertex 39.201 3.93625 6.6
    endloop
  endfacet
  facet normal 0 0 1
    outer loop
      vertex 38.8142 3.63158 6.6
      vertex 39.2655 4.27856 6.6
      vertex 39.1746 5.11546 6.6
    endloop
  endfacet
  facet normal 0 0 1
    outer loop
      vertex 38.8142 3.63158 6.6
      vertex 39.1746 5.11546 6.6
      vertex 39.1716 5.13889 6.6
    endloop
  endfacet
  facet normal 0 0 1
    outer loop
      vertex 39.2655 4.27856 6.6
      vertex 38.8142 3.63158 6.6
      vertex 39.1817 3.90205 6.6
    endloop
  endfacet
  facet normal 0 0 1
    outer loop
      vertex 39.1817 3.90205 6.6
      vertex 38.8142 3.63158 6.6
      vertex 39.1602 3.86919 6.6
    endloop
  endfacet
  facet normal 0 0 1
    outer loop
      vertex 39.1602 3.86919 6.6
      vertex 38.8142 3.63158 6.6
      vertex 39.1366 3.8378 6.6
    endloop
  endfacet
  facet normal 0 0 1
    outer loop
      vertex 39.1366 3.8378 6.6
      vertex 38.8142 3.63158 6.6
      vertex 39.1111 3.80801 6.6
    endloop
  endfacet
  facet normal 0 0 1
    outer loop
      vertex 39.1111 3.80801 6.6
      vertex 38.8142 3.63158 6.6
      vertex 39.0836 3.77998 6.6
    endloop
  endfacet
  facet normal 0 0 1
    outer loop
      vertex 39.0836 3.77998 6.6
      vertex 38.8142 3.63158 6.6
      vertex 39.0543 3.7538 6.6
    endloop
  endfacet
  facet normal 0 0 1
    outer loop
      vertex 39.0543 3.7538 6.6
      vertex 38.8142 3.63158 6.6
      vertex 39.0234 3.72958 6.6
    endloop
  endfacet
  facet normal 0 0 1
    outer loop
      vertex 35.3898 2.77777 6.6
      vertex 39.1716 5.13889 6.6
      vertex 38.9724 6.47859 6.6
    endloop
  endfacet
  facet normal 0 0 1
    outer loop
      vertex 35.3898 2.77777 6.6
      vertex 38.9724 6.47859 6.6
      vertex 38.969 6.49921 6.6
    endloop
  endfacet
  facet normal 0 0 1
    outer loop
      vertex 39.0234 3.72958 6.6
      vertex 38.8142 3.63158 6.6
      vertex 38.991 3.70744 6.6
    endloop
  endfacet
  facet normal 0 0 1
    outer loop
      vertex 38.991 3.70744 6.6
      vertex 38.8142 3.63158 6.6
      vertex 38.9572 3.68747 6.6
    endloop
  endfacet
  facet normal 0 0 1
    outer loop
      vertex 38.9572 3.68747 6.6
      vertex 38.8142 3.63158 6.6
      vertex 38.9221 3.66975 6.6
    endloop
  endfacet
  facet normal 0 0 1
    outer loop
      vertex 38.9221 3.66975 6.6
      vertex 38.8142 3.63158 6.6
      vertex 38.886 3.65436 6.6
    endloop
  endfacet
  facet normal 0 0 1
    outer loop
      vertex 38.886 3.65436 6.6
      vertex 38.8142 3.63158 6.6
      vertex 38.849 3.64137 6.6
    endloop
  endfacet
  facet normal 0 0 1
    outer loop
      vertex 35.3898 2.77777 6.6
      vertex 38.969 6.49921 6.6
      vertex 38.7231 7.83258 6.6
    endloop
  endfacet
  facet normal 0 0 1
    outer loop
      vertex 35.3898 2.77777 6.6
      vertex 38.7231 7.83258 6.6
      vertex 38.7189 7.85309 6.6
    endloop
  endfacet
  facet normal 0 0 1
    outer loop
      vertex 35.3898 2.77777 6.6
      vertex 38.7189 7.85309 6.6
      vertex 38.4266 9.17709 6.6
    endloop
  endfacet
  facet normal 0 0 1
    outer loop
      vertex 35.3898 2.77777 6.6
      vertex 38.4266 9.17709 6.6
      vertex 38.4218 9.19742 6.6
    endloop
  endfacet
  facet normal 0 0 1
    outer loop
      vertex 35.3898 2.77777 6.6
      vertex 38.4218 9.19742 6.6
      vertex 38.0834 10.511 6.6
    endloop
  endfacet
  facet normal 0 0 1
    outer loop
      vertex 35.3898 2.77777 6.6
      vertex 38.0834 10.511 6.6
      vertex 38.0778 10.5312 6.6
    endloop
  endfacet
  facet normal 0 0 1
    outer loop
      vertex 35.3898 2.77777 6.6
      vertex 38.0778 10.5312 6.6
      vertex 37.6941 11.8313 6.6
    endloop
  endfacet
  facet normal 0 0 1
    outer loop
      vertex 35.3898 2.77777 6.6
      vertex 37.6941 11.8313 6.6
      vertex 37.6878 11.8513 6.6
    endloop
  endfacet
  facet normal 0 0 1
    outer loop
      vertex 35.3898 2.77777 6.6
      vertex 37.6878 11.8513 6.6
      vertex 37.2589 13.1376 6.6
    endloop
  endfacet
  facet normal 0 0 1
    outer loop
      vertex 35.3898 2.77777 6.6
      vertex 37.2589 13.1376 6.6
      vertex 37.252 13.1574 6.6
    endloop
  endfacet
  facet normal 0 0 1
    outer loop
      vertex 35.3898 2.77777 6.6
      vertex 37.252 13.1574 6.6
      vertex 36.7784 14.4281 6.6
    endloop
  endfacet
  facet normal 0 0 1
    outer loop
      vertex 35.3898 2.77777 6.6
      vertex 36.7784 14.4281 6.6
      vertex 36.7708 14.4476 6.6
    endloop
  endfacet
  facet normal 0 0 1
    outer loop
      vertex 35.3898 2.77777 6.6
      vertex 36.7708 14.4476 6.6
      vertex 36.2533 15.701 6.6
    endloop
  endfacet
  facet normal 0 0 1
    outer loop
      vertex 35.3898 2.77777 6.6
      vertex 36.2533 15.701 6.6
      vertex 36.245 15.7202 6.6
    endloop
  endfacet
  facet normal 0 0 1
    outer loop
      vertex 10.1627 4.20952 6.6
      vertex 36.245 15.7202 6.6
      vertex 35.6841 16.9548 6.6
    endloop
  endfacet
  facet normal 0 0 1
    outer loop
      vertex 9.8656 4.86518 6.6
      vertex 35.6841 16.9548 6.6
      vertex 35.6752 16.9737 6.6
    endloop
  endfacet
  facet normal 0 0 1
    outer loop
      vertex 39.1716 5.13889 6.6
      vertex 35.3898 2.77777 6.6
      vertex 38.8142 3.63158 6.6
    endloop
  endfacet
  facet normal 0 0 1
    outer loop
      vertex 35.4138 -2.47127 6.6
      vertex 10.9764 -0.719434 6.6
      vertex 35.4131 -2.4817 6.6
    endloop
  endfacet
  facet normal 0 0 1
    outer loop
      vertex 35.4131 -2.4817 6.6
      vertex 10.9764 -0.719434 6.6
      vertex 35.3654 -3.08817 6.6
    endloop
  endfacet
  facet normal 0 0 1
    outer loop
      vertex 35.3654 -3.08817 6.6
      vertex 10.9764 -0.719434 6.6
      vertex 35.3645 -3.09859 6.6
    endloop
  endfacet
  facet normal 0 0 1
    outer loop
      vertex 35.3645 -3.09859 6.6
      vertex 10.9764 -0.719434 6.6
      vertex 35.306 -3.70563 6.6
    endloop
  endfacet
  facet normal 0 0 1
    outer loop
      vertex 36.245 15.7202 6.6
      vertex 10.1627 4.20952 6.6
      vertex 35.3898 2.77777 6.6
    endloop
  endfacet
  facet normal 0 -0 1
    outer loop
      vertex 10.7886 2.14599 6.6
      vertex 35.3898 2.77777 6.6
      vertex 10.6252 2.84701 6.6
    endloop
  endfacet
  facet normal 0 -0 1
    outer loop
      vertex 10.9059 1.43579 6.6
      vertex 35.3898 2.77777 6.6
      vertex 10.7886 2.14599 6.6
    endloop
  endfacet
  facet normal 0 -0 1
    outer loop
      vertex 10.9764 0.719434 6.6
      vertex 35.3898 2.77777 6.6
      vertex 10.9059 1.43579 6.6
    endloop
  endfacet
  facet normal 0 0 1
    outer loop
      vertex 9.8656 4.86518 6.6
      vertex 35.6752 16.9737 6.6
      vertex 35.0717 18.1879 6.6
    endloop
  endfacet
  facet normal 0 -0 1
    outer loop
      vertex 11 0 6.6
      vertex 35.3898 2.77777 6.6
      vertex 10.9764 0.719434 6.6
    endloop
  endfacet
  facet normal 0 0 1
    outer loop
      vertex 9.8656 4.86518 6.6
      vertex 35.0717 18.1879 6.6
      vertex 35.0621 18.2064 6.6
    endloop
  endfacet
  facet normal -0 0 1
    outer loop
      vertex 10.9059 -1.43579 6.6
      vertex 35.306 -3.70563 6.6
      vertex 10.9764 -0.719434 6.6
    endloop
  endfacet
  facet normal 0 0 1
    outer loop
      vertex 35.306 -3.70563 6.6
      vertex 10.9059 -1.43579 6.6
      vertex 35.3049 -3.71605 6.6
    endloop
  endfacet
  facet normal 0 0 1
    outer loop
      vertex 35.2359 -4.32158 6.6
      vertex 10.9059 -1.43579 6.6
      vertex 35.2346 -4.33199 6.6
    endloop
  endfacet
  facet normal 0 0 1
    outer loop
      vertex 35.2346 -4.33199 6.6
      vertex 10.9059 -1.43579 6.6
      vertex 35.1553 -4.93498 6.6
    endloop
  endfacet
  facet normal 0 0 1
    outer loop
      vertex 35.1553 -4.93498 6.6
      vertex 10.9059 -1.43579 6.6
      vertex 35.1538 -4.94534 6.6
    endloop
  endfacet
  facet normal 0 0 1
    outer loop
      vertex 35.1538 -4.94534 6.6
      vertex 10.9059 -1.43579 6.6
      vertex 35.0636 -5.54877 6.6
    endloop
  endfacet
  facet normal 0 0 1
    outer loop
      vertex 35.0636 -5.54877 6.6
      vertex 10.9059 -1.43579 6.6
      vertex 35.062 -5.55911 6.6
    endloop
  endfacet
  facet normal 0 0 1
    outer loop
      vertex 35.062 -5.55911 6.6
      vertex 10.9059 -1.43579 6.6
      vertex 34.9615 -6.15933 6.6
    endloop
  endfacet
  facet normal -0 0 1
    outer loop
      vertex 10.7886 -2.14599 6.6
      vertex 34.9615 -6.15933 6.6
      vertex 10.9059 -1.43579 6.6
    endloop
  endfacet
  facet normal 0 0 1
    outer loop
      vertex 34.9615 -6.15933 6.6
      vertex 10.7886 -2.14599 6.6
      vertex 34.9597 -6.16963 6.6
    endloop
  endfacet
  facet normal 0 0 1
    outer loop
      vertex 34.9597 -6.16963 6.6
      vertex 10.7886 -2.14599 6.6
      vertex 34.8488 -6.76839 6.6
    endloop
  endfacet
  facet normal 0 0 1
    outer loop
      vertex 9.8656 4.86518 6.6
      vertex 35.0621 18.2064 6.6
      vertex 34.4167 19.3988 6.6
    endloop
  endfacet
  facet normal 0 0 1
    outer loop
      vertex 9.52628 5.5 6.6
      vertex 34.4167 19.3988 6.6
      vertex 34.4064 19.4171 6.6
    endloop
  endfacet
  facet normal 0 0 1
    outer loop
      vertex 34.8488 -6.76839 6.6
      vertex 10.7886 -2.14599 6.6
      vertex 34.8468 -6.77869 6.6
    endloop
  endfacet
  facet normal 0 0 1
    outer loop
      vertex 34.8468 -6.77869 6.6
      vertex 10.7886 -2.14599 6.6
      vertex 34.7253 -7.3754 6.6
    endloop
  endfacet
  facet normal 0 0 1
    outer loop
      vertex 34.7253 -7.3754 6.6
      vertex 10.7886 -2.14599 6.6
      vertex 34.7232 -7.38562 6.6
    endloop
  endfacet
  facet normal 0 0 1
    outer loop
      vertex 34.7232 -7.38562 6.6
      vertex 10.7886 -2.14599 6.6
      vertex 34.5912 -7.98109 6.6
    endloop
  endfacet
  facet normal 0 0 1
    outer loop
      vertex 34.5912 -7.98109 6.6
      vertex 10.7886 -2.14599 6.6
      vertex 34.5888 -7.99132 6.6
    endloop
  endfacet
  facet normal -0 0 1
    outer loop
      vertex 10.6252 -2.84701 6.6
      vertex 34.5888 -7.99132 6.6
      vertex 10.7886 -2.14599 6.6
    endloop
  endfacet
  facet normal 0 0 1
    outer loop
      vertex 34.5888 -7.99132 6.6
      vertex 10.6252 -2.84701 6.6
      vertex 34.4468 -8.58289 6.6
    endloop
  endfacet
  facet normal 0 0 1
    outer loop
      vertex 34.4468 -8.58289 6.6
      vertex 10.6252 -2.84701 6.6
      vertex 34.4442 -8.59305 6.6
    endloop
  endfacet
  facet normal 0 0 1
    outer loop
      vertex 9.52628 5.5 6.6
      vertex 34.4064 19.4171 6.6
      vertex 33.7198 20.5865 6.6
    endloop
  endfacet
  facet normal 0 0 1
    outer loop
      vertex 9.52628 5.5 6.6
      vertex 33.7198 20.5865 6.6
      vertex 33.7089 20.6043 6.6
    endloop
  endfacet
  facet normal 0 0 1
    outer loop
      vertex 34.4442 -8.59305 6.6
      vertex 10.6252 -2.84701 6.6
      vertex 34.2917 -9.18269 6.6
    endloop
  endfacet
  facet normal 0 0 1
    outer loop
      vertex 34.289 -9.19279 6.6
      vertex 10.6252 -2.84701 6.6
      vertex 34.1261 -9.78044 6.6
    endloop
  endfacet
  facet normal 0 0 1
    outer loop
      vertex 33.9503 -10.374 6.6
      vertex 10.6252 -2.84701 6.6
      vertex 33.9473 -10.384 6.6
    endloop
  endfacet
  facet normal 0 0 1
    outer loop
      vertex 9.14616 6.11127 6.6
      vertex 33.7089 20.6043 6.6
      vertex 32.9819 21.7491 6.6
    endloop
  endfacet
  facet normal 0 0 1
    outer loop
      vertex 9.14616 6.11127 6.6
      vertex 32.9819 21.7491 6.6
      vertex 32.9703 21.7665 6.6
    endloop
  endfacet
  facet normal -0 0 1
    outer loop
      vertex 10.4162 -3.53583 6.6
      vertex 33.9473 -10.384 6.6
      vertex 10.6252 -2.84701 6.6
    endloop
  endfacet
  facet normal 0 0 1
    outer loop
      vertex 33.9473 -10.384 6.6
      vertex 10.4162 -3.53583 6.6
      vertex 33.7641 -10.965 6.6
    endloop
  endfacet
  facet normal 0 0 1
    outer loop
      vertex 9.14616 6.11127 6.6
      vertex 32.9703 21.7665 6.6
      vertex 32.204 22.885 6.6
    endloop
  endfacet
  facet normal 0 0 1
    outer loop
      vertex 9.14616 6.11127 6.6
      vertex 32.204 22.885 6.6
      vertex 32.1919 22.9021 6.6
    endloop
  endfacet
  facet normal 0 0 1
    outer loop
      vertex 33.7641 -10.965 6.6
      vertex 10.4162 -3.53583 6.6
      vertex 33.7609 -10.9749 6.6
    endloop
  endfacet
  facet normal 0 0 1
    outer loop
      vertex 33.7609 -10.9749 6.6
      vertex 10.4162 -3.53583 6.6
      vertex 33.5747 -11.5315 6.6
    endloop
  endfacet
  facet normal 0 0 1
    outer loop
      vertex 8.72689 6.69637 6.6
      vertex 32.1919 22.9021 6.6
      vertex 31.3869 23.9934 6.6
    endloop
  endfacet
  facet normal 0 0 1
    outer loop
      vertex 19.9815 29.3414 6.6
      vertex 31.3869 23.9934 6.6
      vertex 31.3742 24.01 6.6
    endloop
  endfacet
  facet normal -0 0 1
    outer loop
      vertex 10.1627 -4.20952 6.6
      vertex 33.5747 -11.5315 6.6
      vertex 10.4162 -3.53583 6.6
    endloop
  endfacet
  facet normal -0 0 1
    outer loop
      vertex 9.8656 -4.86518 6.6
      vertex 33.5747 -11.5315 6.6
      vertex 10.1627 -4.20952 6.6
    endloop
  endfacet
  facet normal 0 0 1
    outer loop
      vertex 19.9815 29.3414 6.6
      vertex 31.3742 24.01 6.6
      vertex 30.5317 25.0727 6.6
    endloop
  endfacet
  facet normal 0 0 1
    outer loop
      vertex 19.9815 29.3414 6.6
      vertex 30.5317 25.0727 6.6
      vertex 30.5184 25.0889 6.6
    endloop
  endfacet
  facet normal -0 0 1
    outer loop
      vertex 9.52628 -5.5 6.6
      vertex 33.5747 -11.5315 6.6
      vertex 9.8656 -4.86518 6.6
    endloop
  endfacet
  facet normal -0 0 1
    outer loop
      vertex 9.14616 -6.11127 6.6
      vertex 33.5747 -11.5315 6.6
      vertex 9.52628 -5.5 6.6
    endloop
  endfacet
  facet normal 0 0 1
    outer loop
      vertex 19.9815 29.3414 6.6
      vertex 30.5184 25.0889 6.6
      vertex 29.6397 26.1211 6.6
    endloop
  endfacet
  facet normal 0 0 1
    outer loop
      vertex 19.9815 29.3414 6.6
      vertex 29.6397 26.1211 6.6
      vertex 29.6258 26.1368 6.6
    endloop
  endfacet
  facet normal -0 0 1
    outer loop
      vertex 8.72689 -6.69637 6.6
      vertex 33.5747 -11.5315 6.6
      vertex 9.14616 -6.11127 6.6
    endloop
  endfacet
  facet normal 0 0 1
    outer loop
      vertex 33.5747 -11.5315 6.6
      vertex 33.1612 -21.4746 6.6
      vertex 33.1722 -21.4577 6.6
    endloop
  endfacet
  facet normal 0 0 1
    outer loop
      vertex 19.9815 29.3414 6.6
      vertex 29.6258 26.1368 6.6
      vertex 28.7113 27.1382 6.6
    endloop
  endfacet
  facet normal 0 0 1
    outer loop
      vertex 19.9815 29.3414 6.6
      vertex 28.7113 27.1382 6.6
      vertex 28.697 27.1534 6.6
    endloop
  endfacet
  facet normal 0 0 1
    outer loop
      vertex 33.5747 -11.5315 6.6
      vertex 32.4295 -22.5645 6.6
      vertex 33.1612 -21.4746 6.6
    endloop
  endfacet
  facet normal 0 0 1
    outer loop
      vertex 33.5747 -11.5315 6.6
      vertex 32.4179 -22.5811 6.6
      vertex 32.4295 -22.5645 6.6
    endloop
  endfacet
  facet normal 0 0 1
    outer loop
      vertex 19.9815 29.3414 6.6
      vertex 28.697 27.1534 6.6
      vertex 27.7481 28.1223 6.6
    endloop
  endfacet
  facet normal 0 0 1
    outer loop
      vertex 19.9815 29.3414 6.6
      vertex 27.7481 28.1223 6.6
      vertex 27.7332 28.137 6.6
    endloop
  endfacet
  facet normal 0 0 1
    outer loop
      vertex 33.5747 -11.5315 6.6
      vertex 31.6498 -23.6456 6.6
      vertex 32.4179 -22.5811 6.6
    endloop
  endfacet
  facet normal 0 -0 1
    outer loop
      vertex 31.6377 -23.6618 6.6
      vertex 33.5747 -11.5315 6.6
      vertex 8.72689 -6.69637 6.6
    endloop
  endfacet
  facet normal 0 0 1
    outer loop
      vertex 19.9815 29.3414 6.6
      vertex 27.7332 28.137 6.6
      vertex 26.7516 29.0719 6.6
    endloop
  endfacet
  facet normal 0 0 1
    outer loop
      vertex 19.9815 29.3414 6.6
      vertex 26.7516 29.0719 6.6
      vertex 26.7363 29.086 6.6
    endloop
  endfacet
  facet normal 0 0 1
    outer loop
      vertex 33.5747 -11.5315 6.6
      vertex 31.6377 -23.6618 6.6
      vertex 31.6498 -23.6456 6.6
    endloop
  endfacet
  facet normal 0 0 1
    outer loop
      vertex 31.6377 -23.6618 6.6
      vertex 8.72689 -6.69637 6.6
      vertex 30.8343 -24.6997 6.6
    endloop
  endfacet
  facet normal -0 0 1
    outer loop
      vertex 19.9815 29.3414 6.6
      vertex 26.7363 29.086 6.6
      vertex 25.722 29.9867 6.6
    endloop
  endfacet
  facet normal 0 0 1
    outer loop
      vertex 19.9815 29.3414 6.6
      vertex 25.722 29.9867 6.6
      vertex 25.7061 30.0003 6.6
    endloop
  endfacet
  facet normal 0 0 1
    outer loop
      vertex 30.8343 -24.6997 6.6
      vertex 8.72689 -6.69637 6.6
      vertex 30.8216 -24.7155 6.6
    endloop
  endfacet
  facet normal 0 0 1
    outer loop
      vertex 30.8216 -24.7155 6.6
      vertex 8.72689 -6.69637 6.6
      vertex 29.9834 -25.7259 6.6
    endloop
  endfacet
  facet normal 0 0 1
    outer loop
      vertex 19.9815 29.3414 6.6
      vertex 25.7061 30.0003 6.6
      vertex 24.6615 30.8648 6.6
    endloop
  endfacet
  facet normal 0 0 1
    outer loop
      vertex 23.2052 31.475 6.6
      vertex 24.6615 30.8648 6.6
      vertex 24.6451 30.8778 6.6
    endloop
  endfacet
  facet normal -0 0 1
    outer loop
      vertex 8.27024 -7.2528 6.6
      vertex 29.9834 -25.7259 6.6
      vertex 8.72689 -6.69637 6.6
    endloop
  endfacet
  facet normal 0 0 1
    outer loop
      vertex 29.9834 -25.7259 6.6
      vertex 8.27024 -7.2528 6.6
      vertex 29.9702 -25.7413 6.6
    endloop
  endfacet
  facet normal 0 0 1
    outer loop
      vertex 23.2052 31.475 6.6
      vertex 24.6451 30.8778 6.6
      vertex 23.9025 31.45 6.6
    endloop
  endfacet
  facet normal 0 0 1
    outer loop
      vertex 23.2052 31.475 6.6
      vertex 23.9025 31.45 6.6
      vertex 23.8718 31.4721 6.6
    endloop
  endfacet
  facet normal -0 0 1
    outer loop
      vertex 23.2052 31.475 6.6
      vertex 23.8718 31.4721 6.6
      vertex 23.8386 31.493 6.6
    endloop
  endfacet
  facet normal 0 0 1
    outer loop
      vertex 23.2052 31.475 6.6
      vertex 23.8386 31.493 6.6
      vertex 23.804 31.5117 6.6
    endloop
  endfacet
  facet normal 0 0 1
    outer loop
      vertex 23.2052 31.475 6.6
      vertex 23.804 31.5117 6.6
      vertex 23.7683 31.528 6.6
    endloop
  endfacet
  facet normal 0 0 1
    outer loop
      vertex 23.2052 31.475 6.6
      vertex 23.7683 31.528 6.6
      vertex 23.7317 31.542 6.6
    endloop
  endfacet
  facet normal 0 0 1
    outer loop
      vertex 23.2052 31.475 6.6
      vertex 23.7317 31.542 6.6
      vertex 23.6941 31.5536 6.6
    endloop
  endfacet
  facet normal 0 0 1
    outer loop
      vertex 23.2052 31.475 6.6
      vertex 23.6941 31.5536 6.6
      vertex 23.6559 31.5627 6.6
    endloop
  endfacet
  facet normal 0 0 1
    outer loop
      vertex 23.2052 31.475 6.6
      vertex 23.6559 31.5627 6.6
      vertex 23.6172 31.5692 6.6
    endloop
  endfacet
  facet normal 0 0 1
    outer loop
      vertex 23.2052 31.475 6.6
      vertex 23.6172 31.5692 6.6
      vertex 23.5782 31.5732 6.6
    endloop
  endfacet
  facet normal 0 0 1
    outer loop
      vertex 23.2052 31.475 6.6
      vertex 23.5782 31.5732 6.6
      vertex 23.5389 31.5747 6.6
    endloop
  endfacet
  facet normal 0 0 1
    outer loop
      vertex 23.2052 31.475 6.6
      vertex 23.5389 31.5747 6.6
      vertex 23.4997 31.5736 6.6
    endloop
  endfacet
  facet normal 0 0 1
    outer loop
      vertex 23.2052 31.475 6.6
      vertex 23.4997 31.5736 6.6
      vertex 23.4606 31.5699 6.6
    endloop
  endfacet
  facet normal 0 0 1
    outer loop
      vertex 23.2052 31.475 6.6
      vertex 23.4606 31.5699 6.6
      vertex 23.4218 31.5637 6.6
    endloop
  endfacet
  facet normal 0 0 1
    outer loop
      vertex 23.2052 31.475 6.6
      vertex 23.4218 31.5637 6.6
      vertex 23.3836 31.5549 6.6
    endloop
  endfacet
  facet normal 0 0 1
    outer loop
      vertex 23.2052 31.475 6.6
      vertex 23.3836 31.5549 6.6
      vertex 23.3459 31.5437 6.6
    endloop
  endfacet
  facet normal 0 0 1
    outer loop
      vertex 23.2052 31.475 6.6
      vertex 23.3459 31.5437 6.6
      vertex 23.3091 31.53 6.6
    endloop
  endfacet
  facet normal 0 0 1
    outer loop
      vertex 23.2052 31.475 6.6
      vertex 23.3091 31.53 6.6
      vertex 23.2733 31.514 6.6
    endloop
  endfacet
  facet normal 0 0 1
    outer loop
      vertex 23.2052 31.475 6.6
      vertex 23.2733 31.514 6.6
      vertex 23.2386 31.4956 6.6
    endloop
  endfacet
  facet normal 0 0 1
    outer loop
      vertex 24.6615 30.8648 6.6
      vertex 23.2052 31.475 6.6
      vertex 19.9815 29.3414 6.6
    endloop
  endfacet
  facet normal 0 0 1
    outer loop
      vertex 29.9702 -25.7413 6.6
      vertex 8.27024 -7.2528 6.6
      vertex 29.0985 -26.7227 6.6
    endloop
  endfacet
  facet normal 0 0 1
    outer loop
      vertex 29.0985 -26.7227 6.6
      vertex 8.27024 -7.2528 6.6
      vertex 29.0848 -26.7376 6.6
    endloop
  endfacet
  facet normal -0 0 1
    outer loop
      vertex 7.77817 -7.77817 6.6
      vertex 29.0848 -26.7376 6.6
      vertex 8.27024 -7.2528 6.6
    endloop
  endfacet
  facet normal 0 0 1
    outer loop
      vertex 29.0848 -26.7376 6.6
      vertex 7.77817 -7.77817 6.6
      vertex 28.1806 -27.6889 6.6
    endloop
  endfacet
  facet normal 0 0 1
    outer loop
      vertex 28.1806 -27.6889 6.6
      vertex 7.77817 -7.77817 6.6
      vertex 28.1664 -27.7034 6.6
    endloop
  endfacet
  facet normal 0 0 1
    outer loop
      vertex 28.1664 -27.7034 6.6
      vertex 7.77817 -7.77817 6.6
      vertex 27.2306 -28.6237 6.6
    endloop
  endfacet
  facet normal 0 0 1
    outer loop
      vertex 31.3869 23.9934 6.6
      vertex 19.9815 29.3414 6.6
      vertex 8.72689 6.69637 6.6
    endloop
  endfacet
  facet normal 0 0 1
    outer loop
      vertex 6.11127 9.14616 6.6
      vertex 19.9815 29.3414 6.6
      vertex 19.8558 29.4278 6.6
    endloop
  endfacet
  facet normal 0 0 1
    outer loop
      vertex 6.11127 9.14616 6.6
      vertex 19.8558 29.4278 6.6
      vertex 19.8471 29.4336 6.6
    endloop
  endfacet
  facet normal 0 0 1
    outer loop
      vertex 27.2306 -28.6237 6.6
      vertex 7.77817 -7.77817 6.6
      vertex 27.216 -28.6377 6.6
    endloop
  endfacet
  facet normal -0 0 1
    outer loop
      vertex 7.2528 -8.27024 6.6
      vertex 27.216 -28.6377 6.6
      vertex 7.77817 -7.77817 6.6
    endloop
  endfacet
  facet normal 0 0 1
    outer loop
      vertex 6.11127 9.14616 6.6
      vertex 19.8471 29.4336 6.6
      vertex 19.3388 29.7701 6.6
    endloop
  endfacet
  facet normal 0 0 1
    outer loop
      vertex 6.11127 9.14616 6.6
      vertex 19.3388 29.7701 6.6
      vertex 19.33 29.7758 6.6
    endloop
  endfacet
  facet normal 0 0 1
    outer loop
      vertex 6.11127 9.14616 6.6
      vertex 19.33 29.7758 6.6
      vertex 18.8164 30.103 6.6
    endloop
  endfacet
  facet normal 0 0 1
    outer loop
      vertex 6.11127 9.14616 6.6
      vertex 18.8164 30.103 6.6
      vertex 18.8075 30.1086 6.6
    endloop
  endfacet
  facet normal 0 0 1
    outer loop
      vertex 27.216 -28.6377 6.6
      vertex 7.2528 -8.27024 6.6
      vertex 26.2494 -29.5262 6.6
    endloop
  endfacet
  facet normal 0 0 1
    outer loop
      vertex 26.2494 -29.5262 6.6
      vertex 7.2528 -8.27024 6.6
      vertex 26.2343 -29.5396 6.6
    endloop
  endfacet
  facet normal 0 0 1
    outer loop
      vertex 5.5 9.52628 6.6
      vertex 18.8075 30.1086 6.6
      vertex 18.2885 30.4266 6.6
    endloop
  endfacet
  facet normal 0 0 1
    outer loop
      vertex 5.5 9.52628 6.6
      vertex 18.2885 30.4266 6.6
      vertex 18.2795 30.432 6.6
    endloop
  endfacet
  facet normal 0 0 1
    outer loop
      vertex 5.5 9.52628 6.6
      vertex 18.2795 30.432 6.6
      vertex 17.7548 30.7411 6.6
    endloop
  endfacet
  facet normal 0 0 1
    outer loop
      vertex 5.5 9.52628 6.6
      vertex 17.7548 30.7411 6.6
      vertex 17.7457 30.7463 6.6
    endloop
  endfacet
  facet normal 0 0 1
    outer loop
      vertex 26.2343 -29.5396 6.6
      vertex 7.2528 -8.27024 6.6
      vertex 25.2388 -30.3945 6.6
    endloop
  endfacet
  facet normal 0 0 1
    outer loop
      vertex 25.2388 -30.3945 6.6
      vertex 7.2528 -8.27024 6.6
      vertex 25.2232 -30.4075 6.6
    endloop
  endfacet
  facet normal 0 0 1
    outer loop
      vertex 5.5 9.52628 6.6
      vertex 17.7457 30.7463 6.6
      vertex 17.2152 31.0465 6.6
    endloop
  endfacet
  facet normal 0 0 1
    outer loop
      vertex 5.5 9.52628 6.6
      vertex 17.2152 31.0465 6.6
      vertex 17.206 31.0515 6.6
    endloop
  endfacet
  facet normal 0 0 1
    outer loop
      vertex 5.5 9.52628 6.6
      vertex 17.206 31.0515 6.6
      vertex 16.6707 31.3422 6.6
    endloop
  endfacet
  facet normal 0 0 1
    outer loop
      vertex 5.5 9.52628 6.6
      vertex 16.6707 31.3422 6.6
      vertex 16.6615 31.3471 6.6
    endloop
  endfacet
  facet normal -0 0 1
    outer loop
      vertex 6.69637 -8.72689 6.6
      vertex 25.2232 -30.4075 6.6
      vertex 7.2528 -8.27024 6.6
    endloop
  endfacet
  facet normal 0 0 1
    outer loop
      vertex 25.2232 -30.4075 6.6
      vertex 6.69637 -8.72689 6.6
      vertex 24.1991 -31.2287 6.6
    endloop
  endfacet
  facet normal 0 0 1
    outer loop
      vertex 4.86518 9.8656 6.6
      vertex 16.6615 31.3471 6.6
      vertex 16.1211 31.6284 6.6
    endloop
  endfacet
  facet normal 0 0 1
    outer loop
      vertex 4.86518 9.8656 6.6
      vertex 16.1211 31.6284 6.6
      vertex 16.1118 31.6332 6.6
    endloop
  endfacet
  facet normal 0 0 1
    outer loop
      vertex 4.86518 9.8656 6.6
      vertex 16.1118 31.6332 6.6
      vertex 15.5672 31.9046 6.6
    endloop
  endfacet
  facet normal 0 0 1
    outer loop
      vertex 4.86518 9.8656 6.6
      vertex 15.5672 31.9046 6.6
      vertex 15.5578 31.9092 6.6
    endloop
  endfacet
  facet normal 0 0 1
    outer loop
      vertex 4.86518 9.8656 6.6
      vertex 15.5578 31.9092 6.6
      vertex 15.0076 32.1717 6.6
    endloop
  endfacet
  facet normal 0 0 1
    outer loop
      vertex 4.86518 9.8656 6.6
      vertex 15.0076 32.1717 6.6
      vertex 14.9982 32.1761 6.6
    endloop
  endfacet
  facet normal -0 0 1
    outer loop
      vertex 2.61925 -24.9025 6.6
      vertex 24.1991 -31.2287 6.6
      vertex 6.69637 -8.72689 6.6
    endloop
  endfacet
  facet normal 0 -0 1
    outer loop
      vertex 11.7843 -33.4857 6.6
      vertex 24.1991 -31.2287 6.6
      vertex 2.61925 -24.9025 6.6
    endloop
  endfacet
  facet normal 0 0 1
    outer loop
      vertex 4.86518 9.8656 6.6
      vertex 14.9982 32.1761 6.6
      vertex 14.4435 32.4289 6.6
    endloop
  endfacet
  facet normal 0 0 1
    outer loop
      vertex 4.20952 10.1627 6.6
      vertex 14.4435 32.4289 6.6
      vertex 14.4339 32.4332 6.6
    endloop
  endfacet
  facet normal 0 0 1
    outer loop
      vertex 24.1991 -31.2287 6.6
      vertex 11.7843 -33.4857 6.6
      vertex 24.1831 -31.2411 6.6
    endloop
  endfacet
  facet normal 0 0 1
    outer loop
      vertex 23.1151 -32.0393 6.6
      vertex 11.7843 -33.4857 6.6
      vertex 22.0384 -32.7892 6.6
    endloop
  endfacet
  facet normal 0 0 1
    outer loop
      vertex 22.0384 -32.7892 6.6
      vertex 11.7843 -33.4857 6.6
      vertex 22.0216 -32.8005 6.6
    endloop
  endfacet
  facet normal 0 0 1
    outer loop
      vertex 22.0216 -32.8005 6.6
      vertex 11.7843 -33.4857 6.6
      vertex 20.9195 -33.5142 6.6
    endloop
  endfacet
  facet normal 0 0 1
    outer loop
      vertex 20.9195 -33.5142 6.6
      vertex 11.7843 -33.4857 6.6
      vertex 20.9023 -33.5249 6.6
    endloop
  endfacet
  facet normal 0 0 1
    outer loop
      vertex 20.9023 -33.5249 6.6
      vertex 11.7843 -33.4857 6.6
      vertex 19.7773 -34.2007 6.6
    endloop
  endfacet
  facet normal 0 0 1
    outer loop
      vertex 19.7597 -34.2108 6.6
      vertex 11.7843 -33.4857 6.6
      vertex 18.6125 -34.8482 6.6
    endloop
  endfacet
  facet normal 0 0 1
    outer loop
      vertex 18.6125 -34.8482 6.6
      vertex 11.7843 -33.4857 6.6
      vertex 18.5947 -34.8578 6.6
    endloop
  endfacet
  facet normal 0 0 1
    outer loop
      vertex 16.2018 -36.0323 6.6
      vertex 11.7843 -33.4857 6.6
      vertex 14.997 -36.5501 6.6
    endloop
  endfacet
  facet normal 0 0 1
    outer loop
      vertex 14.9757 -36.5588 6.6
      vertex 13.4901 -36.5757 6.6
      vertex 14.231 -36.8456 6.6
    endloop
  endfacet
  facet normal 0 0 1
    outer loop
      vertex 4.20952 10.1627 6.6
      vertex 14.4339 32.4332 6.6
      vertex 13.8759 32.6758 6.6
    endloop
  endfacet
  facet normal 0 0 1
    outer loop
      vertex 4.20952 10.1627 6.6
      vertex 13.8759 32.6758 6.6
      vertex 13.8662 32.6799 6.6
    endloop
  endfacet
  facet normal 0 0 1
    outer loop
      vertex 14.231 -36.8456 6.6
      vertex 13.4901 -36.5757 6.6
      vertex 14.1939 -36.8585 6.6
    endloop
  endfacet
  facet normal 0 0 1
    outer loop
      vertex 14.1939 -36.8585 6.6
      vertex 13.4901 -36.5757 6.6
      vertex 14.156 -36.8689 6.6
    endloop
  endfacet
  facet normal 0 0 1
    outer loop
      vertex 14.156 -36.8689 6.6
      vertex 13.4901 -36.5757 6.6
      vertex 14.1176 -36.8769 6.6
    endloop
  endfacet
  facet normal 0 0 1
    outer loop
      vertex 14.1176 -36.8769 6.6
      vertex 13.4901 -36.5757 6.6
      vertex 14.0787 -36.8823 6.6
    endloop
  endfacet
  facet normal 0 0 1
    outer loop
      vertex 14.0787 -36.8823 6.6
      vertex 13.4901 -36.5757 6.6
      vertex 14.0395 -36.8852 6.6
    endloop
  endfacet
  facet normal 0 0 1
    outer loop
      vertex 14.0395 -36.8852 6.6
      vertex 13.4901 -36.5757 6.6
      vertex 14.0003 -36.8855 6.6
    endloop
  endfacet
  facet normal 0 0 1
    outer loop
      vertex 14.0003 -36.8855 6.6
      vertex 13.4901 -36.5757 6.6
      vertex 13.9611 -36.8832 6.6
    endloop
  endfacet
  facet normal 0 0 1
    outer loop
      vertex 13.9611 -36.8832 6.6
      vertex 13.4901 -36.5757 6.6
      vertex 13.9221 -36.8784 6.6
    endloop
  endfacet
  facet normal 0 0 1
    outer loop
      vertex 13.9221 -36.8784 6.6
      vertex 13.4901 -36.5757 6.6
      vertex 13.8835 -36.871 6.6
    endloop
  endfacet
  facet normal 0 0 1
    outer loop
      vertex 13.8835 -36.871 6.6
      vertex 13.4901 -36.5757 6.6
      vertex 13.8456 -36.8611 6.6
    endloop
  endfacet
  facet normal 0 0 1
    outer loop
      vertex 13.8456 -36.8611 6.6
      vertex 13.4901 -36.5757 6.6
      vertex 13.8083 -36.8488 6.6
    endloop
  endfacet
  facet normal 0 0 1
    outer loop
      vertex 13.8083 -36.8488 6.6
      vertex 13.4901 -36.5757 6.6
      vertex 13.7719 -36.8341 6.6
    endloop
  endfacet
  facet normal 0 0 1
    outer loop
      vertex 13.7365 -36.817 6.6
      vertex 13.4901 -36.5757 6.6
      vertex 13.7024 -36.7976 6.6
    endloop
  endfacet
  facet normal 0 0 1
    outer loop
      vertex 4.20952 10.1627 6.6
      vertex 13.8662 32.6799 6.6
      vertex 13.3034 32.913 6.6
    endloop
  endfacet
  facet normal 0 0 1
    outer loop
      vertex 4.20952 10.1627 6.6
      vertex 13.3034 32.913 6.6
      vertex 13.2937 32.9169 6.6
    endloop
  endfacet
  facet normal 0 0 1
    outer loop
      vertex 4.20952 10.1627 6.6
      vertex 13.2937 32.9169 6.6
      vertex 12.7274 33.14 6.6
    endloop
  endfacet
  facet normal 0 0 1
    outer loop
      vertex 4.20952 10.1627 6.6
      vertex 12.7274 33.14 6.6
      vertex 12.7176 33.1438 6.6
    endloop
  endfacet
  facet normal 0 0 1
    outer loop
      vertex 4.20952 10.1627 6.6
      vertex 12.7176 33.1438 6.6
      vertex 12.1463 33.3574 6.6
    endloop
  endfacet
  facet normal 0 0 1
    outer loop
      vertex 3.53583 10.4162 6.6
      vertex 12.1463 33.3574 6.6
      vertex 12.1365 33.3609 6.6
    endloop
  endfacet
  facet normal 0 0 1
    outer loop
      vertex 13.7024 -36.7976 6.6
      vertex 13.4901 -36.5757 6.6
      vertex 13.6696 -36.776 6.6
    endloop
  endfacet
  facet normal 0 0 1
    outer loop
      vertex 3.53583 10.4162 6.6
      vertex 12.1365 33.3609 6.6
      vertex 11.563 33.564 6.6
    endloop
  endfacet
  facet normal 0 0 1
    outer loop
      vertex 13.6696 -36.776 6.6
      vertex 13.4901 -36.5757 6.6
      vertex 13.6383 -36.7524 6.6
    endloop
  endfacet
  facet normal 0 0 1
    outer loop
      vertex 3.53583 10.4162 6.6
      vertex 11.563 33.564 6.6
      vertex 11.5531 33.5674 6.6
    endloop
  endfacet
  facet normal 0 0 1
    outer loop
      vertex 13.6383 -36.7524 6.6
      vertex 13.4901 -36.5757 6.6
      vertex 13.6085 -36.7267 6.6
    endloop
  endfacet
  facet normal 0 0 1
    outer loop
      vertex 13.6085 -36.7267 6.6
      vertex 13.4901 -36.5757 6.6
      vertex 13.5806 -36.6991 6.6
    endloop
  endfacet
  facet normal 0 0 1
    outer loop
      vertex 34.1232 -9.79053 6.6
      vertex 10.6252 -2.84701 6.6
      vertex 33.9503 -10.374 6.6
    endloop
  endfacet
  facet normal 0 0 1
    outer loop
      vertex 3.53583 10.4162 6.6
      vertex 11.5531 33.5674 6.6
      vertex 10.9749 33.7609 6.6
    endloop
  endfacet
  facet normal 0 0 1
    outer loop
      vertex 3.53583 10.4162 6.6
      vertex 10.9749 33.7609 6.6
      vertex 10.965 33.7641 6.6
    endloop
  endfacet
  facet normal 0 0 1
    outer loop
      vertex 34.1261 -9.78044 6.6
      vertex 10.6252 -2.84701 6.6
      vertex 34.1232 -9.79053 6.6
    endloop
  endfacet
  facet normal 0 0 1
    outer loop
      vertex 34.2917 -9.18269 6.6
      vertex 10.6252 -2.84701 6.6
      vertex 34.289 -9.19279 6.6
    endloop
  endfacet
  facet normal 0 0 1
    outer loop
      vertex 35.3049 -3.71605 6.6
      vertex 10.9059 -1.43579 6.6
      vertex 35.2359 -4.32158 6.6
    endloop
  endfacet
  facet normal 0 0 1
    outer loop
      vertex 35.3898 2.77777 6.6
      vertex 10.4162 3.53583 6.6
      vertex 10.6252 2.84701 6.6
    endloop
  endfacet
  facet normal 0 0 1
    outer loop
      vertex 3.53583 10.4162 6.6
      vertex 10.965 33.7641 6.6
      vertex 10.384 33.9473 6.6
    endloop
  endfacet
  facet normal 0 0 1
    outer loop
      vertex 3.53583 10.4162 6.6
      vertex 10.384 33.9473 6.6
      vertex 10.374 33.9503 6.6
    endloop
  endfacet
  facet normal 0 0 1
    outer loop
      vertex 35.3898 2.77777 6.6
      vertex 10.1627 4.20952 6.6
      vertex 10.4162 3.53583 6.6
    endloop
  endfacet
  facet normal 0 0 1
    outer loop
      vertex 35.6841 16.9548 6.6
      vertex 9.8656 4.86518 6.6
      vertex 10.1627 4.20952 6.6
    endloop
  endfacet
  facet normal 0 0 1
    outer loop
      vertex 2.84701 10.6252 6.6
      vertex 10.374 33.9503 6.6
      vertex 9.78972 34.1234 6.6
    endloop
  endfacet
  facet normal 0 0 1
    outer loop
      vertex 2.84701 10.6252 6.6
      vertex 9.78972 34.1234 6.6
      vertex 9.77963 34.1263 6.6
    endloop
  endfacet
  facet normal 0 0 1
    outer loop
      vertex 34.4167 19.3988 6.6
      vertex 9.52628 5.5 6.6
      vertex 9.8656 4.86518 6.6
    endloop
  endfacet
  facet normal 0 0 1
    outer loop
      vertex 2.84701 10.6252 6.6
      vertex 9.77963 34.1263 6.6
      vertex 9.43404 34.2222 6.6
    endloop
  endfacet
  facet normal 0 0 1
    outer loop
      vertex 8.56743 38.5671 6.6
      vertex 9.79684 37.733 6.6
      vertex 9.34254 38.3775 6.6
    endloop
  endfacet
  facet normal 0 0 1
    outer loop
      vertex 9.34254 38.3775 6.6
      vertex 9.41739 38.3539 6.6
      vertex 9.38036 38.367 6.6
    endloop
  endfacet
  facet normal 0 0 1
    outer loop
      vertex 8.54495 38.5721 6.6
      vertex 9.79684 37.733 6.6
      vertex 8.56743 38.5671 6.6
    endloop
  endfacet
  facet normal 0 0 1
    outer loop
      vertex 33.7089 20.6043 6.6
      vertex 9.14616 6.11127 6.6
      vertex 9.52628 5.5 6.6
    endloop
  endfacet
  facet normal 0 0 1
    outer loop
      vertex 32.1919 22.9021 6.6
      vertex 8.72689 6.69637 6.6
      vertex 9.14616 6.11127 6.6
    endloop
  endfacet
  facet normal 0 0 1
    outer loop
      vertex 9.79684 37.733 6.6
      vertex 8.54495 38.5721 6.6
      vertex 9.43404 34.2222 6.6
    endloop
  endfacet
  facet normal 0 0 1
    outer loop
      vertex 7.2598 38.8345 6.6
      vertex 9.43404 34.2222 6.6
      vertex 8.54495 38.5721 6.6
    endloop
  endfacet
  facet normal 0 0 1
    outer loop
      vertex 19.9815 29.3414 6.6
      vertex 8.27024 7.2528 6.6
      vertex 8.72689 6.69637 6.6
    endloop
  endfacet
  facet normal 0 0 1
    outer loop
      vertex 19.9815 29.3414 6.6
      vertex 7.77817 7.77817 6.6
      vertex 8.27024 7.2528 6.6
    endloop
  endfacet
  facet normal 0 0 1
    outer loop
      vertex 7.2399 38.8382 6.6
      vertex 9.43404 34.2222 6.6
      vertex 7.2598 38.8345 6.6
    endloop
  endfacet
  facet normal 0 0 1
    outer loop
      vertex 19.9815 29.3414 6.6
      vertex 7.2528 8.27024 6.6
      vertex 7.77817 7.77817 6.6
    endloop
  endfacet
  facet normal 0 0 1
    outer loop
      vertex 5.94577 39.0573 6.6
      vertex 9.43404 34.2222 6.6
      vertex 7.2399 38.8382 6.6
    endloop
  endfacet
  facet normal 0 0 1
    outer loop
      vertex 19.9815 29.3414 6.6
      vertex 6.69637 8.72689 6.6
      vertex 7.2528 8.27024 6.6
    endloop
  endfacet
  facet normal 0 0 1
    outer loop
      vertex 19.9815 29.3414 6.6
      vertex 6.11127 9.14616 6.6
      vertex 6.69637 8.72689 6.6
    endloop
  endfacet
  facet normal 0 0 1
    outer loop
      vertex 5.92577 39.0603 6.6
      vertex 9.43404 34.2222 6.6
      vertex 5.94577 39.0573 6.6
    endloop
  endfacet
  facet normal 0 0 1
    outer loop
      vertex 4.625 39.2356 6.6
      vertex 9.43404 34.2222 6.6
      vertex 5.92577 39.0603 6.6
    endloop
  endfacet
  facet normal 0 0 1
    outer loop
      vertex 18.8075 30.1086 6.6
      vertex 5.5 9.52628 6.6
      vertex 6.11127 9.14616 6.6
    endloop
  endfacet
  facet normal 0 0 1
    outer loop
      vertex 16.6615 31.3471 6.6
      vertex 4.86518 9.8656 6.6
      vertex 5.5 9.52628 6.6
    endloop
  endfacet
  facet normal 0 0 1
    outer loop
      vertex 4.60489 39.238 6.6
      vertex 9.43404 34.2222 6.6
      vertex 4.625 39.2356 6.6
    endloop
  endfacet
  facet normal 0 0 1
    outer loop
      vertex 3.29912 39.3693 6.6
      vertex 9.43404 34.2222 6.6
      vertex 4.60489 39.238 6.6
    endloop
  endfacet
  facet normal 0 0 1
    outer loop
      vertex 14.4435 32.4289 6.6
      vertex 4.20952 10.1627 6.6
      vertex 4.86518 9.8656 6.6
    endloop
  endfacet
  facet normal 0 0 1
    outer loop
      vertex 12.1463 33.3574 6.6
      vertex 3.53583 10.4162 6.6
      vertex 4.20952 10.1627 6.6
    endloop
  endfacet
  facet normal 0 0 1
    outer loop
      vertex 3.27895 39.371 6.6
      vertex 9.43404 34.2222 6.6
      vertex 3.29912 39.3693 6.6
    endloop
  endfacet
  facet normal 0 0 1
    outer loop
      vertex 1.96907 39.4582 6.6
      vertex 9.43404 34.2222 6.6
      vertex 3.27895 39.371 6.6
    endloop
  endfacet
  facet normal 0 0 1
    outer loop
      vertex 10.374 33.9503 6.6
      vertex 2.84701 10.6252 6.6
      vertex 3.53583 10.4162 6.6
    endloop
  endfacet
  facet normal 0 0 1
    outer loop
      vertex 9.43404 34.2222 6.6
      vertex 2.14599 10.7886 6.6
      vertex 2.84701 10.6252 6.6
    endloop
  endfacet
  facet normal 0 0 1
    outer loop
      vertex 1.94885 39.4592 6.6
      vertex 9.43404 34.2222 6.6
      vertex 1.96907 39.4582 6.6
    endloop
  endfacet
  facet normal 0 0 1
    outer loop
      vertex 0.636826 39.5022 6.6
      vertex 9.43404 34.2222 6.6
      vertex 1.94885 39.4592 6.6
    endloop
  endfacet
  facet normal 0 0 1
    outer loop
      vertex 9.43404 34.2222 6.6
      vertex 1.43579 10.9059 6.6
      vertex 2.14599 10.7886 6.6
    endloop
  endfacet
  facet normal 0 0 1
    outer loop
      vertex 9.43404 34.2222 6.6
      vertex 0.719434 10.9764 6.6
      vertex 1.43579 10.9059 6.6
    endloop
  endfacet
  facet normal 0 0 1
    outer loop
      vertex 0.616592 39.5025 6.6
      vertex 9.43404 34.2222 6.6
      vertex 0.636826 39.5022 6.6
    endloop
  endfacet
  facet normal -0 0 1
    outer loop
      vertex -0.696136 39.5012 6.6
      vertex 9.43404 34.2222 6.6
      vertex 0.616592 39.5025 6.6
    endloop
  endfacet
  facet normal 0 0 1
    outer loop
      vertex 9.43404 34.2222 6.6
      vertex 0 11 6.6
      vertex 0.719434 10.9764 6.6
    endloop
  endfacet
  facet normal -0 0 1
    outer loop
      vertex -0.716385 39.5008 6.6
      vertex 9.43404 34.2222 6.6
      vertex -0.696136 39.5012 6.6
    endloop
  endfacet
  facet normal -0 0 1
    outer loop
      vertex -2.02832 39.4552 6.6
      vertex 9.43404 34.2222 6.6
      vertex -0.716385 39.5008 6.6
    endloop
  endfacet
  facet normal 0 0 1
    outer loop
      vertex 9.43404 34.2222 6.6
      vertex -0.719434 10.9764 6.6
      vertex 0 11 6.6
    endloop
  endfacet
  facet normal -0 0 1
    outer loop
      vertex -2.04854 39.4541 6.6
      vertex 9.43404 34.2222 6.6
      vertex -2.02832 39.4552 6.6
    endloop
  endfacet
  facet normal 0 0 1
    outer loop
      vertex 9.43404 34.2222 6.6
      vertex -2.04854 39.4541 6.6
      vertex -0.719434 10.9764 6.6
    endloop
  endfacet
  facet normal -0 0 1
    outer loop
      vertex -3.35783 39.3643 6.6
      vertex -0.719434 10.9764 6.6
      vertex -2.04854 39.4541 6.6
    endloop
  endfacet
  facet normal -0 0 1
    outer loop
      vertex -3.37799 39.3626 6.6
      vertex -0.719434 10.9764 6.6
      vertex -3.35783 39.3643 6.6
    endloop
  endfacet
  facet normal 0 0 1
    outer loop
      vertex -0.719434 10.9764 6.6
      vertex -3.37799 39.3626 6.6
      vertex -1.43579 10.9059 6.6
    endloop
  endfacet
  facet normal -0 0 1
    outer loop
      vertex -4.68344 39.2287 6.6
      vertex -1.43579 10.9059 6.6
      vertex -3.37799 39.3626 6.6
    endloop
  endfacet
  facet normal -0 0 1
    outer loop
      vertex -4.70355 39.2263 6.6
      vertex -1.43579 10.9059 6.6
      vertex -4.68344 39.2287 6.6
    endloop
  endfacet
  facet normal -0 0 1
    outer loop
      vertex -6.00441 39.0483 6.6
      vertex -1.43579 10.9059 6.6
      vertex -4.70355 39.2263 6.6
    endloop
  endfacet
  facet normal -0 0 1
    outer loop
      vertex -6.02441 39.0453 6.6
      vertex -1.43579 10.9059 6.6
      vertex -6.00441 39.0483 6.6
    endloop
  endfacet
  facet normal 0 0 1
    outer loop
      vertex -1.43579 10.9059 6.6
      vertex -6.02441 39.0453 6.6
      vertex -2.14599 10.7886 6.6
    endloop
  endfacet
  facet normal -0 0 1
    outer loop
      vertex -7.31818 38.8236 6.6
      vertex -2.14599 10.7886 6.6
      vertex -6.02441 39.0453 6.6
    endloop
  endfacet
  facet normal -0 0 1
    outer loop
      vertex -7.33807 38.8198 6.6
      vertex -2.14599 10.7886 6.6
      vertex -7.31818 38.8236 6.6
    endloop
  endfacet
  facet normal -0 0 1
    outer loop
      vertex -8.6236 38.5546 6.6
      vertex -2.14599 10.7886 6.6
      vertex -7.33807 38.8198 6.6
    endloop
  endfacet
  facet normal -0 0 1
    outer loop
      vertex -8.64334 38.5502 6.6
      vertex -2.14599 10.7886 6.6
      vertex -8.6236 38.5546 6.6
    endloop
  endfacet
  facet normal 0 0 1
    outer loop
      vertex -2.14599 10.7886 6.6
      vertex -8.64334 38.5502 6.6
      vertex -2.84701 10.6252 6.6
    endloop
  endfacet
  facet normal -0 0 1
    outer loop
      vertex -9.91946 38.2417 6.6
      vertex -2.84701 10.6252 6.6
      vertex -8.64334 38.5502 6.6
    endloop
  endfacet
  facet normal -0 0 1
    outer loop
      vertex -9.93906 38.2366 6.6
      vertex -2.84701 10.6252 6.6
      vertex -9.91946 38.2417 6.6
    endloop
  endfacet
  facet normal -0 0 1
    outer loop
      vertex -11.2033 37.8855 6.6
      vertex -2.84701 10.6252 6.6
      vertex -9.93906 38.2366 6.6
    endloop
  endfacet
  facet normal -0 0 1
    outer loop
      vertex -11.2227 37.8797 6.6
      vertex -2.84701 10.6252 6.6
      vertex -11.2033 37.8855 6.6
    endloop
  endfacet
  facet normal 0 0 1
    outer loop
      vertex -2.84701 10.6252 6.6
      vertex -11.2227 37.8797 6.6
      vertex -3.53583 10.4162 6.6
    endloop
  endfacet
  facet normal -0 0 1
    outer loop
      vertex -20.9884 28.6298 6.6
      vertex -3.53583 10.4162 6.6
      vertex -11.2227 37.8797 6.6
    endloop
  endfacet
  facet normal 0 0 1
    outer loop
      vertex -3.53583 10.4162 6.6
      vertex -20.9884 28.6298 6.6
      vertex -4.20952 10.1627 6.6
    endloop
  endfacet
  facet normal 0 0 1
    outer loop
      vertex -4.20952 10.1627 6.6
      vertex -20.9884 28.6298 6.6
      vertex -4.86518 9.8656 6.6
    endloop
  endfacet
  facet normal 0 0 1
    outer loop
      vertex -5.5 9.52628 6.6
      vertex -20.9884 28.6298 6.6
      vertex -6.11127 9.14616 6.6
    endloop
  endfacet
  facet normal 0 0 1
    outer loop
      vertex -6.11127 9.14616 6.6
      vertex -20.9884 28.6298 6.6
      vertex -6.69637 8.72689 6.6
    endloop
  endfacet
  facet normal -0 0 1
    outer loop
      vertex -21.3686 28.3483 6.6
      vertex -6.69637 8.72689 6.6
      vertex -21.3602 28.3546 6.6
    endloop
  endfacet
  facet normal -0 0 1
    outer loop
      vertex -21.8515 27.9778 6.6
      vertex -6.69637 8.72689 6.6
      vertex -21.3686 28.3483 6.6
    endloop
  endfacet
  facet normal -0 0 1
    outer loop
      vertex -22.3364 27.5922 6.6
      vertex -6.69637 8.72689 6.6
      vertex -21.8598 27.9713 6.6
    endloop
  endfacet
  facet normal -0 0 1
    outer loop
      vertex -22.3446 27.5856 6.6
      vertex -6.69637 8.72689 6.6
      vertex -22.3364 27.5922 6.6
    endloop
  endfacet
  facet normal -0 0 1
    outer loop
      vertex -21.8598 27.9713 6.6
      vertex -6.69637 8.72689 6.6
      vertex -21.8515 27.9778 6.6
    endloop
  endfacet
  facet normal 0 0 1
    outer loop
      vertex -6.69637 8.72689 6.6
      vertex -22.3446 27.5856 6.6
      vertex -7.2528 8.27024 6.6
    endloop
  endfacet
  facet normal -0 0 1
    outer loop
      vertex -22.8152 27.1976 6.6
      vertex -7.2528 8.27024 6.6
      vertex -22.3446 27.5856 6.6
    endloop
  endfacet
  facet normal -0 0 1
    outer loop
      vertex -22.8232 27.1909 6.6
      vertex -7.2528 8.27024 6.6
      vertex -22.8152 27.1976 6.6
    endloop
  endfacet
  facet normal -0 0 1
    outer loop
      vertex -23.2859 26.7957 6.6
      vertex -7.2528 8.27024 6.6
      vertex -22.8232 27.1909 6.6
    endloop
  endfacet
  facet normal -0 0 1
    outer loop
      vertex -23.2938 26.7889 6.6
      vertex -7.2528 8.27024 6.6
      vertex -23.2859 26.7957 6.6
    endloop
  endfacet
  facet normal -0 0 1
    outer loop
      vertex -23.7502 26.3852 6.6
      vertex -7.2528 8.27024 6.6
      vertex -23.2938 26.7889 6.6
    endloop
  endfacet
  facet normal -0 0 1
    outer loop
      vertex -23.7579 26.3781 6.6
      vertex -7.2528 8.27024 6.6
      vertex -23.7502 26.3852 6.6
    endloop
  endfacet
  facet normal -0 0 1
    outer loop
      vertex -21.3602 28.3546 6.6
      vertex -6.69637 8.72689 6.6
      vertex -20.9884 28.6298 6.6
    endloop
  endfacet
  facet normal 0 0 1
    outer loop
      vertex 11 0 6.6
      vertex 35.5 0.00524902 6.6
      vertex 35.4946 0.614365 6.6
    endloop
  endfacet
  facet normal 0 0 1
    outer loop
      vertex 35.5 0.00524902 6.6
      vertex 11 0 6.6
      vertex 35.5 -0.00524902 6.6
    endloop
  endfacet
  facet normal 0 0 1
    outer loop
      vertex 11 0 6.6
      vertex 35.4946 0.614365 6.6
      vertex 35.4944 0.624817 6.6
    endloop
  endfacet
  facet normal 0 0 1
    outer loop
      vertex 35.5 -0.00524902 6.6
      vertex 11 0 6.6
      vertex 35.4946 -0.614365 6.6
    endloop
  endfacet
  facet normal 0 0 1
    outer loop
      vertex 11 0 6.6
      vertex 35.4944 0.624817 6.6
      vertex 35.4785 1.23372 6.6
    endloop
  endfacet
  facet normal 0 0 1
    outer loop
      vertex 35.4946 -0.614365 6.6
      vertex 11 0 6.6
      vertex 35.4944 -0.624817 6.6
    endloop
  endfacet
  facet normal 0 0 1
    outer loop
      vertex 11 0 6.6
      vertex 35.4785 1.23372 6.6
      vertex 35.4781 1.24419 6.6
    endloop
  endfacet
  facet normal 0 0 1
    outer loop
      vertex 35.4944 -0.624817 6.6
      vertex 11 0 6.6
      vertex 35.4785 -1.23372 6.6
    endloop
  endfacet
  facet normal 0 0 1
    outer loop
      vertex 11 0 6.6
      vertex 35.4781 1.24419 6.6
      vertex 35.4516 1.85274 6.6
    endloop
  endfacet
  facet normal 0 0 1
    outer loop
      vertex 35.4785 -1.23372 6.6
      vertex 11 0 6.6
      vertex 35.4781 -1.24419 6.6
    endloop
  endfacet
  facet normal 0 0 1
    outer loop
      vertex 11 0 6.6
      vertex 35.4516 1.85274 6.6
      vertex 35.451 1.8632 6.6
    endloop
  endfacet
  facet normal -0 0 1
    outer loop
      vertex 10.9764 -0.719434 6.6
      vertex 35.4781 -1.24419 6.6
      vertex 11 0 6.6
    endloop
  endfacet
  facet normal 0 0 1
    outer loop
      vertex 11 0 6.6
      vertex 35.451 1.8632 6.6
      vertex 35.4138 2.47119 6.6
    endloop
  endfacet
  facet normal 0 0 1
    outer loop
      vertex 35.4781 -1.24419 6.6
      vertex 10.9764 -0.719434 6.6
      vertex 35.4516 -1.85274 6.6
    endloop
  endfacet
  facet normal 0 0 1
    outer loop
      vertex 11 0 6.6
      vertex 35.4138 2.47119 6.6
      vertex 35.4131 2.48164 6.6
    endloop
  endfacet
  facet normal 0 0 1
    outer loop
      vertex 35.4516 -1.85274 6.6
      vertex 10.9764 -0.719434 6.6
      vertex 35.451 -1.8632 6.6
    endloop
  endfacet
  facet normal 0 0 1
    outer loop
      vertex 11 0 6.6
      vertex 35.4131 2.48164 6.6
      vertex 35.3898 2.77777 6.6
    endloop
  endfacet
  facet normal 0 0 1
    outer loop
      vertex 35.451 -1.8632 6.6
      vertex 10.9764 -0.719434 6.6
      vertex 35.4138 -2.47127 6.6
    endloop
  endfacet
  facet normal 0 0 1
    outer loop
      vertex 36.6863 -14.4891 6.6
      vertex 36.6864 -14.5676 6.6
      vertex 36.6877 -14.5284 6.6
    endloop
  endfacet
  facet normal 0 0 1
    outer loop
      vertex 36.6863 -14.4891 6.6
      vertex 36.6826 -14.6067 6.6
      vertex 36.6864 -14.5676 6.6
    endloop
  endfacet
  facet normal 0 0 1
    outer loop
      vertex 36.6825 -14.4501 6.6
      vertex 36.6826 -14.6067 6.6
      vertex 36.6863 -14.4891 6.6
    endloop
  endfacet
  facet normal 0 0 1
    outer loop
      vertex 36.6825 -14.4501 6.6
      vertex 36.6762 -14.6454 6.6
      vertex 36.6826 -14.6067 6.6
    endloop
  endfacet
  facet normal 0 0 1
    outer loop
      vertex 36.676 -14.4113 6.6
      vertex 36.6762 -14.6454 6.6
      vertex 36.6825 -14.4501 6.6
    endloop
  endfacet
  facet normal 0 0 1
    outer loop
      vertex 36.676 -14.4113 6.6
      vertex 36.6674 -14.6837 6.6
      vertex 36.6762 -14.6454 6.6
    endloop
  endfacet
  facet normal 0 0 1
    outer loop
      vertex 36.6671 -14.3731 6.6
      vertex 36.6674 -14.6837 6.6
      vertex 36.676 -14.4113 6.6
    endloop
  endfacet
  facet normal 0 0 1
    outer loop
      vertex 36.6671 -14.3731 6.6
      vertex 36.656 -14.7213 6.6
      vertex 36.6674 -14.6837 6.6
    endloop
  endfacet
  facet normal 0 0 1
    outer loop
      vertex 36.6557 -14.3355 6.6
      vertex 36.656 -14.7213 6.6
      vertex 36.6671 -14.3731 6.6
    endloop
  endfacet
  facet normal 0 0 1
    outer loop
      vertex 36.6557 -14.3355 6.6
      vertex 36.6429 -14.7564 6.6
      vertex 36.656 -14.7213 6.6
    endloop
  endfacet
  facet normal 0 0 1
    outer loop
      vertex 36.6418 -14.2988 6.6
      vertex 36.6429 -14.7564 6.6
      vertex 36.6557 -14.3355 6.6
    endloop
  endfacet
  facet normal 0 0 1
    outer loop
      vertex 36.6255 -14.2631 6.6
      vertex 36.6429 -14.7564 6.6
      vertex 36.6418 -14.2988 6.6
    endloop
  endfacet
  facet normal 0 0 1
    outer loop
      vertex 36.607 -14.2285 6.6
      vertex 36.6429 -14.7564 6.6
      vertex 36.6255 -14.2631 6.6
    endloop
  endfacet
  facet normal 0 0 1
    outer loop
      vertex 36.5863 -14.1951 6.6
      vertex 36.6429 -14.7564 6.6
      vertex 36.607 -14.2285 6.6
    endloop
  endfacet
  facet normal 0 0 1
    outer loop
      vertex 36.5634 -14.1632 6.6
      vertex 36.6429 -14.7564 6.6
      vertex 36.5863 -14.1951 6.6
    endloop
  endfacet
  facet normal 0 0 1
    outer loop
      vertex 36.5384 -14.1329 6.6
      vertex 36.6429 -14.7564 6.6
      vertex 36.5634 -14.1632 6.6
    endloop
  endfacet
  facet normal 0 0 1
    outer loop
      vertex 36.5116 -14.1043 6.6
      vertex 36.6429 -14.7564 6.6
      vertex 36.5384 -14.1329 6.6
    endloop
  endfacet
  facet normal 0 0 1
    outer loop
      vertex 36.4829 -14.0775 6.6
      vertex 36.6429 -14.7564 6.6
      vertex 36.5116 -14.1043 6.6
    endloop
  endfacet
  facet normal 0 0 1
    outer loop
      vertex 36.4829 -14.0775 6.6
      vertex 36.3038 -15.5839 6.6
      vertex 36.6429 -14.7564 6.6
    endloop
  endfacet
  facet normal 0 0 1
    outer loop
      vertex 36.4829 -14.0775 6.6
      vertex 36.2958 -15.6025 6.6
      vertex 36.3038 -15.5839 6.6
    endloop
  endfacet
  facet normal 0 0 1
    outer loop
      vertex 33.5747 -11.5315 6.6
      vertex 36.2958 -15.6025 6.6
      vertex 36.4829 -14.0775 6.6
    endloop
  endfacet
  facet normal 0 0 1
    outer loop
      vertex 36.2958 -15.6025 6.6
      vertex 33.5747 -11.5315 6.6
      vertex 35.7576 -16.7993 6.6
    endloop
  endfacet
  facet normal 0 0 1
    outer loop
      vertex 35.7576 -16.7993 6.6
      vertex 33.5747 -11.5315 6.6
      vertex 35.749 -16.8176 6.6
    endloop
  endfacet
  facet normal 0 0 1
    outer loop
      vertex 35.749 -16.8176 6.6
      vertex 33.5747 -11.5315 6.6
      vertex 35.1704 -17.9964 6.6
    endloop
  endfacet
  facet normal 0 0 1
    outer loop
      vertex 35.1704 -17.9964 6.6
      vertex 33.5747 -11.5315 6.6
      vertex 35.1611 -18.0144 6.6
    endloop
  endfacet
  facet normal 0 0 1
    outer loop
      vertex 35.1611 -18.0144 6.6
      vertex 33.5747 -11.5315 6.6
      vertex 34.5435 -19.1722 6.6
    endloop
  endfacet
  facet normal 0 0 1
    outer loop
      vertex 34.5435 -19.1722 6.6
      vertex 33.5747 -11.5315 6.6
      vertex 34.5337 -19.1899 6.6
    endloop
  endfacet
  facet normal 0 0 1
    outer loop
      vertex 34.5337 -19.1899 6.6
      vertex 33.5747 -11.5315 6.6
      vertex 33.8771 -20.3265 6.6
    endloop
  endfacet
  facet normal 0 0 1
    outer loop
      vertex 33.8771 -20.3265 6.6
      vertex 33.5747 -11.5315 6.6
      vertex 33.8667 -20.3439 6.6
    endloop
  endfacet
  facet normal 0 0 1
    outer loop
      vertex 33.8667 -20.3439 6.6
      vertex 33.5747 -11.5315 6.6
      vertex 33.1722 -21.4577 6.6
    endloop
  endfacet
  facet normal 0 0 1
    outer loop
      vertex 13.5806 -36.6991 6.6
      vertex 13.4901 -36.5757 6.6
      vertex 13.5545 -36.6698 6.6
    endloop
  endfacet
  facet normal 0 0 1
    outer loop
      vertex 13.5303 -36.6389 6.6
      vertex 13.4901 -36.5757 6.6
      vertex 13.5083 -36.6064 6.6
    endloop
  endfacet
  facet normal 0 0 1
    outer loop
      vertex 13.5545 -36.6698 6.6
      vertex 13.4901 -36.5757 6.6
      vertex 13.5303 -36.6389 6.6
    endloop
  endfacet
  facet normal 0 0 1
    outer loop
      vertex 13.7719 -36.8341 6.6
      vertex 13.4901 -36.5757 6.6
      vertex 13.7365 -36.817 6.6
    endloop
  endfacet
  facet normal 0 0 1
    outer loop
      vertex 14.997 -36.5501 6.6
      vertex 13.4901 -36.5757 6.6
      vertex 14.9757 -36.5588 6.6
    endloop
  endfacet
  facet normal 0 -0 1
    outer loop
      vertex 13.4901 -36.5757 6.6
      vertex 14.997 -36.5501 6.6
      vertex 11.7843 -33.4857 6.6
    endloop
  endfacet
  facet normal 0 0 1
    outer loop
      vertex 17.4081 -35.4652 6.6
      vertex 11.7843 -33.4857 6.6
      vertex 16.2203 -36.024 6.6
    endloop
  endfacet
  facet normal 0 0 1
    outer loop
      vertex 16.2203 -36.024 6.6
      vertex 11.7843 -33.4857 6.6
      vertex 16.2018 -36.0323 6.6
    endloop
  endfacet
  facet normal 0 0 1
    outer loop
      vertex 18.5947 -34.8578 6.6
      vertex 11.7843 -33.4857 6.6
      vertex 17.4262 -35.4563 6.6
    endloop
  endfacet
  facet normal 0 0 1
    outer loop
      vertex 17.4262 -35.4563 6.6
      vertex 11.7843 -33.4857 6.6
      vertex 17.4081 -35.4652 6.6
    endloop
  endfacet
  facet normal 0 0 1
    outer loop
      vertex 19.7773 -34.2007 6.6
      vertex 11.7843 -33.4857 6.6
      vertex 19.7597 -34.2108 6.6
    endloop
  endfacet
  facet normal 0 0 1
    outer loop
      vertex 23.1315 -32.0274 6.6
      vertex 11.7843 -33.4857 6.6
      vertex 23.1151 -32.0393 6.6
    endloop
  endfacet
  facet normal -0 0 1
    outer loop
      vertex 2.61925 -25.7325 6.6
      vertex 11.7843 -33.4857 6.6
      vertex 2.61925 -24.9025 6.6
    endloop
  endfacet
  facet normal 0 0 1
    outer loop
      vertex 11.7843 -33.4857 6.6
      vertex 2.61925 -25.7325 6.6
      vertex 11.5628 -33.5641 6.6
    endloop
  endfacet
  facet normal 0 0 1
    outer loop
      vertex 11.5628 -33.5641 6.6
      vertex 2.61925 -25.7325 6.6
      vertex 11.5529 -33.5675 6.6
    endloop
  endfacet
  facet normal 0 0 1
    outer loop
      vertex 11.5529 -33.5675 6.6
      vertex 2.61925 -25.7325 6.6
      vertex 10.9749 -33.7609 6.6
    endloop
  endfacet
  facet normal 0 0 1
    outer loop
      vertex 10.9749 -33.7609 6.6
      vertex 2.61925 -25.7325 6.6
      vertex 10.965 -33.7641 6.6
    endloop
  endfacet
  facet normal 0 0 1
    outer loop
      vertex 10.965 -33.7641 6.6
      vertex 2.61925 -25.7325 6.6
      vertex 10.384 -33.9473 6.6
    endloop
  endfacet
  facet normal 0 0 1
    outer loop
      vertex 10.384 -33.9473 6.6
      vertex 2.61925 -25.7325 6.6
      vertex 10.374 -33.9503 6.6
    endloop
  endfacet
  facet normal 0 0 1
    outer loop
      vertex 10.374 -33.9503 6.6
      vertex 2.61925 -25.7325 6.6
      vertex 9.79053 -34.1232 6.6
    endloop
  endfacet
  facet normal 0 0 1
    outer loop
      vertex 9.79053 -34.1232 6.6
      vertex 2.61925 -25.7325 6.6
      vertex 9.78044 -34.1261 6.6
    endloop
  endfacet
  facet normal 0 0 1
    outer loop
      vertex 9.19279 -34.289 6.6
      vertex 2.61925 -25.7325 6.6
      vertex 9.18269 -34.2917 6.6
    endloop
  endfacet
  facet normal 0 0 1
    outer loop
      vertex 9.18269 -34.2917 6.6
      vertex 2.61925 -25.7325 6.6
      vertex 8.59305 -34.4442 6.6
    endloop
  endfacet
  facet normal 0 0 1
    outer loop
      vertex 8.59305 -34.4442 6.6
      vertex 2.61925 -25.7325 6.6
      vertex 8.58289 -34.4468 6.6
    endloop
  endfacet
  facet normal 0 0 1
    outer loop
      vertex 8.58289 -34.4468 6.6
      vertex 2.61925 -25.7325 6.6
      vertex 7.99132 -34.5888 6.6
    endloop
  endfacet
  facet normal 0 0 1
    outer loop
      vertex 7.99132 -34.5888 6.6
      vertex 2.61925 -25.7325 6.6
      vertex 7.98109 -34.5912 6.6
    endloop
  endfacet
  facet normal 0 0 1
    outer loop
      vertex 9.78044 -34.1261 6.6
      vertex 2.61925 -25.7325 6.6
      vertex 9.19279 -34.289 6.6
    endloop
  endfacet
  facet normal 0 0 1
    outer loop
      vertex 7.98109 -34.5912 6.6
      vertex 2.61925 -25.7325 6.6
      vertex 7.38562 -34.7232 6.6
    endloop
  endfacet
  facet normal 0 0 1
    outer loop
      vertex 7.38562 -34.7232 6.6
      vertex 2.61925 -25.7325 6.6
      vertex 7.3754 -34.7253 6.6
    endloop
  endfacet
  facet normal 0 0 1
    outer loop
      vertex 24.1831 -31.2411 6.6
      vertex 11.7843 -33.4857 6.6
      vertex 23.1315 -32.0274 6.6
    endloop
  endfacet
  facet normal 0 0 1
    outer loop
      vertex 7.3754 -34.7253 6.6
      vertex 2.61925 -25.7325 6.6
      vertex 6.77869 -34.8468 6.6
    endloop
  endfacet
  facet normal 0 0 1
    outer loop
      vertex 6.77869 -34.8468 6.6
      vertex 2.61925 -25.7325 6.6
      vertex 6.76839 -34.8488 6.6
    endloop
  endfacet
  facet normal 0 0 1
    outer loop
      vertex 2.61925 -24.9025 6.6
      vertex 6.69637 -8.72689 6.6
      vertex 6.11127 -9.14616 6.6
    endloop
  endfacet
  facet normal 0 0 1
    outer loop
      vertex 6.76839 -34.8488 6.6
      vertex 2.61925 -25.7325 6.6
      vertex 6.16963 -34.9597 6.6
    endloop
  endfacet
  facet normal 0 0 1
    outer loop
      vertex 6.16963 -34.9597 6.6
      vertex 2.61925 -25.7325 6.6
      vertex 6.15933 -34.9615 6.6
    endloop
  endfacet
  facet normal 0 0 1
    outer loop
      vertex 0.75853 -18.0887 6.6
      vertex 6.11127 -9.14616 6.6
      vertex 5.5 -9.52628 6.6
    endloop
  endfacet
  facet normal 0 0 1
    outer loop
      vertex 6.15933 -34.9615 6.6
      vertex 2.61925 -25.7325 6.6
      vertex 5.55911 -35.062 6.6
    endloop
  endfacet
  facet normal 0 0 1
    outer loop
      vertex 5.55911 -35.062 6.6
      vertex 2.61925 -25.7325 6.6
      vertex 5.54877 -35.0636 6.6
    endloop
  endfacet
  facet normal 0 0 1
    outer loop
      vertex 0.75853 -18.0887 6.6
      vertex 5.5 -9.52628 6.6
      vertex 4.86518 -9.8656 6.6
    endloop
  endfacet
  facet normal 0 0 1
    outer loop
      vertex 5.54877 -35.0636 6.6
      vertex 2.61925 -25.7325 6.6
      vertex 4.94534 -35.1538 6.6
    endloop
  endfacet
  facet normal 0 0 1
    outer loop
      vertex 4.94534 -35.1538 6.6
      vertex 2.61925 -25.7325 6.6
      vertex 4.93498 -35.1553 6.6
    endloop
  endfacet
  facet normal 0 0 1
    outer loop
      vertex 0.75853 -18.0887 6.6
      vertex 4.86518 -9.8656 6.6
      vertex 4.20952 -10.1627 6.6
    endloop
  endfacet
  facet normal 0 0 1
    outer loop
      vertex 4.93498 -35.1553 6.6
      vertex 2.61925 -25.7325 6.6
      vertex 4.33199 -35.2346 6.6
    endloop
  endfacet
  facet normal 0 0 1
    outer loop
      vertex 4.33199 -35.2346 6.6
      vertex 2.61925 -25.7325 6.6
      vertex 4.32158 -35.2359 6.6
    endloop
  endfacet
  facet normal 0 0 1
    outer loop
      vertex 0.75853 -18.0887 6.6
      vertex 4.20952 -10.1627 6.6
      vertex 3.53583 -10.4162 6.6
    endloop
  endfacet
  facet normal 0 0 1
    outer loop
      vertex 4.32158 -35.2359 6.6
      vertex 2.61925 -25.7325 6.6
      vertex 3.71605 -35.3049 6.6
    endloop
  endfacet
  facet normal 0 0 1
    outer loop
      vertex 3.71605 -35.3049 6.6
      vertex 2.61925 -25.7325 6.6
      vertex 3.70563 -35.306 6.6
    endloop
  endfacet
  facet normal 0 0 1
    outer loop
      vertex 0.75853 -18.0887 6.6
      vertex 3.53583 -10.4162 6.6
      vertex 2.84701 -10.6252 6.6
    endloop
  endfacet
  facet normal 0 0 1
    outer loop
      vertex 3.70563 -35.306 6.6
      vertex 2.61925 -25.7325 6.6
      vertex 3.09859 -35.3645 6.6
    endloop
  endfacet
  facet normal 0 0 1
    outer loop
      vertex 3.09859 -35.3645 6.6
      vertex 2.61925 -25.7325 6.6
      vertex 3.08817 -35.3654 6.6
    endloop
  endfacet
  facet normal 0 0 1
    outer loop
      vertex 2.61925 -25.7325 6.6
      vertex 2.4817 -35.4131 6.6
      vertex 3.08817 -35.3654 6.6
    endloop
  endfacet
  facet normal 0 0 1
    outer loop
      vertex 2.61925 -25.7325 6.6
      vertex 2.47127 -35.4138 6.6
      vertex 2.4817 -35.4131 6.6
    endloop
  endfacet
  facet normal 0 0 1
    outer loop
      vertex 2.61925 -25.7325 6.6
      vertex 1.8632 -35.451 6.6
      vertex 2.47127 -35.4138 6.6
    endloop
  endfacet
  facet normal 0 0 1
    outer loop
      vertex 2.61925 -25.7325 6.6
      vertex 1.85274 -35.4516 6.6
      vertex 1.8632 -35.451 6.6
    endloop
  endfacet
  facet normal 0 0 1
    outer loop
      vertex 2.61925 -25.7325 6.6
      vertex 1.24419 -35.4781 6.6
      vertex 1.85274 -35.4516 6.6
    endloop
  endfacet
  facet normal 0 0 1
    outer loop
      vertex 2.61925 -25.7325 6.6
      vertex 1.23372 -35.4785 6.6
      vertex 1.24419 -35.4781 6.6
    endloop
  endfacet
  facet normal 0 0 1
    outer loop
      vertex 2.61925 -25.7325 6.6
      vertex 0.624802 -35.4944 6.6
      vertex 1.23372 -35.4785 6.6
    endloop
  endfacet
  facet normal 0 0 1
    outer loop
      vertex 2.61925 -25.7325 6.6
      vertex 0.614334 -35.4946 6.6
      vertex 0.624802 -35.4944 6.6
    endloop
  endfacet
  facet normal 0 0 1
    outer loop
      vertex 2.61925 -25.7325 6.6
      vertex 0.523422 -35.4954 6.6
      vertex 0.614334 -35.4946 6.6
    endloop
  endfacet
  facet normal -0 0 1
    outer loop
      vertex -2.17097 -25.7325 6.6
      vertex 0.523422 -35.4954 6.6
      vertex 2.61925 -25.7325 6.6
    endloop
  endfacet
  facet normal 0 0 1
    outer loop
      vertex -6.47562 -38.9729 6.6
      vertex 0.523422 -35.4954 6.6
      vertex -2.17097 -25.7325 6.6
    endloop
  endfacet
  facet normal 0 -0 1
    outer loop
      vertex -2.41493 -39.4334 6.6
      vertex 0.523422 -35.4954 6.6
      vertex -3.75343 -39.3286 6.6
    endloop
  endfacet
  facet normal 0 0 1
    outer loop
      vertex 0.523422 -35.4954 6.6
      vertex -2.41493 -39.4334 6.6
      vertex -0.887009 -39.0944 6.6
    endloop
  endfacet
  facet normal 0 -0 1
    outer loop
      vertex -2.39427 -39.4346 6.6
      vertex -0.887009 -39.0944 6.6
      vertex -2.41493 -39.4334 6.6
    endloop
  endfacet
  facet normal 0 -0 1
    outer loop
      vertex -1.47183 -39.4749 6.6
      vertex -0.887009 -39.0944 6.6
      vertex -2.39427 -39.4346 6.6
    endloop
  endfacet
  facet normal 0 0 1
    outer loop
      vertex -0.887009 -39.0944 6.6
      vertex -1.47183 -39.4749 6.6
      vertex -0.902527 -39.1305 6.6
    endloop
  endfacet
  facet normal 0 0 1
    outer loop
      vertex -0.920364 -39.1655 6.6
      vertex -1.47183 -39.4749 6.6
      vertex -0.94046 -39.1992 6.6
    endloop
  endfacet
  facet normal 0 0 1
    outer loop
      vertex -0.94046 -39.1992 6.6
      vertex -1.47183 -39.4749 6.6
      vertex -0.962708 -39.2316 6.6
    endloop
  endfacet
  facet normal 0 0 1
    outer loop
      vertex -0.962708 -39.2316 6.6
      vertex -1.47183 -39.4749 6.6
      vertex -0.98703 -39.2624 6.6
    endloop
  endfacet
  facet normal 0 0 1
    outer loop
      vertex -0.98703 -39.2624 6.6
      vertex -1.47183 -39.4749 6.6
      vertex -1.01332 -39.2916 6.6
    endloop
  endfacet
  facet normal 0 0 1
    outer loop
      vertex -1.01332 -39.2916 6.6
      vertex -1.47183 -39.4749 6.6
      vertex -1.04146 -39.3189 6.6
    endloop
  endfacet
  facet normal 0 0 1
    outer loop
      vertex -1.07132 -39.3444 6.6
      vertex -1.47183 -39.4749 6.6
      vertex -1.10278 -39.3679 6.6
    endloop
  endfacet
  facet normal 0 0 1
    outer loop
      vertex -1.10278 -39.3679 6.6
      vertex -1.47183 -39.4749 6.6
      vertex -1.13573 -39.3893 6.6
    endloop
  endfacet
  facet normal 0 0 1
    outer loop
      vertex -1.13573 -39.3893 6.6
      vertex -1.47183 -39.4749 6.6
      vertex -1.17 -39.4084 6.6
    endloop
  endfacet
  facet normal 0 0 1
    outer loop
      vertex -1.17 -39.4084 6.6
      vertex -1.47183 -39.4749 6.6
      vertex -1.20544 -39.4253 6.6
    endloop
  endfacet
  facet normal 0 0 1
    outer loop
      vertex -1.20544 -39.4253 6.6
      vertex -1.47183 -39.4749 6.6
      vertex -1.24191 -39.4399 6.6
    endloop
  endfacet
  facet normal 0 0 1
    outer loop
      vertex -1.24191 -39.4399 6.6
      vertex -1.47183 -39.4749 6.6
      vertex -1.27925 -39.452 6.6
    endloop
  endfacet
  facet normal 0 0 1
    outer loop
      vertex -1.27925 -39.452 6.6
      vertex -1.47183 -39.4749 6.6
      vertex -1.31732 -39.4616 6.6
    endloop
  endfacet
  facet normal 0 0 1
    outer loop
      vertex -1.35593 -39.4688 6.6
      vertex -1.47183 -39.4749 6.6
      vertex -1.39491 -39.4734 6.6
    endloop
  endfacet
  facet normal 0 0 1
    outer loop
      vertex -1.39491 -39.4734 6.6
      vertex -1.47183 -39.4749 6.6
      vertex -1.43413 -39.4754 6.6
    endloop
  endfacet
  facet normal 0 0 1
    outer loop
      vertex -1.31732 -39.4616 6.6
      vertex -1.47183 -39.4749 6.6
      vertex -1.35593 -39.4688 6.6
    endloop
  endfacet
  facet normal -0 0 1
    outer loop
      vertex -26.7889 23.2938 6.6
      vertex -8.27024 7.2528 6.6
      vertex -26.3852 23.7502 6.6
    endloop
  endfacet
  facet normal 0 0 1
    outer loop
      vertex -11 0 6.6
      vertex -24.2075 -25.9662 6.6
      vertex -23.7594 -26.3768 6.6
    endloop
  endfacet
  facet normal -0 0 1
    outer loop
      vertex -26.7957 23.2859 6.6
      vertex -8.27024 7.2528 6.6
      vertex -26.7889 23.2938 6.6
    endloop
  endfacet
  facet normal 0 0 1
    outer loop
      vertex -11 0 6.6
      vertex -24.2151 -25.9591 6.6
      vertex -24.2075 -25.9662 6.6
    endloop
  endfacet
  facet normal -0 0 1
    outer loop
      vertex -27.1909 22.8232 6.6
      vertex -8.27024 7.2528 6.6
      vertex -26.7957 23.2859 6.6
    endloop
  endfacet
  facet normal 0 0 1
    outer loop
      vertex -11 0 6.6
      vertex -24.6565 -25.5402 6.6
      vertex -24.2151 -25.9591 6.6
    endloop
  endfacet
  facet normal -0 0 1
    outer loop
      vertex -27.1976 22.8152 6.6
      vertex -8.27024 7.2528 6.6
      vertex -27.1909 22.8232 6.6
    endloop
  endfacet
  facet normal 0 0 1
    outer loop
      vertex -11 0 6.6
      vertex -24.6641 -25.5329 6.6
      vertex -24.6565 -25.5402 6.6
    endloop
  endfacet
  facet normal 0 0 1
    outer loop
      vertex -8.27024 7.2528 6.6
      vertex -27.1976 22.8152 6.6
      vertex -8.72689 6.69637 6.6
    endloop
  endfacet
  facet normal 0 0 1
    outer loop
      vertex -11 0 6.6
      vertex -25.0986 -25.1059 6.6
      vertex -24.6641 -25.5329 6.6
    endloop
  endfacet
  facet normal -0 0 1
    outer loop
      vertex -27.5856 22.3446 6.6
      vertex -8.72689 6.69637 6.6
      vertex -27.1976 22.8152 6.6
    endloop
  endfacet
  facet normal 0 0 1
    outer loop
      vertex -11 0 6.6
      vertex -25.1059 -25.0986 6.6
      vertex -25.0986 -25.1059 6.6
    endloop
  endfacet
  facet normal -0 0 1
    outer loop
      vertex -27.5922 22.3364 6.6
      vertex -8.72689 6.69637 6.6
      vertex -27.5856 22.3446 6.6
    endloop
  endfacet
  facet normal 0 0 1
    outer loop
      vertex -11 0 6.6
      vertex -25.5329 -24.6641 6.6
      vertex -25.1059 -25.0986 6.6
    endloop
  endfacet
  facet normal -0 0 1
    outer loop
      vertex -27.9713 21.8598 6.6
      vertex -8.72689 6.69637 6.6
      vertex -27.5922 22.3364 6.6
    endloop
  endfacet
  facet normal 0 0 1
    outer loop
      vertex -11 0 6.6
      vertex -25.5402 -24.6565 6.6
      vertex -25.5329 -24.6641 6.6
    endloop
  endfacet
  facet normal -0 0 1
    outer loop
      vertex -27.9778 21.8515 6.6
      vertex -8.72689 6.69637 6.6
      vertex -27.9713 21.8598 6.6
    endloop
  endfacet
  facet normal 0 0 1
    outer loop
      vertex -11 0 6.6
      vertex -25.9591 -24.2151 6.6
      vertex -25.5402 -24.6565 6.6
    endloop
  endfacet
  facet normal -0 0 1
    outer loop
      vertex -28.3483 21.3686 6.6
      vertex -8.72689 6.69637 6.6
      vertex -27.9778 21.8515 6.6
    endloop
  endfacet
  facet normal 0 0 1
    outer loop
      vertex -11 0 6.6
      vertex -25.9662 -24.2075 6.6
      vertex -25.9591 -24.2151 6.6
    endloop
  endfacet
  facet normal -0 0 1
    outer loop
      vertex -28.3546 21.3603 6.6
      vertex -8.72689 6.69637 6.6
      vertex -28.3483 21.3686 6.6
    endloop
  endfacet
  facet normal 0 0 1
    outer loop
      vertex -11 0 6.6
      vertex -26.3781 -23.7579 6.6
      vertex -25.9662 -24.2075 6.6
    endloop
  endfacet
  facet normal -0 0 1
    outer loop
      vertex -28.7168 20.8709 6.6
      vertex -8.72689 6.69637 6.6
      vertex -28.3546 21.3603 6.6
    endloop
  endfacet
  facet normal 0 0 1
    outer loop
      vertex -11 0 6.6
      vertex -26.3852 -23.7502 6.6
      vertex -26.3781 -23.7579 6.6
    endloop
  endfacet
  facet normal -0 0 1
    outer loop
      vertex -28.7229 20.8624 6.6
      vertex -8.72689 6.69637 6.6
      vertex -28.7168 20.8709 6.6
    endloop
  endfacet
  facet normal 0 0 1
    outer loop
      vertex -11 0 6.6
      vertex -26.7889 -23.2938 6.6
      vertex -26.3852 -23.7502 6.6
    endloop
  endfacet
  facet normal 0 0 1
    outer loop
      vertex -8.72689 6.69637 6.6
      vertex -28.7229 20.8624 6.6
      vertex -9.14616 6.11127 6.6
    endloop
  endfacet
  facet normal 0 0 1
    outer loop
      vertex -11 0 6.6
      vertex -26.7957 -23.2859 6.6
      vertex -26.7889 -23.2938 6.6
    endloop
  endfacet
  facet normal -0 0 1
    outer loop
      vertex -29.077 20.3661 6.6
      vertex -9.14616 6.11127 6.6
      vertex -28.7229 20.8624 6.6
    endloop
  endfacet
  facet normal 0 0 1
    outer loop
      vertex -11 0 6.6
      vertex -27.1909 -22.8232 6.6
      vertex -26.7957 -23.2859 6.6
    endloop
  endfacet
  facet normal -0 0 1
    outer loop
      vertex -29.0829 20.3575 6.6
      vertex -9.14616 6.11127 6.6
      vertex -29.077 20.3661 6.6
    endloop
  endfacet
  facet normal 0 0 1
    outer loop
      vertex -11 0 6.6
      vertex -27.1976 -22.8152 6.6
      vertex -27.1909 -22.8232 6.6
    endloop
  endfacet
  facet normal -0 0 1
    outer loop
      vertex -29.4278 19.8558 6.6
      vertex -9.14616 6.11127 6.6
      vertex -29.0829 20.3575 6.6
    endloop
  endfacet
  facet normal 0 0 1
    outer loop
      vertex -11 0 6.6
      vertex -27.5856 -22.3446 6.6
      vertex -27.1976 -22.8152 6.6
    endloop
  endfacet
  facet normal -0 0 1
    outer loop
      vertex -29.4336 19.8471 6.6
      vertex -9.14616 6.11127 6.6
      vertex -29.4278 19.8558 6.6
    endloop
  endfacet
  facet normal 0 0 1
    outer loop
      vertex -11 0 6.6
      vertex -27.5922 -22.3364 6.6
      vertex -27.5856 -22.3446 6.6
    endloop
  endfacet
  facet normal -0 0 1
    outer loop
      vertex -29.7701 19.3388 6.6
      vertex -9.14616 6.11127 6.6
      vertex -29.4336 19.8471 6.6
    endloop
  endfacet
  facet normal 0 0 1
    outer loop
      vertex -11 0 6.6
      vertex -27.9713 -21.8598 6.6
      vertex -27.5922 -22.3364 6.6
    endloop
  endfacet
  facet normal -0 0 1
    outer loop
      vertex -29.7758 19.33 6.6
      vertex -9.14616 6.11127 6.6
      vertex -29.7701 19.3388 6.6
    endloop
  endfacet
  facet normal 0 0 1
    outer loop
      vertex -11 0 6.6
      vertex -27.9778 -21.8515 6.6
      vertex -27.9713 -21.8598 6.6
    endloop
  endfacet
  facet normal -0 0 1
    outer loop
      vertex -30.103 18.8164 6.6
      vertex -9.14616 6.11127 6.6
      vertex -29.7758 19.33 6.6
    endloop
  endfacet
  facet normal 0 0 1
    outer loop
      vertex -11 0 6.6
      vertex -28.3483 -21.3686 6.6
      vertex -27.9778 -21.8515 6.6
    endloop
  endfacet
  facet normal 0 0 1
    outer loop
      vertex -9.14616 6.11127 6.6
      vertex -30.103 18.8164 6.6
      vertex -9.52628 5.5 6.6
    endloop
  endfacet
  facet normal 0 0 1
    outer loop
      vertex -11 0 6.6
      vertex -28.3546 -21.3603 6.6
      vertex -28.3483 -21.3686 6.6
    endloop
  endfacet
  facet normal -0 0 1
    outer loop
      vertex -30.1086 18.8075 6.6
      vertex -9.52628 5.5 6.6
      vertex -30.103 18.8164 6.6
    endloop
  endfacet
  facet normal 0 0 1
    outer loop
      vertex -11 0 6.6
      vertex -28.7168 -20.8709 6.6
      vertex -28.3546 -21.3603 6.6
    endloop
  endfacet
  facet normal -0 0 1
    outer loop
      vertex -30.4266 18.2885 6.6
      vertex -9.52628 5.5 6.6
      vertex -30.1086 18.8075 6.6
    endloop
  endfacet
  facet normal 0 0 1
    outer loop
      vertex -11 0 6.6
      vertex -28.7229 -20.8624 6.6
      vertex -28.7168 -20.8709 6.6
    endloop
  endfacet
  facet normal -0 0 1
    outer loop
      vertex -30.432 18.2795 6.6
      vertex -9.52628 5.5 6.6
      vertex -30.4266 18.2885 6.6
    endloop
  endfacet
  facet normal 0 0 1
    outer loop
      vertex -11 0 6.6
      vertex -29.077 -20.3661 6.6
      vertex -28.7229 -20.8624 6.6
    endloop
  endfacet
  facet normal -0 0 1
    outer loop
      vertex -30.5829 18.0233 6.6
      vertex -9.52628 5.5 6.6
      vertex -30.432 18.2795 6.6
    endloop
  endfacet
  facet normal 0 0 1
    outer loop
      vertex -11 0 6.6
      vertex -29.0829 -20.3575 6.6
      vertex -29.077 -20.3661 6.6
    endloop
  endfacet
  facet normal 0 0 1
    outer loop
      vertex -9.52628 5.5 6.6
      vertex -30.5829 18.0233 6.6
      vertex -9.8656 4.86518 6.6
    endloop
  endfacet
  facet normal 0 0 1
    outer loop
      vertex -11 0 6.6
      vertex -29.4278 -19.8558 6.6
      vertex -29.0829 -20.3575 6.6
    endloop
  endfacet
  facet normal 0 0 1
    outer loop
      vertex -9.8656 4.86518 6.6
      vertex -30.5829 18.0233 6.6
      vertex -10.1627 4.20952 6.6
    endloop
  endfacet
  facet normal 0 0 1
    outer loop
      vertex -11 0 6.6
      vertex -29.4336 -19.8471 6.6
      vertex -29.4278 -19.8558 6.6
    endloop
  endfacet
  facet normal 0 0 1
    outer loop
      vertex -10.1627 4.20952 6.6
      vertex -30.5829 18.0233 6.6
      vertex -10.4162 3.53583 6.6
    endloop
  endfacet
  facet normal 0 0 1
    outer loop
      vertex -11 0 6.6
      vertex -29.7701 -19.3388 6.6
      vertex -29.4336 -19.8471 6.6
    endloop
  endfacet
  facet normal 0 0 1
    outer loop
      vertex -10.4162 3.53583 6.6
      vertex -30.5829 18.0233 6.6
      vertex -10.6252 2.84701 6.6
    endloop
  endfacet
  facet normal 0 0 1
    outer loop
      vertex -11 0 6.6
      vertex -29.7758 -19.33 6.6
      vertex -29.7701 -19.3388 6.6
    endloop
  endfacet
  facet normal 0 0 1
    outer loop
      vertex -10.6252 2.84701 6.6
      vertex -30.5829 18.0233 6.6
      vertex -10.7886 2.14599 6.6
    endloop
  endfacet
  facet normal 0 0 1
    outer loop
      vertex -11 0 6.6
      vertex -30.103 -18.8164 6.6
      vertex -29.7758 -19.33 6.6
    endloop
  endfacet
  facet normal -0 0 1
    outer loop
      vertex -38.8781 7.02249 6.6
      vertex -10.7886 2.14599 6.6
      vertex -30.5829 18.0233 6.6
    endloop
  endfacet
  facet normal 0 0 1
    outer loop
      vertex -11 0 6.6
      vertex -30.1086 -18.8075 6.6
      vertex -30.103 -18.8164 6.6
    endloop
  endfacet
  facet normal -0 0 1
    outer loop
      vertex -38.8817 7.00259 6.6
      vertex -10.7886 2.14599 6.6
      vertex -38.8781 7.02249 6.6
    endloop
  endfacet
  facet normal 0 0 1
    outer loop
      vertex -11 0 6.6
      vertex -30.4266 -18.2885 6.6
      vertex -30.1086 -18.8075 6.6
    endloop
  endfacet
  facet normal 0 0 1
    outer loop
      vertex -10.7886 2.14599 6.6
      vertex -38.8817 7.00259 6.6
      vertex -10.9059 1.43579 6.6
    endloop
  endfacet
  facet normal 0 0 1
    outer loop
      vertex -11 0 6.6
      vertex -30.432 -18.2795 6.6
      vertex -30.4266 -18.2885 6.6
    endloop
  endfacet
  facet normal -0 0 1
    outer loop
      vertex -39.0927 5.70863 6.6
      vertex -10.9059 1.43579 6.6
      vertex -38.8817 7.00259 6.6
    endloop
  endfacet
  facet normal 0 0 1
    outer loop
      vertex -11 0 6.6
      vertex -30.7411 -17.7548 6.6
      vertex -30.432 -18.2795 6.6
    endloop
  endfacet
  facet normal 0 0 1
    outer loop
      vertex -11 0 6.6
      vertex -30.7463 -17.7457 6.6
      vertex -30.7411 -17.7548 6.6
    endloop
  endfacet
  facet normal 0 0 1
    outer loop
      vertex -11 0 6.6
      vertex -31.0465 -17.2152 6.6
      vertex -30.7463 -17.7457 6.6
    endloop
  endfacet
  facet normal 0 0 1
    outer loop
      vertex -11 0 6.6
      vertex -31.0515 -17.206 6.6
      vertex -31.0465 -17.2152 6.6
    endloop
  endfacet
  facet normal 0 0 1
    outer loop
      vertex -11 0 6.6
      vertex -31.3422 -16.6707 6.6
      vertex -31.0515 -17.206 6.6
    endloop
  endfacet
  facet normal 0 0 1
    outer loop
      vertex -11 0 6.6
      vertex -31.3471 -16.6615 6.6
      vertex -31.3422 -16.6707 6.6
    endloop
  endfacet
  facet normal 0 0 1
    outer loop
      vertex -11 0 6.6
      vertex -31.6284 -16.1211 6.6
      vertex -31.3471 -16.6615 6.6
    endloop
  endfacet
  facet normal 0 0 1
    outer loop
      vertex -11 0 6.6
      vertex -31.6332 -16.1118 6.6
      vertex -31.6284 -16.1211 6.6
    endloop
  endfacet
  facet normal 0 0 1
    outer loop
      vertex -11 0 6.6
      vertex -31.9046 -15.5672 6.6
      vertex -31.6332 -16.1118 6.6
    endloop
  endfacet
  facet normal 0 0 1
    outer loop
      vertex -11 0 6.6
      vertex -31.9092 -15.5578 6.6
      vertex -31.9046 -15.5672 6.6
    endloop
  endfacet
  facet normal 0 0 1
    outer loop
      vertex -11 0 6.6
      vertex -32.1717 -15.0076 6.6
      vertex -31.9092 -15.5578 6.6
    endloop
  endfacet
  facet normal 0 0 1
    outer loop
      vertex -11 0 6.6
      vertex -32.1761 -14.9982 6.6
      vertex -32.1717 -15.0076 6.6
    endloop
  endfacet
  facet normal 0 0 1
    outer loop
      vertex -11 0 6.6
      vertex -32.4289 -14.4435 6.6
      vertex -32.1761 -14.9982 6.6
    endloop
  endfacet
  facet normal 0 0 1
    outer loop
      vertex -11 0 6.6
      vertex -32.4332 -14.4339 6.6
      vertex -32.4289 -14.4435 6.6
    endloop
  endfacet
  facet normal 0 0 1
    outer loop
      vertex -11 0 6.6
      vertex -32.6758 -13.8759 6.6
      vertex -32.4332 -14.4339 6.6
    endloop
  endfacet
  facet normal 0 0 1
    outer loop
      vertex -11 0 6.6
      vertex -32.6799 -13.8662 6.6
      vertex -32.6758 -13.8759 6.6
    endloop
  endfacet
  facet normal 0 0 1
    outer loop
      vertex -11 0 6.6
      vertex -32.913 -13.3034 6.6
      vertex -32.6799 -13.8662 6.6
    endloop
  endfacet
  facet normal 0 0 1
    outer loop
      vertex -11 0 6.6
      vertex -32.9169 -13.2937 6.6
      vertex -32.913 -13.3034 6.6
    endloop
  endfacet
  facet normal 0 0 1
    outer loop
      vertex -11 0 6.6
      vertex -33.14 -12.7274 6.6
      vertex -32.9169 -13.2937 6.6
    endloop
  endfacet
  facet normal 0 0 1
    outer loop
      vertex -11 0 6.6
      vertex -33.1438 -12.7176 6.6
      vertex -33.14 -12.7274 6.6
    endloop
  endfacet
  facet normal 0 0 1
    outer loop
      vertex -11 0 6.6
      vertex -33.3574 -12.1463 6.6
      vertex -33.1438 -12.7176 6.6
    endloop
  endfacet
  facet normal 0 0 1
    outer loop
      vertex -11 0 6.6
      vertex -33.3609 -12.1365 6.6
      vertex -33.3574 -12.1463 6.6
    endloop
  endfacet
  facet normal 0 0 1
    outer loop
      vertex -11 0 6.6
      vertex -33.564 -11.563 6.6
      vertex -33.3609 -12.1365 6.6
    endloop
  endfacet
  facet normal 0 0 1
    outer loop
      vertex -11 0 6.6
      vertex -33.5674 -11.5531 6.6
      vertex -33.564 -11.563 6.6
    endloop
  endfacet
  facet normal 0 0 1
    outer loop
      vertex -11 0 6.6
      vertex -33.7609 -10.9749 6.6
      vertex -33.5674 -11.5531 6.6
    endloop
  endfacet
  facet normal 0 0 1
    outer loop
      vertex -11 0 6.6
      vertex -33.7641 -10.965 6.6
      vertex -33.7609 -10.9749 6.6
    endloop
  endfacet
  facet normal -0 0 1
    outer loop
      vertex -35.014 18.2988 6.6
      vertex -30.5829 18.0233 6.6
      vertex -33.8781 19.2882 6.6
    endloop
  endfacet
  facet normal 0 0 1
    outer loop
      vertex -11 0 6.6
      vertex -33.9032 -10.524 6.6
      vertex -33.7641 -10.965 6.6
    endloop
  endfacet
  facet normal 0 0 1
    outer loop
      vertex -34.6187 19.0175 6.6
      vertex -33.8781 19.2882 6.6
      vertex -33.9118 19.3 6.6
    endloop
  endfacet
  facet normal 0 0 1
    outer loop
      vertex -34.6187 19.0175 6.6
      vertex -33.9118 19.3 6.6
      vertex -33.9496 19.3107 6.6
    endloop
  endfacet
  facet normal 0 0 1
    outer loop
      vertex -34.6187 19.0175 6.6
      vertex -33.9496 19.3107 6.6
      vertex -33.988 19.3188 6.6
    endloop
  endfacet
  facet normal 0 0 1
    outer loop
      vertex -34.6187 19.0175 6.6
      vertex -33.988 19.3188 6.6
      vertex -34.0268 19.3244 6.6
    endloop
  endfacet
  facet normal 0 0 1
    outer loop
      vertex -34.6187 19.0175 6.6
      vertex -34.0268 19.3244 6.6
      vertex -34.066 19.3275 6.6
    endloop
  endfacet
  facet normal 0 0 1
    outer loop
      vertex -34.6187 19.0175 6.6
      vertex -34.066 19.3275 6.6
      vertex -34.1052 19.328 6.6
    endloop
  endfacet
  facet normal 0 0 1
    outer loop
      vertex -34.6187 19.0175 6.6
      vertex -34.1052 19.328 6.6
      vertex -34.1445 19.3259 6.6
    endloop
  endfacet
  facet normal 0 0 1
    outer loop
      vertex -34.6187 19.0175 6.6
      vertex -34.1445 19.3259 6.6
      vertex -34.1834 19.3212 6.6
    endloop
  endfacet
  facet normal 0 0 1
    outer loop
      vertex -34.6187 19.0175 6.6
      vertex -34.1834 19.3212 6.6
      vertex -34.222 19.3141 6.6
    endloop
  endfacet
  facet normal 0 0 1
    outer loop
      vertex -34.6187 19.0175 6.6
      vertex -34.222 19.3141 6.6
      vertex -34.2601 19.3044 6.6
    endloop
  endfacet
  facet normal 0 0 1
    outer loop
      vertex -34.6187 19.0175 6.6
      vertex -34.2601 19.3044 6.6
      vertex -34.2974 19.2922 6.6
    endloop
  endfacet
  facet normal 0 0 1
    outer loop
      vertex -34.6187 19.0175 6.6
      vertex -34.2974 19.2922 6.6
      vertex -34.3339 19.2776 6.6
    endloop
  endfacet
  facet normal 0 0 1
    outer loop
      vertex -34.6187 19.0175 6.6
      vertex -34.3339 19.2776 6.6
      vertex -34.3693 19.2607 6.6
    endloop
  endfacet
  facet normal 0 0 1
    outer loop
      vertex -34.6187 19.0175 6.6
      vertex -34.3693 19.2607 6.6
      vertex -34.4035 19.2415 6.6
    endloop
  endfacet
  facet normal 0 0 1
    outer loop
      vertex -34.6187 19.0175 6.6
      vertex -34.4035 19.2415 6.6
      vertex -34.4365 19.2201 6.6
    endloop
  endfacet
  facet normal 0 0 1
    outer loop
      vertex -34.6187 19.0175 6.6
      vertex -34.4365 19.2201 6.6
      vertex -34.4679 19.1966 6.6
    endloop
  endfacet
  facet normal 0 0 1
    outer loop
      vertex -34.6187 19.0175 6.6
      vertex -34.4679 19.1966 6.6
      vertex -34.4978 19.1711 6.6
    endloop
  endfacet
  facet normal 0 0 1
    outer loop
      vertex -34.6187 19.0175 6.6
      vertex -34.4978 19.1711 6.6
      vertex -34.5259 19.1437 6.6
    endloop
  endfacet
  facet normal 0 0 1
    outer loop
      vertex -34.6187 19.0175 6.6
      vertex -34.5259 19.1437 6.6
      vertex -34.5521 19.1145 6.6
    endloop
  endfacet
  facet normal 0 0 1
    outer loop
      vertex -34.6187 19.0175 6.6
      vertex -34.5521 19.1145 6.6
      vertex -34.5764 19.0836 6.6
    endloop
  endfacet
  facet normal 0 0 1
    outer loop
      vertex -34.6187 19.0175 6.6
      vertex -34.5764 19.0836 6.6
      vertex -34.5986 19.0513 6.6
    endloop
  endfacet
  facet normal 0 0 1
    outer loop
      vertex -33.8781 19.2882 6.6
      vertex -34.6187 19.0175 6.6
      vertex -35.0033 18.3191 6.6
    endloop
  endfacet
  facet normal 0 0 1
    outer loop
      vertex -33.8781 19.2882 6.6
      vertex -35.0033 18.3191 6.6
      vertex -35.014 18.2988 6.6
    endloop
  endfacet
  facet normal 0 0 1
    outer loop
      vertex -30.5829 18.0233 6.6
      vertex -35.014 18.2988 6.6
      vertex -35.6013 17.128 6.6
    endloop
  endfacet
  facet normal 0 0 1
    outer loop
      vertex -30.5829 18.0233 6.6
      vertex -35.6013 17.128 6.6
      vertex -35.6101 17.1098 6.6
    endloop
  endfacet
  facet normal 0 0 1
    outer loop
      vertex -30.5829 18.0233 6.6
      vertex -35.6101 17.1098 6.6
      vertex -36.1586 15.9179 6.6
    endloop
  endfacet
  facet normal 0 0 1
    outer loop
      vertex -30.5829 18.0233 6.6
      vertex -36.1586 15.9179 6.6
      vertex -36.1667 15.8994 6.6
    endloop
  endfacet
  facet normal 0 0 1
    outer loop
      vertex -30.5829 18.0233 6.6
      vertex -36.1667 15.8994 6.6
      vertex -36.6747 14.6898 6.6
    endloop
  endfacet
  facet normal 0 0 1
    outer loop
      vertex -30.5829 18.0233 6.6
      vertex -36.6747 14.6898 6.6
      vertex -36.6822 14.6711 6.6
    endloop
  endfacet
  facet normal 0 0 1
    outer loop
      vertex -30.5829 18.0233 6.6
      vertex -36.6822 14.6711 6.6
      vertex -37.1488 13.4458 6.6
    endloop
  endfacet
  facet normal 0 0 1
    outer loop
      vertex -30.5829 18.0233 6.6
      vertex -37.1488 13.4458 6.6
      vertex -37.1557 13.4267 6.6
    endloop
  endfacet
  facet normal 0 0 1
    outer loop
      vertex -30.5829 18.0233 6.6
      vertex -37.1557 13.4267 6.6
      vertex -37.5811 12.1856 6.6
    endloop
  endfacet
  facet normal 0 0 1
    outer loop
      vertex -37.5873 12.1664 6.6
      vertex -30.5829 18.0233 6.6
      vertex -37.5811 12.1856 6.6
    endloop
  endfacet
  facet normal 0 0 1
    outer loop
      vertex -37.9704 10.9121 6.6
      vertex -30.5829 18.0233 6.6
      vertex -37.5873 12.1664 6.6
    endloop
  endfacet
  facet normal 0 0 1
    outer loop
      vertex -37.976 10.8927 6.6
      vertex -30.5829 18.0233 6.6
      vertex -37.9704 10.9121 6.6
    endloop
  endfacet
  facet normal 0 0 1
    outer loop
      vertex -38.3166 9.62631 6.6
      vertex -30.5829 18.0233 6.6
      vertex -37.976 10.8927 6.6
    endloop
  endfacet
  facet normal 0 0 1
    outer loop
      vertex -38.3215 9.6067 6.6
      vertex -30.5829 18.0233 6.6
      vertex -38.3166 9.62631 6.6
    endloop
  endfacet
  facet normal 0 0 1
    outer loop
      vertex -38.6193 8.32904 6.6
      vertex -30.5829 18.0233 6.6
      vertex -38.3215 9.6067 6.6
    endloop
  endfacet
  facet normal 0 0 1
    outer loop
      vertex -38.6236 8.30927 6.6
      vertex -30.5829 18.0233 6.6
      vertex -38.6193 8.32904 6.6
    endloop
  endfacet
  facet normal 0 0 1
    outer loop
      vertex -38.8781 7.02249 6.6
      vertex -30.5829 18.0233 6.6
      vertex -38.6236 8.30927 6.6
    endloop
  endfacet
  facet normal -0 0 1
    outer loop
      vertex -39.0956 5.68861 6.6
      vertex -10.9059 1.43579 6.6
      vertex -39.0927 5.70863 6.6
    endloop
  endfacet
  facet normal -0 0 1
    outer loop
      vertex -39.263 4.38692 6.6
      vertex -10.9059 1.43579 6.6
      vertex -39.0956 5.68861 6.6
    endloop
  endfacet
  facet normal -0 0 1
    outer loop
      vertex -39.2652 4.36681 6.6
      vertex -10.9059 1.43579 6.6
      vertex -39.263 4.38692 6.6
    endloop
  endfacet
  facet normal 0 0 1
    outer loop
      vertex -10.9059 1.43579 6.6
      vertex -39.2652 4.36681 6.6
      vertex -10.9764 0.719434 6.6
    endloop
  endfacet
  facet normal -0 0 1
    outer loop
      vertex -39.3885 3.0616 6.6
      vertex -10.9764 0.719434 6.6
      vertex -39.2652 4.36681 6.6
    endloop
  endfacet
  facet normal -0 0 1
    outer loop
      vertex -39.39 3.04144 6.6
      vertex -10.9764 0.719434 6.6
      vertex -39.3885 3.0616 6.6
    endloop
  endfacet
  facet normal -0 0 1
    outer loop
      vertex -39.4693 1.7321 6.6
      vertex -10.9764 0.719434 6.6
      vertex -39.39 3.04144 6.6
    endloop
  endfacet
  facet normal -0 0 1
    outer loop
      vertex -39.4702 1.71188 6.6
      vertex -10.9764 0.719434 6.6
      vertex -39.4693 1.7321 6.6
    endloop
  endfacet
  facet normal 0 0 1
    outer loop
      vertex -10.9764 0.719434 6.6
      vertex -39.4702 1.71188 6.6
      vertex -11 0 6.6
    endloop
  endfacet
  facet normal 0 0 1
    outer loop
      vertex -11 0 6.6
      vertex -39.4702 1.71188 6.6
      vertex -33.9032 -10.524 6.6
    endloop
  endfacet
  facet normal -0 0 1
    outer loop
      vertex -39.5052 0.400589 6.6
      vertex -33.9032 -10.524 6.6
      vertex -39.4702 1.71188 6.6
    endloop
  endfacet
  facet normal -0 -0 1
    outer loop
      vertex -39.4425 -2.26187 6.6
      vertex -33.9032 -10.524 6.6
      vertex -39.4958 -0.951614 6.6
    endloop
  endfacet
  facet normal -0 -0 1
    outer loop
      vertex -39.4413 -2.28204 6.6
      vertex -33.9032 -10.524 6.6
      vertex -39.4425 -2.26187 6.6
    endloop
  endfacet
  facet normal -0 -0 1
    outer loop
      vertex -39.3438 -3.59016 6.6
      vertex -33.9032 -10.524 6.6
      vertex -39.4413 -2.28204 6.6
    endloop
  endfacet
  facet normal -0 -0 1
    outer loop
      vertex -39.342 -3.61032 6.6
      vertex -33.9032 -10.524 6.6
      vertex -39.3438 -3.59016 6.6
    endloop
  endfacet
  facet normal -0 -0 1
    outer loop
      vertex -39.0125 -6.23299 6.6
      vertex -33.9032 -10.524 6.6
      vertex -39.198 -4.9342 6.6
    endloop
  endfacet
  facet normal 0 0 1
    outer loop
      vertex -38.2282 -9.8779 6.6
      vertex -38.2846 -9.73366 6.6
      vertex -38.246 -9.84288 6.6
    endloop
  endfacet
  facet normal 0 0 1
    outer loop
      vertex -38.246 -9.84288 6.6
      vertex -38.2846 -9.73366 6.6
      vertex -38.2614 -9.80678 6.6
    endloop
  endfacet
  facet normal 0 0 1
    outer loop
      vertex -38.2614 -9.80678 6.6
      vertex -38.2846 -9.73366 6.6
      vertex -38.2744 -9.76973 6.6
    endloop
  endfacet
  facet normal 0 0 1
    outer loop
      vertex -38.2082 -9.91168 6.6
      vertex -38.2846 -9.73366 6.6
      vertex -38.2282 -9.8779 6.6
    endloop
  endfacet
  facet normal 0 0 1
    outer loop
      vertex -38.1356 -10.0042 6.6
      vertex -38.2846 -9.73366 6.6
      vertex -38.1618 -9.97498 6.6
    endloop
  endfacet
  facet normal 0 0 1
    outer loop
      vertex -38.1618 -9.97498 6.6
      vertex -38.2846 -9.73366 6.6
      vertex -38.1861 -9.94409 6.6
    endloop
  endfacet
  facet normal 0 0 1
    outer loop
      vertex -38.1861 -9.94409 6.6
      vertex -38.2846 -9.73366 6.6
      vertex -38.2082 -9.91168 6.6
    endloop
  endfacet
  facet normal 0 0 1
    outer loop
      vertex -38.1075 -10.0317 6.6
      vertex -38.2846 -9.73366 6.6
      vertex -38.1356 -10.0042 6.6
    endloop
  endfacet
  facet normal 0 0 1
    outer loop
      vertex -38.0134 -10.1023 6.6
      vertex -38.2846 -9.73366 6.6
      vertex -38.0463 -10.0808 6.6
    endloop
  endfacet
  facet normal 0 0 1
    outer loop
      vertex -38.0463 -10.0808 6.6
      vertex -38.2846 -9.73366 6.6
      vertex -38.0777 -10.0572 6.6
    endloop
  endfacet
  facet normal 0 0 1
    outer loop
      vertex -38.0777 -10.0572 6.6
      vertex -38.2846 -9.73366 6.6
      vertex -38.1075 -10.0317 6.6
    endloop
  endfacet
  facet normal 0 0 1
    outer loop
      vertex -37.9792 -10.1215 6.6
      vertex -38.2846 -9.73366 6.6
      vertex -38.0134 -10.1023 6.6
    endloop
  endfacet
  facet normal -0 -0 1
    outer loop
      vertex -38.7765 -7.56386 6.6
      vertex -33.9032 -10.524 6.6
      vertex -38.7803 -7.54401 6.6
    endloop
  endfacet
  facet normal 0 0 1
    outer loop
      vertex -37.9074 -10.1531 6.6
      vertex -38.2846 -9.73366 6.6
      vertex -37.9438 -10.1385 6.6
    endloop
  endfacet
  facet normal 0 0 1
    outer loop
      vertex -37.9438 -10.1385 6.6
      vertex -38.2846 -9.73366 6.6
      vertex -37.9792 -10.1215 6.6
    endloop
  endfacet
  facet normal 0 0 1
    outer loop
      vertex -37.8701 -10.1653 6.6
      vertex -38.2846 -9.73366 6.6
      vertex -37.9074 -10.1531 6.6
    endloop
  endfacet
  facet normal 0 0 1
    outer loop
      vertex -37.7545 -10.187 6.6
      vertex -38.2846 -9.73366 6.6
      vertex -37.7935 -10.1823 6.6
    endloop
  endfacet
  facet normal 0 0 1
    outer loop
      vertex -37.7935 -10.1823 6.6
      vertex -38.2846 -9.73366 6.6
      vertex -37.832 -10.1751 6.6
    endloop
  endfacet
  facet normal 0 0 1
    outer loop
      vertex -37.832 -10.1751 6.6
      vertex -38.2846 -9.73366 6.6
      vertex -37.8701 -10.1653 6.6
    endloop
  endfacet
  facet normal -0 -0 1
    outer loop
      vertex -38.2846 -9.73366 6.6
      vertex -37.7545 -10.187 6.6
      vertex -38.4995 -8.86667 6.6
    endloop
  endfacet
  facet normal -0 -0 1
    outer loop
      vertex -38.4995 -8.86667 6.6
      vertex -37.7545 -10.187 6.6
      vertex -38.504 -8.84695 6.6
    endloop
  endfacet
  facet normal -0 -0 1
    outer loop
      vertex -38.504 -8.84695 6.6
      vertex -33.9032 -10.524 6.6
      vertex -38.7765 -7.56386 6.6
    endloop
  endfacet
  facet normal 0 0 1
    outer loop
      vertex -33.9032 -10.524 6.6
      vertex -38.504 -8.84695 6.6
      vertex -37.7545 -10.187 6.6
    endloop
  endfacet
  facet normal -0 -0 1
    outer loop
      vertex -38.7803 -7.54401 6.6
      vertex -33.9032 -10.524 6.6
      vertex -39.0093 -6.25296 6.6
    endloop
  endfacet
  facet normal -0 -0 1
    outer loop
      vertex -39.0093 -6.25296 6.6
      vertex -33.9032 -10.524 6.6
      vertex -39.0125 -6.23299 6.6
    endloop
  endfacet
  facet normal -0 -0 1
    outer loop
      vertex -39.2005 -4.91414 6.6
      vertex -33.9032 -10.524 6.6
      vertex -39.342 -3.61032 6.6
    endloop
  endfacet
  facet normal -0 -0 1
    outer loop
      vertex -39.198 -4.9342 6.6
      vertex -33.9032 -10.524 6.6
      vertex -39.2005 -4.91414 6.6
    endloop
  endfacet
  facet normal 0 0 1
    outer loop
      vertex -33.9032 -10.524 6.6
      vertex -39.4963 -0.931381 6.6
      vertex -39.4958 -0.951614 6.6
    endloop
  endfacet
  facet normal -0 0 1
    outer loop
      vertex -39.5054 0.380371 6.6
      vertex -33.9032 -10.524 6.6
      vertex -39.5052 0.400589 6.6
    endloop
  endfacet
  facet normal 0 0 1
    outer loop
      vertex -33.9032 -10.524 6.6
      vertex -39.5054 0.380371 6.6
      vertex -39.4963 -0.931381 6.6
    endloop
  endfacet
  facet normal 0 0 1
    outer loop
      vertex -21.9237 32.381 6.6
      vertex -20.9169 33.5158 6.6
      vertex -21.6676 33.0298 6.6
    endloop
  endfacet
  facet normal 0 0 1
    outer loop
      vertex -21.9237 32.381 6.6
      vertex -21.6676 33.0298 6.6
      vertex -21.6984 33.0084 6.6
    endloop
  endfacet
  facet normal 0 0 1
    outer loop
      vertex -21.9237 32.381 6.6
      vertex -21.6984 33.0084 6.6
      vertex -21.7292 32.9841 6.6
    endloop
  endfacet
  facet normal 0 0 1
    outer loop
      vertex -21.9237 32.381 6.6
      vertex -21.7292 32.9841 6.6
      vertex -21.7583 32.9577 6.6
    endloop
  endfacet
  facet normal 0 0 1
    outer loop
      vertex -21.9237 32.381 6.6
      vertex -21.7583 32.9577 6.6
      vertex -21.7856 32.9295 6.6
    endloop
  endfacet
  facet normal 0 0 1
    outer loop
      vertex -21.9237 32.381 6.6
      vertex -21.7856 32.9295 6.6
      vertex -21.8111 32.8996 6.6
    endloop
  endfacet
  facet normal 0 0 1
    outer loop
      vertex -21.9237 32.381 6.6
      vertex -21.8111 32.8996 6.6
      vertex -21.8345 32.8681 6.6
    endloop
  endfacet
  facet normal 0 0 1
    outer loop
      vertex -21.9237 32.381 6.6
      vertex -21.8345 32.8681 6.6
      vertex -21.8558 32.8351 6.6
    endloop
  endfacet
  facet normal 0 0 1
    outer loop
      vertex -21.9237 32.381 6.6
      vertex -21.8558 32.8351 6.6
      vertex -21.8749 32.8008 6.6
    endloop
  endfacet
  facet normal 0 0 1
    outer loop
      vertex -21.9237 32.381 6.6
      vertex -21.8749 32.8008 6.6
      vertex -21.8917 32.7654 6.6
    endloop
  endfacet
  facet normal 0 0 1
    outer loop
      vertex -21.9237 32.381 6.6
      vertex -21.8917 32.7654 6.6
      vertex -21.9062 32.7289 6.6
    endloop
  endfacet
  facet normal 0 0 1
    outer loop
      vertex -21.9237 32.381 6.6
      vertex -21.9062 32.7289 6.6
      vertex -21.9183 32.6915 6.6
    endloop
  endfacet
  facet normal 0 0 1
    outer loop
      vertex -20.9169 33.5158 6.6
      vertex -21.9237 32.381 6.6
      vertex -20.9884 28.6298 6.6
    endloop
  endfacet
  facet normal -0 0 1
    outer loop
      vertex -21.9278 32.6534 6.6
      vertex -21.9237 32.381 6.6
      vertex -21.9183 32.6915 6.6
    endloop
  endfacet
  facet normal 0 0 1
    outer loop
      vertex -21.9278 32.6534 6.6
      vertex -21.9319 32.4194 6.6
      vertex -21.9237 32.381 6.6
    endloop
  endfacet
  facet normal -0 0 1
    outer loop
      vertex -21.9349 32.6148 6.6
      vertex -21.9319 32.4194 6.6
      vertex -21.9278 32.6534 6.6
    endloop
  endfacet
  facet normal 0 0 1
    outer loop
      vertex -21.9349 32.6148 6.6
      vertex -21.9377 32.4582 6.6
      vertex -21.9319 32.4194 6.6
    endloop
  endfacet
  facet normal -0 0 1
    outer loop
      vertex -21.9395 32.5758 6.6
      vertex -21.9377 32.4582 6.6
      vertex -21.9349 32.6148 6.6
    endloop
  endfacet
  facet normal 0 0 1
    outer loop
      vertex -21.9395 32.5758 6.6
      vertex -21.9408 32.4973 6.6
      vertex -21.9377 32.4582 6.6
    endloop
  endfacet
  facet normal 0 -0 1
    outer loop
      vertex -21.9408 32.4973 6.6
      vertex -21.9395 32.5758 6.6
      vertex -21.9414 32.5366 6.6
    endloop
  endfacet
  facet normal -0 0 1
    outer loop
      vertex 0.719434 -10.9764 6.6
      vertex 0.75853 -18.0887 6.6
      vertex 1.43579 -10.9059 6.6
    endloop
  endfacet
  facet normal -0 0 1
    outer loop
      vertex 0 -11 6.6
      vertex 0.75853 -18.0887 6.6
      vertex 0.719434 -10.9764 6.6
    endloop
  endfacet
  facet normal 0 0 1
    outer loop
      vertex 0 -11 6.6
      vertex -0.142014 -18.0887 6.6
      vertex 0.75853 -18.0887 6.6
    endloop
  endfacet
  facet normal 0 0 1
    outer loop
      vertex -0.719434 -10.9764 6.6
      vertex -0.142014 -18.0887 6.6
      vertex 0 -11 6.6
    endloop
  endfacet
  facet normal 0 0 1
    outer loop
      vertex -1.43579 -10.9059 6.6
      vertex -0.142014 -18.0887 6.6
      vertex -0.719434 -10.9764 6.6
    endloop
  endfacet
  facet normal 0 0 1
    outer loop
      vertex -2.14599 -10.7886 6.6
      vertex -0.142014 -18.0887 6.6
      vertex -1.43579 -10.9059 6.6
    endloop
  endfacet
  facet normal 0 0 1
    outer loop
      vertex -2.84701 -10.6252 6.6
      vertex -1.94858 -19.331 6.6
      vertex -2.14599 -10.7886 6.6
    endloop
  endfacet
  facet normal 0 0 1
    outer loop
      vertex -0.142014 -18.0887 6.6
      vertex -2.14599 -10.7886 6.6
      vertex -1.94858 -19.331 6.6
    endloop
  endfacet
  facet normal 0 0 1
    outer loop
      vertex 0.75853 -18.0887 6.6
      vertex 2.84701 -10.6252 6.6
      vertex 2.14599 -10.7886 6.6
    endloop
  endfacet
  facet normal 0 0 1
    outer loop
      vertex 0.75853 -18.0887 6.6
      vertex 2.14599 -10.7886 6.6
      vertex 1.43579 -10.9059 6.6
    endloop
  endfacet
  facet normal 0 0 1
    outer loop
      vertex 6.11127 -9.14616 6.6
      vertex 0.75853 -18.0887 6.6
      vertex 2.61925 -24.9025 6.6
    endloop
  endfacet
  facet normal 0 0 1
    outer loop
      vertex 2.61925 -24.9025 6.6
      vertex 0.75853 -18.0887 6.6
      vertex 0.75853 -24.9025 6.6
    endloop
  endfacet
  facet normal -0 0 1
    outer loop
      vertex -1.94858 -20.2532 6.6
      vertex -0.22345 -24.9025 6.6
      vertex -0.22345 -19.0218 6.6
    endloop
  endfacet
  facet normal 0 0 1
    outer loop
      vertex -1.94858 -20.2532 6.6
      vertex -2.17097 -24.9025 6.6
      vertex -0.22345 -24.9025 6.6
    endloop
  endfacet
  facet normal 0 0 1
    outer loop
      vertex -3.53583 -10.4162 6.6
      vertex -1.94858 -19.331 6.6
      vertex -2.84701 -10.6252 6.6
    endloop
  endfacet
  facet normal 0 0 1
    outer loop
      vertex -23.7594 -26.3768 6.6
      vertex -2.17097 -25.7325 6.6
      vertex -2.17097 -24.9025 6.6
    endloop
  endfacet
  facet normal 0 0 1
    outer loop
      vertex -4.20952 -10.1627 6.6
      vertex -1.94858 -19.331 6.6
      vertex -3.53583 -10.4162 6.6
    endloop
  endfacet
  facet normal 0 0 1
    outer loop
      vertex -1.04146 -39.3189 6.6
      vertex -1.47183 -39.4749 6.6
      vertex -1.07132 -39.3444 6.6
    endloop
  endfacet
  facet normal 0 0 1
    outer loop
      vertex -4.86518 -9.8656 6.6
      vertex -1.94858 -19.331 6.6
      vertex -4.20952 -10.1627 6.6
    endloop
  endfacet
  facet normal 0 0 1
    outer loop
      vertex -5.5 -9.52628 6.6
      vertex -1.94858 -19.331 6.6
      vertex -4.86518 -9.8656 6.6
    endloop
  endfacet
  facet normal 0 0 1
    outer loop
      vertex -0.902527 -39.1305 6.6
      vertex -1.47183 -39.4749 6.6
      vertex -0.920364 -39.1655 6.6
    endloop
  endfacet
  facet normal 0 0 1
    outer loop
      vertex 0.523422 -35.4954 6.6
      vertex -3.77403 -39.3266 6.6
      vertex -3.75343 -39.3286 6.6
    endloop
  endfacet
  facet normal 0 0 1
    outer loop
      vertex -6.11127 -9.14616 6.6
      vertex -1.94858 -19.331 6.6
      vertex -5.5 -9.52628 6.6
    endloop
  endfacet
  facet normal 0 0 1
    outer loop
      vertex -6.69637 -8.72689 6.6
      vertex -1.94858 -19.331 6.6
      vertex -6.11127 -9.14616 6.6
    endloop
  endfacet
  facet normal 0 0 1
    outer loop
      vertex 0.523422 -35.4954 6.6
      vertex -5.10687 -39.1758 6.6
      vertex -3.77403 -39.3266 6.6
    endloop
  endfacet
  facet normal 0 0 1
    outer loop
      vertex 0.523422 -35.4954 6.6
      vertex -5.1274 -39.1731 6.6
      vertex -5.10687 -39.1758 6.6
    endloop
  endfacet
  facet normal 0 0 1
    outer loop
      vertex -23.7594 -26.3768 6.6
      vertex -1.94858 -19.331 6.6
      vertex -6.69637 -8.72689 6.6
    endloop
  endfacet
  facet normal 0 0 1
    outer loop
      vertex -1.94858 -20.2532 6.6
      vertex -23.7594 -26.3768 6.6
      vertex -2.17097 -24.9025 6.6
    endloop
  endfacet
  facet normal 0 0 1
    outer loop
      vertex 0.523422 -35.4954 6.6
      vertex -6.4552 -38.9763 6.6
      vertex -5.1274 -39.1731 6.6
    endloop
  endfacet
  facet normal 0 0 1
    outer loop
      vertex 0.523422 -35.4954 6.6
      vertex -6.47562 -38.9729 6.6
      vertex -6.4552 -38.9763 6.6
    endloop
  endfacet
  facet normal 0 0 1
    outer loop
      vertex -1.94858 -19.331 6.6
      vertex -23.7594 -26.3768 6.6
      vertex -1.94858 -20.2532 6.6
    endloop
  endfacet
  facet normal 0 0 1
    outer loop
      vertex -23.7594 -26.3768 6.6
      vertex -6.69637 -8.72689 6.6
      vertex -7.2528 -8.27024 6.6
    endloop
  endfacet
  facet normal 0 0 1
    outer loop
      vertex -23.7594 -26.3768 6.6
      vertex -7.2528 -8.27024 6.6
      vertex -7.77817 -7.77817 6.6
    endloop
  endfacet
  facet normal 0 0 1
    outer loop
      vertex -2.17097 -25.7325 6.6
      vertex -7.7955 -38.7305 6.6
      vertex -6.47562 -38.9729 6.6
    endloop
  endfacet
  facet normal 0 0 1
    outer loop
      vertex -2.17097 -25.7325 6.6
      vertex -7.8158 -38.7265 6.6
      vertex -7.7955 -38.7305 6.6
    endloop
  endfacet
  facet normal 0 0 1
    outer loop
      vertex -23.7594 -26.3768 6.6
      vertex -7.77817 -7.77817 6.6
      vertex -8.27024 -7.2528 6.6
    endloop
  endfacet
  facet normal 0 0 1
    outer loop
      vertex -23.7594 -26.3768 6.6
      vertex -8.27024 -7.2528 6.6
      vertex -8.72689 -6.69637 6.6
    endloop
  endfacet
  facet normal 0 0 1
    outer loop
      vertex -2.17097 -25.7325 6.6
      vertex -9.12679 -38.4386 6.6
      vertex -7.8158 -38.7265 6.6
    endloop
  endfacet
  facet normal 0 0 1
    outer loop
      vertex -23.7594 -26.3768 6.6
      vertex -8.72689 -6.69637 6.6
      vertex -9.14616 -6.11127 6.6
    endloop
  endfacet
  facet normal 0 0 1
    outer loop
      vertex -2.17097 -25.7325 6.6
      vertex -9.14691 -38.4338 6.6
      vertex -9.12679 -38.4386 6.6
    endloop
  endfacet
  facet normal 0 0 1
    outer loop
      vertex -23.7594 -26.3768 6.6
      vertex -9.14616 -6.11127 6.6
      vertex -9.52628 -5.5 6.6
    endloop
  endfacet
  facet normal 0 0 1
    outer loop
      vertex -23.7594 -26.3768 6.6
      vertex -9.52628 -5.5 6.6
      vertex -9.8656 -4.86518 6.6
    endloop
  endfacet
  facet normal 0 0 1
    outer loop
      vertex -23.7594 -26.3768 6.6
      vertex -9.8656 -4.86518 6.6
      vertex -10.1627 -4.20952 6.6
    endloop
  endfacet
  facet normal 0 0 1
    outer loop
      vertex -23.7594 -26.3768 6.6
      vertex -10.1627 -4.20952 6.6
      vertex -10.4162 -3.53583 6.6
    endloop
  endfacet
  facet normal 0 0 1
    outer loop
      vertex -2.17097 -25.7325 6.6
      vertex -10.4468 -38.101 6.6
      vertex -9.14691 -38.4338 6.6
    endloop
  endfacet
  facet normal 0 0 1
    outer loop
      vertex -2.17097 -25.7325 6.6
      vertex -10.4668 -38.0956 6.6
      vertex -10.4468 -38.101 6.6
    endloop
  endfacet
  facet normal 0 0 1
    outer loop
      vertex -23.7594 -26.3768 6.6
      vertex -10.4162 -3.53583 6.6
      vertex -10.6252 -2.84701 6.6
    endloop
  endfacet
  facet normal 0 0 1
    outer loop
      vertex -23.7594 -26.3768 6.6
      vertex -10.6252 -2.84701 6.6
      vertex -10.7886 -2.14599 6.6
    endloop
  endfacet
  facet normal 0 0 1
    outer loop
      vertex -23.7594 -26.3768 6.6
      vertex -10.7886 -2.14599 6.6
      vertex -10.9059 -1.43579 6.6
    endloop
  endfacet
  facet normal 0 0 1
    outer loop
      vertex -23.7594 -26.3768 6.6
      vertex -10.9059 -1.43579 6.6
      vertex -10.9764 -0.719434 6.6
    endloop
  endfacet
  facet normal 0 0 1
    outer loop
      vertex -23.7594 -26.3768 6.6
      vertex -10.9764 -0.719434 6.6
      vertex -11 0 6.6
    endloop
  endfacet
  facet normal 0 0 1
    outer loop
      vertex -4.86518 9.8656 6.6
      vertex -20.9884 28.6298 6.6
      vertex -5.5 9.52628 6.6
    endloop
  endfacet
  facet normal 0 0 1
    outer loop
      vertex -2.17097 -25.7325 6.6
      vertex -11.7546 -37.7181 6.6
      vertex -10.4668 -38.0956 6.6
    endloop
  endfacet
  facet normal -0 0 1
    outer loop
      vertex -24.2075 25.9662 6.6
      vertex -7.2528 8.27024 6.6
      vertex -23.7579 26.3781 6.6
    endloop
  endfacet
  facet normal 0 0 1
    outer loop
      vertex -7.2528 8.27024 6.6
      vertex -24.2075 25.9662 6.6
      vertex -7.77817 7.77817 6.6
    endloop
  endfacet
  facet normal 0 0 1
    outer loop
      vertex -20.9884 28.6298 6.6
      vertex -11.2227 37.8797 6.6
      vertex -12.475 37.486 6.6
    endloop
  endfacet
  facet normal 0 0 1
    outer loop
      vertex -20.9884 28.6298 6.6
      vertex -12.475 37.486 6.6
      vertex -12.4942 37.4796 6.6
    endloop
  endfacet
  facet normal 0 0 1
    outer loop
      vertex -2.17097 -25.7325 6.6
      vertex -23.7594 -26.3768 6.6
      vertex -18.0532 -35.1412 6.6
    endloop
  endfacet
  facet normal 0 0 1
    outer loop
      vertex -2.17097 -25.7325 6.6
      vertex -11.7744 -37.7119 6.6
      vertex -11.7546 -37.7181 6.6
    endloop
  endfacet
  facet normal 0 0 1
    outer loop
      vertex -20.9884 28.6298 6.6
      vertex -12.4942 37.4796 6.6
      vertex -13.7329 37.0437 6.6
    endloop
  endfacet
  facet normal 0 0 1
    outer loop
      vertex -20.9884 28.6298 6.6
      vertex -13.7329 37.0437 6.6
      vertex -13.7518 37.0366 6.6
    endloop
  endfacet
  facet normal 0 0 1
    outer loop
      vertex -2.17097 -25.7325 6.6
      vertex -13.0483 -37.2903 6.6
      vertex -11.7744 -37.7119 6.6
    endloop
  endfacet
  facet normal 0 0 1
    outer loop
      vertex -2.17097 -25.7325 6.6
      vertex -13.0678 -37.2835 6.6
      vertex -13.0483 -37.2903 6.6
    endloop
  endfacet
  facet normal 0 0 1
    outer loop
      vertex -20.9884 28.6298 6.6
      vertex -13.7518 37.0366 6.6
      vertex -14.9741 36.5595 6.6
    endloop
  endfacet
  facet normal 0 0 1
    outer loop
      vertex -20.9884 28.6298 6.6
      vertex -14.9741 36.5595 6.6
      vertex -14.9929 36.5519 6.6
    endloop
  endfacet
  facet normal 0 0 1
    outer loop
      vertex -2.17097 -25.7325 6.6
      vertex -14.3266 -36.8181 6.6
      vertex -13.0678 -37.2835 6.6
    endloop
  endfacet
  facet normal 0 0 1
    outer loop
      vertex -2.17097 -25.7325 6.6
      vertex -14.3458 -36.8106 6.6
      vertex -14.3266 -36.8181 6.6
    endloop
  endfacet
  facet normal 0 0 1
    outer loop
      vertex -20.9884 28.6298 6.6
      vertex -14.9929 36.5519 6.6
      vertex -16.1989 36.0336 6.6
    endloop
  endfacet
  facet normal 0 0 1
    outer loop
      vertex -20.9884 28.6298 6.6
      vertex -16.1989 36.0336 6.6
      vertex -16.2173 36.0253 6.6
    endloop
  endfacet
  facet normal 0 0 1
    outer loop
      vertex -2.17097 -25.7325 6.6
      vertex -15.5881 -36.302 6.6
      vertex -14.3458 -36.8106 6.6
    endloop
  endfacet
  facet normal 0 0 1
    outer loop
      vertex -2.17097 -25.7325 6.6
      vertex -15.6071 -36.2938 6.6
      vertex -15.5881 -36.302 6.6
    endloop
  endfacet
  facet normal 0 0 1
    outer loop
      vertex -20.9884 28.6298 6.6
      vertex -16.2173 36.0253 6.6
      vertex -17.4055 35.4665 6.6
    endloop
  endfacet
  facet normal 0 0 1
    outer loop
      vertex -20.9884 28.6298 6.6
      vertex -17.4055 35.4665 6.6
      vertex -17.4237 35.4576 6.6
    endloop
  endfacet
  facet normal 0 0 1
    outer loop
      vertex -2.17097 -25.7325 6.6
      vertex -16.8305 -35.743 6.6
      vertex -15.6071 -36.2938 6.6
    endloop
  endfacet
  facet normal 0 0 1
    outer loop
      vertex -2.17097 -25.7325 6.6
      vertex -16.8492 -35.7341 6.6
      vertex -16.8305 -35.743 6.6
    endloop
  endfacet
  facet normal 0 0 1
    outer loop
      vertex -20.9884 28.6298 6.6
      vertex -17.4237 35.4576 6.6
      vertex -18.5918 34.8593 6.6
    endloop
  endfacet
  facet normal 0 0 1
    outer loop
      vertex -20.9884 28.6298 6.6
      vertex -18.5918 34.8593 6.6
      vertex -18.6096 34.8498 6.6
    endloop
  endfacet
  facet normal 0 0 1
    outer loop
      vertex -2.17097 -25.7325 6.6
      vertex -18.0532 -35.1412 6.6
      vertex -16.8492 -35.7341 6.6
    endloop
  endfacet
  facet normal 0 0 1
    outer loop
      vertex -18.0532 -35.1412 6.6
      vertex -23.7594 -26.3768 6.6
      vertex -18.0716 -35.1318 6.6
    endloop
  endfacet
  facet normal 0 0 1
    outer loop
      vertex -20.9884 28.6298 6.6
      vertex -18.6096 34.8498 6.6
      vertex -19.7569 34.2124 6.6
    endloop
  endfacet
  facet normal 0 0 1
    outer loop
      vertex -20.9884 28.6298 6.6
      vertex -19.7569 34.2124 6.6
      vertex -19.7744 34.2023 6.6
    endloop
  endfacet
  facet normal 0 0 1
    outer loop
      vertex -18.0716 -35.1318 6.6
      vertex -23.7594 -26.3768 6.6
      vertex -19.2543 -34.4978 6.6
    endloop
  endfacet
  facet normal 0 0 1
    outer loop
      vertex -19.2543 -34.4978 6.6
      vertex -23.7594 -26.3768 6.6
      vertex -19.2724 -34.4877 6.6
    endloop
  endfacet
  facet normal 0 0 1
    outer loop
      vertex -20.9884 28.6298 6.6
      vertex -19.7744 34.2023 6.6
      vertex -20.8997 33.5265 6.6
    endloop
  endfacet
  facet normal 0 0 1
    outer loop
      vertex -20.9884 28.6298 6.6
      vertex -20.8997 33.5265 6.6
      vertex -20.9169 33.5158 6.6
    endloop
  endfacet
  facet normal 0 0 1
    outer loop
      vertex -19.2724 -34.4877 6.6
      vertex -23.7594 -26.3768 6.6
      vertex -20.4327 -33.8132 6.6
    endloop
  endfacet
  facet normal -0 0 1
    outer loop
      vertex -24.2151 25.9591 6.6
      vertex -7.77817 7.77817 6.6
      vertex -24.2075 25.9662 6.6
    endloop
  endfacet
  facet normal -0 0 1
    outer loop
      vertex -24.6565 25.5402 6.6
      vertex -7.77817 7.77817 6.6
      vertex -24.2151 25.9591 6.6
    endloop
  endfacet
  facet normal 0 0 1
    outer loop
      vertex -20.4327 -33.8132 6.6
      vertex -23.7594 -26.3768 6.6
      vertex -20.4504 -33.8025 6.6
    endloop
  endfacet
  facet normal 0 0 1
    outer loop
      vertex -20.4504 -33.8025 6.6
      vertex -23.7594 -26.3768 6.6
      vertex -21.5866 -33.0884 6.6
    endloop
  endfacet
  facet normal -0 0 1
    outer loop
      vertex -24.6641 25.5329 6.6
      vertex -7.77817 7.77817 6.6
      vertex -24.6565 25.5402 6.6
    endloop
  endfacet
  facet normal -0 0 1
    outer loop
      vertex -25.0986 25.1059 6.6
      vertex -7.77817 7.77817 6.6
      vertex -24.6641 25.5329 6.6
    endloop
  endfacet
  facet normal -0 0 1
    outer loop
      vertex -25.1059 25.0986 6.6
      vertex -7.77817 7.77817 6.6
      vertex -25.0986 25.1059 6.6
    endloop
  endfacet
  facet normal -0 0 1
    outer loop
      vertex -25.5329 24.6641 6.6
      vertex -7.77817 7.77817 6.6
      vertex -25.1059 25.0986 6.6
    endloop
  endfacet
  facet normal 0 0 1
    outer loop
      vertex -21.5866 -33.0884 6.6
      vertex -23.7594 -26.3768 6.6
      vertex -21.604 -33.0771 6.6
    endloop
  endfacet
  facet normal 0 0 1
    outer loop
      vertex -21.604 -33.0771 6.6
      vertex -23.7594 -26.3768 6.6
      vertex -22.7148 -32.3244 6.6
    endloop
  endfacet
  facet normal -0 0 1
    outer loop
      vertex -25.5402 24.6565 6.6
      vertex -7.77817 7.77817 6.6
      vertex -25.5329 24.6641 6.6
    endloop
  endfacet
  facet normal -0 0 1
    outer loop
      vertex -25.9591 24.2151 6.6
      vertex -7.77817 7.77817 6.6
      vertex -25.5402 24.6565 6.6
    endloop
  endfacet
  facet normal 0 0 1
    outer loop
      vertex -7.77817 7.77817 6.6
      vertex -25.9591 24.2151 6.6
      vertex -8.27024 7.2528 6.6
    endloop
  endfacet
  facet normal -0 0 1
    outer loop
      vertex -25.9662 24.2075 6.6
      vertex -8.27024 7.2528 6.6
      vertex -25.9591 24.2151 6.6
    endloop
  endfacet
  facet normal -0 0 1
    outer loop
      vertex -26.3781 23.7579 6.6
      vertex -8.27024 7.2528 6.6
      vertex -25.9662 24.2075 6.6
    endloop
  endfacet
  facet normal -0 0 1
    outer loop
      vertex -26.3852 23.7502 6.6
      vertex -8.27024 7.2528 6.6
      vertex -26.3781 23.7579 6.6
    endloop
  endfacet
  facet normal 0 0 1
    outer loop
      vertex -22.7148 -32.3244 6.6
      vertex -23.7594 -26.3768 6.6
      vertex -22.7317 -32.3125 6.6
    endloop
  endfacet
  facet normal 0 0 1
    outer loop
      vertex -23.7594 -26.3768 6.6
      vertex -23.8162 -31.5217 6.6
      vertex -22.7317 -32.3125 6.6
    endloop
  endfacet
  facet normal 0 0 1
    outer loop
      vertex -23.7594 -26.3768 6.6
      vertex -23.8327 -31.5092 6.6
      vertex -23.8162 -31.5217 6.6
    endloop
  endfacet
  facet normal 0 0 1
    outer loop
      vertex -23.7594 -26.3768 6.6
      vertex -24.8881 -30.6823 6.6
      vertex -23.8327 -31.5092 6.6
    endloop
  endfacet
  facet normal -0 0 1
    outer loop
      vertex -25.6551 -29.3523 6.6
      vertex -24.8881 -30.6823 6.6
      vertex -23.7594 -26.3768 6.6
    endloop
  endfacet
  facet normal 0 0 1
    outer loop
      vertex -24.8881 -30.6823 6.6
      vertex -25.6551 -29.3523 6.6
      vertex -24.9063 -30.6675 6.6
    endloop
  endfacet
  facet normal 0 0 1
    outer loop
      vertex -24.9063 -30.6675 6.6
      vertex -25.6551 -29.3523 6.6
      vertex -25.5372 -30.1322 6.6
    endloop
  endfacet
  facet normal 0 0 1
    outer loop
      vertex -25.5372 -30.1322 6.6
      vertex -25.6551 -29.3523 6.6
      vertex -25.5663 -30.1058 6.6
    endloop
  endfacet
  facet normal 0 0 1
    outer loop
      vertex -25.5663 -30.1058 6.6
      vertex -25.6551 -29.3523 6.6
      vertex -25.5936 -30.0776 6.6
    endloop
  endfacet
  facet normal 0 0 1
    outer loop
      vertex -25.5936 -30.0776 6.6
      vertex -25.6551 -29.3523 6.6
      vertex -25.619 -30.0477 6.6
    endloop
  endfacet
  facet normal 0 0 1
    outer loop
      vertex -25.619 -30.0477 6.6
      vertex -25.6551 -29.3523 6.6
      vertex -25.6424 -30.0161 6.6
    endloop
  endfacet
  facet normal 0 0 1
    outer loop
      vertex -25.6551 -29.3523 6.6
      vertex -25.6637 -29.9831 6.6
      vertex -25.6424 -30.0161 6.6
    endloop
  endfacet
  facet normal -0 0 1
    outer loop
      vertex -25.6735 -29.3832 6.6
      vertex -25.6637 -29.9831 6.6
      vertex -25.6551 -29.3523 6.6
    endloop
  endfacet
  facet normal 0 0 1
    outer loop
      vertex -25.6735 -29.3832 6.6
      vertex -25.6827 -29.9488 6.6
      vertex -25.6637 -29.9831 6.6
    endloop
  endfacet
  facet normal -0 0 1
    outer loop
      vertex -25.6914 -29.4181 6.6
      vertex -25.6827 -29.9488 6.6
      vertex -25.6735 -29.3832 6.6
    endloop
  endfacet
  facet normal 0 0 1
    outer loop
      vertex -25.6914 -29.4181 6.6
      vertex -25.6995 -29.9133 6.6
      vertex -25.6827 -29.9488 6.6
    endloop
  endfacet
  facet normal -0 0 1
    outer loop
      vertex -25.707 -29.4541 6.6
      vertex -25.6995 -29.9133 6.6
      vertex -25.6914 -29.4181 6.6
    endloop
  endfacet
  facet normal 0 0 1
    outer loop
      vertex -25.707 -29.4541 6.6
      vertex -25.714 -29.8768 6.6
      vertex -25.6995 -29.9133 6.6
    endloop
  endfacet
  facet normal -0 0 1
    outer loop
      vertex -25.7203 -29.4911 6.6
      vertex -25.714 -29.8768 6.6
      vertex -25.707 -29.4541 6.6
    endloop
  endfacet
  facet normal 0 0 1
    outer loop
      vertex -25.7203 -29.4911 6.6
      vertex -25.726 -29.8394 6.6
      vertex -25.714 -29.8768 6.6
    endloop
  endfacet
  facet normal -0 0 1
    outer loop
      vertex -25.731 -29.5289 6.6
      vertex -25.726 -29.8394 6.6
      vertex -25.7203 -29.4911 6.6
    endloop
  endfacet
  facet normal 0 0 1
    outer loop
      vertex -25.731 -29.5289 6.6
      vertex -25.7355 -29.8013 6.6
      vertex -25.726 -29.8394 6.6
    endloop
  endfacet
  facet normal -0 0 1
    outer loop
      vertex -25.7393 -29.5672 6.6
      vertex -25.7355 -29.8013 6.6
      vertex -25.731 -29.5289 6.6
    endloop
  endfacet
  facet normal 0 0 1
    outer loop
      vertex -25.7393 -29.5672 6.6
      vertex -25.7425 -29.7627 6.6
      vertex -25.7355 -29.8013 6.6
    endloop
  endfacet
  facet normal -0 0 1
    outer loop
      vertex -25.7451 -29.6061 6.6
      vertex -25.7425 -29.7627 6.6
      vertex -25.7393 -29.5672 6.6
    endloop
  endfacet
  facet normal 0 0 1
    outer loop
      vertex -25.7451 -29.6061 6.6
      vertex -25.747 -29.7237 6.6
      vertex -25.7425 -29.7627 6.6
    endloop
  endfacet
  facet normal -0 0 1
    outer loop
      vertex -25.7483 -29.6452 6.6
      vertex -25.747 -29.7237 6.6
      vertex -25.7451 -29.6061 6.6
    endloop
  endfacet
  facet normal 0 0 1
    outer loop
      vertex -25.747 -29.7237 6.6
      vertex -25.7483 -29.6452 6.6
      vertex -25.7489 -29.6845 6.6
    endloop
  endfacet
  facet normal 0.117196 -0.993109 0
    outer loop
      vertex -1.39491 -39.4734 0
      vertex -1.35593 -39.4688 6.6
      vertex -1.39491 -39.4734 6.6
    endloop
  endfacet
  facet normal 0.117196 -0.993109 0
    outer loop
      vertex -1.35593 -39.4688 6.6
      vertex -1.39491 -39.4734 0
      vertex -1.35593 -39.4688 0
    endloop
  endfacet
  facet normal 0.18332 -0.983053 0
    outer loop
      vertex -1.35593 -39.4688 0
      vertex -1.31732 -39.4616 6.6
      vertex -1.35593 -39.4688 6.6
    endloop
  endfacet
  facet normal 0.18332 -0.983053 0
    outer loop
      vertex -1.31732 -39.4616 6.6
      vertex -1.35593 -39.4688 0
      vertex -1.31732 -39.4616 0
    endloop
  endfacet
  facet normal 0.244513 -0.969646 0
    outer loop
      vertex -1.31732 -39.4616 0
      vertex -1.27925 -39.452 6.6
      vertex -1.31732 -39.4616 6.6
    endloop
  endfacet
  facet normal 0.244513 -0.969646 0
    outer loop
      vertex -1.27925 -39.452 6.6
      vertex -1.31732 -39.4616 0
      vertex -1.27925 -39.452 0
    endloop
  endfacet
  facet normal 0.308268 -0.9513 0
    outer loop
      vertex -1.27925 -39.452 0
      vertex -1.24191 -39.4399 6.6
      vertex -1.27925 -39.452 6.6
    endloop
  endfacet
  facet normal 0.308268 -0.9513 0
    outer loop
      vertex -1.24191 -39.4399 6.6
      vertex -1.27925 -39.452 0
      vertex -1.24191 -39.4399 0
    endloop
  endfacet
  facet normal 0.371654 -0.928371 0
    outer loop
      vertex -1.24191 -39.4399 0
      vertex -1.20544 -39.4253 6.6
      vertex -1.24191 -39.4399 6.6
    endloop
  endfacet
  facet normal 0.371654 -0.928371 0
    outer loop
      vertex -1.20544 -39.4253 6.6
      vertex -1.24191 -39.4399 0
      vertex -1.20544 -39.4253 0
    endloop
  endfacet
  facet normal 0.430428 -0.902625 0
    outer loop
      vertex -1.20544 -39.4253 0
      vertex -1.17 -39.4084 6.6
      vertex -1.20544 -39.4253 6.6
    endloop
  endfacet
  facet normal 0.430428 -0.902625 0
    outer loop
      vertex -1.17 -39.4084 6.6
      vertex -1.20544 -39.4253 0
      vertex -1.17 -39.4084 0
    endloop
  endfacet
  facet normal 0.486833 -0.873495 0
    outer loop
      vertex -1.17 -39.4084 0
      vertex -1.13573 -39.3893 6.6
      vertex -1.17 -39.4084 6.6
    endloop
  endfacet
  facet normal 0.486833 -0.873495 0
    outer loop
      vertex -1.13573 -39.3893 6.6
      vertex -1.17 -39.4084 0
      vertex -1.13573 -39.3893 0
    endloop
  endfacet
  facet normal 0.544675 -0.838647 0
    outer loop
      vertex -1.13573 -39.3893 0
      vertex -1.10278 -39.3679 6.6
      vertex -1.13573 -39.3893 6.6
    endloop
  endfacet
  facet normal 0.544675 -0.838647 0
    outer loop
      vertex -1.10278 -39.3679 6.6
      vertex -1.13573 -39.3893 0
      vertex -1.10278 -39.3679 0
    endloop
  endfacet
  facet normal 0.598451 -0.80116 0
    outer loop
      vertex -1.10278 -39.3679 0
      vertex -1.07132 -39.3444 6.6
      vertex -1.10278 -39.3679 6.6
    endloop
  endfacet
  facet normal 0.598451 -0.80116 0
    outer loop
      vertex -1.07132 -39.3444 6.6
      vertex -1.10278 -39.3679 0
      vertex -1.07132 -39.3444 0
    endloop
  endfacet
  facet normal 0.649406 -0.760442 0
    outer loop
      vertex -1.07132 -39.3444 0
      vertex -1.04146 -39.3189 6.6
      vertex -1.07132 -39.3444 6.6
    endloop
  endfacet
  facet normal 0.649406 -0.760442 0
    outer loop
      vertex -1.04146 -39.3189 6.6
      vertex -1.07132 -39.3444 0
      vertex -1.04146 -39.3189 0
    endloop
  endfacet
  facet normal 0.696313 -0.717738 0
    outer loop
      vertex -1.04146 -39.3189 0
      vertex -1.01332 -39.2916 6.6
      vertex -1.04146 -39.3189 6.6
    endloop
  endfacet
  facet normal 0.696313 -0.717738 0
    outer loop
      vertex -1.01332 -39.2916 6.6
      vertex -1.04146 -39.3189 0
      vertex -1.01332 -39.2916 0
    endloop
  endfacet
  facet normal 0.743168 -0.669105 0
    outer loop
      vertex -1.01332 -39.2916 6.6
      vertex -0.98703 -39.2624 0
      vertex -0.98703 -39.2624 6.6
    endloop
  endfacet
  facet normal 0.743168 -0.669105 0
    outer loop
      vertex -0.98703 -39.2624 0
      vertex -1.01332 -39.2916 6.6
      vertex -1.01332 -39.2916 0
    endloop
  endfacet
  facet normal 0.784806 -0.619742 0
    outer loop
      vertex -0.98703 -39.2624 6.6
      vertex -0.962708 -39.2316 0
      vertex -0.962708 -39.2316 6.6
    endloop
  endfacet
  facet normal 0.784806 -0.619742 0
    outer loop
      vertex -0.962708 -39.2316 0
      vertex -0.98703 -39.2624 6.6
      vertex -0.98703 -39.2624 0
    endloop
  endfacet
  facet normal 0.824362 -0.566062 0
    outer loop
      vertex -0.962708 -39.2316 6.6
      vertex -0.94046 -39.1992 0
      vertex -0.94046 -39.1992 6.6
    endloop
  endfacet
  facet normal 0.824362 -0.566062 0
    outer loop
      vertex -0.94046 -39.1992 0
      vertex -0.962708 -39.2316 6.6
      vertex -0.962708 -39.2316 0
    endloop
  endfacet
  facet normal 0.858884 -0.51217 0
    outer loop
      vertex -0.94046 -39.1992 6.6
      vertex -0.920364 -39.1655 0
      vertex -0.920364 -39.1655 6.6
    endloop
  endfacet
  facet normal 0.858884 -0.51217 0
    outer loop
      vertex -0.920364 -39.1655 0
      vertex -0.94046 -39.1992 6.6
      vertex -0.94046 -39.1992 0
    endloop
  endfacet
  facet normal 0.890969 -0.454063 0
    outer loop
      vertex -0.920364 -39.1655 6.6
      vertex -0.902527 -39.1305 0
      vertex -0.902527 -39.1305 6.6
    endloop
  endfacet
  facet normal 0.890969 -0.454063 0
    outer loop
      vertex -0.902527 -39.1305 0
      vertex -0.920364 -39.1655 6.6
      vertex -0.920364 -39.1655 0
    endloop
  endfacet
  facet normal 0.918715 -0.39492 0
    outer loop
      vertex -0.902527 -39.1305 6.6
      vertex -0.887009 -39.0944 0
      vertex -0.887009 -39.0944 6.6
    endloop
  endfacet
  facet normal 0.918715 -0.39492 0
    outer loop
      vertex -0.887009 -39.0944 0
      vertex -0.902527 -39.1305 6.6
      vertex -0.902527 -39.1305 0
    endloop
  endfacet
  facet normal 0.931056 -0.364876 0
    outer loop
      vertex -0.887009 -39.0944 6.6
      vertex 0.523422 -35.4954 0
      vertex 0.523422 -35.4954 6.6
    endloop
  endfacet
  facet normal 0.931056 -0.364876 0
    outer loop
      vertex 0.523422 -35.4954 0
      vertex -0.887009 -39.0944 6.6
      vertex -0.887009 -39.0944 0
    endloop
  endfacet
  facet normal 0.00879938 -0.999961 0
    outer loop
      vertex 0.523422 -35.4954 0
      vertex 0.614334 -35.4946 6.6
      vertex 0.523422 -35.4954 6.6
    endloop
  endfacet
  facet normal 0.00879938 -0.999961 0
    outer loop
      vertex 0.614334 -35.4946 6.6
      vertex 0.523422 -35.4954 0
      vertex 0.614334 -35.4946 0
    endloop
  endfacet
  facet normal 0.0191024 -0.999818 0
    outer loop
      vertex 0.614334 -35.4946 0
      vertex 0.624802 -35.4944 6.6
      vertex 0.614334 -35.4946 6.6
    endloop
  endfacet
  facet normal 0.0191024 -0.999818 0
    outer loop
      vertex 0.624802 -35.4944 6.6
      vertex 0.614334 -35.4946 0
      vertex 0.624802 -35.4944 0
    endloop
  endfacet
  facet normal 0.026103 -0.999659 0
    outer loop
      vertex 0.624802 -35.4944 0
      vertex 1.23372 -35.4785 6.6
      vertex 0.624802 -35.4944 6.6
    endloop
  endfacet
  facet normal 0.026103 -0.999659 0
    outer loop
      vertex 1.23372 -35.4785 6.6
      vertex 0.624802 -35.4944 0
      vertex 1.23372 -35.4785 0
    endloop
  endfacet
  facet normal 0.0381765 -0.999271 0
    outer loop
      vertex 1.23372 -35.4785 0
      vertex 1.24419 -35.4781 6.6
      vertex 1.23372 -35.4785 6.6
    endloop
  endfacet
  facet normal 0.0381765 -0.999271 0
    outer loop
      vertex 1.24419 -35.4781 6.6
      vertex 1.23372 -35.4785 0
      vertex 1.24419 -35.4781 0
    endloop
  endfacet
  facet normal 0.0435049 -0.999053 0
    outer loop
      vertex 1.24419 -35.4781 0
      vertex 1.85274 -35.4516 6.6
      vertex 1.24419 -35.4781 6.6
    endloop
  endfacet
  facet normal 0.0435049 -0.999053 0
    outer loop
      vertex 1.85274 -35.4516 6.6
      vertex 1.24419 -35.4781 0
      vertex 1.85274 -35.4516 0
    endloop
  endfacet
  facet normal 0.0572672 -0.998359 0
    outer loop
      vertex 1.85274 -35.4516 0
      vertex 1.8632 -35.451 6.6
      vertex 1.85274 -35.4516 6.6
    endloop
  endfacet
  facet normal 0.0572672 -0.998359 0
    outer loop
      vertex 1.8632 -35.451 6.6
      vertex 1.85274 -35.4516 0
      vertex 1.8632 -35.451 0
    endloop
  endfacet
  facet normal 0.061063 -0.998134 0
    outer loop
      vertex 1.8632 -35.451 0
      vertex 2.47127 -35.4138 6.6
      vertex 1.8632 -35.451 6.6
    endloop
  endfacet
  facet normal 0.061063 -0.998134 0
    outer loop
      vertex 2.47127 -35.4138 6.6
      vertex 1.8632 -35.451 0
      vertex 2.47127 -35.4138 0
    endloop
  endfacet
  facet normal 0.0669635 -0.997755 0
    outer loop
      vertex 2.47127 -35.4138 0
      vertex 2.4817 -35.4131 6.6
      vertex 2.47127 -35.4138 6.6
    endloop
  endfacet
  facet normal 0.0669635 -0.997755 0
    outer loop
      vertex 2.4817 -35.4131 6.6
      vertex 2.47127 -35.4138 0
      vertex 2.4817 -35.4131 0
    endloop
  endfacet
  facet normal 0.0784097 -0.996921 0
    outer loop
      vertex 2.4817 -35.4131 0
      vertex 3.08817 -35.3654 6.6
      vertex 2.4817 -35.4131 6.6
    endloop
  endfacet
  facet normal 0.0784097 -0.996921 0
    outer loop
      vertex 3.08817 -35.3654 6.6
      vertex 2.4817 -35.4131 0
      vertex 3.08817 -35.3654 0
    endloop
  endfacet
  facet normal 0.086052 -0.996291 0
    outer loop
      vertex 3.08817 -35.3654 0
      vertex 3.09859 -35.3645 6.6
      vertex 3.08817 -35.3654 6.6
    endloop
  endfacet
  facet normal 0.086052 -0.996291 0
    outer loop
      vertex 3.09859 -35.3645 6.6
      vertex 3.08817 -35.3654 0
      vertex 3.09859 -35.3645 0
    endloop
  endfacet
  facet normal 0.0959249 -0.995389 0
    outer loop
      vertex 3.09859 -35.3645 0
      vertex 3.70563 -35.306 6.6
      vertex 3.09859 -35.3645 6.6
    endloop
  endfacet
  facet normal 0.0959249 -0.995389 0
    outer loop
      vertex 3.70563 -35.306 6.6
      vertex 3.09859 -35.3645 0
      vertex 3.70563 -35.306 0
    endloop
  endfacet
  facet normal 0.104983 -0.994474 0
    outer loop
      vertex 3.70563 -35.306 0
      vertex 3.71605 -35.3049 6.6
      vertex 3.70563 -35.306 6.6
    endloop
  endfacet
  facet normal 0.104983 -0.994474 0
    outer loop
      vertex 3.71605 -35.3049 6.6
      vertex 3.70563 -35.306 0
      vertex 3.71605 -35.3049 0
    endloop
  endfacet
  facet normal 0.113217 -0.99357 0
    outer loop
      vertex 3.71605 -35.3049 0
      vertex 4.32158 -35.2359 6.6
      vertex 3.71605 -35.3049 6.6
    endloop
  endfacet
  facet normal 0.113217 -0.99357 0
    outer loop
      vertex 4.32158 -35.2359 6.6
      vertex 3.71605 -35.3049 0
      vertex 4.32158 -35.2359 0
    endloop
  endfacet
  facet normal 0.123917 -0.992293 0
    outer loop
      vertex 4.32158 -35.2359 0
      vertex 4.33199 -35.2346 6.6
      vertex 4.32158 -35.2359 6.6
    endloop
  endfacet
  facet normal 0.123917 -0.992293 0
    outer loop
      vertex 4.33199 -35.2346 6.6
      vertex 4.32158 -35.2359 0
      vertex 4.33199 -35.2346 0
    endloop
  endfacet
  facet normal 0.130389 -0.991463 0
    outer loop
      vertex 4.33199 -35.2346 0
      vertex 4.93498 -35.1553 6.6
      vertex 4.33199 -35.2346 6.6
    endloop
  endfacet
  facet normal 0.130389 -0.991463 0
    outer loop
      vertex 4.93498 -35.1553 6.6
      vertex 4.33199 -35.2346 0
      vertex 4.93498 -35.1553 0
    endloop
  endfacet
  facet normal 0.143293 -0.98968 0
    outer loop
      vertex 4.93498 -35.1553 0
      vertex 4.94534 -35.1538 6.6
      vertex 4.93498 -35.1553 6.6
    endloop
  endfacet
  facet normal 0.143293 -0.98968 0
    outer loop
      vertex 4.94534 -35.1538 6.6
      vertex 4.93498 -35.1553 0
      vertex 4.94534 -35.1538 0
    endloop
  endfacet
  facet normal 0.147836 -0.989012 0
    outer loop
      vertex 4.94534 -35.1538 0
      vertex 5.54877 -35.0636 6.6
      vertex 4.94534 -35.1538 6.6
    endloop
  endfacet
  facet normal 0.147836 -0.989012 0
    outer loop
      vertex 5.54877 -35.0636 6.6
      vertex 4.94534 -35.1538 0
      vertex 5.54877 -35.0636 0
    endloop
  endfacet
  facet normal 0.152919 -0.988239 0
    outer loop
      vertex 5.54877 -35.0636 0
      vertex 5.55911 -35.062 6.6
      vertex 5.54877 -35.0636 6.6
    endloop
  endfacet
  facet normal 0.152919 -0.988239 0
    outer loop
      vertex 5.55911 -35.062 6.6
      vertex 5.54877 -35.0636 0
      vertex 5.55911 -35.062 0
    endloop
  endfacet
  facet normal 0.16514 -0.98627 0
    outer loop
      vertex 5.55911 -35.062 0
      vertex 6.15933 -34.9615 6.6
      vertex 5.55911 -35.062 6.6
    endloop
  endfacet
  facet normal 0.16514 -0.98627 0
    outer loop
      vertex 6.15933 -34.9615 6.6
      vertex 5.55911 -35.062 0
      vertex 6.15933 -34.9615 0
    endloop
  endfacet
  facet normal 0.172148 -0.985071 0
    outer loop
      vertex 6.15933 -34.9615 0
      vertex 6.16963 -34.9597 6.6
      vertex 6.15933 -34.9615 6.6
    endloop
  endfacet
  facet normal 0.172148 -0.985071 0
    outer loop
      vertex 6.16963 -34.9597 6.6
      vertex 6.15933 -34.9615 0
      vertex 6.16963 -34.9597 0
    endloop
  endfacet
  facet normal 0.182119 -0.983277 0
    outer loop
      vertex 6.16963 -34.9597 0
      vertex 6.76839 -34.8488 6.6
      vertex 6.16963 -34.9597 6.6
    endloop
  endfacet
  facet normal 0.182119 -0.983277 0
    outer loop
      vertex 6.76839 -34.8488 6.6
      vertex 6.16963 -34.9597 0
      vertex 6.76839 -34.8488 0
    endloop
  endfacet
  facet normal 0.190615 -0.981665 0
    outer loop
      vertex 6.76839 -34.8488 0
      vertex 6.77869 -34.8468 6.6
      vertex 6.76839 -34.8488 6.6
    endloop
  endfacet
  facet normal 0.190615 -0.981665 0
    outer loop
      vertex 6.77869 -34.8468 6.6
      vertex 6.76839 -34.8488 0
      vertex 6.77869 -34.8468 0
    endloop
  endfacet
  facet normal 0.199522 -0.979893 0
    outer loop
      vertex 6.77869 -34.8468 0
      vertex 7.3754 -34.7253 6.6
      vertex 6.77869 -34.8468 6.6
    endloop
  endfacet
  facet normal 0.199522 -0.979893 0
    outer loop
      vertex 7.3754 -34.7253 6.6
      vertex 6.77869 -34.8468 0
      vertex 7.3754 -34.7253 0
    endloop
  endfacet
  facet normal 0.201274 -0.979535 0
    outer loop
      vertex 7.3754 -34.7253 0
      vertex 7.38562 -34.7232 6.6
      vertex 7.3754 -34.7253 6.6
    endloop
  endfacet
  facet normal 0.201274 -0.979535 0
    outer loop
      vertex 7.38562 -34.7232 6.6
      vertex 7.3754 -34.7253 0
      vertex 7.38562 -34.7232 0
    endloop
  endfacet
  facet normal 0.21642 -0.9763 0
    outer loop
      vertex 7.38562 -34.7232 0
      vertex 7.98109 -34.5912 6.6
      vertex 7.38562 -34.7232 6.6
    endloop
  endfacet
  facet normal 0.21642 -0.9763 0
    outer loop
      vertex 7.98109 -34.5912 6.6
      vertex 7.38562 -34.7232 0
      vertex 7.98109 -34.5912 0
    endloop
  endfacet
  facet normal 0.228403 -0.973567 0
    outer loop
      vertex 7.98109 -34.5912 0
      vertex 7.99132 -34.5888 6.6
      vertex 7.98109 -34.5912 6.6
    endloop
  endfacet
  facet normal 0.228403 -0.973567 0
    outer loop
      vertex 7.99132 -34.5888 6.6
      vertex 7.98109 -34.5912 0
      vertex 7.99132 -34.5888 0
    endloop
  endfacet
  facet normal 0.233409 -0.972379 0
    outer loop
      vertex 7.99132 -34.5888 0
      vertex 8.58289 -34.4468 6.6
      vertex 7.99132 -34.5888 6.6
    endloop
  endfacet
  facet normal 0.233409 -0.972379 0
    outer loop
      vertex 8.58289 -34.4468 6.6
      vertex 7.99132 -34.5888 0
      vertex 8.58289 -34.4468 0
    endloop
  endfacet
  facet normal 0.247917 -0.968781 0
    outer loop
      vertex 8.58289 -34.4468 0
      vertex 8.59305 -34.4442 6.6
      vertex 8.58289 -34.4468 6.6
    endloop
  endfacet
  facet normal 0.247917 -0.968781 0
    outer loop
      vertex 8.59305 -34.4442 6.6
      vertex 8.58289 -34.4468 0
      vertex 8.59305 -34.4442 0
    endloop
  endfacet
  facet normal 0.250393 -0.968144 0
    outer loop
      vertex 8.59305 -34.4442 0
      vertex 9.18269 -34.2917 6.6
      vertex 8.59305 -34.4442 6.6
    endloop
  endfacet
  facet normal 0.250393 -0.968144 0
    outer loop
      vertex 9.18269 -34.2917 6.6
      vertex 8.59305 -34.4442 0
      vertex 9.18269 -34.2917 0
    endloop
  endfacet
  facet normal 0.258258 -0.966076 0
    outer loop
      vertex 9.18269 -34.2917 0
      vertex 9.19279 -34.289 6.6
      vertex 9.18269 -34.2917 6.6
    endloop
  endfacet
  facet normal 0.258258 -0.966076 0
    outer loop
      vertex 9.19279 -34.289 6.6
      vertex 9.18269 -34.2917 0
      vertex 9.19279 -34.289 0
    endloop
  endfacet
  facet normal 0.267132 -0.96366 0
    outer loop
      vertex 9.19279 -34.289 0
      vertex 9.78044 -34.1261 6.6
      vertex 9.19279 -34.289 6.6
    endloop
  endfacet
  facet normal 0.267132 -0.96366 0
    outer loop
      vertex 9.78044 -34.1261 6.6
      vertex 9.19279 -34.289 0
      vertex 9.78044 -34.1261 0
    endloop
  endfacet
  facet normal 0.27623 -0.961091 0
    outer loop
      vertex 9.78044 -34.1261 0
      vertex 9.79053 -34.1232 6.6
      vertex 9.78044 -34.1261 6.6
    endloop
  endfacet
  facet normal 0.27623 -0.961091 0
    outer loop
      vertex 9.79053 -34.1232 6.6
      vertex 9.78044 -34.1261 0
      vertex 9.79053 -34.1232 0
    endloop
  endfacet
  facet normal 0.284119 -0.958789 0
    outer loop
      vertex 9.79053 -34.1232 0
      vertex 10.374 -33.9503 6.6
      vertex 9.79053 -34.1232 6.6
    endloop
  endfacet
  facet normal 0.284119 -0.958789 0
    outer loop
      vertex 10.374 -33.9503 6.6
      vertex 9.79053 -34.1232 0
      vertex 10.374 -33.9503 0
    endloop
  endfacet
  facet normal 0.287348 -0.957826 0
    outer loop
      vertex 10.374 -33.9503 0
      vertex 10.384 -33.9473 6.6
      vertex 10.374 -33.9503 6.6
    endloop
  endfacet
  facet normal 0.287348 -0.957826 0
    outer loop
      vertex 10.384 -33.9473 6.6
      vertex 10.374 -33.9503 0
      vertex 10.384 -33.9473 0
    endloop
  endfacet
  facet normal 0.300723 -0.953712 0
    outer loop
      vertex 10.384 -33.9473 0
      vertex 10.965 -33.7641 6.6
      vertex 10.384 -33.9473 6.6
    endloop
  endfacet
  facet normal 0.300723 -0.953712 0
    outer loop
      vertex 10.965 -33.7641 6.6
      vertex 10.384 -33.9473 0
      vertex 10.965 -33.7641 0
    endloop
  endfacet
  facet normal 0.307564 -0.951527 0
    outer loop
      vertex 10.965 -33.7641 0
      vertex 10.9749 -33.7609 6.6
      vertex 10.965 -33.7641 6.6
    endloop
  endfacet
  facet normal 0.307564 -0.951527 0
    outer loop
      vertex 10.9749 -33.7609 6.6
      vertex 10.965 -33.7641 0
      vertex 10.9749 -33.7609 0
    endloop
  endfacet
  facet normal 0.31731 -0.948322 0
    outer loop
      vertex 10.9749 -33.7609 0
      vertex 11.5529 -33.5675 6.6
      vertex 10.9749 -33.7609 6.6
    endloop
  endfacet
  facet normal 0.31731 -0.948322 0
    outer loop
      vertex 11.5529 -33.5675 6.6
      vertex 10.9749 -33.7609 0
      vertex 11.5529 -33.5675 0
    endloop
  endfacet
  facet normal 0.324813 -0.945778 0
    outer loop
      vertex 11.5529 -33.5675 0
      vertex 11.5628 -33.5641 6.6
      vertex 11.5529 -33.5675 6.6
    endloop
  endfacet
  facet normal 0.324813 -0.945778 0
    outer loop
      vertex 11.5628 -33.5641 6.6
      vertex 11.5529 -33.5675 0
      vertex 11.5628 -33.5641 0
    endloop
  endfacet
  facet normal 0.333666 -0.942691 0
    outer loop
      vertex 11.5628 -33.5641 0
      vertex 11.7843 -33.4857 6.6
      vertex 11.5628 -33.5641 6.6
    endloop
  endfacet
  facet normal 0.333666 -0.942691 0
    outer loop
      vertex 11.7843 -33.4857 6.6
      vertex 11.5628 -33.5641 0
      vertex 11.7843 -33.4857 0
    endloop
  endfacet
  facet normal -0.875461 -0.483289 0
    outer loop
      vertex 13.4901 -36.5757 0
      vertex 11.7843 -33.4857 6.6
      vertex 11.7843 -33.4857 0
    endloop
  endfacet
  facet normal -0.875461 -0.483289 0
    outer loop
      vertex 11.7843 -33.4857 6.6
      vertex 13.4901 -36.5757 0
      vertex 13.4901 -36.5757 6.6
    endloop
  endfacet
  facet normal -0.8602 -0.509956 0
    outer loop
      vertex 13.5083 -36.6064 0
      vertex 13.4901 -36.5757 6.6
      vertex 13.4901 -36.5757 0
    endloop
  endfacet
  facet normal -0.8602 -0.509956 0
    outer loop
      vertex 13.4901 -36.5757 6.6
      vertex 13.5083 -36.6064 0
      vertex 13.5083 -36.6064 6.6
    endloop
  endfacet
  facet normal -0.828109 -0.560566 0
    outer loop
      vertex 13.5303 -36.6389 0
      vertex 13.5083 -36.6064 6.6
      vertex 13.5083 -36.6064 0
    endloop
  endfacet
  facet normal -0.828109 -0.560566 0
    outer loop
      vertex 13.5083 -36.6064 6.6
      vertex 13.5303 -36.6389 0
      vertex 13.5303 -36.6389 6.6
    endloop
  endfacet
  facet normal -0.78729 -0.616583 0
    outer loop
      vertex 13.5545 -36.6698 0
      vertex 13.5303 -36.6389 6.6
      vertex 13.5303 -36.6389 0
    endloop
  endfacet
  facet normal -0.78729 -0.616583 0
    outer loop
      vertex 13.5303 -36.6389 6.6
      vertex 13.5545 -36.6698 0
      vertex 13.5545 -36.6698 6.6
    endloop
  endfacet
  facet normal -0.746706 -0.665154 0
    outer loop
      vertex 13.5806 -36.6991 0
      vertex 13.5545 -36.6698 6.6
      vertex 13.5545 -36.6698 0
    endloop
  endfacet
  facet normal -0.746706 -0.665154 0
    outer loop
      vertex 13.5545 -36.6698 6.6
      vertex 13.5806 -36.6991 0
      vertex 13.5806 -36.6991 6.6
    endloop
  endfacet
  facet normal -0.703274 -0.710919 0
    outer loop
      vertex 13.5806 -36.6991 0
      vertex 13.6085 -36.7267 6.6
      vertex 13.5806 -36.6991 6.6
    endloop
  endfacet
  facet normal -0.703274 -0.710919 -0
    outer loop
      vertex 13.6085 -36.7267 6.6
      vertex 13.5806 -36.6991 0
      vertex 13.6085 -36.7267 0
    endloop
  endfacet
  facet normal -0.65309 -0.75728 0
    outer loop
      vertex 13.6085 -36.7267 0
      vertex 13.6383 -36.7524 6.6
      vertex 13.6085 -36.7267 6.6
    endloop
  endfacet
  facet normal -0.65309 -0.75728 -0
    outer loop
      vertex 13.6383 -36.7524 6.6
      vertex 13.6085 -36.7267 0
      vertex 13.6383 -36.7524 0
    endloop
  endfacet
  facet normal -0.602039 -0.798467 0
    outer loop
      vertex 13.6383 -36.7524 0
      vertex 13.6696 -36.776 6.6
      vertex 13.6383 -36.7524 6.6
    endloop
  endfacet
  facet normal -0.602039 -0.798467 -0
    outer loop
      vertex 13.6696 -36.776 6.6
      vertex 13.6383 -36.7524 0
      vertex 13.6696 -36.776 0
    endloop
  endfacet
  facet normal -0.549991 -0.835171 0
    outer loop
      vertex 13.6696 -36.776 0
      vertex 13.7024 -36.7976 6.6
      vertex 13.6696 -36.776 6.6
    endloop
  endfacet
  facet normal -0.549991 -0.835171 -0
    outer loop
      vertex 13.7024 -36.7976 6.6
      vertex 13.6696 -36.776 0
      vertex 13.7024 -36.7976 0
    endloop
  endfacet
  facet normal -0.494491 -0.869183 0
    outer loop
      vertex 13.7024 -36.7976 0
      vertex 13.7365 -36.817 6.6
      vertex 13.7024 -36.7976 6.6
    endloop
  endfacet
  facet normal -0.494491 -0.869183 -0
    outer loop
      vertex 13.7365 -36.817 6.6
      vertex 13.7024 -36.7976 0
      vertex 13.7365 -36.817 0
    endloop
  endfacet
  facet normal -0.434962 -0.900449 0
    outer loop
      vertex 13.7365 -36.817 0
      vertex 13.7719 -36.8341 6.6
      vertex 13.7365 -36.817 6.6
    endloop
  endfacet
  facet normal -0.434962 -0.900449 -0
    outer loop
      vertex 13.7719 -36.8341 6.6
      vertex 13.7365 -36.817 0
      vertex 13.7719 -36.8341 0
    endloop
  endfacet
  facet normal -0.374463 -0.927242 0
    outer loop
      vertex 13.7719 -36.8341 0
      vertex 13.8083 -36.8488 6.6
      vertex 13.7719 -36.8341 6.6
    endloop
  endfacet
  facet normal -0.374463 -0.927242 -0
    outer loop
      vertex 13.8083 -36.8488 6.6
      vertex 13.7719 -36.8341 0
      vertex 13.8083 -36.8488 0
    endloop
  endfacet
  facet normal -0.313171 -0.949697 0
    outer loop
      vertex 13.8083 -36.8488 0
      vertex 13.8456 -36.8611 6.6
      vertex 13.8083 -36.8488 6.6
    endloop
  endfacet
  facet normal -0.313171 -0.949697 -0
    outer loop
      vertex 13.8456 -36.8611 6.6
      vertex 13.8083 -36.8488 0
      vertex 13.8456 -36.8611 0
    endloop
  endfacet
  facet normal -0.252734 -0.967536 0
    outer loop
      vertex 13.8456 -36.8611 0
      vertex 13.8835 -36.871 6.6
      vertex 13.8456 -36.8611 6.6
    endloop
  endfacet
  facet normal -0.252734 -0.967536 -0
    outer loop
      vertex 13.8835 -36.871 6.6
      vertex 13.8456 -36.8611 0
      vertex 13.8835 -36.871 0
    endloop
  endfacet
  facet normal -0.188281 -0.982115 0
    outer loop
      vertex 13.8835 -36.871 0
      vertex 13.9221 -36.8784 6.6
      vertex 13.8835 -36.871 6.6
    endloop
  endfacet
  facet normal -0.188281 -0.982115 -0
    outer loop
      vertex 13.9221 -36.8784 6.6
      vertex 13.8835 -36.871 0
      vertex 13.9221 -36.8784 0
    endloop
  endfacet
  facet normal -0.122155 -0.992511 0
    outer loop
      vertex 13.9221 -36.8784 0
      vertex 13.9611 -36.8832 6.6
      vertex 13.9221 -36.8784 6.6
    endloop
  endfacet
  facet normal -0.122155 -0.992511 -0
    outer loop
      vertex 13.9611 -36.8832 6.6
      vertex 13.9221 -36.8784 0
      vertex 13.9611 -36.8832 0
    endloop
  endfacet
  facet normal -0.0585727 -0.998283 0
    outer loop
      vertex 13.9611 -36.8832 0
      vertex 14.0003 -36.8855 6.6
      vertex 13.9611 -36.8832 6.6
    endloop
  endfacet
  facet normal -0.0585727 -0.998283 -0
    outer loop
      vertex 14.0003 -36.8855 6.6
      vertex 13.9611 -36.8832 0
      vertex 14.0003 -36.8855 0
    endloop
  endfacet
  facet normal 0.00765284 -0.999971 0
    outer loop
      vertex 14.0003 -36.8855 0
      vertex 14.0395 -36.8852 6.6
      vertex 14.0003 -36.8855 6.6
    endloop
  endfacet
  facet normal 0.00765284 -0.999971 0
    outer loop
      vertex 14.0395 -36.8852 6.6
      vertex 14.0003 -36.8855 0
      vertex 14.0395 -36.8852 0
    endloop
  endfacet
  facet normal 0.073778 -0.997275 0
    outer loop
      vertex 14.0395 -36.8852 0
      vertex 14.0787 -36.8823 6.6
      vertex 14.0395 -36.8852 6.6
    endloop
  endfacet
  facet normal 0.073778 -0.997275 0
    outer loop
      vertex 14.0787 -36.8823 6.6
      vertex 14.0395 -36.8852 0
      vertex 14.0787 -36.8823 0
    endloop
  endfacet
  facet normal 0.137499 -0.990502 0
    outer loop
      vertex 14.0787 -36.8823 0
      vertex 14.1176 -36.8769 6.6
      vertex 14.0787 -36.8823 6.6
    endloop
  endfacet
  facet normal 0.137499 -0.990502 0
    outer loop
      vertex 14.1176 -36.8769 6.6
      vertex 14.0787 -36.8823 0
      vertex 14.1176 -36.8769 0
    endloop
  endfacet
  facet normal 0.203954 -0.97898 0
    outer loop
      vertex 14.1176 -36.8769 0
      vertex 14.156 -36.8689 6.6
      vertex 14.1176 -36.8769 6.6
    endloop
  endfacet
  facet normal 0.203954 -0.97898 0
    outer loop
      vertex 14.156 -36.8689 6.6
      vertex 14.1176 -36.8769 0
      vertex 14.156 -36.8689 0
    endloop
  endfacet
  facet normal 0.264624 -0.964352 0
    outer loop
      vertex 14.156 -36.8689 0
      vertex 14.1939 -36.8585 6.6
      vertex 14.156 -36.8689 6.6
    endloop
  endfacet
  facet normal 0.264624 -0.964352 0
    outer loop
      vertex 14.1939 -36.8585 6.6
      vertex 14.156 -36.8689 0
      vertex 14.1939 -36.8585 0
    endloop
  endfacet
  facet normal 0.328422 -0.944531 0
    outer loop
      vertex 14.1939 -36.8585 0
      vertex 14.231 -36.8456 6.6
      vertex 14.1939 -36.8585 6.6
    endloop
  endfacet
  facet normal 0.328422 -0.944531 0
    outer loop
      vertex 14.231 -36.8456 6.6
      vertex 14.1939 -36.8585 0
      vertex 14.231 -36.8456 0
    endloop
  endfacet
  facet normal 0.359391 -0.933187 0
    outer loop
      vertex 14.231 -36.8456 0
      vertex 14.9757 -36.5588 6.6
      vertex 14.231 -36.8456 6.6
    endloop
  endfacet
  facet normal 0.359391 -0.933187 0
    outer loop
      vertex 14.9757 -36.5588 6.6
      vertex 14.231 -36.8456 0
      vertex 14.9757 -36.5588 0
    endloop
  endfacet
  facet normal 0.378125 -0.925755 0
    outer loop
      vertex 14.9757 -36.5588 0
      vertex 14.997 -36.5501 6.6
      vertex 14.9757 -36.5588 6.6
    endloop
  endfacet
  facet normal 0.378125 -0.925755 0
    outer loop
      vertex 14.997 -36.5501 6.6
      vertex 14.9757 -36.5588 0
      vertex 14.997 -36.5501 0
    endloop
  endfacet
  facet normal 0.394858 -0.918742 0
    outer loop
      vertex 14.997 -36.5501 0
      vertex 16.2018 -36.0323 6.6
      vertex 14.997 -36.5501 6.6
    endloop
  endfacet
  facet normal 0.394858 -0.918742 0
    outer loop
      vertex 16.2018 -36.0323 6.6
      vertex 14.997 -36.5501 0
      vertex 16.2018 -36.0323 0
    endloop
  endfacet
  facet normal 0.409339 -0.912382 0
    outer loop
      vertex 16.2018 -36.0323 0
      vertex 16.2203 -36.024 6.6
      vertex 16.2018 -36.0323 6.6
    endloop
  endfacet
  facet normal 0.409339 -0.912382 0
    outer loop
      vertex 16.2203 -36.024 6.6
      vertex 16.2018 -36.0323 0
      vertex 16.2203 -36.024 0
    endloop
  endfacet
  facet normal 0.425694 -0.904867 0
    outer loop
      vertex 16.2203 -36.024 0
      vertex 17.4081 -35.4652 6.6
      vertex 16.2203 -36.024 6.6
    endloop
  endfacet
  facet normal 0.425694 -0.904867 0
    outer loop
      vertex 17.4081 -35.4652 6.6
      vertex 16.2203 -36.024 0
      vertex 17.4081 -35.4652 0
    endloop
  endfacet
  facet normal 0.441254 -0.897382 0
    outer loop
      vertex 17.4081 -35.4652 0
      vertex 17.4262 -35.4563 6.6
      vertex 17.4081 -35.4652 6.6
    endloop
  endfacet
  facet normal 0.441254 -0.897382 0
    outer loop
      vertex 17.4262 -35.4563 6.6
      vertex 17.4081 -35.4652 0
      vertex 17.4262 -35.4563 0
    endloop
  endfacet
  facet normal 0.455876 -0.890043 0
    outer loop
      vertex 17.4262 -35.4563 0
      vertex 18.5947 -34.8578 6.6
      vertex 17.4262 -35.4563 6.6
    endloop
  endfacet
  facet normal 0.455876 -0.890043 0
    outer loop
      vertex 18.5947 -34.8578 6.6
      vertex 17.4262 -35.4563 0
      vertex 18.5947 -34.8578 0
    endloop
  endfacet
  facet normal 0.474689 -0.880153 0
    outer loop
      vertex 18.5947 -34.8578 0
      vertex 18.6125 -34.8482 6.6
      vertex 18.5947 -34.8578 6.6
    endloop
  endfacet
  facet normal 0.474689 -0.880153 0
    outer loop
      vertex 18.6125 -34.8482 6.6
      vertex 18.5947 -34.8578 0
      vertex 18.6125 -34.8482 0
    endloop
  endfacet
  facet normal 0.485682 -0.874136 0
    outer loop
      vertex 18.6125 -34.8482 0
      vertex 19.7597 -34.2108 6.6
      vertex 18.6125 -34.8482 6.6
    endloop
  endfacet
  facet normal 0.485682 -0.874136 0
    outer loop
      vertex 19.7597 -34.2108 6.6
      vertex 18.6125 -34.8482 0
      vertex 19.7597 -34.2108 0
    endloop
  endfacet
  facet normal 0.49773 -0.867332 0
    outer loop
      vertex 19.7597 -34.2108 0
      vertex 19.7773 -34.2007 6.6
      vertex 19.7597 -34.2108 6.6
    endloop
  endfacet
  facet normal 0.49773 -0.867332 0
    outer loop
      vertex 19.7773 -34.2007 6.6
      vertex 19.7597 -34.2108 0
      vertex 19.7773 -34.2007 0
    endloop
  endfacet
  facet normal 0.514944 -0.857224 0
    outer loop
      vertex 19.7773 -34.2007 0
      vertex 20.9023 -33.5249 6.6
      vertex 19.7773 -34.2007 6.6
    endloop
  endfacet
  facet normal 0.514944 -0.857224 0
    outer loop
      vertex 20.9023 -33.5249 6.6
      vertex 19.7773 -34.2007 0
      vertex 20.9023 -33.5249 0
    endloop
  endfacet
  facet normal 0.528223 -0.849106 0
    outer loop
      vertex 20.9023 -33.5249 0
      vertex 20.9195 -33.5142 6.6
      vertex 20.9023 -33.5249 6.6
    endloop
  endfacet
  facet normal 0.528223 -0.849106 0
    outer loop
      vertex 20.9195 -33.5142 6.6
      vertex 20.9023 -33.5249 0
      vertex 20.9195 -33.5142 0
    endloop
  endfacet
  facet normal 0.543561 -0.83937 0
    outer loop
      vertex 20.9195 -33.5142 0
      vertex 22.0216 -32.8005 6.6
      vertex 20.9195 -33.5142 6.6
    endloop
  endfacet
  facet normal 0.543561 -0.83937 0
    outer loop
      vertex 22.0216 -32.8005 6.6
      vertex 20.9195 -33.5142 0
      vertex 22.0216 -32.8005 0
    endloop
  endfacet
  facet normal 0.558115 -0.829764 0
    outer loop
      vertex 22.0216 -32.8005 0
      vertex 22.0384 -32.7892 6.6
      vertex 22.0216 -32.8005 6.6
    endloop
  endfacet
  facet normal 0.558115 -0.829764 0
    outer loop
      vertex 22.0384 -32.7892 6.6
      vertex 22.0216 -32.8005 0
      vertex 22.0384 -32.7892 0
    endloop
  endfacet
  facet normal 0.571522 -0.820587 0
    outer loop
      vertex 22.0384 -32.7892 0
      vertex 23.1151 -32.0393 6.6
      vertex 22.0384 -32.7892 6.6
    endloop
  endfacet
  facet normal 0.571522 -0.820587 0
    outer loop
      vertex 23.1151 -32.0393 6.6
      vertex 22.0384 -32.7892 0
      vertex 23.1151 -32.0393 0
    endloop
  endfacet
  facet normal 0.587291 -0.809376 0
    outer loop
      vertex 23.1151 -32.0393 0
      vertex 23.1315 -32.0274 6.6
      vertex 23.1151 -32.0393 6.6
    endloop
  endfacet
  facet normal 0.587291 -0.809376 0
    outer loop
      vertex 23.1315 -32.0274 6.6
      vertex 23.1151 -32.0393 0
      vertex 23.1315 -32.0274 0
    endloop
  endfacet
  facet normal 0.59883 -0.800876 0
    outer loop
      vertex 23.1315 -32.0274 0
      vertex 24.1831 -31.2411 6.6
      vertex 23.1315 -32.0274 6.6
    endloop
  endfacet
  facet normal 0.59883 -0.800876 0
    outer loop
      vertex 24.1831 -31.2411 6.6
      vertex 23.1315 -32.0274 0
      vertex 24.1831 -31.2411 0
    endloop
  endfacet
  facet normal 0.612572 -0.790415 0
    outer loop
      vertex 24.1831 -31.2411 0
      vertex 24.1991 -31.2287 6.6
      vertex 24.1831 -31.2411 6.6
    endloop
  endfacet
  facet normal 0.612572 -0.790415 0
    outer loop
      vertex 24.1991 -31.2287 6.6
      vertex 24.1831 -31.2411 0
      vertex 24.1991 -31.2287 0
    endloop
  endfacet
  facet normal 0.625586 -0.780155 0
    outer loop
      vertex 24.1991 -31.2287 0
      vertex 25.2232 -30.4075 6.6
      vertex 24.1991 -31.2287 6.6
    endloop
  endfacet
  facet normal 0.625586 -0.780155 0
    outer loop
      vertex 25.2232 -30.4075 6.6
      vertex 24.1991 -31.2287 0
      vertex 25.2232 -30.4075 0
    endloop
  endfacet
  facet normal 0.640184 -0.768221 0
    outer loop
      vertex 25.2232 -30.4075 0
      vertex 25.2388 -30.3945 6.6
      vertex 25.2232 -30.4075 6.6
    endloop
  endfacet
  facet normal 0.640184 -0.768221 0
    outer loop
      vertex 25.2388 -30.3945 6.6
      vertex 25.2232 -30.4075 0
      vertex 25.2388 -30.3945 0
    endloop
  endfacet
  facet normal 0.6515 -0.758648 0
    outer loop
      vertex 25.2388 -30.3945 0
      vertex 26.2343 -29.5396 6.6
      vertex 25.2388 -30.3945 6.6
    endloop
  endfacet
  facet normal 0.6515 -0.758648 0
    outer loop
      vertex 26.2343 -29.5396 6.6
      vertex 25.2388 -30.3945 0
      vertex 26.2343 -29.5396 0
    endloop
  endfacet
  facet normal 0.663749 -0.747956 0
    outer loop
      vertex 26.2343 -29.5396 0
      vertex 26.2494 -29.5262 6.6
      vertex 26.2343 -29.5396 6.6
    endloop
  endfacet
  facet normal 0.663749 -0.747956 0
    outer loop
      vertex 26.2494 -29.5262 6.6
      vertex 26.2343 -29.5396 0
      vertex 26.2494 -29.5262 0
    endloop
  endfacet
  facet normal 0.676738 -0.736224 0
    outer loop
      vertex 26.2494 -29.5262 0
      vertex 27.216 -28.6377 6.6
      vertex 26.2494 -29.5262 6.6
    endloop
  endfacet
  facet normal 0.676738 -0.736224 0
    outer loop
      vertex 27.216 -28.6377 6.6
      vertex 26.2494 -29.5262 0
      vertex 27.216 -28.6377 0
    endloop
  endfacet
  facet normal 0.69212 -0.721782 0
    outer loop
      vertex 27.216 -28.6377 0
      vertex 27.2306 -28.6237 6.6
      vertex 27.216 -28.6377 6.6
    endloop
  endfacet
  facet normal 0.69212 -0.721782 0
    outer loop
      vertex 27.2306 -28.6237 6.6
      vertex 27.216 -28.6377 0
      vertex 27.2306 -28.6237 0
    endloop
  endfacet
  facet normal 0.701177 -0.712987 0
    outer loop
      vertex 27.2306 -28.6237 0
      vertex 28.1664 -27.7034 6.6
      vertex 27.2306 -28.6237 6.6
    endloop
  endfacet
  facet normal 0.701177 -0.712987 0
    outer loop
      vertex 28.1664 -27.7034 6.6
      vertex 27.2306 -28.6237 0
      vertex 28.1664 -27.7034 0
    endloop
  endfacet
  facet normal 0.714459 -0.699677 0
    outer loop
      vertex 28.1664 -27.7034 6.6
      vertex 28.1806 -27.6889 0
      vertex 28.1806 -27.6889 6.6
    endloop
  endfacet
  facet normal 0.714459 -0.699677 0
    outer loop
      vertex 28.1806 -27.6889 0
      vertex 28.1664 -27.7034 6.6
      vertex 28.1664 -27.7034 0
    endloop
  endfacet
  facet normal 0.724822 -0.688936 0
    outer loop
      vertex 28.1806 -27.6889 6.6
      vertex 29.0848 -26.7376 0
      vertex 29.0848 -26.7376 6.6
    endloop
  endfacet
  facet normal 0.724822 -0.688936 0
    outer loop
      vertex 29.0848 -26.7376 0
      vertex 28.1806 -27.6889 6.6
      vertex 28.1806 -27.6889 0
    endloop
  endfacet
  facet normal 0.736128 -0.676842 0
    outer loop
      vertex 29.0848 -26.7376 6.6
      vertex 29.0985 -26.7227 0
      vertex 29.0985 -26.7227 6.6
    endloop
  endfacet
  facet normal 0.736128 -0.676842 0
    outer loop
      vertex 29.0985 -26.7227 0
      vertex 29.0848 -26.7376 6.6
      vertex 29.0848 -26.7376 0
    endloop
  endfacet
  facet normal 0.747657 -0.664085 0
    outer loop
      vertex 29.0985 -26.7227 6.6
      vertex 29.9702 -25.7413 0
      vertex 29.9702 -25.7413 6.6
    endloop
  endfacet
  facet normal 0.747657 -0.664085 0
    outer loop
      vertex 29.9702 -25.7413 0
      vertex 29.0985 -26.7227 6.6
      vertex 29.0985 -26.7227 0
    endloop
  endfacet
  facet normal 0.759257 -0.650791 0
    outer loop
      vertex 29.9702 -25.7413 6.6
      vertex 29.9834 -25.7259 0
      vertex 29.9834 -25.7259 6.6
    endloop
  endfacet
  facet normal 0.759257 -0.650791 0
    outer loop
      vertex 29.9834 -25.7259 0
      vertex 29.9702 -25.7413 6.6
      vertex 29.9702 -25.7413 0
    endloop
  endfacet
  facet normal 0.769643 -0.638475 0
    outer loop
      vertex 29.9834 -25.7259 6.6
      vertex 30.8216 -24.7155 0
      vertex 30.8216 -24.7155 6.6
    endloop
  endfacet
  facet normal 0.769643 -0.638475 0
    outer loop
      vertex 30.8216 -24.7155 0
      vertex 29.9834 -25.7259 6.6
      vertex 29.9834 -25.7259 0
    endloop
  endfacet
  facet normal 0.779423 -0.626498 0
    outer loop
      vertex 30.8216 -24.7155 6.6
      vertex 30.8343 -24.6997 0
      vertex 30.8343 -24.6997 6.6
    endloop
  endfacet
  facet normal 0.779423 -0.626498 0
    outer loop
      vertex 30.8343 -24.6997 0
      vertex 30.8216 -24.7155 6.6
      vertex 30.8216 -24.7155 0
    endloop
  endfacet
  facet normal 0.790774 -0.612109 0
    outer loop
      vertex 30.8343 -24.6997 6.6
      vertex 31.6377 -23.6618 0
      vertex 31.6377 -23.6618 6.6
    endloop
  endfacet
  facet normal 0.790774 -0.612109 0
    outer loop
      vertex 31.6377 -23.6618 0
      vertex 30.8343 -24.6997 6.6
      vertex 30.8343 -24.6997 0
    endloop
  endfacet
  facet normal 0.801185 -0.598416 0
    outer loop
      vertex 31.6377 -23.6618 6.6
      vertex 31.6498 -23.6456 0
      vertex 31.6498 -23.6456 6.6
    endloop
  endfacet
  facet normal 0.801185 -0.598416 0
    outer loop
      vertex 31.6498 -23.6456 0
      vertex 31.6377 -23.6618 6.6
      vertex 31.6377 -23.6618 0
    endloop
  endfacet
  facet normal 0.810934 -0.585137 0
    outer loop
      vertex 31.6498 -23.6456 6.6
      vertex 32.4179 -22.5811 0
      vertex 32.4179 -22.5811 6.6
    endloop
  endfacet
  facet normal 0.810934 -0.585137 0
    outer loop
      vertex 32.4179 -22.5811 0
      vertex 31.6498 -23.6456 6.6
      vertex 31.6498 -23.6456 0
    endloop
  endfacet
  facet normal 0.819696 -0.572799 0
    outer loop
      vertex 32.4179 -22.5811 6.6
      vertex 32.4295 -22.5645 0
      vertex 32.4295 -22.5645 6.6
    endloop
  endfacet
  facet normal 0.819696 -0.572799 0
    outer loop
      vertex 32.4295 -22.5645 0
      vertex 32.4179 -22.5811 6.6
      vertex 32.4179 -22.5811 0
    endloop
  endfacet
  facet normal 0.830253 -0.557387 0
    outer loop
      vertex 32.4295 -22.5645 6.6
      vertex 33.1612 -21.4746 0
      vertex 33.1612 -21.4746 6.6
    endloop
  endfacet
  facet normal 0.830253 -0.557387 0
    outer loop
      vertex 33.1612 -21.4746 0
      vertex 32.4295 -22.5645 6.6
      vertex 32.4295 -22.5645 0
    endloop
  endfacet
  facet normal 0.838104 -0.545511 0
    outer loop
      vertex 33.1612 -21.4746 6.6
      vertex 33.1722 -21.4577 0
      vertex 33.1722 -21.4577 6.6
    endloop
  endfacet
  facet normal 0.838104 -0.545511 0
    outer loop
      vertex 33.1722 -21.4577 0
      vertex 33.1612 -21.4746 6.6
      vertex 33.1612 -21.4746 0
    endloop
  endfacet
  facet normal 0.848554 -0.529108 0
    outer loop
      vertex 33.1722 -21.4577 6.6
      vertex 33.8667 -20.3439 0
      vertex 33.8667 -20.3439 6.6
    endloop
  endfacet
  facet normal 0.848554 -0.529108 0
    outer loop
      vertex 33.8667 -20.3439 0
      vertex 33.1722 -21.4577 6.6
      vertex 33.1722 -21.4577 0
    endloop
  endfacet
  facet normal 0.858362 -0.513044 0
    outer loop
      vertex 33.8667 -20.3439 6.6
      vertex 33.8771 -20.3265 0
      vertex 33.8771 -20.3265 6.6
    endloop
  endfacet
  facet normal 0.858362 -0.513044 0
    outer loop
      vertex 33.8771 -20.3265 0
      vertex 33.8667 -20.3439 6.6
      vertex 33.8667 -20.3439 0
    endloop
  endfacet
  facet normal 0.865899 -0.500219 0
    outer loop
      vertex 33.8771 -20.3265 6.6
      vertex 34.5337 -19.1899 0
      vertex 34.5337 -19.1899 6.6
    endloop
  endfacet
  facet normal 0.865899 -0.500219 0
    outer loop
      vertex 34.5337 -19.1899 0
      vertex 33.8771 -20.3265 6.6
      vertex 33.8771 -20.3265 0
    endloop
  endfacet
  facet normal 0.874856 -0.484383 0
    outer loop
      vertex 34.5337 -19.1899 6.6
      vertex 34.5435 -19.1722 0
      vertex 34.5435 -19.1722 6.6
    endloop
  endfacet
  facet normal 0.874856 -0.484383 0
    outer loop
      vertex 34.5435 -19.1722 0
      vertex 34.5337 -19.1899 6.6
      vertex 34.5337 -19.1899 0
    endloop
  endfacet
  facet normal 0.882319 -0.470652 0
    outer loop
      vertex 34.5435 -19.1722 6.6
      vertex 35.1611 -18.0144 0
      vertex 35.1611 -18.0144 6.6
    endloop
  endfacet
  facet normal 0.882319 -0.470652 0
    outer loop
      vertex 35.1611 -18.0144 0
      vertex 34.5435 -19.1722 6.6
      vertex 34.5435 -19.1722 0
    endloop
  endfacet
  facet normal 0.888426 -0.45902 0
    outer loop
      vertex 35.1611 -18.0144 6.6
      vertex 35.1704 -17.9964 0
      vertex 35.1704 -17.9964 6.6
    endloop
  endfacet
  facet normal 0.888426 -0.45902 0
    outer loop
      vertex 35.1704 -17.9964 0
      vertex 35.1611 -18.0144 6.6
      vertex 35.1611 -18.0144 0
    endloop
  endfacet
  facet normal 0.897693 -0.440622 0
    outer loop
      vertex 35.1704 -17.9964 6.6
      vertex 35.749 -16.8176 0
      vertex 35.749 -16.8176 6.6
    endloop
  endfacet
  facet normal 0.897693 -0.440622 0
    outer loop
      vertex 35.749 -16.8176 0
      vertex 35.1704 -17.9964 6.6
      vertex 35.1704 -17.9964 0
    endloop
  endfacet
  facet normal 0.905043 -0.425321 0
    outer loop
      vertex 35.749 -16.8176 6.6
      vertex 35.7576 -16.7993 0
      vertex 35.7576 -16.7993 6.6
    endloop
  endfacet
  facet normal 0.905043 -0.425321 0
    outer loop
      vertex 35.7576 -16.7993 0
      vertex 35.749 -16.8176 6.6
      vertex 35.749 -16.8176 0
    endloop
  endfacet
  facet normal 0.912024 -0.410137 0
    outer loop
      vertex 35.7576 -16.7993 6.6
      vertex 36.2958 -15.6025 0
      vertex 36.2958 -15.6025 6.6
    endloop
  endfacet
  facet normal 0.912024 -0.410137 0
    outer loop
      vertex 36.2958 -15.6025 0
      vertex 35.7576 -16.7993 6.6
      vertex 35.7576 -16.7993 0
    endloop
  endfacet
  facet normal 0.918633 -0.395111 0
    outer loop
      vertex 36.2958 -15.6025 6.6
      vertex 36.3038 -15.5839 0
      vertex 36.3038 -15.5839 6.6
    endloop
  endfacet
  facet normal 0.918633 -0.395111 0
    outer loop
      vertex 36.3038 -15.5839 0
      vertex 36.2958 -15.6025 6.6
      vertex 36.2958 -15.6025 0
    endloop
  endfacet
  facet normal 0.925321 -0.379186 0
    outer loop
      vertex 36.3038 -15.5839 6.6
      vertex 36.6429 -14.7564 0
      vertex 36.6429 -14.7564 6.6
    endloop
  endfacet
  facet normal 0.925321 -0.379186 0
    outer loop
      vertex 36.6429 -14.7564 0
      vertex 36.3038 -15.5839 6.6
      vertex 36.3038 -15.5839 0
    endloop
  endfacet
  facet normal 0.936876 -0.34966 0
    outer loop
      vertex 36.6429 -14.7564 6.6
      vertex 36.656 -14.7213 0
      vertex 36.656 -14.7213 6.6
    endloop
  endfacet
  facet normal 0.936876 -0.34966 0
    outer loop
      vertex 36.656 -14.7213 0
      vertex 36.6429 -14.7564 6.6
      vertex 36.6429 -14.7564 0
    endloop
  endfacet
  facet normal 0.956982 -0.290149 0
    outer loop
      vertex 36.656 -14.7213 6.6
      vertex 36.6674 -14.6837 0
      vertex 36.6674 -14.6837 6.6
    endloop
  endfacet
  facet normal 0.956982 -0.290149 0
    outer loop
      vertex 36.6674 -14.6837 0
      vertex 36.656 -14.7213 6.6
      vertex 36.656 -14.7213 0
    endloop
  endfacet
  facet normal 0.974605 -0.22393 0
    outer loop
      vertex 36.6674 -14.6837 6.6
      vertex 36.6762 -14.6454 0
      vertex 36.6762 -14.6454 6.6
    endloop
  endfacet
  facet normal 0.974605 -0.22393 0
    outer loop
      vertex 36.6762 -14.6454 0
      vertex 36.6674 -14.6837 6.6
      vertex 36.6674 -14.6837 0
    endloop
  endfacet
  facet normal 0.9866 -0.163159 0
    outer loop
      vertex 36.6762 -14.6454 6.6
      vertex 36.6826 -14.6067 0
      vertex 36.6826 -14.6067 6.6
    endloop
  endfacet
  facet normal 0.9866 -0.163159 0
    outer loop
      vertex 36.6826 -14.6067 0
      vertex 36.6762 -14.6454 6.6
      vertex 36.6762 -14.6454 0
    endloop
  endfacet
  facet normal 0.995311 -0.096731 0
    outer loop
      vertex 36.6826 -14.6067 6.6
      vertex 36.6864 -14.5676 0
      vertex 36.6864 -14.5676 6.6
    endloop
  endfacet
  facet normal 0.995311 -0.096731 0
    outer loop
      vertex 36.6864 -14.5676 0
      vertex 36.6826 -14.6067 6.6
      vertex 36.6826 -14.6067 0
    endloop
  endfacet
  facet normal 0.999451 -0.033145 0
    outer loop
      vertex 36.6864 -14.5676 6.6
      vertex 36.6877 -14.5284 0
      vertex 36.6877 -14.5284 6.6
    endloop
  endfacet
  facet normal 0.999451 -0.033145 0
    outer loop
      vertex 36.6877 -14.5284 0
      vertex 36.6864 -14.5676 6.6
      vertex 36.6864 -14.5676 0
    endloop
  endfacet
  facet normal 0.999366 0.0356008 0
    outer loop
      vertex 36.6877 -14.5284 6.6
      vertex 36.6863 -14.4891 0
      vertex 36.6863 -14.4891 6.6
    endloop
  endfacet
  facet normal 0.999366 0.0356008 0
    outer loop
      vertex 36.6863 -14.4891 0
      vertex 36.6877 -14.5284 6.6
      vertex 36.6877 -14.5284 0
    endloop
  endfacet
  facet normal 0.995287 0.0969766 0
    outer loop
      vertex 36.6863 -14.4891 6.6
      vertex 36.6825 -14.4501 0
      vertex 36.6825 -14.4501 6.6
    endloop
  endfacet
  facet normal 0.995287 0.0969766 0
    outer loop
      vertex 36.6825 -14.4501 0
      vertex 36.6863 -14.4891 6.6
      vertex 36.6863 -14.4891 0
    endloop
  endfacet
  facet normal 0.986256 0.165223 0
    outer loop
      vertex 36.6825 -14.4501 6.6
      vertex 36.676 -14.4113 0
      vertex 36.676 -14.4113 6.6
    endloop
  endfacet
  facet normal 0.986256 0.165223 0
    outer loop
      vertex 36.676 -14.4113 0
      vertex 36.6825 -14.4501 6.6
      vertex 36.6825 -14.4501 0
    endloop
  endfacet
  facet normal 0.973916 0.226907 0
    outer loop
      vertex 36.676 -14.4113 6.6
      vertex 36.6671 -14.3731 0
      vertex 36.6671 -14.3731 6.6
    endloop
  endfacet
  facet normal 0.973916 0.226907 0
    outer loop
      vertex 36.6671 -14.3731 0
      vertex 36.676 -14.4113 6.6
      vertex 36.676 -14.4113 0
    endloop
  endfacet
  facet normal 0.956982 0.290149 0
    outer loop
      vertex 36.6671 -14.3731 6.6
      vertex 36.6557 -14.3355 0
      vertex 36.6557 -14.3355 6.6
    endloop
  endfacet
  facet normal 0.956982 0.290149 0
    outer loop
      vertex 36.6557 -14.3355 0
      vertex 36.6671 -14.3731 6.6
      vertex 36.6671 -14.3731 0
    endloop
  endfacet
  facet normal 0.935172 0.354193 0
    outer loop
      vertex 36.6557 -14.3355 6.6
      vertex 36.6418 -14.2988 0
      vertex 36.6418 -14.2988 6.6
    endloop
  endfacet
  facet normal 0.935172 0.354193 0
    outer loop
      vertex 36.6418 -14.2988 0
      vertex 36.6557 -14.3355 6.6
      vertex 36.6557 -14.3355 0
    endloop
  endfacet
  facet normal 0.909667 0.415338 0
    outer loop
      vertex 36.6418 -14.2988 6.6
      vertex 36.6255 -14.2631 0
      vertex 36.6255 -14.2631 6.6
    endloop
  endfacet
  facet normal 0.909667 0.415338 0
    outer loop
      vertex 36.6255 -14.2631 0
      vertex 36.6418 -14.2988 6.6
      vertex 36.6418 -14.2988 0
    endloop
  endfacet
  facet normal 0.881859 0.471514 0
    outer loop
      vertex 36.6255 -14.2631 6.6
      vertex 36.607 -14.2285 0
      vertex 36.607 -14.2285 6.6
    endloop
  endfacet
  facet normal 0.881859 0.471514 0
    outer loop
      vertex 36.607 -14.2285 0
      vertex 36.6255 -14.2631 6.6
      vertex 36.6255 -14.2631 0
    endloop
  endfacet
  facet normal 0.849994 0.526793 0
    outer loop
      vertex 36.607 -14.2285 6.6
      vertex 36.5863 -14.1951 0
      vertex 36.5863 -14.1951 6.6
    endloop
  endfacet
  facet normal 0.849994 0.526793 0
    outer loop
      vertex 36.5863 -14.1951 0
      vertex 36.607 -14.2285 6.6
      vertex 36.607 -14.2285 0
    endloop
  endfacet
  facet normal 0.812355 0.583164 0
    outer loop
      vertex 36.5863 -14.1951 6.6
      vertex 36.5634 -14.1632 0
      vertex 36.5634 -14.1632 6.6
    endloop
  endfacet
  facet normal 0.812355 0.583164 0
    outer loop
      vertex 36.5634 -14.1632 0
      vertex 36.5863 -14.1951 6.6
      vertex 36.5863 -14.1951 0
    endloop
  endfacet
  facet normal 0.771342 0.636421 0
    outer loop
      vertex 36.5634 -14.1632 6.6
      vertex 36.5384 -14.1329 0
      vertex 36.5384 -14.1329 6.6
    endloop
  endfacet
  facet normal 0.771342 0.636421 0
    outer loop
      vertex 36.5384 -14.1329 0
      vertex 36.5634 -14.1632 6.6
      vertex 36.5634 -14.1632 0
    endloop
  endfacet
  facet normal 0.729696 0.683771 0
    outer loop
      vertex 36.5384 -14.1329 6.6
      vertex 36.5116 -14.1043 0
      vertex 36.5116 -14.1043 6.6
    endloop
  endfacet
  facet normal 0.729696 0.683771 0
    outer loop
      vertex 36.5116 -14.1043 0
      vertex 36.5384 -14.1329 6.6
      vertex 36.5384 -14.1329 0
    endloop
  endfacet
  facet normal 0.6825 0.730886 -0
    outer loop
      vertex 36.5116 -14.1043 0
      vertex 36.4829 -14.0775 6.6
      vertex 36.5116 -14.1043 6.6
    endloop
  endfacet
  facet normal 0.6825 0.730886 0
    outer loop
      vertex 36.4829 -14.0775 6.6
      vertex 36.5116 -14.1043 0
      vertex 36.4829 -14.0775 0
    endloop
  endfacet
  facet normal 0.658699 0.752407 -0
    outer loop
      vertex 36.4829 -14.0775 0
      vertex 33.5747 -11.5315 6.6
      vertex 36.4829 -14.0775 6.6
    endloop
  endfacet
  facet normal 0.658699 0.752407 0
    outer loop
      vertex 33.5747 -11.5315 6.6
      vertex 36.4829 -14.0775 0
      vertex 33.5747 -11.5315 0
    endloop
  endfacet
  facet normal 0.948342 -0.31725 0
    outer loop
      vertex 33.5747 -11.5315 6.6
      vertex 33.7609 -10.9749 0
      vertex 33.7609 -10.9749 6.6
    endloop
  endfacet
  facet normal 0.948342 -0.31725 0
    outer loop
      vertex 33.7609 -10.9749 0
      vertex 33.5747 -11.5315 6.6
      vertex 33.5747 -11.5315 0
    endloop
  endfacet
  facet normal 0.951527 -0.307564 0
    outer loop
      vertex 33.7609 -10.9749 6.6
      vertex 33.7641 -10.965 0
      vertex 33.7641 -10.965 6.6
    endloop
  endfacet
  facet normal 0.951527 -0.307564 0
    outer loop
      vertex 33.7641 -10.965 0
      vertex 33.7609 -10.9749 6.6
      vertex 33.7609 -10.9749 0
    endloop
  endfacet
  facet normal 0.953712 -0.300723 0
    outer loop
      vertex 33.7641 -10.965 6.6
      vertex 33.9473 -10.384 0
      vertex 33.9473 -10.384 6.6
    endloop
  endfacet
  facet normal 0.953712 -0.300723 0
    outer loop
      vertex 33.9473 -10.384 0
      vertex 33.7641 -10.965 6.6
      vertex 33.7641 -10.965 0
    endloop
  endfacet
  facet normal 0.957826 -0.287348 0
    outer loop
      vertex 33.9473 -10.384 6.6
      vertex 33.9503 -10.374 0
      vertex 33.9503 -10.374 6.6
    endloop
  endfacet
  facet normal 0.957826 -0.287348 0
    outer loop
      vertex 33.9503 -10.374 0
      vertex 33.9473 -10.384 6.6
      vertex 33.9473 -10.384 0
    endloop
  endfacet
  facet normal 0.958789 -0.284119 0
    outer loop
      vertex 33.9503 -10.374 6.6
      vertex 34.1232 -9.79053 0
      vertex 34.1232 -9.79053 6.6
    endloop
  endfacet
  facet normal 0.958789 -0.284119 0
    outer loop
      vertex 34.1232 -9.79053 0
      vertex 33.9503 -10.374 6.6
      vertex 33.9503 -10.374 0
    endloop
  endfacet
  facet normal 0.961091 -0.27623 0
    outer loop
      vertex 34.1232 -9.79053 6.6
      vertex 34.1261 -9.78044 0
      vertex 34.1261 -9.78044 6.6
    endloop
  endfacet
  facet normal 0.961091 -0.27623 0
    outer loop
      vertex 34.1261 -9.78044 0
      vertex 34.1232 -9.79053 6.6
      vertex 34.1232 -9.79053 0
    endloop
  endfacet
  facet normal 0.96366 -0.267132 0
    outer loop
      vertex 34.1261 -9.78044 6.6
      vertex 34.289 -9.19279 0
      vertex 34.289 -9.19279 6.6
    endloop
  endfacet
  facet normal 0.96366 -0.267132 0
    outer loop
      vertex 34.289 -9.19279 0
      vertex 34.1261 -9.78044 6.6
      vertex 34.1261 -9.78044 0
    endloop
  endfacet
  facet normal 0.966076 -0.258258 0
    outer loop
      vertex 34.289 -9.19279 6.6
      vertex 34.2917 -9.18269 0
      vertex 34.2917 -9.18269 6.6
    endloop
  endfacet
  facet normal 0.966076 -0.258258 0
    outer loop
      vertex 34.2917 -9.18269 0
      vertex 34.289 -9.19279 6.6
      vertex 34.289 -9.19279 0
    endloop
  endfacet
  facet normal 0.968144 -0.250393 0
    outer loop
      vertex 34.2917 -9.18269 6.6
      vertex 34.4442 -8.59305 0
      vertex 34.4442 -8.59305 6.6
    endloop
  endfacet
  facet normal 0.968144 -0.250393 0
    outer loop
      vertex 34.4442 -8.59305 0
      vertex 34.2917 -9.18269 6.6
      vertex 34.2917 -9.18269 0
    endloop
  endfacet
  facet normal 0.968781 -0.247917 0
    outer loop
      vertex 34.4442 -8.59305 6.6
      vertex 34.4468 -8.58289 0
      vertex 34.4468 -8.58289 6.6
    endloop
  endfacet
  facet normal 0.968781 -0.247917 0
    outer loop
      vertex 34.4468 -8.58289 0
      vertex 34.4442 -8.59305 6.6
      vertex 34.4442 -8.59305 0
    endloop
  endfacet
  facet normal 0.972379 -0.233409 0
    outer loop
      vertex 34.4468 -8.58289 6.6
      vertex 34.5888 -7.99132 0
      vertex 34.5888 -7.99132 6.6
    endloop
  endfacet
  facet normal 0.972379 -0.233409 0
    outer loop
      vertex 34.5888 -7.99132 0
      vertex 34.4468 -8.58289 6.6
      vertex 34.4468 -8.58289 0
    endloop
  endfacet
  facet normal 0.973567 -0.228403 0
    outer loop
      vertex 34.5888 -7.99132 6.6
      vertex 34.5912 -7.98109 0
      vertex 34.5912 -7.98109 6.6
    endloop
  endfacet
  facet normal 0.973567 -0.228403 0
    outer loop
      vertex 34.5912 -7.98109 0
      vertex 34.5888 -7.99132 6.6
      vertex 34.5888 -7.99132 0
    endloop
  endfacet
  facet normal 0.9763 -0.21642 0
    outer loop
      vertex 34.5912 -7.98109 6.6
      vertex 34.7232 -7.38562 0
      vertex 34.7232 -7.38562 6.6
    endloop
  endfacet
  facet normal 0.9763 -0.21642 0
    outer loop
      vertex 34.7232 -7.38562 0
      vertex 34.5912 -7.98109 6.6
      vertex 34.5912 -7.98109 0
    endloop
  endfacet
  facet normal 0.979535 -0.201274 0
    outer loop
      vertex 34.7232 -7.38562 6.6
      vertex 34.7253 -7.3754 0
      vertex 34.7253 -7.3754 6.6
    endloop
  endfacet
  facet normal 0.979535 -0.201274 0
    outer loop
      vertex 34.7253 -7.3754 0
      vertex 34.7232 -7.38562 6.6
      vertex 34.7232 -7.38562 0
    endloop
  endfacet
  facet normal 0.979893 -0.199522 0
    outer loop
      vertex 34.7253 -7.3754 6.6
      vertex 34.8468 -6.77869 0
      vertex 34.8468 -6.77869 6.6
    endloop
  endfacet
  facet normal 0.979893 -0.199522 0
    outer loop
      vertex 34.8468 -6.77869 0
      vertex 34.7253 -7.3754 6.6
      vertex 34.7253 -7.3754 0
    endloop
  endfacet
  facet normal 0.981665 -0.190615 0
    outer loop
      vertex 34.8468 -6.77869 6.6
      vertex 34.8488 -6.76839 0
      vertex 34.8488 -6.76839 6.6
    endloop
  endfacet
  facet normal 0.981665 -0.190615 0
    outer loop
      vertex 34.8488 -6.76839 0
      vertex 34.8468 -6.77869 6.6
      vertex 34.8468 -6.77869 0
    endloop
  endfacet
  facet normal 0.983277 -0.182119 0
    outer loop
      vertex 34.8488 -6.76839 6.6
      vertex 34.9597 -6.16963 0
      vertex 34.9597 -6.16963 6.6
    endloop
  endfacet
  facet normal 0.983277 -0.182119 0
    outer loop
      vertex 34.9597 -6.16963 0
      vertex 34.8488 -6.76839 6.6
      vertex 34.8488 -6.76839 0
    endloop
  endfacet
  facet normal 0.985071 -0.172148 0
    outer loop
      vertex 34.9597 -6.16963 6.6
      vertex 34.9615 -6.15933 0
      vertex 34.9615 -6.15933 6.6
    endloop
  endfacet
  facet normal 0.985071 -0.172148 0
    outer loop
      vertex 34.9615 -6.15933 0
      vertex 34.9597 -6.16963 6.6
      vertex 34.9597 -6.16963 0
    endloop
  endfacet
  facet normal 0.98627 -0.16514 0
    outer loop
      vertex 34.9615 -6.15933 6.6
      vertex 35.062 -5.55911 0
      vertex 35.062 -5.55911 6.6
    endloop
  endfacet
  facet normal 0.98627 -0.16514 0
    outer loop
      vertex 35.062 -5.55911 0
      vertex 34.9615 -6.15933 6.6
      vertex 34.9615 -6.15933 0
    endloop
  endfacet
  facet normal 0.988239 -0.152919 0
    outer loop
      vertex 35.062 -5.55911 6.6
      vertex 35.0636 -5.54877 0
      vertex 35.0636 -5.54877 6.6
    endloop
  endfacet
  facet normal 0.988239 -0.152919 0
    outer loop
      vertex 35.0636 -5.54877 0
      vertex 35.062 -5.55911 6.6
      vertex 35.062 -5.55911 0
    endloop
  endfacet
  facet normal 0.989012 -0.147836 0
    outer loop
      vertex 35.0636 -5.54877 6.6
      vertex 35.1538 -4.94534 0
      vertex 35.1538 -4.94534 6.6
    endloop
  endfacet
  facet normal 0.989012 -0.147836 0
    outer loop
      vertex 35.1538 -4.94534 0
      vertex 35.0636 -5.54877 6.6
      vertex 35.0636 -5.54877 0
    endloop
  endfacet
  facet normal 0.98968 -0.143293 0
    outer loop
      vertex 35.1538 -4.94534 6.6
      vertex 35.1553 -4.93498 0
      vertex 35.1553 -4.93498 6.6
    endloop
  endfacet
  facet normal 0.98968 -0.143293 0
    outer loop
      vertex 35.1553 -4.93498 0
      vertex 35.1538 -4.94534 6.6
      vertex 35.1538 -4.94534 0
    endloop
  endfacet
  facet normal 0.991463 -0.130389 0
    outer loop
      vertex 35.1553 -4.93498 6.6
      vertex 35.2346 -4.33199 0
      vertex 35.2346 -4.33199 6.6
    endloop
  endfacet
  facet normal 0.991463 -0.130389 0
    outer loop
      vertex 35.2346 -4.33199 0
      vertex 35.1553 -4.93498 6.6
      vertex 35.1553 -4.93498 0
    endloop
  endfacet
  facet normal 0.992293 -0.123917 0
    outer loop
      vertex 35.2346 -4.33199 6.6
      vertex 35.2359 -4.32158 0
      vertex 35.2359 -4.32158 6.6
    endloop
  endfacet
  facet normal 0.992293 -0.123917 0
    outer loop
      vertex 35.2359 -4.32158 0
      vertex 35.2346 -4.33199 6.6
      vertex 35.2346 -4.33199 0
    endloop
  endfacet
  facet normal 0.99357 -0.113217 0
    outer loop
      vertex 35.2359 -4.32158 6.6
      vertex 35.3049 -3.71605 0
      vertex 35.3049 -3.71605 6.6
    endloop
  endfacet
  facet normal 0.99357 -0.113217 0
    outer loop
      vertex 35.3049 -3.71605 0
      vertex 35.2359 -4.32158 6.6
      vertex 35.2359 -4.32158 0
    endloop
  endfacet
  facet normal 0.994474 -0.104983 0
    outer loop
      vertex 35.3049 -3.71605 6.6
      vertex 35.306 -3.70563 0
      vertex 35.306 -3.70563 6.6
    endloop
  endfacet
  facet normal 0.994474 -0.104983 0
    outer loop
      vertex 35.306 -3.70563 0
      vertex 35.3049 -3.71605 6.6
      vertex 35.3049 -3.71605 0
    endloop
  endfacet
  facet normal 0.995389 -0.0959249 0
    outer loop
      vertex 35.306 -3.70563 6.6
      vertex 35.3645 -3.09859 0
      vertex 35.3645 -3.09859 6.6
    endloop
  endfacet
  facet normal 0.995389 -0.0959249 0
    outer loop
      vertex 35.3645 -3.09859 0
      vertex 35.306 -3.70563 6.6
      vertex 35.306 -3.70563 0
    endloop
  endfacet
  facet normal 0.996291 -0.086052 0
    outer loop
      vertex 35.3645 -3.09859 6.6
      vertex 35.3654 -3.08817 0
      vertex 35.3654 -3.08817 6.6
    endloop
  endfacet
  facet normal 0.996291 -0.086052 0
    outer loop
      vertex 35.3654 -3.08817 0
      vertex 35.3645 -3.09859 6.6
      vertex 35.3645 -3.09859 0
    endloop
  endfacet
  facet normal 0.996921 -0.0784097 0
    outer loop
      vertex 35.3654 -3.08817 6.6
      vertex 35.4131 -2.4817 0
      vertex 35.4131 -2.4817 6.6
    endloop
  endfacet
  facet normal 0.996921 -0.0784097 0
    outer loop
      vertex 35.4131 -2.4817 0
      vertex 35.3654 -3.08817 6.6
      vertex 35.3654 -3.08817 0
    endloop
  endfacet
  facet normal 0.997755 -0.0669635 0
    outer loop
      vertex 35.4131 -2.4817 6.6
      vertex 35.4138 -2.47127 0
      vertex 35.4138 -2.47127 6.6
    endloop
  endfacet
  facet normal 0.997755 -0.0669635 0
    outer loop
      vertex 35.4138 -2.47127 0
      vertex 35.4131 -2.4817 6.6
      vertex 35.4131 -2.4817 0
    endloop
  endfacet
  facet normal 0.998134 -0.061063 0
    outer loop
      vertex 35.4138 -2.47127 6.6
      vertex 35.451 -1.8632 0
      vertex 35.451 -1.8632 6.6
    endloop
  endfacet
  facet normal 0.998134 -0.061063 0
    outer loop
      vertex 35.451 -1.8632 0
      vertex 35.4138 -2.47127 6.6
      vertex 35.4138 -2.47127 0
    endloop
  endfacet
  facet normal 0.998359 -0.0572672 0
    outer loop
      vertex 35.451 -1.8632 6.6
      vertex 35.4516 -1.85274 0
      vertex 35.4516 -1.85274 6.6
    endloop
  endfacet
  facet normal 0.998359 -0.0572672 0
    outer loop
      vertex 35.4516 -1.85274 0
      vertex 35.451 -1.8632 6.6
      vertex 35.451 -1.8632 0
    endloop
  endfacet
  facet normal 0.999053 -0.0435049 0
    outer loop
      vertex 35.4516 -1.85274 6.6
      vertex 35.4781 -1.24419 0
      vertex 35.4781 -1.24419 6.6
    endloop
  endfacet
  facet normal 0.999053 -0.0435049 0
    outer loop
      vertex 35.4781 -1.24419 0
      vertex 35.4516 -1.85274 6.6
      vertex 35.4516 -1.85274 0
    endloop
  endfacet
  facet normal 0.999271 -0.0381765 0
    outer loop
      vertex 35.4781 -1.24419 6.6
      vertex 35.4785 -1.23372 0
      vertex 35.4785 -1.23372 6.6
    endloop
  endfacet
  facet normal 0.999271 -0.0381765 0
    outer loop
      vertex 35.4785 -1.23372 0
      vertex 35.4781 -1.24419 6.6
      vertex 35.4781 -1.24419 0
    endloop
  endfacet
  facet normal 0.999659 -0.0261036 0
    outer loop
      vertex 35.4785 -1.23372 6.6
      vertex 35.4944 -0.624817 0
      vertex 35.4944 -0.624817 6.6
    endloop
  endfacet
  facet normal 0.999659 -0.0261036 0
    outer loop
      vertex 35.4944 -0.624817 0
      vertex 35.4785 -1.23372 6.6
      vertex 35.4785 -1.23372 0
    endloop
  endfacet
  facet normal 0.999817 -0.0191316 0
    outer loop
      vertex 35.4944 -0.624817 6.6
      vertex 35.4946 -0.614365 0
      vertex 35.4946 -0.614365 6.6
    endloop
  endfacet
  facet normal 0.999817 -0.0191316 0
    outer loop
      vertex 35.4946 -0.614365 0
      vertex 35.4944 -0.624817 6.6
      vertex 35.4944 -0.624817 0
    endloop
  endfacet
  facet normal 0.999961 -0.00886496 0
    outer loop
      vertex 35.4946 -0.614365 6.6
      vertex 35.5 -0.00524902 0
      vertex 35.5 -0.00524902 6.6
    endloop
  endfacet
  facet normal 0.999961 -0.00886496 0
    outer loop
      vertex 35.5 -0.00524902 0
      vertex 35.4946 -0.614365 6.6
      vertex 35.4946 -0.614365 0
    endloop
  endfacet
  facet normal 1 -0 0
    outer loop
      vertex 35.5 -0.00524902 6.6
      vertex 35.5 0.00524902 0
      vertex 35.5 0.00524902 6.6
    endloop
  endfacet
  facet normal 1 0 0
    outer loop
      vertex 35.5 0.00524902 0
      vertex 35.5 -0.00524902 6.6
      vertex 35.5 -0.00524902 0
    endloop
  endfacet
  facet normal 0.999961 0.00886496 0
    outer loop
      vertex 35.5 0.00524902 6.6
      vertex 35.4946 0.614365 0
      vertex 35.4946 0.614365 6.6
    endloop
  endfacet
  facet normal 0.999961 0.00886496 0
    outer loop
      vertex 35.4946 0.614365 0
      vertex 35.5 0.00524902 6.6
      vertex 35.5 0.00524902 0
    endloop
  endfacet
  facet normal 0.999817 0.0191316 0
    outer loop
      vertex 35.4946 0.614365 6.6
      vertex 35.4944 0.624817 0
      vertex 35.4944 0.624817 6.6
    endloop
  endfacet
  facet normal 0.999817 0.0191316 0
    outer loop
      vertex 35.4944 0.624817 0
      vertex 35.4946 0.614365 6.6
      vertex 35.4946 0.614365 0
    endloop
  endfacet
  facet normal 0.999659 0.0261036 0
    outer loop
      vertex 35.4944 0.624817 6.6
      vertex 35.4785 1.23372 0
      vertex 35.4785 1.23372 6.6
    endloop
  endfacet
  facet normal 0.999659 0.0261036 0
    outer loop
      vertex 35.4785 1.23372 0
      vertex 35.4944 0.624817 6.6
      vertex 35.4944 0.624817 0
    endloop
  endfacet
  facet normal 0.999271 0.0381765 0
    outer loop
      vertex 35.4785 1.23372 6.6
      vertex 35.4781 1.24419 0
      vertex 35.4781 1.24419 6.6
    endloop
  endfacet
  facet normal 0.999271 0.0381765 0
    outer loop
      vertex 35.4781 1.24419 0
      vertex 35.4785 1.23372 6.6
      vertex 35.4785 1.23372 0
    endloop
  endfacet
  facet normal 0.999053 0.0435049 0
    outer loop
      vertex 35.4781 1.24419 6.6
      vertex 35.4516 1.85274 0
      vertex 35.4516 1.85274 6.6
    endloop
  endfacet
  facet normal 0.999053 0.0435049 0
    outer loop
      vertex 35.4516 1.85274 0
      vertex 35.4781 1.24419 6.6
      vertex 35.4781 1.24419 0
    endloop
  endfacet
  facet normal 0.998359 0.0572672 0
    outer loop
      vertex 35.4516 1.85274 6.6
      vertex 35.451 1.8632 0
      vertex 35.451 1.8632 6.6
    endloop
  endfacet
  facet normal 0.998359 0.0572672 0
    outer loop
      vertex 35.451 1.8632 0
      vertex 35.4516 1.85274 6.6
      vertex 35.4516 1.85274 0
    endloop
  endfacet
  facet normal 0.998133 0.061071 0
    outer loop
      vertex 35.451 1.8632 6.6
      vertex 35.4138 2.47119 0
      vertex 35.4138 2.47119 6.6
    endloop
  endfacet
  facet normal 0.998133 0.061071 0
    outer loop
      vertex 35.4138 2.47119 0
      vertex 35.451 1.8632 6.6
      vertex 35.451 1.8632 0
    endloop
  endfacet
  facet normal 0.997764 0.0668359 0
    outer loop
      vertex 35.4138 2.47119 6.6
      vertex 35.4131 2.48164 0
      vertex 35.4131 2.48164 6.6
    endloop
  endfacet
  facet normal 0.997764 0.0668359 0
    outer loop
      vertex 35.4131 2.48164 0
      vertex 35.4138 2.47119 6.6
      vertex 35.4138 2.47119 0
    endloop
  endfacet
  facet normal 0.996919 0.0784392 0
    outer loop
      vertex 35.4131 2.48164 6.6
      vertex 35.3898 2.77777 0
      vertex 35.3898 2.77777 6.6
    endloop
  endfacet
  facet normal 0.996919 0.0784392 0
    outer loop
      vertex 35.3898 2.77777 0
      vertex 35.4131 2.48164 6.6
      vertex 35.4131 2.48164 0
    endloop
  endfacet
  facet normal 0.241925 -0.970295 0
    outer loop
      vertex 35.3898 2.77777 0
      vertex 38.8142 3.63158 6.6
      vertex 35.3898 2.77777 6.6
    endloop
  endfacet
  facet normal 0.241925 -0.970295 0
    outer loop
      vertex 38.8142 3.63158 6.6
      vertex 35.3898 2.77777 0
      vertex 38.8142 3.63158 0
    endloop
  endfacet
  facet normal 0.27081 -0.962633 0
    outer loop
      vertex 38.8142 3.63158 0
      vertex 38.849 3.64137 6.6
      vertex 38.8142 3.63158 6.6
    endloop
  endfacet
  facet normal 0.27081 -0.962633 0
    outer loop
      vertex 38.849 3.64137 6.6
      vertex 38.8142 3.63158 0
      vertex 38.849 3.64137 0
    endloop
  endfacet
  facet normal 0.331259 -0.94354 0
    outer loop
      vertex 38.849 3.64137 0
      vertex 38.886 3.65436 6.6
      vertex 38.849 3.64137 6.6
    endloop
  endfacet
  facet normal 0.331259 -0.94354 0
    outer loop
      vertex 38.886 3.65436 6.6
      vertex 38.849 3.64137 0
      vertex 38.886 3.65436 0
    endloop
  endfacet
  facet normal 0.392166 -0.919895 0
    outer loop
      vertex 38.886 3.65436 0
      vertex 38.9221 3.66975 6.6
      vertex 38.886 3.65436 6.6
    endloop
  endfacet
  facet normal 0.392166 -0.919895 0
    outer loop
      vertex 38.9221 3.66975 6.6
      vertex 38.886 3.65436 0
      vertex 38.9221 3.66975 0
    endloop
  endfacet
  facet normal 0.450669 -0.892691 0
    outer loop
      vertex 38.9221 3.66975 0
      vertex 38.9572 3.68747 6.6
      vertex 38.9221 3.66975 6.6
    endloop
  endfacet
  facet normal 0.450669 -0.892691 0
    outer loop
      vertex 38.9572 3.68747 6.6
      vertex 38.9221 3.66975 0
      vertex 38.9572 3.68747 0
    endloop
  endfacet
  facet normal 0.508678 -0.860957 0
    outer loop
      vertex 38.9572 3.68747 0
      vertex 38.991 3.70744 6.6
      vertex 38.9572 3.68747 6.6
    endloop
  endfacet
  facet normal 0.508678 -0.860957 0
    outer loop
      vertex 38.991 3.70744 6.6
      vertex 38.9572 3.68747 0
      vertex 38.991 3.70744 0
    endloop
  endfacet
  facet normal 0.564191 -0.825645 0
    outer loop
      vertex 38.991 3.70744 0
      vertex 39.0234 3.72958 6.6
      vertex 38.991 3.70744 6.6
    endloop
  endfacet
  facet normal 0.564191 -0.825645 0
    outer loop
      vertex 39.0234 3.72958 6.6
      vertex 38.991 3.70744 0
      vertex 39.0234 3.72958 0
    endloop
  endfacet
  facet normal 0.616899 -0.787043 0
    outer loop
      vertex 39.0234 3.72958 0
      vertex 39.0543 3.7538 6.6
      vertex 39.0234 3.72958 6.6
    endloop
  endfacet
  facet normal 0.616899 -0.787043 0
    outer loop
      vertex 39.0543 3.7538 6.6
      vertex 39.0234 3.72958 0
      vertex 39.0543 3.7538 0
    endloop
  endfacet
  facet normal 0.666289 -0.745694 0
    outer loop
      vertex 39.0543 3.7538 0
      vertex 39.0836 3.77998 6.6
      vertex 39.0543 3.7538 6.6
    endloop
  endfacet
  facet normal 0.666289 -0.745694 0
    outer loop
      vertex 39.0836 3.77998 6.6
      vertex 39.0543 3.7538 0
      vertex 39.0836 3.77998 0
    endloop
  endfacet
  facet normal 0.713823 -0.700326 0
    outer loop
      vertex 39.0836 3.77998 6.6
      vertex 39.1111 3.80801 0
      vertex 39.1111 3.80801 6.6
    endloop
  endfacet
  facet normal 0.713823 -0.700326 0
    outer loop
      vertex 39.1111 3.80801 0
      vertex 39.0836 3.77998 6.6
      vertex 39.0836 3.77998 0
    endloop
  endfacet
  facet normal 0.759688 -0.650287 0
    outer loop
      vertex 39.1111 3.80801 6.6
      vertex 39.1366 3.8378 0
      vertex 39.1366 3.8378 6.6
    endloop
  endfacet
  facet normal 0.759688 -0.650287 0
    outer loop
      vertex 39.1366 3.8378 0
      vertex 39.1111 3.80801 6.6
      vertex 39.1111 3.80801 0
    endloop
  endfacet
  facet normal 0.799297 -0.600937 0
    outer loop
      vertex 39.1366 3.8378 6.6
      vertex 39.1602 3.86919 0
      vertex 39.1602 3.86919 6.6
    endloop
  endfacet
  facet normal 0.799297 -0.600937 0
    outer loop
      vertex 39.1602 3.86919 0
      vertex 39.1366 3.8378 6.6
      vertex 39.1366 3.8378 0
    endloop
  endfacet
  facet normal 0.836799 -0.54751 0
    outer loop
      vertex 39.1602 3.86919 6.6
      vertex 39.1817 3.90205 0
      vertex 39.1817 3.90205 6.6
    endloop
  endfacet
  facet normal 0.836799 -0.54751 0
    outer loop
      vertex 39.1817 3.90205 0
      vertex 39.1602 3.86919 6.6
      vertex 39.1602 3.86919 0
    endloop
  endfacet
  facet normal 0.870895 -0.49147 0
    outer loop
      vertex 39.1817 3.90205 6.6
      vertex 39.201 3.93625 0
      vertex 39.201 3.93625 6.6
    endloop
  endfacet
  facet normal 0.870895 -0.49147 0
    outer loop
      vertex 39.201 3.93625 0
      vertex 39.1817 3.90205 6.6
      vertex 39.1817 3.90205 0
    endloop
  endfacet
  facet normal 0.901348 -0.433095 0
    outer loop
      vertex 39.201 3.93625 6.6
      vertex 39.218 3.97163 0
      vertex 39.218 3.97163 6.6
    endloop
  endfacet
  facet normal 0.901348 -0.433095 0
    outer loop
      vertex 39.218 3.97163 0
      vertex 39.201 3.93625 6.6
      vertex 39.201 3.93625 0
    endloop
  endfacet
  facet normal 0.927349 -0.374198 0
    outer loop
      vertex 39.218 3.97163 6.6
      vertex 39.2327 4.00806 0
      vertex 39.2327 4.00806 6.6
    endloop
  endfacet
  facet normal 0.927349 -0.374198 0
    outer loop
      vertex 39.2327 4.00806 0
      vertex 39.218 3.97163 6.6
      vertex 39.218 3.97163 0
    endloop
  endfacet
  facet normal 0.950452 -0.310872 0
    outer loop
      vertex 39.2327 4.00806 6.6
      vertex 39.2449 4.04536 0
      vertex 39.2449 4.04536 6.6
    endloop
  endfacet
  facet normal 0.950452 -0.310872 0
    outer loop
      vertex 39.2449 4.04536 0
      vertex 39.2327 4.00806 6.6
      vertex 39.2327 4.00806 0
    endloop
  endfacet
  facet normal 0.968365 -0.249539 0
    outer loop
      vertex 39.2449 4.04536 6.6
      vertex 39.2547 4.08339 0
      vertex 39.2547 4.08339 6.6
    endloop
  endfacet
  facet normal 0.968365 -0.249539 0
    outer loop
      vertex 39.2547 4.08339 0
      vertex 39.2449 4.04536 6.6
      vertex 39.2449 4.04536 0
    endloop
  endfacet
  facet normal 0.982556 -0.185965 0
    outer loop
      vertex 39.2547 4.08339 6.6
      vertex 39.262 4.12196 0
      vertex 39.262 4.12196 6.6
    endloop
  endfacet
  facet normal 0.982556 -0.185965 0
    outer loop
      vertex 39.262 4.12196 0
      vertex 39.2547 4.08339 6.6
      vertex 39.2547 4.08339 0
    endloop
  endfacet
  facet normal 0.992813 -0.119677 0
    outer loop
      vertex 39.262 4.12196 6.6
      vertex 39.2667 4.16095 0
      vertex 39.2667 4.16095 6.6
    endloop
  endfacet
  facet normal 0.992813 -0.119677 0
    outer loop
      vertex 39.2667 4.16095 0
      vertex 39.262 4.12196 6.6
      vertex 39.262 4.12196 0
    endloop
  endfacet
  facet normal 0.998429 -0.0560343 0
    outer loop
      vertex 39.2667 4.16095 6.6
      vertex 39.2689 4.20015 0
      vertex 39.2689 4.20015 6.6
    endloop
  endfacet
  facet normal 0.998429 -0.0560343 0
    outer loop
      vertex 39.2689 4.20015 0
      vertex 39.2667 4.16095 6.6
      vertex 39.2667 4.16095 0
    endloop
  endfacet
  facet normal 0.999948 0.010188 0
    outer loop
      vertex 39.2689 4.20015 6.6
      vertex 39.2685 4.23941 0
      vertex 39.2685 4.23941 6.6
    endloop
  endfacet
  facet normal 0.999948 0.010188 0
    outer loop
      vertex 39.2685 4.23941 0
      vertex 39.2689 4.20015 6.6
      vertex 39.2689 4.20015 0
    endloop
  endfacet
  facet normal 0.997077 0.0764044 0
    outer loop
      vertex 39.2685 4.23941 6.6
      vertex 39.2655 4.27856 0
      vertex 39.2655 4.27856 6.6
    endloop
  endfacet
  facet normal 0.997077 0.0764044 0
    outer loop
      vertex 39.2655 4.27856 0
      vertex 39.2685 4.23941 6.6
      vertex 39.2685 4.23941 0
    endloop
  endfacet
  facet normal 0.994153 0.10798 0
    outer loop
      vertex 39.2655 4.27856 6.6
      vertex 39.1746 5.11546 0
      vertex 39.1746 5.11546 6.6
    endloop
  endfacet
  facet normal 0.994153 0.10798 0
    outer loop
      vertex 39.1746 5.11546 0
      vertex 39.2655 4.27856 6.6
      vertex 39.2655 4.27856 0
    endloop
  endfacet
  facet normal 0.991902 0.127004 0
    outer loop
      vertex 39.1746 5.11546 6.6
      vertex 39.1716 5.13889 0
      vertex 39.1716 5.13889 6.6
    endloop
  endfacet
  facet normal 0.991902 0.127004 0
    outer loop
      vertex 39.1716 5.13889 0
      vertex 39.1746 5.11546 6.6
      vertex 39.1746 5.11546 0
    endloop
  endfacet
  facet normal 0.989126 0.147073 0
    outer loop
      vertex 39.1716 5.13889 6.6
      vertex 38.9724 6.47859 0
      vertex 38.9724 6.47859 6.6
    endloop
  endfacet
  facet normal 0.989126 0.147073 0
    outer loop
      vertex 38.9724 6.47859 0
      vertex 39.1716 5.13889 6.6
      vertex 39.1716 5.13889 0
    endloop
  endfacet
  facet normal 0.986677 0.162692 0
    outer loop
      vertex 38.9724 6.47859 6.6
      vertex 38.969 6.49921 0
      vertex 38.969 6.49921 6.6
    endloop
  endfacet
  facet normal 0.986677 0.162692 0
    outer loop
      vertex 38.969 6.49921 0
      vertex 38.9724 6.47859 6.6
      vertex 38.9724 6.47859 0
    endloop
  endfacet
  facet normal 0.983416 0.181362 0
    outer loop
      vertex 38.969 6.49921 6.6
      vertex 38.7231 7.83258 0
      vertex 38.7231 7.83258 6.6
    endloop
  endfacet
  facet normal 0.983416 0.181362 0
    outer loop
      vertex 38.7231 7.83258 0
      vertex 38.969 6.49921 6.6
      vertex 38.969 6.49921 0
    endloop
  endfacet
  facet normal 0.97967 0.200615 0
    outer loop
      vertex 38.7231 7.83258 6.6
      vertex 38.7189 7.85309 0
      vertex 38.7189 7.85309 6.6
    endloop
  endfacet
  facet normal 0.97967 0.200615 0
    outer loop
      vertex 38.7189 7.85309 0
      vertex 38.7231 7.83258 6.6
      vertex 38.7231 7.83258 0
    endloop
  endfacet
  facet normal 0.976486 0.215579 0
    outer loop
      vertex 38.7189 7.85309 6.6
      vertex 38.4266 9.17709 0
      vertex 38.4266 9.17709 6.6
    endloop
  endfacet
  facet normal 0.976486 0.215579 0
    outer loop
      vertex 38.4266 9.17709 0
      vertex 38.7189 7.85309 6.6
      vertex 38.7189 7.85309 0
    endloop
  endfacet
  facet normal 0.973241 0.229786 0
    outer loop
      vertex 38.4266 9.17709 6.6
      vertex 38.4218 9.19742 0
      vertex 38.4218 9.19742 6.6
    endloop
  endfacet
  facet normal 0.973241 0.229786 0
    outer loop
      vertex 38.4218 9.19742 0
      vertex 38.4266 9.17709 6.6
      vertex 38.4266 9.17709 0
    endloop
  endfacet
  facet normal 0.968382 0.249471 0
    outer loop
      vertex 38.4218 9.19742 6.6
      vertex 38.0834 10.511 0
      vertex 38.0834 10.511 6.6
    endloop
  endfacet
  facet normal 0.968382 0.249471 0
    outer loop
      vertex 38.0834 10.511 0
      vertex 38.4218 9.19742 6.6
      vertex 38.4218 9.19742 0
    endloop
  endfacet
  facet normal 0.963654 0.267152 0
    outer loop
      vertex 38.0834 10.511 6.6
      vertex 38.0778 10.5312 0
      vertex 38.0778 10.5312 6.6
    endloop
  endfacet
  facet normal 0.963654 0.267152 0
    outer loop
      vertex 38.0778 10.5312 0
      vertex 38.0834 10.511 6.6
      vertex 38.0834 10.511 0
    endloop
  endfacet
  facet normal 0.959102 0.283061 0
    outer loop
      vertex 38.0778 10.5312 6.6
      vertex 37.6941 11.8313 0
      vertex 37.6941 11.8313 6.6
    endloop
  endfacet
  facet normal 0.959102 0.283061 0
    outer loop
      vertex 37.6941 11.8313 0
      vertex 38.0778 10.5312 6.6
      vertex 38.0778 10.5312 0
    endloop
  endfacet
  facet normal 0.953799 0.300447 0
    outer loop
      vertex 37.6941 11.8313 6.6
      vertex 37.6878 11.8513 0
      vertex 37.6878 11.8513 6.6
    endloop
  endfacet
  facet normal 0.953799 0.300447 0
    outer loop
      vertex 37.6878 11.8513 0
      vertex 37.6941 11.8313 6.6
      vertex 37.6941 11.8313 0
    endloop
  endfacet
  facet normal 0.948654 0.316316 0
    outer loop
      vertex 37.6878 11.8513 6.6
      vertex 37.2589 13.1376 0
      vertex 37.2589 13.1376 6.6
    endloop
  endfacet
  facet normal 0.948654 0.316316 0
    outer loop
      vertex 37.2589 13.1376 0
      vertex 37.6878 11.8513 6.6
      vertex 37.6878 11.8513 0
    endloop
  endfacet
  facet normal 0.944304 0.329076 0
    outer loop
      vertex 37.2589 13.1376 6.6
      vertex 37.252 13.1574 0
      vertex 37.252 13.1574 6.6
    endloop
  endfacet
  facet normal 0.944304 0.329076 0
    outer loop
      vertex 37.252 13.1574 0
      vertex 37.2589 13.1376 6.6
      vertex 37.2589 13.1376 0
    endloop
  endfacet
  facet normal 0.937033 0.34924 0
    outer loop
      vertex 37.252 13.1574 6.6
      vertex 36.7784 14.4281 0
      vertex 36.7784 14.4281 6.6
    endloop
  endfacet
  facet normal 0.937033 0.34924 0
    outer loop
      vertex 36.7784 14.4281 0
      vertex 37.252 13.1574 6.6
      vertex 37.252 13.1574 0
    endloop
  endfacet
  facet normal 0.931735 0.363138 0
    outer loop
      vertex 36.7784 14.4281 6.6
      vertex 36.7708 14.4476 0
      vertex 36.7708 14.4476 6.6
    endloop
  endfacet
  facet normal 0.931735 0.363138 0
    outer loop
      vertex 36.7708 14.4476 0
      vertex 36.7784 14.4281 6.6
      vertex 36.7784 14.4281 0
    endloop
  endfacet
  facet normal 0.924316 0.381629 0
    outer loop
      vertex 36.7708 14.4476 6.6
      vertex 36.2533 15.701 0
      vertex 36.2533 15.701 6.6
    endloop
  endfacet
  facet normal 0.924316 0.381629 0
    outer loop
      vertex 36.2533 15.701 0
      vertex 36.7708 14.4476 6.6
      vertex 36.7708 14.4476 0
    endloop
  endfacet
  facet normal 0.917904 0.396802 0
    outer loop
      vertex 36.2533 15.701 6.6
      vertex 36.245 15.7202 0
      vertex 36.245 15.7202 6.6
    endloop
  endfacet
  facet normal 0.917904 0.396802 0
    outer loop
      vertex 36.245 15.7202 0
      vertex 36.2533 15.701 6.6
      vertex 36.2533 15.701 0
    endloop
  endfacet
  facet normal 0.910445 0.413631 0
    outer loop
      vertex 36.245 15.7202 6.6
      vertex 35.6841 16.9548 0
      vertex 35.6841 16.9548 6.6
    endloop
  endfacet
  facet normal 0.910445 0.413631 0
    outer loop
      vertex 35.6841 16.9548 0
      vertex 36.245 15.7202 6.6
      vertex 36.245 15.7202 0
    endloop
  endfacet
  facet normal 0.90471 0.426028 0
    outer loop
      vertex 35.6841 16.9548 6.6
      vertex 35.6752 16.9737 0
      vertex 35.6752 16.9737 6.6
    endloop
  endfacet
  facet normal 0.90471 0.426028 0
    outer loop
      vertex 35.6752 16.9737 0
      vertex 35.6841 16.9548 6.6
      vertex 35.6841 16.9548 0
    endloop
  endfacet
  facet normal 0.895487 0.445088 0
    outer loop
      vertex 35.6752 16.9737 6.6
      vertex 35.0717 18.1879 0
      vertex 35.0717 18.1879 6.6
    endloop
  endfacet
  facet normal 0.895487 0.445088 0
    outer loop
      vertex 35.0717 18.1879 0
      vertex 35.6752 16.9737 6.6
      vertex 35.6752 16.9737 0
    endloop
  endfacet
  facet normal 0.887609 0.460597 0
    outer loop
      vertex 35.0717 18.1879 6.6
      vertex 35.0621 18.2064 0
      vertex 35.0621 18.2064 6.6
    endloop
  endfacet
  facet normal 0.887609 0.460597 0
    outer loop
      vertex 35.0621 18.2064 0
      vertex 35.0717 18.1879 6.6
      vertex 35.0717 18.1879 0
    endloop
  endfacet
  facet normal 0.879441 0.476008 0
    outer loop
      vertex 35.0621 18.2064 6.6
      vertex 34.4167 19.3988 0
      vertex 34.4167 19.3988 6.6
    endloop
  endfacet
  facet normal 0.879441 0.476008 0
    outer loop
      vertex 34.4167 19.3988 0
      vertex 35.0621 18.2064 6.6
      vertex 35.0621 18.2064 0
    endloop
  endfacet
  facet normal 0.871448 0.490487 0
    outer loop
      vertex 34.4167 19.3988 6.6
      vertex 34.4064 19.4171 0
      vertex 34.4064 19.4171 6.6
    endloop
  endfacet
  facet normal 0.871448 0.490487 0
    outer loop
      vertex 34.4064 19.4171 0
      vertex 34.4167 19.3988 6.6
      vertex 34.4167 19.3988 0
    endloop
  endfacet
  facet normal 0.862347 0.506317 0
    outer loop
      vertex 34.4064 19.4171 6.6
      vertex 33.7198 20.5865 0
      vertex 33.7198 20.5865 6.6
    endloop
  endfacet
  facet normal 0.862347 0.506317 0
    outer loop
      vertex 33.7198 20.5865 0
      vertex 34.4064 19.4171 6.6
      vertex 34.4064 19.4171 0
    endloop
  endfacet
  facet normal 0.852808 0.522225 0
    outer loop
      vertex 33.7198 20.5865 6.6
      vertex 33.7089 20.6043 0
      vertex 33.7089 20.6043 6.6
    endloop
  endfacet
  facet normal 0.852808 0.522225 0
    outer loop
      vertex 33.7089 20.6043 0
      vertex 33.7198 20.5865 6.6
      vertex 33.7198 20.5865 0
    endloop
  endfacet
  facet normal 0.844165 0.536083 0
    outer loop
      vertex 33.7089 20.6043 6.6
      vertex 32.9819 21.7491 0
      vertex 32.9819 21.7491 6.6
    endloop
  endfacet
  facet normal 0.844165 0.536083 0
    outer loop
      vertex 32.9819 21.7491 0
      vertex 33.7089 20.6043 6.6
      vertex 33.7089 20.6043 0
    endloop
  endfacet
  facet normal 0.83205 0.5547 0
    outer loop
      vertex 32.9819 21.7491 6.6
      vertex 32.9703 21.7665 0
      vertex 32.9703 21.7665 6.6
    endloop
  endfacet
  facet normal 0.83205 0.5547 0
    outer loop
      vertex 32.9703 21.7665 0
      vertex 32.9819 21.7491 6.6
      vertex 32.9819 21.7491 0
    endloop
  endfacet
  facet normal 0.82496 0.565191 0
    outer loop
      vertex 32.9703 21.7665 6.6
      vertex 32.204 22.885 0
      vertex 32.204 22.885 6.6
    endloop
  endfacet
  facet normal 0.82496 0.565191 0
    outer loop
      vertex 32.204 22.885 0
      vertex 32.9703 21.7665 6.6
      vertex 32.9703 21.7665 0
    endloop
  endfacet
  facet normal 0.816306 0.57762 0
    outer loop
      vertex 32.204 22.885 6.6
      vertex 32.1919 22.9021 0
      vertex 32.1919 22.9021 6.6
    endloop
  endfacet
  facet normal 0.816306 0.57762 0
    outer loop
      vertex 32.1919 22.9021 0
      vertex 32.204 22.885 6.6
      vertex 32.204 22.885 0
    endloop
  endfacet
  facet normal 0.804744 0.593622 0
    outer loop
      vertex 32.1919 22.9021 6.6
      vertex 31.3869 23.9934 0
      vertex 31.3869 23.9934 6.6
    endloop
  endfacet
  facet normal 0.804744 0.593622 0
    outer loop
      vertex 31.3869 23.9934 0
      vertex 32.1919 22.9021 6.6
      vertex 32.1919 22.9021 0
    endloop
  endfacet
  facet normal 0.794222 0.607628 0
    outer loop
      vertex 31.3869 23.9934 6.6
      vertex 31.3742 24.01 0
      vertex 31.3742 24.01 6.6
    endloop
  endfacet
  facet normal 0.794222 0.607628 0
    outer loop
      vertex 31.3742 24.01 0
      vertex 31.3869 23.9934 6.6
      vertex 31.3869 23.9934 0
    endloop
  endfacet
  facet normal 0.783617 0.621245 0
    outer loop
      vertex 31.3742 24.01 6.6
      vertex 30.5317 25.0727 0
      vertex 30.5317 25.0727 6.6
    endloop
  endfacet
  facet normal 0.783617 0.621245 0
    outer loop
      vertex 30.5317 25.0727 0
      vertex 31.3742 24.01 6.6
      vertex 31.3742 24.01 0
    endloop
  endfacet
  facet normal 0.772893 0.634536 0
    outer loop
      vertex 30.5317 25.0727 6.6
      vertex 30.5184 25.0889 0
      vertex 30.5184 25.0889 6.6
    endloop
  endfacet
  facet normal 0.772893 0.634536 0
    outer loop
      vertex 30.5184 25.0889 0
      vertex 30.5317 25.0727 6.6
      vertex 30.5317 25.0727 0
    endloop
  endfacet
  facet normal 0.761455 0.648218 0
    outer loop
      vertex 30.5184 25.0889 6.6
      vertex 29.6397 26.1211 0
      vertex 29.6397 26.1211 6.6
    endloop
  endfacet
  facet normal 0.761455 0.648218 0
    outer loop
      vertex 29.6397 26.1211 0
      vertex 30.5184 25.0889 6.6
      vertex 30.5184 25.0889 0
    endloop
  endfacet
  facet normal 0.748723 0.662883 0
    outer loop
      vertex 29.6397 26.1211 6.6
      vertex 29.6258 26.1368 0
      vertex 29.6258 26.1368 6.6
    endloop
  endfacet
  facet normal 0.748723 0.662883 0
    outer loop
      vertex 29.6258 26.1368 0
      vertex 29.6397 26.1211 6.6
      vertex 29.6397 26.1211 0
    endloop
  endfacet
  facet normal 0.73842 0.674341 0
    outer loop
      vertex 29.6258 26.1368 6.6
      vertex 28.7113 27.1382 0
      vertex 28.7113 27.1382 6.6
    endloop
  endfacet
  facet normal 0.73842 0.674341 0
    outer loop
      vertex 28.7113 27.1382 0
      vertex 29.6258 26.1368 6.6
      vertex 29.6258 26.1368 0
    endloop
  endfacet
  facet normal 0.728341 0.685215 0
    outer loop
      vertex 28.7113 27.1382 6.6
      vertex 28.697 27.1534 0
      vertex 28.697 27.1534 6.6
    endloop
  endfacet
  facet normal 0.728341 0.685215 0
    outer loop
      vertex 28.697 27.1534 0
      vertex 28.7113 27.1382 6.6
      vertex 28.7113 27.1382 0
    endloop
  endfacet
  facet normal 0.714442 0.699695 0
    outer loop
      vertex 28.697 27.1534 6.6
      vertex 27.7481 28.1223 0
      vertex 27.7481 28.1223 6.6
    endloop
  endfacet
  facet normal 0.714442 0.699695 0
    outer loop
      vertex 27.7481 28.1223 0
      vertex 28.697 27.1534 6.6
      vertex 28.697 27.1534 0
    endloop
  endfacet
  facet normal 0.702313 0.711868 -0
    outer loop
      vertex 27.7481 28.1223 0
      vertex 27.7332 28.137 6.6
      vertex 27.7481 28.1223 6.6
    endloop
  endfacet
  facet normal 0.702313 0.711868 0
    outer loop
      vertex 27.7332 28.137 6.6
      vertex 27.7481 28.1223 0
      vertex 27.7332 28.137 0
    endloop
  endfacet
  facet normal 0.689672 0.724122 -0
    outer loop
      vertex 27.7332 28.137 0
      vertex 26.7516 29.0719 6.6
      vertex 27.7332 28.137 6.6
    endloop
  endfacet
  facet normal 0.689672 0.724122 0
    outer loop
      vertex 26.7516 29.0719 6.6
      vertex 27.7332 28.137 0
      vertex 26.7516 29.0719 0
    endloop
  endfacet
  facet normal 0.677681 0.735356 -0
    outer loop
      vertex 26.7516 29.0719 0
      vertex 26.7363 29.086 6.6
      vertex 26.7516 29.0719 6.6
    endloop
  endfacet
  facet normal 0.677681 0.735356 0
    outer loop
      vertex 26.7363 29.086 6.6
      vertex 26.7516 29.0719 0
      vertex 26.7363 29.086 0
    endloop
  endfacet
  facet normal 0.663993 0.747739 -0
    outer loop
      vertex 26.7363 29.086 0
      vertex 25.722 29.9867 6.6
      vertex 26.7363 29.086 6.6
    endloop
  endfacet
  facet normal 0.663993 0.747739 0
    outer loop
      vertex 25.722 29.9867 6.6
      vertex 26.7363 29.086 0
      vertex 25.722 29.9867 0
    endloop
  endfacet
  facet normal 0.650004 0.759931 -0
    outer loop
      vertex 25.722 29.9867 0
      vertex 25.7061 30.0003 6.6
      vertex 25.722 29.9867 6.6
    endloop
  endfacet
  facet normal 0.650004 0.759931 0
    outer loop
      vertex 25.7061 30.0003 6.6
      vertex 25.722 29.9867 0
      vertex 25.7061 30.0003 0
    endloop
  endfacet
  facet normal 0.637569 0.770393 -0
    outer loop
      vertex 25.7061 30.0003 0
      vertex 24.6615 30.8648 6.6
      vertex 25.7061 30.0003 6.6
    endloop
  endfacet
  facet normal 0.637569 0.770393 0
    outer loop
      vertex 24.6615 30.8648 6.6
      vertex 25.7061 30.0003 0
      vertex 24.6615 30.8648 0
    endloop
  endfacet
  facet normal 0.621192 0.783658 -0
    outer loop
      vertex 24.6615 30.8648 0
      vertex 24.6451 30.8778 6.6
      vertex 24.6615 30.8648 6.6
    endloop
  endfacet
  facet normal 0.621192 0.783658 0
    outer loop
      vertex 24.6451 30.8778 6.6
      vertex 24.6615 30.8648 0
      vertex 24.6451 30.8778 0
    endloop
  endfacet
  facet normal 0.61036 0.792124 -0
    outer loop
      vertex 24.6451 30.8778 0
      vertex 23.9025 31.45 6.6
      vertex 24.6451 30.8778 6.6
    endloop
  endfacet
  facet normal 0.61036 0.792124 0
    outer loop
      vertex 23.9025 31.45 6.6
      vertex 24.6451 30.8778 0
      vertex 23.9025 31.45 0
    endloop
  endfacet
  facet normal 0.584235 0.811584 -0
    outer loop
      vertex 23.9025 31.45 0
      vertex 23.8718 31.4721 6.6
      vertex 23.9025 31.45 6.6
    endloop
  endfacet
  facet normal 0.584235 0.811584 0
    outer loop
      vertex 23.8718 31.4721 6.6
      vertex 23.9025 31.45 0
      vertex 23.8718 31.4721 0
    endloop
  endfacet
  facet normal 0.532746 0.846275 -0
    outer loop
      vertex 23.8718 31.4721 0
      vertex 23.8386 31.493 6.6
      vertex 23.8718 31.4721 6.6
    endloop
  endfacet
  facet normal 0.532746 0.846275 0
    outer loop
      vertex 23.8386 31.493 6.6
      vertex 23.8718 31.4721 0
      vertex 23.8386 31.493 0
    endloop
  endfacet
  facet normal 0.475464 0.879735 -0
    outer loop
      vertex 23.8386 31.493 0
      vertex 23.804 31.5117 6.6
      vertex 23.8386 31.493 6.6
    endloop
  endfacet
  facet normal 0.475464 0.879735 0
    outer loop
      vertex 23.804 31.5117 6.6
      vertex 23.8386 31.493 0
      vertex 23.804 31.5117 0
    endloop
  endfacet
  facet normal 0.415338 0.909667 -0
    outer loop
      vertex 23.804 31.5117 0
      vertex 23.7683 31.528 6.6
      vertex 23.804 31.5117 6.6
    endloop
  endfacet
  facet normal 0.415338 0.909667 0
    outer loop
      vertex 23.7683 31.528 6.6
      vertex 23.804 31.5117 0
      vertex 23.7683 31.528 0
    endloop
  endfacet
  facet normal 0.357268 0.934002 -0
    outer loop
      vertex 23.7683 31.528 0
      vertex 23.7317 31.542 6.6
      vertex 23.7683 31.528 6.6
    endloop
  endfacet
  facet normal 0.357268 0.934002 0
    outer loop
      vertex 23.7317 31.542 6.6
      vertex 23.7683 31.528 0
      vertex 23.7317 31.542 0
    endloop
  endfacet
  facet normal 0.2948 0.955559 -0
    outer loop
      vertex 23.7317 31.542 0
      vertex 23.6941 31.5536 6.6
      vertex 23.7317 31.542 6.6
    endloop
  endfacet
  facet normal 0.2948 0.955559 0
    outer loop
      vertex 23.6941 31.5536 6.6
      vertex 23.7317 31.542 0
      vertex 23.6941 31.5536 0
    endloop
  endfacet
  facet normal 0.231735 0.972779 -0
    outer loop
      vertex 23.6941 31.5536 0
      vertex 23.6559 31.5627 6.6
      vertex 23.6941 31.5536 6.6
    endloop
  endfacet
  facet normal 0.231735 0.972779 0
    outer loop
      vertex 23.6559 31.5627 6.6
      vertex 23.6941 31.5536 0
      vertex 23.6559 31.5627 0
    endloop
  endfacet
  facet normal 0.165639 0.986187 -0
    outer loop
      vertex 23.6559 31.5627 0
      vertex 23.6172 31.5692 6.6
      vertex 23.6559 31.5627 6.6
    endloop
  endfacet
  facet normal 0.165639 0.986187 0
    outer loop
      vertex 23.6172 31.5692 6.6
      vertex 23.6559 31.5627 0
      vertex 23.6172 31.5692 0
    endloop
  endfacet
  facet normal 0.102029 0.994781 -0
    outer loop
      vertex 23.6172 31.5692 0
      vertex 23.5782 31.5732 6.6
      vertex 23.6172 31.5692 6.6
    endloop
  endfacet
  facet normal 0.102029 0.994781 0
    outer loop
      vertex 23.5782 31.5732 6.6
      vertex 23.6172 31.5692 0
      vertex 23.5782 31.5732 0
    endloop
  endfacet
  facet normal 0.0381402 0.999272 -0
    outer loop
      vertex 23.5782 31.5732 0
      vertex 23.5389 31.5747 6.6
      vertex 23.5782 31.5732 6.6
    endloop
  endfacet
  facet normal 0.0381402 0.999272 0
    outer loop
      vertex 23.5389 31.5747 6.6
      vertex 23.5782 31.5732 0
      vertex 23.5389 31.5747 0
    endloop
  endfacet
  facet normal -0.0280502 0.999607 0
    outer loop
      vertex 23.5389 31.5747 0
      vertex 23.4997 31.5736 6.6
      vertex 23.5389 31.5747 6.6
    endloop
  endfacet
  facet normal -0.0280502 0.999607 0
    outer loop
      vertex 23.4997 31.5736 6.6
      vertex 23.5389 31.5747 0
      vertex 23.4997 31.5736 0
    endloop
  endfacet
  facet normal -0.0942083 0.995553 0
    outer loop
      vertex 23.4997 31.5736 0
      vertex 23.4606 31.5699 6.6
      vertex 23.4997 31.5736 6.6
    endloop
  endfacet
  facet normal -0.0942083 0.995553 0
    outer loop
      vertex 23.4606 31.5699 6.6
      vertex 23.4997 31.5736 0
      vertex 23.4606 31.5699 0
    endloop
  endfacet
  facet normal -0.157792 0.987472 0
    outer loop
      vertex 23.4606 31.5699 0
      vertex 23.4218 31.5637 6.6
      vertex 23.4606 31.5699 6.6
    endloop
  endfacet
  facet normal -0.157792 0.987472 0
    outer loop
      vertex 23.4218 31.5637 6.6
      vertex 23.4606 31.5699 0
      vertex 23.4218 31.5637 0
    endloop
  endfacet
  facet normal -0.224487 0.974477 0
    outer loop
      vertex 23.4218 31.5637 0
      vertex 23.3836 31.5549 6.6
      vertex 23.4218 31.5637 6.6
    endloop
  endfacet
  facet normal -0.224487 0.974477 0
    outer loop
      vertex 23.3836 31.5549 6.6
      vertex 23.4218 31.5637 0
      vertex 23.3836 31.5549 0
    endloop
  endfacet
  facet normal -0.284781 0.958593 0
    outer loop
      vertex 23.3836 31.5549 0
      vertex 23.3459 31.5437 6.6
      vertex 23.3836 31.5549 6.6
    endloop
  endfacet
  facet normal -0.284781 0.958593 0
    outer loop
      vertex 23.3459 31.5437 6.6
      vertex 23.3836 31.5549 0
      vertex 23.3459 31.5437 0
    endloop
  endfacet
  facet normal -0.34889 0.937164 0
    outer loop
      vertex 23.3459 31.5437 0
      vertex 23.3091 31.53 6.6
      vertex 23.3459 31.5437 6.6
    endloop
  endfacet
  facet normal -0.34889 0.937164 0
    outer loop
      vertex 23.3091 31.53 6.6
      vertex 23.3459 31.5437 0
      vertex 23.3091 31.53 0
    endloop
  endfacet
  facet normal -0.408031 0.912968 0
    outer loop
      vertex 23.3091 31.53 0
      vertex 23.2733 31.514 6.6
      vertex 23.3091 31.53 6.6
    endloop
  endfacet
  facet normal -0.408031 0.912968 0
    outer loop
      vertex 23.2733 31.514 6.6
      vertex 23.3091 31.53 0
      vertex 23.2733 31.514 0
    endloop
  endfacet
  facet normal -0.468473 0.883478 0
    outer loop
      vertex 23.2733 31.514 0
      vertex 23.2386 31.4956 6.6
      vertex 23.2733 31.514 6.6
    endloop
  endfacet
  facet normal -0.468473 0.883478 0
    outer loop
      vertex 23.2386 31.4956 6.6
      vertex 23.2733 31.514 0
      vertex 23.2386 31.4956 0
    endloop
  endfacet
  facet normal -0.52495 0.851133 0
    outer loop
      vertex 23.2386 31.4956 0
      vertex 23.2052 31.475 6.6
      vertex 23.2386 31.4956 6.6
    endloop
  endfacet
  facet normal -0.52495 0.851133 0
    outer loop
      vertex 23.2052 31.475 6.6
      vertex 23.2386 31.4956 0
      vertex 23.2052 31.475 0
    endloop
  endfacet
  facet normal -0.551915 0.8339 0
    outer loop
      vertex 23.2052 31.475 0
      vertex 19.9815 29.3414 6.6
      vertex 23.2052 31.475 6.6
    endloop
  endfacet
  facet normal -0.551915 0.8339 0
    outer loop
      vertex 19.9815 29.3414 6.6
      vertex 23.2052 31.475 0
      vertex 19.9815 29.3414 0
    endloop
  endfacet
  facet normal 0.566445 0.824099 -0
    outer loop
      vertex 19.9815 29.3414 0
      vertex 19.8558 29.4278 6.6
      vertex 19.9815 29.3414 6.6
    endloop
  endfacet
  facet normal 0.566445 0.824099 0
    outer loop
      vertex 19.8558 29.4278 6.6
      vertex 19.9815 29.3414 0
      vertex 19.8558 29.4278 0
    endloop
  endfacet
  facet normal 0.5547 0.83205 -0
    outer loop
      vertex 19.8558 29.4278 0
      vertex 19.8471 29.4336 6.6
      vertex 19.8558 29.4278 6.6
    endloop
  endfacet
  facet normal 0.5547 0.83205 0
    outer loop
      vertex 19.8471 29.4336 6.6
      vertex 19.8558 29.4278 0
      vertex 19.8471 29.4336 0
    endloop
  endfacet
  facet normal 0.552009 0.833838 -0
    outer loop
      vertex 19.8471 29.4336 0
      vertex 19.3388 29.7701 6.6
      vertex 19.8471 29.4336 6.6
    endloop
  endfacet
  facet normal 0.552009 0.833838 0
    outer loop
      vertex 19.3388 29.7701 6.6
      vertex 19.8471 29.4336 0
      vertex 19.3388 29.7701 0
    endloop
  endfacet
  facet normal 0.543647 0.839314 -0
    outer loop
      vertex 19.3388 29.7701 0
      vertex 19.33 29.7758 6.6
      vertex 19.3388 29.7701 6.6
    endloop
  endfacet
  facet normal 0.543647 0.839314 0
    outer loop
      vertex 19.33 29.7758 6.6
      vertex 19.3388 29.7701 0
      vertex 19.33 29.7758 0
    endloop
  endfacet
  facet normal 0.5373 0.843391 -0
    outer loop
      vertex 19.33 29.7758 0
      vertex 18.8164 30.103 6.6
      vertex 19.33 29.7758 6.6
    endloop
  endfacet
  facet normal 0.5373 0.843391 0
    outer loop
      vertex 18.8164 30.103 6.6
      vertex 19.33 29.7758 0
      vertex 18.8164 30.103 0
    endloop
  endfacet
  facet normal 0.532561 0.846392 -0
    outer loop
      vertex 18.8164 30.103 0
      vertex 18.8075 30.1086 6.6
      vertex 18.8164 30.103 6.6
    endloop
  endfacet
  facet normal 0.532561 0.846392 0
    outer loop
      vertex 18.8075 30.1086 6.6
      vertex 18.8164 30.103 0
      vertex 18.8075 30.1086 0
    endloop
  endfacet
  facet normal 0.522446 0.852672 -0
    outer loop
      vertex 18.8075 30.1086 0
      vertex 18.2885 30.4266 6.6
      vertex 18.8075 30.1086 6.6
    endloop
  endfacet
  facet normal 0.522446 0.852672 0
    outer loop
      vertex 18.2885 30.4266 6.6
      vertex 18.8075 30.1086 0
      vertex 18.2885 30.4266 0
    endloop
  endfacet
  facet normal 0.514496 0.857493 -0
    outer loop
      vertex 18.2885 30.4266 0
      vertex 18.2795 30.432 6.6
      vertex 18.2885 30.4266 6.6
    endloop
  endfacet
  facet normal 0.514496 0.857493 0
    outer loop
      vertex 18.2795 30.432 6.6
      vertex 18.2885 30.4266 0
      vertex 18.2795 30.432 0
    endloop
  endfacet
  facet normal 0.507573 0.861609 -0
    outer loop
      vertex 18.2795 30.432 0
      vertex 17.7548 30.7411 6.6
      vertex 18.2795 30.432 6.6
    endloop
  endfacet
  facet normal 0.507573 0.861609 0
    outer loop
      vertex 17.7548 30.7411 6.6
      vertex 18.2795 30.432 0
      vertex 17.7548 30.7411 0
    endloop
  endfacet
  facet normal 0.496139 0.868243 -0
    outer loop
      vertex 17.7548 30.7411 0
      vertex 17.7457 30.7463 6.6
      vertex 17.7548 30.7411 6.6
    endloop
  endfacet
  facet normal 0.496139 0.868243 0
    outer loop
      vertex 17.7457 30.7463 6.6
      vertex 17.7548 30.7411 0
      vertex 17.7457 30.7463 0
    endloop
  endfacet
  facet normal 0.492495 0.870315 -0
    outer loop
      vertex 17.7457 30.7463 0
      vertex 17.2152 31.0465 6.6
      vertex 17.7457 30.7463 6.6
    endloop
  endfacet
  facet normal 0.492495 0.870315 0
    outer loop
      vertex 17.2152 31.0465 6.6
      vertex 17.7457 30.7463 0
      vertex 17.2152 31.0465 0
    endloop
  endfacet
  facet normal 0.477513 0.878625 -0
    outer loop
      vertex 17.2152 31.0465 0
      vertex 17.206 31.0515 6.6
      vertex 17.2152 31.0465 6.6
    endloop
  endfacet
  facet normal 0.477513 0.878625 0
    outer loop
      vertex 17.206 31.0515 6.6
      vertex 17.2152 31.0465 0
      vertex 17.206 31.0515 0
    endloop
  endfacet
  facet normal 0.47723 0.878779 -0
    outer loop
      vertex 17.206 31.0515 0
      vertex 16.6707 31.3422 6.6
      vertex 17.206 31.0515 6.6
    endloop
  endfacet
  facet normal 0.47723 0.878779 0
    outer loop
      vertex 16.6707 31.3422 6.6
      vertex 17.206 31.0515 0
      vertex 16.6707 31.3422 0
    endloop
  endfacet
  facet normal 0.47009 0.882618 -0
    outer loop
      vertex 16.6707 31.3422 0
      vertex 16.6615 31.3471 6.6
      vertex 16.6707 31.3422 6.6
    endloop
  endfacet
  facet normal 0.47009 0.882618 0
    outer loop
      vertex 16.6615 31.3471 6.6
      vertex 16.6707 31.3422 0
      vertex 16.6615 31.3471 0
    endloop
  endfacet
  facet normal 0.46173 0.887021 -0
    outer loop
      vertex 16.6615 31.3471 0
      vertex 16.1211 31.6284 6.6
      vertex 16.6615 31.3471 6.6
    endloop
  endfacet
  facet normal 0.46173 0.887021 0
    outer loop
      vertex 16.1211 31.6284 6.6
      vertex 16.6615 31.3471 0
      vertex 16.1211 31.6284 0
    endloop
  endfacet
  facet normal 0.458643 0.888621 -0
    outer loop
      vertex 16.1211 31.6284 0
      vertex 16.1118 31.6332 6.6
      vertex 16.1211 31.6284 6.6
    endloop
  endfacet
  facet normal 0.458643 0.888621 0
    outer loop
      vertex 16.1118 31.6332 6.6
      vertex 16.1211 31.6284 0
      vertex 16.1118 31.6332 0
    endloop
  endfacet
  facet normal 0.44603 0.895018 -0
    outer loop
      vertex 16.1118 31.6332 0
      vertex 15.5672 31.9046 6.6
      vertex 16.1118 31.6332 6.6
    endloop
  endfacet
  facet normal 0.44603 0.895018 0
    outer loop
      vertex 15.5672 31.9046 6.6
      vertex 16.1118 31.6332 0
      vertex 15.5672 31.9046 0
    endloop
  endfacet
  facet normal 0.439553 0.898217 -0
    outer loop
      vertex 15.5672 31.9046 0
      vertex 15.5578 31.9092 6.6
      vertex 15.5672 31.9046 6.6
    endloop
  endfacet
  facet normal 0.439553 0.898217 0
    outer loop
      vertex 15.5578 31.9092 6.6
      vertex 15.5672 31.9046 0
      vertex 15.5578 31.9092 0
    endloop
  endfacet
  facet normal 0.430602 0.902542 -0
    outer loop
      vertex 15.5578 31.9092 0
      vertex 15.0076 32.1717 6.6
      vertex 15.5578 31.9092 6.6
    endloop
  endfacet
  facet normal 0.430602 0.902542 0
    outer loop
      vertex 15.0076 32.1717 6.6
      vertex 15.5578 31.9092 0
      vertex 15.0076 32.1717 0
    endloop
  endfacet
  facet normal 0.42394 0.90569 -0
    outer loop
      vertex 15.0076 32.1717 0
      vertex 14.9982 32.1761 6.6
      vertex 15.0076 32.1717 6.6
    endloop
  endfacet
  facet normal 0.42394 0.90569 0
    outer loop
      vertex 14.9982 32.1761 6.6
      vertex 15.0076 32.1717 0
      vertex 14.9982 32.1761 0
    endloop
  endfacet
  facet normal 0.414705 0.909956 -0
    outer loop
      vertex 14.9982 32.1761 0
      vertex 14.4435 32.4289 6.6
      vertex 14.9982 32.1761 6.6
    endloop
  endfacet
  facet normal 0.414705 0.909956 0
    outer loop
      vertex 14.4435 32.4289 6.6
      vertex 14.9982 32.1761 0
      vertex 14.4435 32.4289 0
    endloop
  endfacet
  facet normal 0.408783 0.912632 -0
    outer loop
      vertex 14.4435 32.4289 0
      vertex 14.4339 32.4332 6.6
      vertex 14.4435 32.4289 6.6
    endloop
  endfacet
  facet normal 0.408783 0.912632 0
    outer loop
      vertex 14.4339 32.4332 6.6
      vertex 14.4435 32.4289 0
      vertex 14.4339 32.4332 0
    endloop
  endfacet
  facet normal 0.398714 0.917075 -0
    outer loop
      vertex 14.4339 32.4332 0
      vertex 13.8759 32.6758 6.6
      vertex 14.4339 32.4332 6.6
    endloop
  endfacet
  facet normal 0.398714 0.917075 0
    outer loop
      vertex 13.8759 32.6758 6.6
      vertex 14.4339 32.4332 0
      vertex 13.8759 32.6758 0
    endloop
  endfacet
  facet normal 0.38933 0.921098 -0
    outer loop
      vertex 13.8759 32.6758 0
      vertex 13.8662 32.6799 6.6
      vertex 13.8759 32.6758 6.6
    endloop
  endfacet
  facet normal 0.38933 0.921098 0
    outer loop
      vertex 13.8662 32.6799 6.6
      vertex 13.8759 32.6758 0
      vertex 13.8662 32.6799 0
    endloop
  endfacet
  facet normal 0.382656 0.923891 -0
    outer loop
      vertex 13.8662 32.6799 0
      vertex 13.3034 32.913 6.6
      vertex 13.8662 32.6799 6.6
    endloop
  endfacet
  facet normal 0.382656 0.923891 0
    outer loop
      vertex 13.3034 32.913 6.6
      vertex 13.8662 32.6799 0
      vertex 13.3034 32.913 0
    endloop
  endfacet
  facet normal 0.373039 0.927816 -0
    outer loop
      vertex 13.3034 32.913 0
      vertex 13.2937 32.9169 6.6
      vertex 13.3034 32.913 6.6
    endloop
  endfacet
  facet normal 0.373039 0.927816 0
    outer loop
      vertex 13.2937 32.9169 6.6
      vertex 13.3034 32.913 0
      vertex 13.2937 32.9169 0
    endloop
  endfacet
  facet normal 0.366542 0.930402 -0
    outer loop
      vertex 13.2937 32.9169 0
      vertex 12.7274 33.14 6.6
      vertex 13.2937 32.9169 6.6
    endloop
  endfacet
  facet normal 0.366542 0.930402 0
    outer loop
      vertex 12.7274 33.14 6.6
      vertex 13.2937 32.9169 0
      vertex 12.7274 33.14 0
    endloop
  endfacet
  facet normal 0.361528 0.932361 -0
    outer loop
      vertex 12.7274 33.14 0
      vertex 12.7176 33.1438 6.6
      vertex 12.7274 33.14 6.6
    endloop
  endfacet
  facet normal 0.361528 0.932361 0
    outer loop
      vertex 12.7176 33.1438 6.6
      vertex 12.7274 33.14 0
      vertex 12.7176 33.1438 0
    endloop
  endfacet
  facet normal 0.350207 0.936672 -0
    outer loop
      vertex 12.7176 33.1438 0
      vertex 12.1463 33.3574 6.6
      vertex 12.7176 33.1438 6.6
    endloop
  endfacet
  facet normal 0.350207 0.936672 0
    outer loop
      vertex 12.1463 33.3574 6.6
      vertex 12.7176 33.1438 0
      vertex 12.1463 33.3574 0
    endloop
  endfacet
  facet normal 0.336336 0.941742 -0
    outer loop
      vertex 12.1463 33.3574 0
      vertex 12.1365 33.3609 6.6
      vertex 12.1463 33.3574 6.6
    endloop
  endfacet
  facet normal 0.336336 0.941742 0
    outer loop
      vertex 12.1365 33.3609 6.6
      vertex 12.1463 33.3574 0
      vertex 12.1365 33.3609 0
    endloop
  endfacet
  facet normal 0.333826 0.942635 -0
    outer loop
      vertex 12.1365 33.3609 0
      vertex 11.563 33.564 6.6
      vertex 12.1365 33.3609 6.6
    endloop
  endfacet
  facet normal 0.333826 0.942635 0
    outer loop
      vertex 11.563 33.564 6.6
      vertex 12.1365 33.3609 0
      vertex 11.563 33.564 0
    endloop
  endfacet
  facet normal 0.324813 0.945778 -0
    outer loop
      vertex 11.563 33.564 0
      vertex 11.5531 33.5674 6.6
      vertex 11.563 33.564 6.6
    endloop
  endfacet
  facet normal 0.324813 0.945778 0
    outer loop
      vertex 11.5531 33.5674 6.6
      vertex 11.563 33.564 0
      vertex 11.5531 33.5674 0
    endloop
  endfacet
  facet normal 0.317359 0.948305 -0
    outer loop
      vertex 11.5531 33.5674 0
      vertex 10.9749 33.7609 6.6
      vertex 11.5531 33.5674 6.6
    endloop
  endfacet
  facet normal 0.317359 0.948305 0
    outer loop
      vertex 10.9749 33.7609 6.6
      vertex 11.5531 33.5674 0
      vertex 10.9749 33.7609 0
    endloop
  endfacet
  facet normal 0.307564 0.951527 -0
    outer loop
      vertex 10.9749 33.7609 0
      vertex 10.965 33.7641 6.6
      vertex 10.9749 33.7609 6.6
    endloop
  endfacet
  facet normal 0.307564 0.951527 0
    outer loop
      vertex 10.965 33.7641 6.6
      vertex 10.9749 33.7609 0
      vertex 10.965 33.7641 0
    endloop
  endfacet
  facet normal 0.300723 0.953712 -0
    outer loop
      vertex 10.965 33.7641 0
      vertex 10.384 33.9473 6.6
      vertex 10.965 33.7641 6.6
    endloop
  endfacet
  facet normal 0.300723 0.953712 0
    outer loop
      vertex 10.384 33.9473 6.6
      vertex 10.965 33.7641 0
      vertex 10.384 33.9473 0
    endloop
  endfacet
  facet normal 0.287348 0.957826 -0
    outer loop
      vertex 10.384 33.9473 0
      vertex 10.374 33.9503 6.6
      vertex 10.384 33.9473 6.6
    endloop
  endfacet
  facet normal 0.287348 0.957826 0
    outer loop
      vertex 10.374 33.9503 6.6
      vertex 10.384 33.9473 0
      vertex 10.374 33.9503 0
    endloop
  endfacet
  facet normal 0.284058 0.958807 -0
    outer loop
      vertex 10.374 33.9503 0
      vertex 9.78972 34.1234 6.6
      vertex 10.374 33.9503 6.6
    endloop
  endfacet
  facet normal 0.284058 0.958807 0
    outer loop
      vertex 9.78972 34.1234 6.6
      vertex 10.374 33.9503 0
      vertex 9.78972 34.1234 0
    endloop
  endfacet
  facet normal 0.27623 0.961091 -0
    outer loop
      vertex 9.78972 34.1234 0
      vertex 9.77963 34.1263 6.6
      vertex 9.78972 34.1234 6.6
    endloop
  endfacet
  facet normal 0.27623 0.961091 0
    outer loop
      vertex 9.77963 34.1263 6.6
      vertex 9.78972 34.1234 0
      vertex 9.77963 34.1263 0
    endloop
  endfacet
  facet normal 0.267392 0.963588 -0
    outer loop
      vertex 9.77963 34.1263 0
      vertex 9.43404 34.2222 6.6
      vertex 9.77963 34.1263 6.6
    endloop
  endfacet
  facet normal 0.267392 0.963588 0
    outer loop
      vertex 9.43404 34.2222 6.6
      vertex 9.77963 34.1263 0
      vertex 9.43404 34.2222 0
    endloop
  endfacet
  facet normal 0.994703 -0.102791 0
    outer loop
      vertex 9.43404 34.2222 6.6
      vertex 9.79684 37.733 0
      vertex 9.79684 37.733 6.6
    endloop
  endfacet
  facet normal 0.994703 -0.102791 0
    outer loop
      vertex 9.79684 37.733 0
      vertex 9.43404 34.2222 6.6
      vertex 9.43404 34.2222 0
    endloop
  endfacet
  facet normal 0.997323 -0.0731184 0
    outer loop
      vertex 9.79684 37.733 6.6
      vertex 9.79945 37.7686 0
      vertex 9.79945 37.7686 6.6
    endloop
  endfacet
  facet normal 0.997323 -0.0731184 0
    outer loop
      vertex 9.79945 37.7686 0
      vertex 9.79684 37.733 6.6
      vertex 9.79684 37.733 0
    endloop
  endfacet
  facet normal 0.99994 -0.0109408 0
    outer loop
      vertex 9.79945 37.7686 6.6
      vertex 9.79988 37.8079 0
      vertex 9.79988 37.8079 6.6
    endloop
  endfacet
  facet normal 0.99994 -0.0109408 0
    outer loop
      vertex 9.79988 37.8079 0
      vertex 9.79945 37.7686 6.6
      vertex 9.79945 37.7686 0
    endloop
  endfacet
  facet normal 0.998499 0.0547646 0
    outer loop
      vertex 9.79988 37.8079 6.6
      vertex 9.79773 37.8471 0
      vertex 9.79773 37.8471 6.6
    endloop
  endfacet
  facet normal 0.998499 0.0547646 0
    outer loop
      vertex 9.79773 37.8471 0
      vertex 9.79988 37.8079 6.6
      vertex 9.79988 37.8079 0
    endloop
  endfacet
  facet normal 0.992816 0.119647 0
    outer loop
      vertex 9.79773 37.8471 6.6
      vertex 9.79303 37.8861 0
      vertex 9.79303 37.8861 6.6
    endloop
  endfacet
  facet normal 0.992816 0.119647 0
    outer loop
      vertex 9.79303 37.8861 0
      vertex 9.79773 37.8471 6.6
      vertex 9.79773 37.8471 0
    endloop
  endfacet
  facet normal 0.982814 0.184596 0
    outer loop
      vertex 9.79303 37.8861 6.6
      vertex 9.78578 37.9247 0
      vertex 9.78578 37.9247 6.6
    endloop
  endfacet
  facet normal 0.982814 0.184596 0
    outer loop
      vertex 9.78578 37.9247 0
      vertex 9.79303 37.8861 6.6
      vertex 9.79303 37.8861 0
    endloop
  endfacet
  facet normal 0.968625 0.248529 0
    outer loop
      vertex 9.78578 37.9247 6.6
      vertex 9.77603 37.9627 0
      vertex 9.77603 37.9627 6.6
    endloop
  endfacet
  facet normal 0.968625 0.248529 0
    outer loop
      vertex 9.77603 37.9627 0
      vertex 9.78578 37.9247 6.6
      vertex 9.78578 37.9247 0
    endloop
  endfacet
  facet normal 0.950301 0.311332 0
    outer loop
      vertex 9.77603 37.9627 6.6
      vertex 9.76381 38 0
      vertex 9.76381 38 6.6
    endloop
  endfacet
  facet normal 0.950301 0.311332 0
    outer loop
      vertex 9.76381 38 0
      vertex 9.77603 37.9627 6.6
      vertex 9.77603 37.9627 0
    endloop
  endfacet
  facet normal 0.928213 0.372048 0
    outer loop
      vertex 9.76381 38 6.6
      vertex 9.74918 38.0365 0
      vertex 9.74918 38.0365 6.6
    endloop
  endfacet
  facet normal 0.928213 0.372048 0
    outer loop
      vertex 9.74918 38.0365 0
      vertex 9.76381 38 6.6
      vertex 9.76381 38 0
    endloop
  endfacet
  facet normal 0.901543 0.43269 0
    outer loop
      vertex 9.74918 38.0365 6.6
      vertex 9.73219 38.0719 0
      vertex 9.73219 38.0719 6.6
    endloop
  endfacet
  facet normal 0.901543 0.43269 0
    outer loop
      vertex 9.73219 38.0719 0
      vertex 9.74918 38.0365 6.6
      vertex 9.74918 38.0365 0
    endloop
  endfacet
  facet normal 0.871222 0.49089 0
    outer loop
      vertex 9.73219 38.0719 6.6
      vertex 9.71292 38.1061 0
      vertex 9.71292 38.1061 6.6
    endloop
  endfacet
  facet normal 0.871222 0.49089 0
    outer loop
      vertex 9.71292 38.1061 0
      vertex 9.73219 38.0719 6.6
      vertex 9.73219 38.0719 0
    endloop
  endfacet
  facet normal 0.836925 0.547318 0
    outer loop
      vertex 9.71292 38.1061 6.6
      vertex 9.69147 38.1389 0
      vertex 9.69147 38.1389 6.6
    endloop
  endfacet
  facet normal 0.836925 0.547318 0
    outer loop
      vertex 9.69147 38.1389 0
      vertex 9.71292 38.1061 6.6
      vertex 9.71292 38.1061 0
    endloop
  endfacet
  facet normal 0.799633 0.600489 0
    outer loop
      vertex 9.69147 38.1389 6.6
      vertex 9.66789 38.1703 0
      vertex 9.66789 38.1703 6.6
    endloop
  endfacet
  facet normal 0.799633 0.600489 0
    outer loop
      vertex 9.66789 38.1703 0
      vertex 9.69147 38.1389 6.6
      vertex 9.69147 38.1389 0
    endloop
  endfacet
  facet normal 0.758915 0.65119 0
    outer loop
      vertex 9.66789 38.1703 6.6
      vertex 9.64232 38.2001 0
      vertex 9.64232 38.2001 6.6
    endloop
  endfacet
  facet normal 0.758915 0.65119 0
    outer loop
      vertex 9.64232 38.2001 0
      vertex 9.66789 38.1703 6.6
      vertex 9.66789 38.1703 0
    endloop
  endfacet
  facet normal 0.715332 0.698785 0
    outer loop
      vertex 9.64232 38.2001 6.6
      vertex 9.61487 38.2282 0
      vertex 9.61487 38.2282 6.6
    endloop
  endfacet
  facet normal 0.715332 0.698785 0
    outer loop
      vertex 9.61487 38.2282 0
      vertex 9.64232 38.2001 6.6
      vertex 9.64232 38.2001 0
    endloop
  endfacet
  facet normal 0.667204 0.744875 -0
    outer loop
      vertex 9.61487 38.2282 0
      vertex 9.58562 38.2544 6.6
      vertex 9.61487 38.2282 6.6
    endloop
  endfacet
  facet normal 0.667204 0.744875 0
    outer loop
      vertex 9.58562 38.2544 6.6
      vertex 9.61487 38.2282 0
      vertex 9.58562 38.2544 0
    endloop
  endfacet
  facet normal 0.616707 0.787193 -0
    outer loop
      vertex 9.58562 38.2544 0
      vertex 9.55473 38.2786 6.6
      vertex 9.58562 38.2544 6.6
    endloop
  endfacet
  facet normal 0.616707 0.787193 0
    outer loop
      vertex 9.55473 38.2786 6.6
      vertex 9.58562 38.2544 0
      vertex 9.55473 38.2786 0
    endloop
  endfacet
  facet normal 0.565113 0.825014 -0
    outer loop
      vertex 9.55473 38.2786 0
      vertex 9.52232 38.3008 6.6
      vertex 9.55473 38.2786 6.6
    endloop
  endfacet
  facet normal 0.565113 0.825014 0
    outer loop
      vertex 9.52232 38.3008 6.6
      vertex 9.55473 38.2786 0
      vertex 9.52232 38.3008 0
    endloop
  endfacet
  facet normal 0.509356 0.860556 -0
    outer loop
      vertex 9.52232 38.3008 0
      vertex 9.48853 38.3208 6.6
      vertex 9.52232 38.3008 6.6
    endloop
  endfacet
  facet normal 0.509356 0.860556 0
    outer loop
      vertex 9.48853 38.3208 6.6
      vertex 9.52232 38.3008 0
      vertex 9.48853 38.3208 0
    endloop
  endfacet
  facet normal 0.451083 0.892482 -0
    outer loop
      vertex 9.48853 38.3208 0
      vertex 9.45351 38.3385 6.6
      vertex 9.48853 38.3208 6.6
    endloop
  endfacet
  facet normal 0.451083 0.892482 0
    outer loop
      vertex 9.45351 38.3385 6.6
      vertex 9.48853 38.3208 0
      vertex 9.45351 38.3385 0
    endloop
  endfacet
  facet normal 0.392197 0.919881 -0
    outer loop
      vertex 9.45351 38.3385 0
      vertex 9.41739 38.3539 6.6
      vertex 9.45351 38.3385 6.6
    endloop
  endfacet
  facet normal 0.392197 0.919881 0
    outer loop
      vertex 9.41739 38.3539 6.6
      vertex 9.45351 38.3385 0
      vertex 9.41739 38.3539 0
    endloop
  endfacet
  facet normal 0.333513 0.942746 -0
    outer loop
      vertex 9.41739 38.3539 0
      vertex 9.38036 38.367 6.6
      vertex 9.41739 38.3539 6.6
    endloop
  endfacet
  facet normal 0.333513 0.942746 0
    outer loop
      vertex 9.38036 38.367 6.6
      vertex 9.41739 38.3539 0
      vertex 9.38036 38.367 0
    endloop
  endfacet
  facet normal 0.267512 0.963554 -0
    outer loop
      vertex 9.38036 38.367 0
      vertex 9.34254 38.3775 6.6
      vertex 9.38036 38.367 6.6
    endloop
  endfacet
  facet normal 0.267512 0.963554 0
    outer loop
      vertex 9.34254 38.3775 6.6
      vertex 9.38036 38.367 0
      vertex 9.34254 38.3775 0
    endloop
  endfacet
  facet normal 0.237605 0.971362 -0
    outer loop
      vertex 9.34254 38.3775 0
      vertex 8.56743 38.5671 6.6
      vertex 9.34254 38.3775 6.6
    endloop
  endfacet
  facet normal 0.237605 0.971362 0
    outer loop
      vertex 8.56743 38.5671 6.6
      vertex 9.34254 38.3775 0
      vertex 8.56743 38.5671 0
    endloop
  endfacet
  facet normal 0.217114 0.976146 -0
    outer loop
      vertex 8.56743 38.5671 0
      vertex 8.54495 38.5721 6.6
      vertex 8.56743 38.5671 6.6
    endloop
  endfacet
  facet normal 0.217114 0.976146 0
    outer loop
      vertex 8.54495 38.5721 6.6
      vertex 8.56743 38.5671 0
      vertex 8.54495 38.5721 0
    endloop
  endfacet
  facet normal 0.200051 0.979785 -0
    outer loop
      vertex 8.54495 38.5721 0
      vertex 7.2598 38.8345 6.6
      vertex 8.54495 38.5721 6.6
    endloop
  endfacet
  facet normal 0.200051 0.979785 0
    outer loop
      vertex 7.2598 38.8345 6.6
      vertex 8.54495 38.5721 0
      vertex 7.2598 38.8345 0
    endloop
  endfacet
  facet normal 0.182797 0.983151 -0
    outer loop
      vertex 7.2598 38.8345 0
      vertex 7.2399 38.8382 6.6
      vertex 7.2598 38.8345 6.6
    endloop
  endfacet
  facet normal 0.182797 0.983151 0
    outer loop
      vertex 7.2399 38.8382 6.6
      vertex 7.2598 38.8345 0
      vertex 7.2399 38.8382 0
    endloop
  endfacet
  facet normal 0.166927 0.985969 -0
    outer loop
      vertex 7.2399 38.8382 0
      vertex 5.94577 39.0573 6.6
      vertex 7.2399 38.8382 6.6
    endloop
  endfacet
  facet normal 0.166927 0.985969 0
    outer loop
      vertex 5.94577 39.0573 6.6
      vertex 7.2399 38.8382 0
      vertex 5.94577 39.0573 0
    endloop
  endfacet
  facet normal 0.14834 0.988936 -0
    outer loop
      vertex 5.94577 39.0573 0
      vertex 5.92577 39.0603 6.6
      vertex 5.94577 39.0573 6.6
    endloop
  endfacet
  facet normal 0.14834 0.988936 0
    outer loop
      vertex 5.92577 39.0603 6.6
      vertex 5.94577 39.0573 0
      vertex 5.92577 39.0603 0
    endloop
  endfacet
  facet normal 0.133559 0.991041 -0
    outer loop
      vertex 5.92577 39.0603 0
      vertex 4.625 39.2356 6.6
      vertex 5.92577 39.0603 6.6
    endloop
  endfacet
  facet normal 0.133559 0.991041 0
    outer loop
      vertex 4.625 39.2356 6.6
      vertex 5.92577 39.0603 0
      vertex 4.625 39.2356 0
    endloop
  endfacet
  facet normal 0.118503 0.992954 -0
    outer loop
      vertex 4.625 39.2356 0
      vertex 4.60489 39.238 6.6
      vertex 4.625 39.2356 6.6
    endloop
  endfacet
  facet normal 0.118503 0.992954 0
    outer loop
      vertex 4.60489 39.238 6.6
      vertex 4.625 39.2356 0
      vertex 4.60489 39.238 0
    endloop
  endfacet
  facet normal 0.100049 0.994982 -0
    outer loop
      vertex 4.60489 39.238 0
      vertex 3.29912 39.3693 6.6
      vertex 4.60489 39.238 6.6
    endloop
  endfacet
  facet normal 0.100049 0.994982 0
    outer loop
      vertex 3.29912 39.3693 6.6
      vertex 4.60489 39.238 0
      vertex 3.29912 39.3693 0
    endloop
  endfacet
  facet normal 0.0839858 0.996467 -0
    outer loop
      vertex 3.29912 39.3693 0
      vertex 3.27895 39.371 6.6
      vertex 3.29912 39.3693 6.6
    endloop
  endfacet
  facet normal 0.0839858 0.996467 0
    outer loop
      vertex 3.27895 39.371 6.6
      vertex 3.29912 39.3693 0
      vertex 3.27895 39.371 0
    endloop
  endfacet
  facet normal 0.066424 0.997791 -0
    outer loop
      vertex 3.27895 39.371 0
      vertex 1.96907 39.4582 6.6
      vertex 3.27895 39.371 6.6
    endloop
  endfacet
  facet normal 0.066424 0.997791 0
    outer loop
      vertex 1.96907 39.4582 6.6
      vertex 3.27895 39.371 0
      vertex 1.96907 39.4582 0
    endloop
  endfacet
  facet normal 0.0493956 0.998779 -0
    outer loop
      vertex 1.96907 39.4582 0
      vertex 1.94885 39.4592 6.6
      vertex 1.96907 39.4582 6.6
    endloop
  endfacet
  facet normal 0.0493956 0.998779 0
    outer loop
      vertex 1.94885 39.4592 6.6
      vertex 1.96907 39.4582 0
      vertex 1.94885 39.4592 0
    endloop
  endfacet
  facet normal 0.0327562 0.999463 -0
    outer loop
      vertex 1.94885 39.4592 0
      vertex 0.636826 39.5022 6.6
      vertex 1.94885 39.4592 6.6
    endloop
  endfacet
  facet normal 0.0327562 0.999463 0
    outer loop
      vertex 0.636826 39.5022 6.6
      vertex 1.94885 39.4592 0
      vertex 0.636826 39.5022 0
    endloop
  endfacet
  facet normal 0.0148249 0.99989 -0
    outer loop
      vertex 0.636826 39.5022 0
      vertex 0.616592 39.5025 6.6
      vertex 0.636826 39.5022 6.6
    endloop
  endfacet
  facet normal 0.0148249 0.99989 0
    outer loop
      vertex 0.616592 39.5025 6.6
      vertex 0.636826 39.5022 0
      vertex 0.616592 39.5025 0
    endloop
  endfacet
  facet normal -0.000990304 1 0
    outer loop
      vertex 0.616592 39.5025 0
      vertex -0.696136 39.5012 6.6
      vertex 0.616592 39.5025 6.6
    endloop
  endfacet
  facet normal -0.000990304 1 0
    outer loop
      vertex -0.696136 39.5012 6.6
      vertex 0.616592 39.5025 0
      vertex -0.696136 39.5012 0
    endloop
  endfacet
  facet normal -0.0197502 0.999805 0
    outer loop
      vertex -0.696136 39.5012 0
      vertex -0.716385 39.5008 6.6
      vertex -0.696136 39.5012 6.6
    endloop
  endfacet
  facet normal -0.0197502 0.999805 0
    outer loop
      vertex -0.716385 39.5008 6.6
      vertex -0.696136 39.5012 0
      vertex -0.716385 39.5008 0
    endloop
  endfacet
  facet normal -0.0347368 0.999396 0
    outer loop
      vertex -0.716385 39.5008 0
      vertex -2.02832 39.4552 6.6
      vertex -0.716385 39.5008 6.6
    endloop
  endfacet
  facet normal -0.0347368 0.999396 0
    outer loop
      vertex -2.02832 39.4552 6.6
      vertex -0.716385 39.5008 0
      vertex -2.02832 39.4552 0
    endloop
  endfacet
  facet normal -0.0543213 0.998524 0
    outer loop
      vertex -2.02832 39.4552 0
      vertex -2.04854 39.4541 6.6
      vertex -2.02832 39.4552 6.6
    endloop
  endfacet
  facet normal -0.0543213 0.998524 0
    outer loop
      vertex -2.04854 39.4541 6.6
      vertex -2.02832 39.4552 0
      vertex -2.04854 39.4541 0
    endloop
  endfacet
  facet normal -0.068426 0.997656 0
    outer loop
      vertex -2.04854 39.4541 0
      vertex -3.35783 39.3643 6.6
      vertex -2.04854 39.4541 6.6
    endloop
  endfacet
  facet normal -0.068426 0.997656 0
    outer loop
      vertex -3.35783 39.3643 6.6
      vertex -2.04854 39.4541 0
      vertex -3.35783 39.3643 0
    endloop
  endfacet
  facet normal -0.0840272 0.996463 0
    outer loop
      vertex -3.35783 39.3643 0
      vertex -3.37799 39.3626 6.6
      vertex -3.35783 39.3643 6.6
    endloop
  endfacet
  facet normal -0.0840272 0.996463 0
    outer loop
      vertex -3.37799 39.3626 6.6
      vertex -3.35783 39.3643 0
      vertex -3.37799 39.3626 0
    endloop
  endfacet
  facet normal -0.102035 0.994781 0
    outer loop
      vertex -3.37799 39.3626 0
      vertex -4.68344 39.2287 6.6
      vertex -3.37799 39.3626 6.6
    endloop
  endfacet
  facet normal -0.102035 0.994781 0
    outer loop
      vertex -4.68344 39.2287 6.6
      vertex -3.37799 39.3626 0
      vertex -4.68344 39.2287 0
    endloop
  endfacet
  facet normal -0.118503 0.992954 0
    outer loop
      vertex -4.68344 39.2287 0
      vertex -4.70355 39.2263 6.6
      vertex -4.68344 39.2287 6.6
    endloop
  endfacet
  facet normal -0.118503 0.992954 0
    outer loop
      vertex -4.70355 39.2263 6.6
      vertex -4.68344 39.2287 0
      vertex -4.70355 39.2263 0
    endloop
  endfacet
  facet normal -0.135569 0.990768 0
    outer loop
      vertex -4.70355 39.2263 0
      vertex -6.00441 39.0483 6.6
      vertex -4.70355 39.2263 6.6
    endloop
  endfacet
  facet normal -0.135569 0.990768 0
    outer loop
      vertex -6.00441 39.0483 6.6
      vertex -4.70355 39.2263 0
      vertex -6.00441 39.0483 0
    endloop
  endfacet
  facet normal -0.14834 0.988936 0
    outer loop
      vertex -6.00441 39.0483 0
      vertex -6.02441 39.0453 6.6
      vertex -6.00441 39.0483 6.6
    endloop
  endfacet
  facet normal -0.14834 0.988936 0
    outer loop
      vertex -6.02441 39.0453 6.6
      vertex -6.00441 39.0483 0
      vertex -6.02441 39.0453 0
    endloop
  endfacet
  facet normal -0.168898 0.985634 0
    outer loop
      vertex -6.02441 39.0453 0
      vertex -7.31818 38.8236 6.6
      vertex -6.02441 39.0453 6.6
    endloop
  endfacet
  facet normal -0.168898 0.985634 0
    outer loop
      vertex -7.31818 38.8236 6.6
      vertex -6.02441 39.0453 0
      vertex -7.31818 38.8236 0
    endloop
  endfacet
  facet normal -0.187657 0.982235 0
    outer loop
      vertex -7.31818 38.8236 0
      vertex -7.33807 38.8198 6.6
      vertex -7.31818 38.8236 6.6
    endloop
  endfacet
  facet normal -0.187657 0.982235 0
    outer loop
      vertex -7.33807 38.8198 6.6
      vertex -7.31818 38.8236 0
      vertex -7.33807 38.8198 0
    endloop
  endfacet
  facet normal -0.202042 0.979377 0
    outer loop
      vertex -7.33807 38.8198 0
      vertex -8.6236 38.5546 6.6
      vertex -7.33807 38.8198 6.6
    endloop
  endfacet
  facet normal -0.202042 0.979377 0
    outer loop
      vertex -8.6236 38.5546 6.6
      vertex -7.33807 38.8198 0
      vertex -8.6236 38.5546 0
    endloop
  endfacet
  facet normal -0.217559 0.976047 0
    outer loop
      vertex -8.6236 38.5546 0
      vertex -8.64334 38.5502 6.6
      vertex -8.6236 38.5546 6.6
    endloop
  endfacet
  facet normal -0.217559 0.976047 0
    outer loop
      vertex -8.64334 38.5502 6.6
      vertex -8.6236 38.5546 0
      vertex -8.64334 38.5502 0
    endloop
  endfacet
  facet normal -0.23498 0.972 0
    outer loop
      vertex -8.64334 38.5502 0
      vertex -9.91946 38.2417 6.6
      vertex -8.64334 38.5502 6.6
    endloop
  endfacet
  facet normal -0.23498 0.972 0
    outer loop
      vertex -9.91946 38.2417 6.6
      vertex -8.64334 38.5502 0
      vertex -9.91946 38.2417 0
    endloop
  endfacet
  facet normal -0.251819 0.967774 0
    outer loop
      vertex -9.91946 38.2417 0
      vertex -9.93906 38.2366 6.6
      vertex -9.91946 38.2417 6.6
    endloop
  endfacet
  facet normal -0.251819 0.967774 0
    outer loop
      vertex -9.93906 38.2366 6.6
      vertex -9.91946 38.2417 0
      vertex -9.93906 38.2366 0
    endloop
  endfacet
  facet normal -0.267589 0.963533 0
    outer loop
      vertex -9.93906 38.2366 0
      vertex -11.2033 37.8855 6.6
      vertex -9.93906 38.2366 6.6
    endloop
  endfacet
  facet normal -0.267589 0.963533 0
    outer loop
      vertex -11.2033 37.8855 6.6
      vertex -9.93906 38.2366 0
      vertex -11.2033 37.8855 0
    endloop
  endfacet
  facet normal -0.286442 0.958098 0
    outer loop
      vertex -11.2033 37.8855 0
      vertex -11.2227 37.8797 6.6
      vertex -11.2033 37.8855 6.6
    endloop
  endfacet
  facet normal -0.286442 0.958098 0
    outer loop
      vertex -11.2227 37.8797 6.6
      vertex -11.2033 37.8855 0
      vertex -11.2227 37.8797 0
    endloop
  endfacet
  facet normal -0.29991 0.953968 0
    outer loop
      vertex -11.2227 37.8797 0
      vertex -12.475 37.486 6.6
      vertex -11.2227 37.8797 6.6
    endloop
  endfacet
  facet normal -0.29991 0.953968 0
    outer loop
      vertex -12.475 37.486 6.6
      vertex -11.2227 37.8797 0
      vertex -12.475 37.486 0
    endloop
  endfacet
  facet normal -0.316228 0.948683 0
    outer loop
      vertex -12.475 37.486 0
      vertex -12.4942 37.4796 6.6
      vertex -12.475 37.486 6.6
    endloop
  endfacet
  facet normal -0.316228 0.948683 0
    outer loop
      vertex -12.4942 37.4796 6.6
      vertex -12.475 37.486 0
      vertex -12.4942 37.4796 0
    endloop
  endfacet
  facet normal -0.331948 0.943298 0
    outer loop
      vertex -12.4942 37.4796 0
      vertex -13.7329 37.0437 6.6
      vertex -12.4942 37.4796 6.6
    endloop
  endfacet
  facet normal -0.331948 0.943298 0
    outer loop
      vertex -13.7329 37.0437 6.6
      vertex -12.4942 37.4796 0
      vertex -13.7329 37.0437 0
    endloop
  endfacet
  facet normal -0.351666 0.936125 0
    outer loop
      vertex -13.7329 37.0437 0
      vertex -13.7518 37.0366 6.6
      vertex -13.7329 37.0437 6.6
    endloop
  endfacet
  facet normal -0.351666 0.936125 0
    outer loop
      vertex -13.7518 37.0366 6.6
      vertex -13.7329 37.0437 0
      vertex -13.7518 37.0366 0
    endloop
  endfacet
  facet normal -0.363612 0.931551 0
    outer loop
      vertex -13.7518 37.0366 0
      vertex -14.9741 36.5595 6.6
      vertex -13.7518 37.0366 6.6
    endloop
  endfacet
  facet normal -0.363612 0.931551 0
    outer loop
      vertex -14.9741 36.5595 6.6
      vertex -13.7518 37.0366 0
      vertex -14.9741 36.5595 0
    endloop
  endfacet
  facet normal -0.374789 0.92711 0
    outer loop
      vertex -14.9741 36.5595 0
      vertex -14.9929 36.5519 6.6
      vertex -14.9741 36.5595 6.6
    endloop
  endfacet
  facet normal -0.374789 0.92711 0
    outer loop
      vertex -14.9929 36.5519 6.6
      vertex -14.9741 36.5595 0
      vertex -14.9929 36.5519 0
    endloop
  endfacet
  facet normal -0.394848 0.918747 0
    outer loop
      vertex -14.9929 36.5519 0
      vertex -16.1989 36.0336 6.6
      vertex -14.9929 36.5519 6.6
    endloop
  endfacet
  facet normal -0.394848 0.918747 0
    outer loop
      vertex -16.1989 36.0336 6.6
      vertex -14.9929 36.5519 0
      vertex -16.1989 36.0336 0
    endloop
  endfacet
  facet normal -0.411188 0.91155 0
    outer loop
      vertex -16.1989 36.0336 0
      vertex -16.2173 36.0253 6.6
      vertex -16.1989 36.0336 6.6
    endloop
  endfacet
  facet normal -0.411188 0.91155 0
    outer loop
      vertex -16.2173 36.0253 6.6
      vertex -16.1989 36.0336 0
      vertex -16.2173 36.0253 0
    endloop
  endfacet
  facet normal -0.425577 0.904922 0
    outer loop
      vertex -16.2173 36.0253 0
      vertex -17.4055 35.4665 6.6
      vertex -16.2173 36.0253 6.6
    endloop
  endfacet
  facet normal -0.425577 0.904922 0
    outer loop
      vertex -17.4055 35.4665 6.6
      vertex -16.2173 36.0253 0
      vertex -17.4055 35.4665 0
    endloop
  endfacet
  facet normal -0.439299 0.898341 0
    outer loop
      vertex -17.4055 35.4665 0
      vertex -17.4237 35.4576 6.6
      vertex -17.4055 35.4665 6.6
    endloop
  endfacet
  facet normal -0.439299 0.898341 0
    outer loop
      vertex -17.4237 35.4576 6.6
      vertex -17.4055 35.4665 0
      vertex -17.4237 35.4576 0
    endloop
  endfacet
  facet normal -0.455879 0.890042 0
    outer loop
      vertex -17.4237 35.4576 0
      vertex -18.5918 34.8593 6.6
      vertex -17.4237 35.4576 6.6
    endloop
  endfacet
  facet normal -0.455879 0.890042 0
    outer loop
      vertex -18.5918 34.8593 6.6
      vertex -17.4237 35.4576 0
      vertex -18.5918 34.8593 0
    endloop
  endfacet
  facet normal -0.470845 0.882216 0
    outer loop
      vertex -18.5918 34.8593 0
      vertex -18.6096 34.8498 6.6
      vertex -18.5918 34.8593 6.6
    endloop
  endfacet
  facet normal -0.470845 0.882216 0
    outer loop
      vertex -18.6096 34.8498 6.6
      vertex -18.5918 34.8593 0
      vertex -18.6096 34.8498 0
    endloop
  endfacet
  facet normal -0.485649 0.874154 0
    outer loop
      vertex -18.6096 34.8498 0
      vertex -19.7569 34.2124 6.6
      vertex -18.6096 34.8498 6.6
    endloop
  endfacet
  facet normal -0.485649 0.874154 0
    outer loop
      vertex -19.7569 34.2124 6.6
      vertex -18.6096 34.8498 0
      vertex -19.7569 34.2124 0
    endloop
  endfacet
  facet normal -0.499865 0.866103 0
    outer loop
      vertex -19.7569 34.2124 0
      vertex -19.7744 34.2023 6.6
      vertex -19.7569 34.2124 6.6
    endloop
  endfacet
  facet normal -0.499865 0.866103 0
    outer loop
      vertex -19.7744 34.2023 6.6
      vertex -19.7569 34.2124 0
      vertex -19.7744 34.2023 0
    endloop
  endfacet
  facet normal -0.514843 0.857284 0
    outer loop
      vertex -19.7744 34.2023 0
      vertex -20.8997 33.5265 6.6
      vertex -19.7744 34.2023 6.6
    endloop
  endfacet
  facet normal -0.514843 0.857284 0
    outer loop
      vertex -20.8997 33.5265 6.6
      vertex -19.7744 34.2023 0
      vertex -20.8997 33.5265 0
    endloop
  endfacet
  facet normal -0.528223 0.849106 0
    outer loop
      vertex -20.8997 33.5265 0
      vertex -20.9169 33.5158 6.6
      vertex -20.8997 33.5265 6.6
    endloop
  endfacet
  facet normal -0.528223 0.849106 0
    outer loop
      vertex -20.9169 33.5158 6.6
      vertex -20.8997 33.5265 0
      vertex -20.9169 33.5158 0
    endloop
  endfacet
  facet normal -0.543451 0.839441 0
    outer loop
      vertex -20.9169 33.5158 0
      vertex -21.6676 33.0298 6.6
      vertex -20.9169 33.5158 6.6
    endloop
  endfacet
  facet normal -0.543451 0.839441 0
    outer loop
      vertex -21.6676 33.0298 6.6
      vertex -20.9169 33.5158 0
      vertex -21.6676 33.0298 0
    endloop
  endfacet
  facet normal -0.570596 0.821231 0
    outer loop
      vertex -21.6676 33.0298 0
      vertex -21.6984 33.0084 6.6
      vertex -21.6676 33.0298 6.6
    endloop
  endfacet
  facet normal -0.570596 0.821231 0
    outer loop
      vertex -21.6984 33.0084 6.6
      vertex -21.6676 33.0298 0
      vertex -21.6984 33.0084 0
    endloop
  endfacet
  facet normal -0.619396 0.785078 0
    outer loop
      vertex -21.6984 33.0084 0
      vertex -21.7292 32.9841 6.6
      vertex -21.6984 33.0084 6.6
    endloop
  endfacet
  facet normal -0.619396 0.785078 0
    outer loop
      vertex -21.7292 32.9841 6.6
      vertex -21.6984 33.0084 0
      vertex -21.7292 32.9841 0
    endloop
  endfacet
  facet normal -0.671912 0.740631 0
    outer loop
      vertex -21.7292 32.9841 0
      vertex -21.7583 32.9577 6.6
      vertex -21.7292 32.9841 6.6
    endloop
  endfacet
  facet normal -0.671912 0.740631 0
    outer loop
      vertex -21.7583 32.9577 6.6
      vertex -21.7292 32.9841 0
      vertex -21.7583 32.9577 0
    endloop
  endfacet
  facet normal -0.718479 0.695549 0
    outer loop
      vertex -21.7856 32.9295 0
      vertex -21.7583 32.9577 6.6
      vertex -21.7583 32.9577 0
    endloop
  endfacet
  facet normal -0.718479 0.695549 0
    outer loop
      vertex -21.7583 32.9577 6.6
      vertex -21.7856 32.9295 0
      vertex -21.7856 32.9295 6.6
    endloop
  endfacet
  facet normal -0.760871 0.648903 0
    outer loop
      vertex -21.8111 32.8996 0
      vertex -21.7856 32.9295 6.6
      vertex -21.7856 32.9295 0
    endloop
  endfacet
  facet normal -0.760871 0.648903 0
    outer loop
      vertex -21.7856 32.9295 6.6
      vertex -21.8111 32.8996 0
      vertex -21.8111 32.8996 6.6
    endloop
  endfacet
  facet normal -0.802744 0.596324 0
    outer loop
      vertex -21.8345 32.8681 0
      vertex -21.8111 32.8996 6.6
      vertex -21.8111 32.8996 0
    endloop
  endfacet
  facet normal -0.802744 0.596324 0
    outer loop
      vertex -21.8111 32.8996 6.6
      vertex -21.8345 32.8681 0
      vertex -21.8345 32.8681 6.6
    endloop
  endfacet
  facet normal -0.840184 0.542301 0
    outer loop
      vertex -21.8558 32.8351 0
      vertex -21.8345 32.8681 6.6
      vertex -21.8345 32.8681 0
    endloop
  endfacet
  facet normal -0.840184 0.542301 0
    outer loop
      vertex -21.8345 32.8681 6.6
      vertex -21.8558 32.8351 0
      vertex -21.8558 32.8351 6.6
    endloop
  endfacet
  facet normal -0.873676 0.486508 0
    outer loop
      vertex -21.8749 32.8008 0
      vertex -21.8558 32.8351 6.6
      vertex -21.8558 32.8351 0
    endloop
  endfacet
  facet normal -0.873676 0.486508 0
    outer loop
      vertex -21.8558 32.8351 6.6
      vertex -21.8749 32.8008 0
      vertex -21.8749 32.8008 6.6
    endloop
  endfacet
  facet normal -0.903426 0.428744 0
    outer loop
      vertex -21.8917 32.7654 0
      vertex -21.8749 32.8008 6.6
      vertex -21.8749 32.8008 0
    endloop
  endfacet
  facet normal -0.903426 0.428744 0
    outer loop
      vertex -21.8749 32.8008 6.6
      vertex -21.8917 32.7654 0
      vertex -21.8917 32.7654 6.6
    endloop
  endfacet
  facet normal -0.929352 0.369195 0
    outer loop
      vertex -21.9062 32.7289 0
      vertex -21.8917 32.7654 6.6
      vertex -21.8917 32.7654 0
    endloop
  endfacet
  facet normal -0.929352 0.369195 0
    outer loop
      vertex -21.8917 32.7654 6.6
      vertex -21.9062 32.7289 0
      vertex -21.9062 32.7289 6.6
    endloop
  endfacet
  facet normal -0.951445 0.30782 0
    outer loop
      vertex -21.9183 32.6915 0
      vertex -21.9062 32.7289 6.6
      vertex -21.9062 32.7289 0
    endloop
  endfacet
  facet normal -0.951445 0.30782 0
    outer loop
      vertex -21.9062 32.7289 6.6
      vertex -21.9183 32.6915 0
      vertex -21.9183 32.6915 6.6
    endloop
  endfacet
  facet normal -0.970292 0.241936 0
    outer loop
      vertex -21.9278 32.6534 0
      vertex -21.9183 32.6915 6.6
      vertex -21.9183 32.6915 0
    endloop
  endfacet
  facet normal -0.970292 0.241936 0
    outer loop
      vertex -21.9183 32.6915 6.6
      vertex -21.9278 32.6534 0
      vertex -21.9278 32.6534 6.6
    endloop
  endfacet
  facet normal -0.983501 0.180903 0
    outer loop
      vertex -21.9349 32.6148 0
      vertex -21.9278 32.6534 6.6
      vertex -21.9278 32.6534 0
    endloop
  endfacet
  facet normal -0.983501 0.180903 0
    outer loop
      vertex -21.9278 32.6534 6.6
      vertex -21.9349 32.6148 0
      vertex -21.9349 32.6148 6.6
    endloop
  endfacet
  facet normal -0.993116 0.117137 0
    outer loop
      vertex -21.9395 32.5758 0
      vertex -21.9349 32.6148 6.6
      vertex -21.9349 32.6148 0
    endloop
  endfacet
  facet normal -0.993116 0.117137 0
    outer loop
      vertex -21.9349 32.6148 6.6
      vertex -21.9395 32.5758 0
      vertex -21.9395 32.5758 6.6
    endloop
  endfacet
  facet normal -0.998827 0.0484126 0
    outer loop
      vertex -21.9414 32.5366 0
      vertex -21.9395 32.5758 6.6
      vertex -21.9395 32.5758 0
    endloop
  endfacet
  facet normal -0.998827 0.0484126 0
    outer loop
      vertex -21.9395 32.5758 6.6
      vertex -21.9414 32.5366 0
      vertex -21.9414 32.5366 6.6
    endloop
  endfacet
  facet normal -0.999883 -0.0152654 0
    outer loop
      vertex -21.9408 32.4973 0
      vertex -21.9414 32.5366 6.6
      vertex -21.9414 32.5366 0
    endloop
  endfacet
  facet normal -0.999883 -0.0152654 0
    outer loop
      vertex -21.9414 32.5366 6.6
      vertex -21.9408 32.4973 0
      vertex -21.9408 32.4973 6.6
    endloop
  endfacet
  facet normal -0.996872 -0.0790359 0
    outer loop
      vertex -21.9377 32.4582 0
      vertex -21.9408 32.4973 6.6
      vertex -21.9408 32.4973 0
    endloop
  endfacet
  facet normal -0.996872 -0.0790359 0
    outer loop
      vertex -21.9408 32.4973 6.6
      vertex -21.9377 32.4582 0
      vertex -21.9377 32.4582 6.6
    endloop
  endfacet
  facet normal -0.989011 -0.147842 0
    outer loop
      vertex -21.9319 32.4194 0
      vertex -21.9377 32.4582 6.6
      vertex -21.9377 32.4582 0
    endloop
  endfacet
  facet normal -0.989011 -0.147842 0
    outer loop
      vertex -21.9377 32.4582 6.6
      vertex -21.9319 32.4194 0
      vertex -21.9319 32.4194 6.6
    endloop
  endfacet
  facet normal -0.977951 -0.208833 0
    outer loop
      vertex -21.9237 32.381 0
      vertex -21.9319 32.4194 6.6
      vertex -21.9319 32.4194 0
    endloop
  endfacet
  facet normal -0.977951 -0.208833 0
    outer loop
      vertex -21.9319 32.4194 6.6
      vertex -21.9237 32.381 0
      vertex -21.9237 32.381 6.6
    endloop
  endfacet
  facet normal -0.970294 -0.241927 0
    outer loop
      vertex -20.9884 28.6298 0
      vertex -21.9237 32.381 6.6
      vertex -21.9237 32.381 0
    endloop
  endfacet
  facet normal -0.970294 -0.241927 0
    outer loop
      vertex -21.9237 32.381 6.6
      vertex -20.9884 28.6298 0
      vertex -20.9884 28.6298 6.6
    endloop
  endfacet
  facet normal -0.594938 0.803772 0
    outer loop
      vertex -20.9884 28.6298 0
      vertex -21.3602 28.3546 6.6
      vertex -20.9884 28.6298 6.6
    endloop
  endfacet
  facet normal -0.594938 0.803772 0
    outer loop
      vertex -21.3602 28.3546 6.6
      vertex -20.9884 28.6298 0
      vertex -21.3602 28.3546 0
    endloop
  endfacet
  facet normal -0.6 0.8 0
    outer loop
      vertex -21.3602 28.3546 0
      vertex -21.3686 28.3483 6.6
      vertex -21.3602 28.3546 6.6
    endloop
  endfacet
  facet normal -0.6 0.8 0
    outer loop
      vertex -21.3686 28.3483 6.6
      vertex -21.3602 28.3546 0
      vertex -21.3686 28.3483 0
    endloop
  endfacet
  facet normal -0.608718 0.793387 0
    outer loop
      vertex -21.3686 28.3483 0
      vertex -21.8515 27.9778 6.6
      vertex -21.3686 28.3483 6.6
    endloop
  endfacet
  facet normal -0.608718 0.793387 0
    outer loop
      vertex -21.8515 27.9778 6.6
      vertex -21.3686 28.3483 0
      vertex -21.8515 27.9778 0
    endloop
  endfacet
  facet normal -0.616564 0.787305 0
    outer loop
      vertex -21.8515 27.9778 0
      vertex -21.8598 27.9713 6.6
      vertex -21.8515 27.9778 6.6
    endloop
  endfacet
  facet normal -0.616564 0.787305 0
    outer loop
      vertex -21.8598 27.9713 6.6
      vertex -21.8515 27.9778 0
      vertex -21.8598 27.9713 0
    endloop
  endfacet
  facet normal -0.62251 0.782612 0
    outer loop
      vertex -21.8598 27.9713 0
      vertex -22.3364 27.5922 6.6
      vertex -21.8598 27.9713 6.6
    endloop
  endfacet
  facet normal -0.62251 0.782612 0
    outer loop
      vertex -22.3364 27.5922 6.6
      vertex -21.8598 27.9713 0
      vertex -22.3364 27.5922 0
    endloop
  endfacet
  facet normal -0.627009 0.779012 0
    outer loop
      vertex -22.3364 27.5922 0
      vertex -22.3446 27.5856 6.6
      vertex -22.3364 27.5922 6.6
    endloop
  endfacet
  facet normal -0.627009 0.779012 0
    outer loop
      vertex -22.3446 27.5856 6.6
      vertex -22.3364 27.5922 0
      vertex -22.3446 27.5856 0
    endloop
  endfacet
  facet normal -0.636144 0.77157 0
    outer loop
      vertex -22.3446 27.5856 0
      vertex -22.8152 27.1976 6.6
      vertex -22.3446 27.5856 6.6
    endloop
  endfacet
  facet normal -0.636144 0.77157 0
    outer loop
      vertex -22.8152 27.1976 6.6
      vertex -22.3446 27.5856 0
      vertex -22.8152 27.1976 0
    endloop
  endfacet
  facet normal -0.642068 0.766648 0
    outer loop
      vertex -22.8152 27.1976 0
      vertex -22.8232 27.1909 6.6
      vertex -22.8152 27.1976 6.6
    endloop
  endfacet
  facet normal -0.642068 0.766648 0
    outer loop
      vertex -22.8232 27.1909 6.6
      vertex -22.8152 27.1976 0
      vertex -22.8232 27.1909 0
    endloop
  endfacet
  facet normal -0.649464 0.760392 0
    outer loop
      vertex -22.8232 27.1909 0
      vertex -23.2859 26.7957 6.6
      vertex -22.8232 27.1909 6.6
    endloop
  endfacet
  facet normal -0.649464 0.760392 0
    outer loop
      vertex -23.2859 26.7957 6.6
      vertex -22.8232 27.1909 0
      vertex -23.2859 26.7957 0
    endloop
  endfacet
  facet normal -0.65237 0.757901 0
    outer loop
      vertex -23.2859 26.7957 0
      vertex -23.2938 26.7889 6.6
      vertex -23.2859 26.7957 6.6
    endloop
  endfacet
  facet normal -0.65237 0.757901 0
    outer loop
      vertex -23.2938 26.7889 6.6
      vertex -23.2859 26.7957 0
      vertex -23.2938 26.7889 0
    endloop
  endfacet
  facet normal -0.662538 0.749028 0
    outer loop
      vertex -23.2938 26.7889 0
      vertex -23.7502 26.3852 6.6
      vertex -23.2938 26.7889 6.6
    endloop
  endfacet
  facet normal -0.662538 0.749028 0
    outer loop
      vertex -23.7502 26.3852 6.6
      vertex -23.2938 26.7889 0
      vertex -23.7502 26.3852 0
    endloop
  endfacet
  facet normal -0.677883 0.735169 0
    outer loop
      vertex -23.7502 26.3852 0
      vertex -23.7579 26.3781 6.6
      vertex -23.7502 26.3852 6.6
    endloop
  endfacet
  facet normal -0.677883 0.735169 0
    outer loop
      vertex -23.7579 26.3781 6.6
      vertex -23.7502 26.3852 0
      vertex -23.7579 26.3781 0
    endloop
  endfacet
  facet normal -0.675517 0.737345 0
    outer loop
      vertex -23.7579 26.3781 0
      vertex -24.2075 25.9662 6.6
      vertex -23.7579 26.3781 6.6
    endloop
  endfacet
  facet normal -0.675517 0.737345 0
    outer loop
      vertex -24.2075 25.9662 6.6
      vertex -23.7579 26.3781 0
      vertex -24.2075 25.9662 0
    endloop
  endfacet
  facet normal -0.682661 0.730735 0
    outer loop
      vertex -24.2075 25.9662 0
      vertex -24.2151 25.9591 6.6
      vertex -24.2075 25.9662 6.6
    endloop
  endfacet
  facet normal -0.682661 0.730735 0
    outer loop
      vertex -24.2151 25.9591 6.6
      vertex -24.2075 25.9662 0
      vertex -24.2151 25.9591 0
    endloop
  endfacet
  facet normal -0.688378 0.725352 0
    outer loop
      vertex -24.2151 25.9591 0
      vertex -24.6565 25.5402 6.6
      vertex -24.2151 25.9591 6.6
    endloop
  endfacet
  facet normal -0.688378 0.725352 0
    outer loop
      vertex -24.6565 25.5402 6.6
      vertex -24.2151 25.9591 0
      vertex -24.6565 25.5402 0
    endloop
  endfacet
  facet normal -0.692729 0.721198 0
    outer loop
      vertex -24.6565 25.5402 0
      vertex -24.6641 25.5329 6.6
      vertex -24.6565 25.5402 6.6
    endloop
  endfacet
  facet normal -0.692729 0.721198 0
    outer loop
      vertex -24.6641 25.5329 6.6
      vertex -24.6565 25.5402 0
      vertex -24.6641 25.5329 0
    endloop
  endfacet
  facet normal -0.700924 0.713236 0
    outer loop
      vertex -24.6641 25.5329 0
      vertex -25.0986 25.1059 6.6
      vertex -24.6641 25.5329 6.6
    endloop
  endfacet
  facet normal -0.700924 0.713236 0
    outer loop
      vertex -25.0986 25.1059 6.6
      vertex -24.6641 25.5329 0
      vertex -25.0986 25.1059 0
    endloop
  endfacet
  facet normal -0.707107 0.707107 0
    outer loop
      vertex -25.1059 25.0986 0
      vertex -25.0986 25.1059 6.6
      vertex -25.0986 25.1059 0
    endloop
  endfacet
  facet normal -0.707107 0.707107 0
    outer loop
      vertex -25.0986 25.1059 6.6
      vertex -25.1059 25.0986 0
      vertex -25.1059 25.0986 6.6
    endloop
  endfacet
  facet normal -0.713236 0.700924 0
    outer loop
      vertex -25.5329 24.6641 0
      vertex -25.1059 25.0986 6.6
      vertex -25.1059 25.0986 0
    endloop
  endfacet
  facet normal -0.713236 0.700924 0
    outer loop
      vertex -25.1059 25.0986 6.6
      vertex -25.5329 24.6641 0
      vertex -25.5329 24.6641 6.6
    endloop
  endfacet
  facet normal -0.721198 0.692729 0
    outer loop
      vertex -25.5402 24.6565 0
      vertex -25.5329 24.6641 6.6
      vertex -25.5329 24.6641 0
    endloop
  endfacet
  facet normal -0.721198 0.692729 0
    outer loop
      vertex -25.5329 24.6641 6.6
      vertex -25.5402 24.6565 0
      vertex -25.5402 24.6565 6.6
    endloop
  endfacet
  facet normal -0.725352 0.688378 0
    outer loop
      vertex -25.9591 24.2151 0
      vertex -25.5402 24.6565 6.6
      vertex -25.5402 24.6565 0
    endloop
  endfacet
  facet normal -0.725352 0.688378 0
    outer loop
      vertex -25.5402 24.6565 6.6
      vertex -25.9591 24.2151 0
      vertex -25.9591 24.2151 6.6
    endloop
  endfacet
  facet normal -0.730735 0.682661 0
    outer loop
      vertex -25.9662 24.2075 0
      vertex -25.9591 24.2151 6.6
      vertex -25.9591 24.2151 0
    endloop
  endfacet
  facet normal -0.730735 0.682661 0
    outer loop
      vertex -25.9591 24.2151 6.6
      vertex -25.9662 24.2075 0
      vertex -25.9662 24.2075 6.6
    endloop
  endfacet
  facet normal -0.737345 0.675517 0
    outer loop
      vertex -26.3781 23.7579 0
      vertex -25.9662 24.2075 6.6
      vertex -25.9662 24.2075 0
    endloop
  endfacet
  facet normal -0.737345 0.675517 0
    outer loop
      vertex -25.9662 24.2075 6.6
      vertex -26.3781 23.7579 0
      vertex -26.3781 23.7579 6.6
    endloop
  endfacet
  facet normal -0.735169 0.677883 0
    outer loop
      vertex -26.3852 23.7502 0
      vertex -26.3781 23.7579 6.6
      vertex -26.3781 23.7579 0
    endloop
  endfacet
  facet normal -0.735169 0.677883 0
    outer loop
      vertex -26.3781 23.7579 6.6
      vertex -26.3852 23.7502 0
      vertex -26.3852 23.7502 6.6
    endloop
  endfacet
  facet normal -0.749028 0.662538 0
    outer loop
      vertex -26.7889 23.2938 0
      vertex -26.3852 23.7502 6.6
      vertex -26.3852 23.7502 0
    endloop
  endfacet
  facet normal -0.749028 0.662538 0
    outer loop
      vertex -26.3852 23.7502 6.6
      vertex -26.7889 23.2938 0
      vertex -26.7889 23.2938 6.6
    endloop
  endfacet
  facet normal -0.757901 0.65237 0
    outer loop
      vertex -26.7957 23.2859 0
      vertex -26.7889 23.2938 6.6
      vertex -26.7889 23.2938 0
    endloop
  endfacet
  facet normal -0.757901 0.65237 0
    outer loop
      vertex -26.7889 23.2938 6.6
      vertex -26.7957 23.2859 0
      vertex -26.7957 23.2859 6.6
    endloop
  endfacet
  facet normal -0.760392 0.649464 0
    outer loop
      vertex -27.1909 22.8232 0
      vertex -26.7957 23.2859 6.6
      vertex -26.7957 23.2859 0
    endloop
  endfacet
  facet normal -0.760392 0.649464 0
    outer loop
      vertex -26.7957 23.2859 6.6
      vertex -27.1909 22.8232 0
      vertex -27.1909 22.8232 6.6
    endloop
  endfacet
  facet normal -0.766648 0.642068 0
    outer loop
      vertex -27.1976 22.8152 0
      vertex -27.1909 22.8232 6.6
      vertex -27.1909 22.8232 0
    endloop
  endfacet
  facet normal -0.766648 0.642068 0
    outer loop
      vertex -27.1909 22.8232 6.6
      vertex -27.1976 22.8152 0
      vertex -27.1976 22.8152 6.6
    endloop
  endfacet
  facet normal -0.77157 0.636144 0
    outer loop
      vertex -27.5856 22.3446 0
      vertex -27.1976 22.8152 6.6
      vertex -27.1976 22.8152 0
    endloop
  endfacet
  facet normal -0.77157 0.636144 0
    outer loop
      vertex -27.1976 22.8152 6.6
      vertex -27.5856 22.3446 0
      vertex -27.5856 22.3446 6.6
    endloop
  endfacet
  facet normal -0.779012 0.627009 0
    outer loop
      vertex -27.5922 22.3364 0
      vertex -27.5856 22.3446 6.6
      vertex -27.5856 22.3446 0
    endloop
  endfacet
  facet normal -0.779012 0.627009 0
    outer loop
      vertex -27.5856 22.3446 6.6
      vertex -27.5922 22.3364 0
      vertex -27.5922 22.3364 6.6
    endloop
  endfacet
  facet normal -0.782612 0.62251 0
    outer loop
      vertex -27.9713 21.8598 0
      vertex -27.5922 22.3364 6.6
      vertex -27.5922 22.3364 0
    endloop
  endfacet
  facet normal -0.782612 0.62251 0
    outer loop
      vertex -27.5922 22.3364 6.6
      vertex -27.9713 21.8598 0
      vertex -27.9713 21.8598 6.6
    endloop
  endfacet
  facet normal -0.787305 0.616564 0
    outer loop
      vertex -27.9778 21.8515 0
      vertex -27.9713 21.8598 6.6
      vertex -27.9713 21.8598 0
    endloop
  endfacet
  facet normal -0.787305 0.616564 0
    outer loop
      vertex -27.9713 21.8598 6.6
      vertex -27.9778 21.8515 0
      vertex -27.9778 21.8515 6.6
    endloop
  endfacet
  facet normal -0.793387 0.608718 0
    outer loop
      vertex -28.3483 21.3686 0
      vertex -27.9778 21.8515 6.6
      vertex -27.9778 21.8515 0
    endloop
  endfacet
  facet normal -0.793387 0.608718 0
    outer loop
      vertex -27.9778 21.8515 6.6
      vertex -28.3483 21.3686 0
      vertex -28.3483 21.3686 6.6
    endloop
  endfacet
  facet normal -0.796532 0.604597 0
    outer loop
      vertex -28.3546 21.3603 0
      vertex -28.3483 21.3686 6.6
      vertex -28.3483 21.3686 0
    endloop
  endfacet
  facet normal -0.796532 0.604597 0
    outer loop
      vertex -28.3483 21.3686 6.6
      vertex -28.3546 21.3603 0
      vertex -28.3546 21.3603 6.6
    endloop
  endfacet
  facet normal -0.803807 0.59489 0
    outer loop
      vertex -28.7168 20.8709 0
      vertex -28.3546 21.3603 6.6
      vertex -28.3546 21.3603 0
    endloop
  endfacet
  facet normal -0.803807 0.59489 0
    outer loop
      vertex -28.3546 21.3603 6.6
      vertex -28.7168 20.8709 0
      vertex -28.7168 20.8709 6.6
    endloop
  endfacet
  facet normal -0.81244 0.583045 0
    outer loop
      vertex -28.7229 20.8624 0
      vertex -28.7168 20.8709 6.6
      vertex -28.7168 20.8709 0
    endloop
  endfacet
  facet normal -0.81244 0.583045 0
    outer loop
      vertex -28.7168 20.8709 6.6
      vertex -28.7229 20.8624 0
      vertex -28.7229 20.8624 6.6
    endloop
  endfacet
  facet normal -0.814044 0.580804 0
    outer loop
      vertex -29.077 20.3661 0
      vertex -28.7229 20.8624 6.6
      vertex -28.7229 20.8624 0
    endloop
  endfacet
  facet normal -0.814044 0.580804 0
    outer loop
      vertex -28.7229 20.8624 6.6
      vertex -29.077 20.3661 0
      vertex -29.077 20.3661 6.6
    endloop
  endfacet
  facet normal -0.824601 0.565715 0
    outer loop
      vertex -29.0829 20.3575 0
      vertex -29.077 20.3661 6.6
      vertex -29.077 20.3661 0
    endloop
  endfacet
  facet normal -0.824601 0.565715 0
    outer loop
      vertex -29.077 20.3661 6.6
      vertex -29.0829 20.3575 0
      vertex -29.0829 20.3575 6.6
    endloop
  endfacet
  facet normal -0.824056 0.566508 0
    outer loop
      vertex -29.4278 19.8558 0
      vertex -29.0829 20.3575 6.6
      vertex -29.0829 20.3575 0
    endloop
  endfacet
  facet normal -0.824056 0.566508 0
    outer loop
      vertex -29.0829 20.3575 6.6
      vertex -29.4278 19.8558 0
      vertex -29.4278 19.8558 6.6
    endloop
  endfacet
  facet normal -0.83205 0.5547 0
    outer loop
      vertex -29.4336 19.8471 0
      vertex -29.4278 19.8558 6.6
      vertex -29.4278 19.8558 0
    endloop
  endfacet
  facet normal -0.83205 0.5547 0
    outer loop
      vertex -29.4278 19.8558 6.6
      vertex -29.4336 19.8471 0
      vertex -29.4336 19.8471 6.6
    endloop
  endfacet
  facet normal -0.833838 0.552009 0
    outer loop
      vertex -29.7701 19.3388 0
      vertex -29.4336 19.8471 6.6
      vertex -29.4336 19.8471 0
    endloop
  endfacet
  facet normal -0.833838 0.552009 0
    outer loop
      vertex -29.4336 19.8471 6.6
      vertex -29.7701 19.3388 0
      vertex -29.7701 19.3388 6.6
    endloop
  endfacet
  facet normal -0.839314 0.543647 0
    outer loop
      vertex -29.7758 19.33 0
      vertex -29.7701 19.3388 6.6
      vertex -29.7701 19.3388 0
    endloop
  endfacet
  facet normal -0.839314 0.543647 0
    outer loop
      vertex -29.7701 19.3388 6.6
      vertex -29.7758 19.33 0
      vertex -29.7758 19.33 6.6
    endloop
  endfacet
  facet normal -0.843391 0.5373 0
    outer loop
      vertex -30.103 18.8164 0
      vertex -29.7758 19.33 6.6
      vertex -29.7758 19.33 0
    endloop
  endfacet
  facet normal -0.843391 0.5373 0
    outer loop
      vertex -29.7758 19.33 6.6
      vertex -30.103 18.8164 0
      vertex -30.103 18.8164 6.6
    endloop
  endfacet
  facet normal -0.846392 0.532561 0
    outer loop
      vertex -30.1086 18.8075 0
      vertex -30.103 18.8164 6.6
      vertex -30.103 18.8164 0
    endloop
  endfacet
  facet normal -0.846392 0.532561 0
    outer loop
      vertex -30.103 18.8164 6.6
      vertex -30.1086 18.8075 0
      vertex -30.1086 18.8075 6.6
    endloop
  endfacet
  facet normal -0.852672 0.522446 0
    outer loop
      vertex -30.4266 18.2885 0
      vertex -30.1086 18.8075 6.6
      vertex -30.1086 18.8075 0
    endloop
  endfacet
  facet normal -0.852672 0.522446 0
    outer loop
      vertex -30.1086 18.8075 6.6
      vertex -30.4266 18.2885 0
      vertex -30.4266 18.2885 6.6
    endloop
  endfacet
  facet normal -0.857493 0.514496 0
    outer loop
      vertex -30.432 18.2795 0
      vertex -30.4266 18.2885 6.6
      vertex -30.4266 18.2885 0
    endloop
  endfacet
  facet normal -0.857493 0.514496 0
    outer loop
      vertex -30.4266 18.2885 6.6
      vertex -30.432 18.2795 0
      vertex -30.432 18.2795 6.6
    endloop
  endfacet
  facet normal -0.861649 0.507505 0
    outer loop
      vertex -30.5829 18.0233 0
      vertex -30.432 18.2795 6.6
      vertex -30.432 18.2795 0
    endloop
  endfacet
  facet normal -0.861649 0.507505 0
    outer loop
      vertex -30.432 18.2795 6.6
      vertex -30.5829 18.0233 0
      vertex -30.5829 18.0233 6.6
    endloop
  endfacet
  facet normal 0.358366 0.933581 -0
    outer loop
      vertex -30.5829 18.0233 0
      vertex -33.8781 19.2882 6.6
      vertex -30.5829 18.0233 6.6
    endloop
  endfacet
  facet normal 0.358366 0.933581 0
    outer loop
      vertex -33.8781 19.2882 6.6
      vertex -30.5829 18.0233 0
      vertex -33.8781 19.2882 0
    endloop
  endfacet
  facet normal 0.330475 0.943815 -0
    outer loop
      vertex -33.8781 19.2882 0
      vertex -33.9118 19.3 6.6
      vertex -33.8781 19.2882 6.6
    endloop
  endfacet
  facet normal 0.330475 0.943815 0
    outer loop
      vertex -33.9118 19.3 6.6
      vertex -33.8781 19.2882 0
      vertex -33.9118 19.3 0
    endloop
  endfacet
  facet normal 0.272367 0.962193 -0
    outer loop
      vertex -33.9118 19.3 0
      vertex -33.9496 19.3107 6.6
      vertex -33.9118 19.3 6.6
    endloop
  endfacet
  facet normal 0.272367 0.962193 0
    outer loop
      vertex -33.9496 19.3107 6.6
      vertex -33.9118 19.3 0
      vertex -33.9496 19.3107 0
    endloop
  endfacet
  facet normal 0.206396 0.978469 -0
    outer loop
      vertex -33.9496 19.3107 0
      vertex -33.988 19.3188 6.6
      vertex -33.9496 19.3107 6.6
    endloop
  endfacet
  facet normal 0.206396 0.978469 0
    outer loop
      vertex -33.988 19.3188 6.6
      vertex -33.9496 19.3107 0
      vertex -33.988 19.3188 0
    endloop
  endfacet
  facet normal 0.14285 0.989744 -0
    outer loop
      vertex -33.988 19.3188 0
      vertex -34.0268 19.3244 6.6
      vertex -33.988 19.3188 6.6
    endloop
  endfacet
  facet normal 0.14285 0.989744 0
    outer loop
      vertex -34.0268 19.3244 6.6
      vertex -33.988 19.3188 0
      vertex -34.0268 19.3244 0
    endloop
  endfacet
  facet normal 0.0788355 0.996888 -0
    outer loop
      vertex -34.0268 19.3244 0
      vertex -34.066 19.3275 6.6
      vertex -34.0268 19.3244 6.6
    endloop
  endfacet
  facet normal 0.0788355 0.996888 0
    outer loop
      vertex -34.066 19.3275 6.6
      vertex -34.0268 19.3244 0
      vertex -34.066 19.3275 0
    endloop
  endfacet
  facet normal 0.0127541 0.999919 -0
    outer loop
      vertex -34.066 19.3275 0
      vertex -34.1052 19.328 6.6
      vertex -34.066 19.3275 6.6
    endloop
  endfacet
  facet normal 0.0127541 0.999919 0
    outer loop
      vertex -34.1052 19.328 6.6
      vertex -34.066 19.3275 0
      vertex -34.1052 19.328 0
    endloop
  endfacet
  facet normal -0.053359 0.998575 0
    outer loop
      vertex -34.1052 19.328 0
      vertex -34.1445 19.3259 6.6
      vertex -34.1052 19.328 6.6
    endloop
  endfacet
  facet normal -0.053359 0.998575 0
    outer loop
      vertex -34.1445 19.3259 6.6
      vertex -34.1052 19.328 0
      vertex -34.1445 19.3259 0
    endloop
  endfacet
  facet normal -0.11995 0.99278 0
    outer loop
      vertex -34.1445 19.3259 0
      vertex -34.1834 19.3212 6.6
      vertex -34.1445 19.3259 6.6
    endloop
  endfacet
  facet normal -0.11995 0.99278 0
    outer loop
      vertex -34.1834 19.3212 6.6
      vertex -34.1445 19.3259 0
      vertex -34.1834 19.3212 0
    endloop
  endfacet
  facet normal -0.180903 0.983501 0
    outer loop
      vertex -34.1834 19.3212 0
      vertex -34.222 19.3141 6.6
      vertex -34.1834 19.3212 6.6
    endloop
  endfacet
  facet normal -0.180903 0.983501 0
    outer loop
      vertex -34.222 19.3141 6.6
      vertex -34.1834 19.3212 0
      vertex -34.222 19.3141 0
    endloop
  endfacet
  facet normal -0.246723 0.969086 0
    outer loop
      vertex -34.222 19.3141 0
      vertex -34.2601 19.3044 6.6
      vertex -34.222 19.3141 6.6
    endloop
  endfacet
  facet normal -0.246723 0.969086 0
    outer loop
      vertex -34.2601 19.3044 6.6
      vertex -34.222 19.3141 0
      vertex -34.2601 19.3044 0
    endloop
  endfacet
  facet normal -0.310872 0.950452 0
    outer loop
      vertex -34.2601 19.3044 0
      vertex -34.2974 19.2922 6.6
      vertex -34.2601 19.3044 6.6
    endloop
  endfacet
  facet normal -0.310872 0.950452 0
    outer loop
      vertex -34.2974 19.2922 6.6
      vertex -34.2601 19.3044 0
      vertex -34.2974 19.2922 0
    endloop
  endfacet
  facet normal -0.371391 0.928477 0
    outer loop
      vertex -34.2974 19.2922 0
      vertex -34.3339 19.2776 6.6
      vertex -34.2974 19.2922 6.6
    endloop
  endfacet
  facet normal -0.371391 0.928477 0
    outer loop
      vertex -34.3339 19.2776 6.6
      vertex -34.2974 19.2922 0
      vertex -34.3339 19.2776 0
    endloop
  endfacet
  facet normal -0.430824 0.902436 0
    outer loop
      vertex -34.3339 19.2776 0
      vertex -34.3693 19.2607 6.6
      vertex -34.3339 19.2776 6.6
    endloop
  endfacet
  facet normal -0.430824 0.902436 0
    outer loop
      vertex -34.3693 19.2607 6.6
      vertex -34.3339 19.2776 0
      vertex -34.3693 19.2607 0
    endloop
  endfacet
  facet normal -0.489535 0.871984 0
    outer loop
      vertex -34.3693 19.2607 0
      vertex -34.4035 19.2415 6.6
      vertex -34.3693 19.2607 6.6
    endloop
  endfacet
  facet normal -0.489535 0.871984 0
    outer loop
      vertex -34.4035 19.2415 6.6
      vertex -34.3693 19.2607 0
      vertex -34.4035 19.2415 0
    endloop
  endfacet
  facet normal -0.544094 0.839024 0
    outer loop
      vertex -34.4035 19.2415 0
      vertex -34.4365 19.2201 6.6
      vertex -34.4035 19.2415 6.6
    endloop
  endfacet
  facet normal -0.544094 0.839024 0
    outer loop
      vertex -34.4365 19.2201 6.6
      vertex -34.4035 19.2415 0
      vertex -34.4365 19.2201 0
    endloop
  endfacet
  facet normal -0.599184 0.800612 0
    outer loop
      vertex -34.4365 19.2201 0
      vertex -34.4679 19.1966 6.6
      vertex -34.4365 19.2201 6.6
    endloop
  endfacet
  facet normal -0.599184 0.800612 0
    outer loop
      vertex -34.4679 19.1966 6.6
      vertex -34.4365 19.2201 0
      vertex -34.4679 19.1966 0
    endloop
  endfacet
  facet normal -0.648903 0.760871 0
    outer loop
      vertex -34.4679 19.1966 0
      vertex -34.4978 19.1711 6.6
      vertex -34.4679 19.1966 6.6
    endloop
  endfacet
  facet normal -0.648903 0.760871 0
    outer loop
      vertex -34.4978 19.1711 6.6
      vertex -34.4679 19.1966 0
      vertex -34.4978 19.1711 0
    endloop
  endfacet
  facet normal -0.698133 0.715968 0
    outer loop
      vertex -34.4978 19.1711 0
      vertex -34.5259 19.1437 6.6
      vertex -34.4978 19.1711 6.6
    endloop
  endfacet
  facet normal -0.698133 0.715968 0
    outer loop
      vertex -34.5259 19.1437 6.6
      vertex -34.4978 19.1711 0
      vertex -34.5259 19.1437 0
    endloop
  endfacet
  facet normal -0.744307 0.667837 0
    outer loop
      vertex -34.5521 19.1145 0
      vertex -34.5259 19.1437 6.6
      vertex -34.5259 19.1437 0
    endloop
  endfacet
  facet normal -0.744307 0.667837 0
    outer loop
      vertex -34.5259 19.1437 6.6
      vertex -34.5521 19.1145 0
      vertex -34.5521 19.1145 6.6
    endloop
  endfacet
  facet normal -0.786053 0.618159 0
    outer loop
      vertex -34.5764 19.0836 0
      vertex -34.5521 19.1145 6.6
      vertex -34.5521 19.1145 0
    endloop
  endfacet
  facet normal -0.786053 0.618159 0
    outer loop
      vertex -34.5521 19.1145 6.6
      vertex -34.5764 19.0836 0
      vertex -34.5764 19.0836 6.6
    endloop
  endfacet
  facet normal -0.824116 0.566421 0
    outer loop
      vertex -34.5986 19.0513 0
      vertex -34.5764 19.0836 6.6
      vertex -34.5764 19.0836 0
    endloop
  endfacet
  facet normal -0.824116 0.566421 0
    outer loop
      vertex -34.5764 19.0836 6.6
      vertex -34.5986 19.0513 0
      vertex -34.5986 19.0513 6.6
    endloop
  endfacet
  facet normal -0.859506 0.511126 0
    outer loop
      vertex -34.6187 19.0175 0
      vertex -34.5986 19.0513 6.6
      vertex -34.5986 19.0513 0
    endloop
  endfacet
  facet normal -0.859506 0.511126 0
    outer loop
      vertex -34.5986 19.0513 6.6
      vertex -34.6187 19.0175 0
      vertex -34.6187 19.0175 6.6
    endloop
  endfacet
  facet normal -0.875962 0.482381 0
    outer loop
      vertex -35.0033 18.3191 0
      vertex -34.6187 19.0175 6.6
      vertex -34.6187 19.0175 0
    endloop
  endfacet
  facet normal -0.875962 0.482381 0
    outer loop
      vertex -34.6187 19.0175 6.6
      vertex -35.0033 18.3191 0
      vertex -35.0033 18.3191 6.6
    endloop
  endfacet
  facet normal -0.884634 0.466285 0
    outer loop
      vertex -35.014 18.2988 0
      vertex -35.0033 18.3191 6.6
      vertex -35.0033 18.3191 0
    endloop
  endfacet
  facet normal -0.884634 0.466285 0
    outer loop
      vertex -35.0033 18.3191 6.6
      vertex -35.014 18.2988 0
      vertex -35.014 18.2988 6.6
    endloop
  endfacet
  facet normal -0.893846 0.448374 0
    outer loop
      vertex -35.6013 17.128 0
      vertex -35.014 18.2988 6.6
      vertex -35.014 18.2988 0
    endloop
  endfacet
  facet normal -0.893846 0.448374 0
    outer loop
      vertex -35.014 18.2988 6.6
      vertex -35.6013 17.128 0
      vertex -35.6013 17.128 6.6
    endloop
  endfacet
  facet normal -0.900284 0.435302 0
    outer loop
      vertex -35.6101 17.1098 0
      vertex -35.6013 17.128 6.6
      vertex -35.6013 17.128 0
    endloop
  endfacet
  facet normal -0.900284 0.435302 0
    outer loop
      vertex -35.6013 17.128 6.6
      vertex -35.6101 17.1098 0
      vertex -35.6101 17.1098 6.6
    endloop
  endfacet
  facet normal -0.908425 0.418048 0
    outer loop
      vertex -36.1586 15.9179 0
      vertex -35.6101 17.1098 6.6
      vertex -35.6101 17.1098 0
    endloop
  endfacet
  facet normal -0.908425 0.418048 0
    outer loop
      vertex -35.6101 17.1098 6.6
      vertex -36.1586 15.9179 0
      vertex -36.1586 15.9179 6.6
    endloop
  endfacet
  facet normal -0.916044 0.401079 0
    outer loop
      vertex -36.1667 15.8994 0
      vertex -36.1586 15.9179 6.6
      vertex -36.1586 15.9179 0
    endloop
  endfacet
  facet normal -0.916044 0.401079 0
    outer loop
      vertex -36.1586 15.9179 6.6
      vertex -36.1667 15.8994 0
      vertex -36.1667 15.8994 6.6
    endloop
  endfacet
  facet normal -0.921991 0.387212 0
    outer loop
      vertex -36.6747 14.6898 0
      vertex -36.1667 15.8994 6.6
      vertex -36.1667 15.8994 0
    endloop
  endfacet
  facet normal -0.921991 0.387212 0
    outer loop
      vertex -36.1667 15.8994 6.6
      vertex -36.6747 14.6898 0
      vertex -36.6747 14.6898 6.6
    endloop
  endfacet
  facet normal -0.928134 0.372246 0
    outer loop
      vertex -36.6822 14.6711 0
      vertex -36.6747 14.6898 6.6
      vertex -36.6747 14.6898 0
    endloop
  endfacet
  facet normal -0.928134 0.372246 0
    outer loop
      vertex -36.6747 14.6898 6.6
      vertex -36.6822 14.6711 0
      vertex -36.6822 14.6711 6.6
    endloop
  endfacet
  facet normal -0.934534 0.355875 0
    outer loop
      vertex -37.1488 13.4458 0
      vertex -36.6822 14.6711 6.6
      vertex -36.6822 14.6711 0
    endloop
  endfacet
  facet normal -0.934534 0.355875 0
    outer loop
      vertex -36.6822 14.6711 6.6
      vertex -37.1488 13.4458 0
      vertex -37.1488 13.4458 6.6
    endloop
  endfacet
  facet normal -0.94051 0.339765 0
    outer loop
      vertex -37.1557 13.4267 0
      vertex -37.1488 13.4458 6.6
      vertex -37.1488 13.4458 0
    endloop
  endfacet
  facet normal -0.94051 0.339765 0
    outer loop
      vertex -37.1488 13.4458 6.6
      vertex -37.1557 13.4267 0
      vertex -37.1557 13.4267 6.6
    endloop
  endfacet
  facet normal -0.945974 0.324242 0
    outer loop
      vertex -37.5811 12.1856 0
      vertex -37.1557 13.4267 6.6
      vertex -37.1557 13.4267 0
    endloop
  endfacet
  facet normal -0.945974 0.324242 0
    outer loop
      vertex -37.1557 13.4267 6.6
      vertex -37.5811 12.1856 0
      vertex -37.5811 12.1856 6.6
    endloop
  endfacet
  facet normal -0.951615 0.307292 0
    outer loop
      vertex -37.5873 12.1664 0
      vertex -37.5811 12.1856 6.6
      vertex -37.5811 12.1856 0
    endloop
  endfacet
  facet normal -0.951615 0.307292 0
    outer loop
      vertex -37.5811 12.1856 6.6
      vertex -37.5873 12.1664 0
      vertex -37.5873 12.1664 6.6
    endloop
  endfacet
  facet normal -0.956385 0.292108 0
    outer loop
      vertex -37.9704 10.9121 0
      vertex -37.5873 12.1664 6.6
      vertex -37.5873 12.1664 0
    endloop
  endfacet
  facet normal -0.956385 0.292108 0
    outer loop
      vertex -37.5873 12.1664 6.6
      vertex -37.9704 10.9121 0
      vertex -37.9704 10.9121 6.6
    endloop
  endfacet
  facet normal -0.960773 0.277336 0
    outer loop
      vertex -37.976 10.8927 0
      vertex -37.9704 10.9121 6.6
      vertex -37.9704 10.9121 0
    endloop
  endfacet
  facet normal -0.960773 0.277336 0
    outer loop
      vertex -37.9704 10.9121 6.6
      vertex -37.976 10.8927 0
      vertex -37.976 10.8927 6.6
    endloop
  endfacet
  facet normal -0.965683 0.259724 0
    outer loop
      vertex -38.3166 9.62631 0
      vertex -37.976 10.8927 6.6
      vertex -37.976 10.8927 0
    endloop
  endfacet
  facet normal -0.965683 0.259724 0
    outer loop
      vertex -37.976 10.8927 6.6
      vertex -38.3166 9.62631 0
      vertex -38.3166 9.62631 6.6
    endloop
  endfacet
  facet normal -0.970172 0.242419 0
    outer loop
      vertex -38.3215 9.6067 0
      vertex -38.3166 9.62631 6.6
      vertex -38.3166 9.62631 0
    endloop
  endfacet
  facet normal -0.970172 0.242419 0
    outer loop
      vertex -38.3166 9.62631 6.6
      vertex -38.3215 9.6067 0
      vertex -38.3215 9.6067 6.6
    endloop
  endfacet
  facet normal -0.973895 0.226998 0
    outer loop
      vertex -38.6193 8.32904 0
      vertex -38.3215 9.6067 6.6
      vertex -38.3215 9.6067 0
    endloop
  endfacet
  facet normal -0.973895 0.226998 0
    outer loop
      vertex -38.3215 9.6067 6.6
      vertex -38.6193 8.32904 0
      vertex -38.6193 8.32904 6.6
    endloop
  endfacet
  facet normal -0.977154 0.212532 0
    outer loop
      vertex -38.6236 8.30927 0
      vertex -38.6193 8.32904 6.6
      vertex -38.6193 8.32904 0
    endloop
  endfacet
  facet normal -0.977154 0.212532 0
    outer loop
      vertex -38.6193 8.32904 6.6
      vertex -38.6236 8.30927 0
      vertex -38.6236 8.30927 6.6
    endloop
  endfacet
  facet normal -0.980997 0.194022 0
    outer loop
      vertex -38.8781 7.02249 0
      vertex -38.6236 8.30927 6.6
      vertex -38.6236 8.30927 0
    endloop
  endfacet
  facet normal -0.980997 0.194022 0
    outer loop
      vertex -38.6236 8.30927 6.6
      vertex -38.8781 7.02249 0
      vertex -38.8781 7.02249 6.6
    endloop
  endfacet
  facet normal -0.984028 0.178015 0
    outer loop
      vertex -38.8817 7.00259 0
      vertex -38.8781 7.02249 6.6
      vertex -38.8781 7.02249 0
    endloop
  endfacet
  facet normal -0.984028 0.178015 0
    outer loop
      vertex -38.8781 7.02249 6.6
      vertex -38.8817 7.00259 0
      vertex -38.8817 7.00259 6.6
    endloop
  endfacet
  facet normal -0.986964 0.16094 0
    outer loop
      vertex -39.0927 5.70863 0
      vertex -38.8817 7.00259 6.6
      vertex -38.8817 7.00259 0
    endloop
  endfacet
  facet normal -0.986964 0.16094 0
    outer loop
      vertex -38.8817 7.00259 6.6
      vertex -39.0927 5.70863 0
      vertex -39.0927 5.70863 6.6
    endloop
  endfacet
  facet normal -0.989671 0.143359 0
    outer loop
      vertex -39.0956 5.68861 0
      vertex -39.0927 5.70863 6.6
      vertex -39.0927 5.70863 0
    endloop
  endfacet
  facet normal -0.989671 0.143359 0
    outer loop
      vertex -39.0927 5.70863 6.6
      vertex -39.0956 5.68861 0
      vertex -39.0956 5.68861 6.6
    endloop
  endfacet
  facet normal -0.991832 0.127552 0
    outer loop
      vertex -39.263 4.38692 0
      vertex -39.0956 5.68861 6.6
      vertex -39.0956 5.68861 0
    endloop
  endfacet
  facet normal -0.991832 0.127552 0
    outer loop
      vertex -39.0956 5.68861 6.6
      vertex -39.263 4.38692 0
      vertex -39.263 4.38692 6.6
    endloop
  endfacet
  facet normal -0.994069 0.108749 0
    outer loop
      vertex -39.2652 4.36681 0
      vertex -39.263 4.38692 6.6
      vertex -39.263 4.38692 0
    endloop
  endfacet
  facet normal -0.994069 0.108749 0
    outer loop
      vertex -39.263 4.38692 6.6
      vertex -39.2652 4.36681 0
      vertex -39.2652 4.36681 6.6
    endloop
  endfacet
  facet normal -0.995568 0.0940488 0
    outer loop
      vertex -39.3885 3.0616 0
      vertex -39.2652 4.36681 6.6
      vertex -39.2652 4.36681 0
    endloop
  endfacet
  facet normal -0.995568 0.0940488 0
    outer loop
      vertex -39.2652 4.36681 6.6
      vertex -39.3885 3.0616 0
      vertex -39.3885 3.0616 6.6
    endloop
  endfacet
  facet normal -0.997243 0.0741997 0
    outer loop
      vertex -39.39 3.04144 0
      vertex -39.3885 3.0616 6.6
      vertex -39.3885 3.0616 0
    endloop
  endfacet
  facet normal -0.997243 0.0741997 0
    outer loop
      vertex -39.3885 3.0616 6.6
      vertex -39.39 3.04144 0
      vertex -39.39 3.04144 6.6
    endloop
  endfacet
  facet normal -0.998171 0.0604541 0
    outer loop
      vertex -39.4693 1.7321 0
      vertex -39.39 3.04144 6.6
      vertex -39.39 3.04144 0
    endloop
  endfacet
  facet normal -0.998171 0.0604541 0
    outer loop
      vertex -39.39 3.04144 6.6
      vertex -39.4693 1.7321 0
      vertex -39.4693 1.7321 6.6
    endloop
  endfacet
  facet normal -0.999011 0.0444664 0
    outer loop
      vertex -39.4702 1.71188 0
      vertex -39.4693 1.7321 6.6
      vertex -39.4693 1.7321 0
    endloop
  endfacet
  facet normal -0.999011 0.0444664 0
    outer loop
      vertex -39.4693 1.7321 6.6
      vertex -39.4702 1.71188 0
      vertex -39.4702 1.71188 6.6
    endloop
  endfacet
  facet normal -0.999644 0.0266818 0
    outer loop
      vertex -39.5052 0.400589 0
      vertex -39.4702 1.71188 6.6
      vertex -39.4702 1.71188 0
    endloop
  endfacet
  facet normal -0.999644 0.0266818 0
    outer loop
      vertex -39.4702 1.71188 6.6
      vertex -39.5052 0.400589 0
      vertex -39.5052 0.400589 6.6
    endloop
  endfacet
  facet normal -0.999951 0.00989169 0
    outer loop
      vertex -39.5054 0.380371 0
      vertex -39.5052 0.400589 6.6
      vertex -39.5052 0.400589 0
    endloop
  endfacet
  facet normal -0.999951 0.00989169 0
    outer loop
      vertex -39.5052 0.400589 6.6
      vertex -39.5054 0.380371 0
      vertex -39.5054 0.380371 6.6
    endloop
  endfacet
  facet normal -0.999976 -0.00693712 0
    outer loop
      vertex -39.4963 -0.931381 0
      vertex -39.5054 0.380371 6.6
      vertex -39.5054 0.380371 0
    endloop
  endfacet
  facet normal -0.999976 -0.00693712 0
    outer loop
      vertex -39.5054 0.380371 6.6
      vertex -39.4963 -0.931381 0
      vertex -39.4963 -0.931381 6.6
    endloop
  endfacet
  facet normal -0.999695 -0.0247046 0
    outer loop
      vertex -39.4958 -0.951614 0
      vertex -39.4963 -0.931381 6.6
      vertex -39.4963 -0.931381 0
    endloop
  endfacet
  facet normal -0.999695 -0.0247046 0
    outer loop
      vertex -39.4963 -0.931381 6.6
      vertex -39.4958 -0.951614 0
      vertex -39.4958 -0.951614 6.6
    endloop
  endfacet
  facet normal -0.999174 -0.0406455 0
    outer loop
      vertex -39.4425 -2.26187 0
      vertex -39.4958 -0.951614 6.6
      vertex -39.4958 -0.951614 0
    endloop
  endfacet
  facet normal -0.999174 -0.0406455 0
    outer loop
      vertex -39.4958 -0.951614 6.6
      vertex -39.4425 -2.26187 0
      vertex -39.4425 -2.26187 6.6
    endloop
  endfacet
  facet normal -0.998235 -0.0593893 0
    outer loop
      vertex -39.4413 -2.28204 0
      vertex -39.4425 -2.26187 6.6
      vertex -39.4425 -2.26187 0
    endloop
  endfacet
  facet normal -0.998235 -0.0593893 0
    outer loop
      vertex -39.4425 -2.26187 6.6
      vertex -39.4413 -2.28204 0
      vertex -39.4413 -2.28204 6.6
    endloop
  endfacet
  facet normal -0.997234 -0.0743283 0
    outer loop
      vertex -39.3438 -3.59016 0
      vertex -39.4413 -2.28204 6.6
      vertex -39.4413 -2.28204 0
    endloop
  endfacet
  facet normal -0.997234 -0.0743283 0
    outer loop
      vertex -39.4413 -2.28204 6.6
      vertex -39.3438 -3.59016 0
      vertex -39.3438 -3.59016 6.6
    endloop
  endfacet
  facet normal -0.996038 -0.0889319 0
    outer loop
      vertex -39.342 -3.61032 0
      vertex -39.3438 -3.59016 6.6
      vertex -39.3438 -3.59016 0
    endloop
  endfacet
  facet normal -0.996038 -0.0889319 0
    outer loop
      vertex -39.3438 -3.59016 6.6
      vertex -39.342 -3.61032 0
      vertex -39.342 -3.61032 6.6
    endloop
  endfacet
  facet normal -0.994162 -0.107894 0
    outer loop
      vertex -39.2005 -4.91414 0
      vertex -39.342 -3.61032 6.6
      vertex -39.342 -3.61032 0
    endloop
  endfacet
  facet normal -0.994162 -0.107894 0
    outer loop
      vertex -39.342 -3.61032 6.6
      vertex -39.2005 -4.91414 0
      vertex -39.2005 -4.91414 6.6
    endloop
  endfacet
  facet normal -0.992323 -0.123669 0
    outer loop
      vertex -39.198 -4.9342 0
      vertex -39.2005 -4.91414 6.6
      vertex -39.2005 -4.91414 0
    endloop
  endfacet
  facet normal -0.992323 -0.123669 0
    outer loop
      vertex -39.2005 -4.91414 6.6
      vertex -39.198 -4.9342 0
      vertex -39.198 -4.9342 6.6
    endloop
  endfacet
  facet normal -0.989954 -0.14139 0
    outer loop
      vertex -39.0125 -6.23299 0
      vertex -39.198 -4.9342 6.6
      vertex -39.198 -4.9342 0
    endloop
  endfacet
  facet normal -0.989954 -0.14139 0
    outer loop
      vertex -39.198 -4.9342 6.6
      vertex -39.0125 -6.23299 0
      vertex -39.0125 -6.23299 6.6
    endloop
  endfacet
  facet normal -0.987404 -0.158222 0
    outer loop
      vertex -39.0093 -6.25296 0
      vertex -39.0125 -6.23299 6.6
      vertex -39.0125 -6.23299 0
    endloop
  endfacet
  facet normal -0.987404 -0.158222 0
    outer loop
      vertex -39.0125 -6.23299 6.6
      vertex -39.0093 -6.25296 0
      vertex -39.0093 -6.25296 6.6
    endloop
  endfacet
  facet normal -0.984631 -0.174649 0
    outer loop
      vertex -38.7803 -7.54401 0
      vertex -39.0093 -6.25296 6.6
      vertex -39.0093 -6.25296 0
    endloop
  endfacet
  facet normal -0.984631 -0.174649 0
    outer loop
      vertex -39.0093 -6.25296 6.6
      vertex -38.7803 -7.54401 0
      vertex -38.7803 -7.54401 6.6
    endloop
  endfacet
  facet normal -0.982165 -0.188021 0
    outer loop
      vertex -38.7765 -7.56386 0
      vertex -38.7803 -7.54401 6.6
      vertex -38.7803 -7.54401 0
    endloop
  endfacet
  facet normal -0.982165 -0.188021 0
    outer loop
      vertex -38.7803 -7.54401 6.6
      vertex -38.7765 -7.56386 0
      vertex -38.7765 -7.56386 6.6
    endloop
  endfacet
  facet normal -0.978183 -0.207745 0
    outer loop
      vertex -38.504 -8.84695 0
      vertex -38.7765 -7.56386 6.6
      vertex -38.7765 -7.56386 0
    endloop
  endfacet
  facet normal -0.978183 -0.207745 0
    outer loop
      vertex -38.7765 -7.56386 6.6
      vertex -38.504 -8.84695 0
      vertex -38.504 -8.84695 6.6
    endloop
  endfacet
  facet normal -0.974938 -0.222476 0
    outer loop
      vertex -38.4995 -8.86667 0
      vertex -38.504 -8.84695 6.6
      vertex -38.504 -8.84695 0
    endloop
  endfacet
  facet normal -0.974938 -0.222476 0
    outer loop
      vertex -38.504 -8.84695 6.6
      vertex -38.4995 -8.86667 0
      vertex -38.4995 -8.86667 6.6
    endloop
  endfacet
  facet normal -0.970627 -0.240588 0
    outer loop
      vertex -38.2846 -9.73366 0
      vertex -38.4995 -8.86667 6.6
      vertex -38.4995 -8.86667 0
    endloop
  endfacet
  facet normal -0.970627 -0.240588 0
    outer loop
      vertex -38.4995 -8.86667 6.6
      vertex -38.2846 -9.73366 0
      vertex -38.2846 -9.73366 6.6
    endloop
  endfacet
  facet normal -0.962265 -0.272113 0
    outer loop
      vertex -38.2744 -9.76973 0
      vertex -38.2846 -9.73366 6.6
      vertex -38.2846 -9.73366 0
    endloop
  endfacet
  facet normal -0.962265 -0.272113 0
    outer loop
      vertex -38.2846 -9.73366 6.6
      vertex -38.2744 -9.76973 0
      vertex -38.2744 -9.76973 6.6
    endloop
  endfacet
  facet normal -0.9436 -0.331088 0
    outer loop
      vertex -38.2614 -9.80678 0
      vertex -38.2744 -9.76973 6.6
      vertex -38.2744 -9.76973 0
    endloop
  endfacet
  facet normal -0.9436 -0.331088 0
    outer loop
      vertex -38.2744 -9.76973 6.6
      vertex -38.2614 -9.80678 0
      vertex -38.2614 -9.80678 6.6
    endloop
  endfacet
  facet normal -0.919803 -0.392381 0
    outer loop
      vertex -38.246 -9.84288 0
      vertex -38.2614 -9.80678 6.6
      vertex -38.2614 -9.80678 0
    endloop
  endfacet
  facet normal -0.919803 -0.392381 0
    outer loop
      vertex -38.2614 -9.80678 6.6
      vertex -38.246 -9.84288 0
      vertex -38.246 -9.84288 6.6
    endloop
  endfacet
  facet normal -0.891455 -0.45311 0
    outer loop
      vertex -38.2282 -9.8779 0
      vertex -38.246 -9.84288 6.6
      vertex -38.246 -9.84288 0
    endloop
  endfacet
  facet normal -0.891455 -0.45311 0
    outer loop
      vertex -38.246 -9.84288 6.6
      vertex -38.2282 -9.8779 0
      vertex -38.2282 -9.8779 6.6
    endloop
  endfacet
  facet normal -0.86049 -0.509467 0
    outer loop
      vertex -38.2082 -9.91168 0
      vertex -38.2282 -9.8779 6.6
      vertex -38.2282 -9.8779 0
    endloop
  endfacet
  facet normal -0.86049 -0.509467 0
    outer loop
      vertex -38.2282 -9.8779 6.6
      vertex -38.2082 -9.91168 0
      vertex -38.2082 -9.91168 6.6
    endloop
  endfacet
  facet normal -0.8262 -0.563376 0
    outer loop
      vertex -38.1861 -9.94409 0
      vertex -38.2082 -9.91168 6.6
      vertex -38.2082 -9.91168 0
    endloop
  endfacet
  facet normal -0.8262 -0.563376 0
    outer loop
      vertex -38.2082 -9.91168 6.6
      vertex -38.1861 -9.94409 0
      vertex -38.1861 -9.94409 6.6
    endloop
  endfacet
  facet normal -0.785956 -0.618282 0
    outer loop
      vertex -38.1618 -9.97498 0
      vertex -38.1861 -9.94409 6.6
      vertex -38.1861 -9.94409 0
    endloop
  endfacet
  facet normal -0.785956 -0.618282 0
    outer loop
      vertex -38.1861 -9.94409 6.6
      vertex -38.1618 -9.97498 0
      vertex -38.1618 -9.97498 6.6
    endloop
  endfacet
  facet normal -0.744535 -0.667584 0
    outer loop
      vertex -38.1356 -10.0042 0
      vertex -38.1618 -9.97498 6.6
      vertex -38.1618 -9.97498 0
    endloop
  endfacet
  facet normal -0.744535 -0.667584 0
    outer loop
      vertex -38.1618 -9.97498 6.6
      vertex -38.1356 -10.0042 0
      vertex -38.1356 -10.0042 6.6
    endloop
  endfacet
  facet normal -0.699435 -0.714696 0
    outer loop
      vertex -38.1356 -10.0042 0
      vertex -38.1075 -10.0317 6.6
      vertex -38.1356 -10.0042 6.6
    endloop
  endfacet
  facet normal -0.699435 -0.714696 -0
    outer loop
      vertex -38.1075 -10.0317 6.6
      vertex -38.1356 -10.0042 0
      vertex -38.1075 -10.0317 0
    endloop
  endfacet
  facet normal -0.650161 -0.759796 0
    outer loop
      vertex -38.1075 -10.0317 0
      vertex -38.0777 -10.0572 6.6
      vertex -38.1075 -10.0317 6.6
    endloop
  endfacet
  facet normal -0.650161 -0.759796 -0
    outer loop
      vertex -38.0777 -10.0572 6.6
      vertex -38.1075 -10.0317 0
      vertex -38.0777 -10.0572 0
    endloop
  endfacet
  facet normal -0.600814 -0.799389 0
    outer loop
      vertex -38.0777 -10.0572 0
      vertex -38.0463 -10.0808 6.6
      vertex -38.0777 -10.0572 6.6
    endloop
  endfacet
  facet normal -0.600814 -0.799389 -0
    outer loop
      vertex -38.0463 -10.0808 6.6
      vertex -38.0777 -10.0572 0
      vertex -38.0463 -10.0808 0
    endloop
  endfacet
  facet normal -0.547044 -0.837104 0
    outer loop
      vertex -38.0463 -10.0808 0
      vertex -38.0134 -10.1023 6.6
      vertex -38.0463 -10.0808 6.6
    endloop
  endfacet
  facet normal -0.547044 -0.837104 -0
    outer loop
      vertex -38.0134 -10.1023 6.6
      vertex -38.0463 -10.0808 0
      vertex -38.0134 -10.1023 0
    endloop
  endfacet
  facet normal -0.489535 -0.871984 0
    outer loop
      vertex -38.0134 -10.1023 0
      vertex -37.9792 -10.1215 6.6
      vertex -38.0134 -10.1023 6.6
    endloop
  endfacet
  facet normal -0.489535 -0.871984 -0
    outer loop
      vertex -37.9792 -10.1215 6.6
      vertex -38.0134 -10.1023 0
      vertex -37.9792 -10.1215 0
    endloop
  endfacet
  facet normal -0.432897 -0.901444 0
    outer loop
      vertex -37.9792 -10.1215 0
      vertex -37.9438 -10.1385 6.6
      vertex -37.9792 -10.1215 6.6
    endloop
  endfacet
  facet normal -0.432897 -0.901444 -0
    outer loop
      vertex -37.9438 -10.1385 6.6
      vertex -37.9792 -10.1215 0
      vertex -37.9438 -10.1385 0
    endloop
  endfacet
  facet normal -0.37227 -0.928125 0
    outer loop
      vertex -37.9438 -10.1385 0
      vertex -37.9074 -10.1531 6.6
      vertex -37.9438 -10.1385 6.6
    endloop
  endfacet
  facet normal -0.37227 -0.928125 -0
    outer loop
      vertex -37.9074 -10.1531 6.6
      vertex -37.9438 -10.1385 0
      vertex -37.9074 -10.1531 0
    endloop
  endfacet
  facet normal -0.310872 -0.950452 0
    outer loop
      vertex -37.9074 -10.1531 0
      vertex -37.8701 -10.1653 6.6
      vertex -37.9074 -10.1531 6.6
    endloop
  endfacet
  facet normal -0.310872 -0.950452 -0
    outer loop
      vertex -37.8701 -10.1653 6.6
      vertex -37.9074 -10.1531 0
      vertex -37.8701 -10.1653 0
    endloop
  endfacet
  facet normal -0.249109 -0.968475 0
    outer loop
      vertex -37.8701 -10.1653 0
      vertex -37.832 -10.1751 6.6
      vertex -37.8701 -10.1653 6.6
    endloop
  endfacet
  facet normal -0.249109 -0.968475 -0
    outer loop
      vertex -37.832 -10.1751 6.6
      vertex -37.8701 -10.1653 0
      vertex -37.832 -10.1751 0
    endloop
  endfacet
  facet normal -0.183826 -0.982959 0
    outer loop
      vertex -37.832 -10.1751 0
      vertex -37.7935 -10.1823 6.6
      vertex -37.832 -10.1751 6.6
    endloop
  endfacet
  facet normal -0.183826 -0.982959 -0
    outer loop
      vertex -37.7935 -10.1823 6.6
      vertex -37.832 -10.1751 0
      vertex -37.7935 -10.1823 0
    endloop
  endfacet
  facet normal -0.119647 -0.992816 0
    outer loop
      vertex -37.7935 -10.1823 0
      vertex -37.7545 -10.187 6.6
      vertex -37.7935 -10.1823 6.6
    endloop
  endfacet
  facet normal -0.119647 -0.992816 -0
    outer loop
      vertex -37.7545 -10.187 6.6
      vertex -37.7935 -10.1823 0
      vertex -37.7545 -10.187 0
    endloop
  endfacet
  facet normal -0.0871698 -0.996193 0
    outer loop
      vertex -37.7545 -10.187 0
      vertex -33.9032 -10.524 6.6
      vertex -37.7545 -10.187 6.6
    endloop
  endfacet
  facet normal -0.0871698 -0.996193 -0
    outer loop
      vertex -33.9032 -10.524 6.6
      vertex -37.7545 -10.187 0
      vertex -33.9032 -10.524 0
    endloop
  endfacet
  facet normal -0.953684 -0.300811 0
    outer loop
      vertex -33.7641 -10.965 0
      vertex -33.9032 -10.524 6.6
      vertex -33.9032 -10.524 0
    endloop
  endfacet
  facet normal -0.953684 -0.300811 0
    outer loop
      vertex -33.9032 -10.524 6.6
      vertex -33.7641 -10.965 0
      vertex -33.7641 -10.965 6.6
    endloop
  endfacet
  facet normal -0.951527 -0.307564 0
    outer loop
      vertex -33.7609 -10.9749 0
      vertex -33.7641 -10.965 6.6
      vertex -33.7641 -10.965 0
    endloop
  endfacet
  facet normal -0.951527 -0.307564 0
    outer loop
      vertex -33.7641 -10.965 6.6
      vertex -33.7609 -10.9749 0
      vertex -33.7609 -10.9749 6.6
    endloop
  endfacet
  facet normal -0.948305 -0.317359 0
    outer loop
      vertex -33.5674 -11.5531 0
      vertex -33.7609 -10.9749 6.6
      vertex -33.7609 -10.9749 0
    endloop
  endfacet
  facet normal -0.948305 -0.317359 0
    outer loop
      vertex -33.7609 -10.9749 6.6
      vertex -33.5674 -11.5531 0
      vertex -33.5674 -11.5531 6.6
    endloop
  endfacet
  facet normal -0.945778 -0.324813 0
    outer loop
      vertex -33.564 -11.563 0
      vertex -33.5674 -11.5531 6.6
      vertex -33.5674 -11.5531 0
    endloop
  endfacet
  facet normal -0.945778 -0.324813 0
    outer loop
      vertex -33.5674 -11.5531 6.6
      vertex -33.564 -11.563 0
      vertex -33.564 -11.563 6.6
    endloop
  endfacet
  facet normal -0.942635 -0.333826 0
    outer loop
      vertex -33.3609 -12.1365 0
      vertex -33.564 -11.563 6.6
      vertex -33.564 -11.563 0
    endloop
  endfacet
  facet normal -0.942635 -0.333826 0
    outer loop
      vertex -33.564 -11.563 6.6
      vertex -33.3609 -12.1365 0
      vertex -33.3609 -12.1365 6.6
    endloop
  endfacet
  facet normal -0.941742 -0.336336 0
    outer loop
      vertex -33.3574 -12.1463 0
      vertex -33.3609 -12.1365 6.6
      vertex -33.3609 -12.1365 0
    endloop
  endfacet
  facet normal -0.941742 -0.336336 0
    outer loop
      vertex -33.3609 -12.1365 6.6
      vertex -33.3574 -12.1463 0
      vertex -33.3574 -12.1463 6.6
    endloop
  endfacet
  facet normal -0.936672 -0.350207 0
    outer loop
      vertex -33.1438 -12.7176 0
      vertex -33.3574 -12.1463 6.6
      vertex -33.3574 -12.1463 0
    endloop
  endfacet
  facet normal -0.936672 -0.350207 0
    outer loop
      vertex -33.3574 -12.1463 6.6
      vertex -33.1438 -12.7176 0
      vertex -33.1438 -12.7176 6.6
    endloop
  endfacet
  facet normal -0.932361 -0.361528 0
    outer loop
      vertex -33.14 -12.7274 0
      vertex -33.1438 -12.7176 6.6
      vertex -33.1438 -12.7176 0
    endloop
  endfacet
  facet normal -0.932361 -0.361528 0
    outer loop
      vertex -33.1438 -12.7176 6.6
      vertex -33.14 -12.7274 0
      vertex -33.14 -12.7274 6.6
    endloop
  endfacet
  facet normal -0.930402 -0.366542 0
    outer loop
      vertex -32.9169 -13.2937 0
      vertex -33.14 -12.7274 6.6
      vertex -33.14 -12.7274 0
    endloop
  endfacet
  facet normal -0.930402 -0.366542 0
    outer loop
      vertex -33.14 -12.7274 6.6
      vertex -32.9169 -13.2937 0
      vertex -32.9169 -13.2937 6.6
    endloop
  endfacet
  facet normal -0.927816 -0.373039 0
    outer loop
      vertex -32.913 -13.3034 0
      vertex -32.9169 -13.2937 6.6
      vertex -32.9169 -13.2937 0
    endloop
  endfacet
  facet normal -0.927816 -0.373039 0
    outer loop
      vertex -32.9169 -13.2937 6.6
      vertex -32.913 -13.3034 0
      vertex -32.913 -13.3034 6.6
    endloop
  endfacet
  facet normal -0.923891 -0.382656 0
    outer loop
      vertex -32.6799 -13.8662 0
      vertex -32.913 -13.3034 6.6
      vertex -32.913 -13.3034 0
    endloop
  endfacet
  facet normal -0.923891 -0.382656 0
    outer loop
      vertex -32.913 -13.3034 6.6
      vertex -32.6799 -13.8662 0
      vertex -32.6799 -13.8662 6.6
    endloop
  endfacet
  facet normal -0.921098 -0.38933 0
    outer loop
      vertex -32.6758 -13.8759 0
      vertex -32.6799 -13.8662 6.6
      vertex -32.6799 -13.8662 0
    endloop
  endfacet
  facet normal -0.921098 -0.38933 0
    outer loop
      vertex -32.6799 -13.8662 6.6
      vertex -32.6758 -13.8759 0
      vertex -32.6758 -13.8759 6.6
    endloop
  endfacet
  facet normal -0.917075 -0.398714 0
    outer loop
      vertex -32.4332 -14.4339 0
      vertex -32.6758 -13.8759 6.6
      vertex -32.6758 -13.8759 0
    endloop
  endfacet
  facet normal -0.917075 -0.398714 0
    outer loop
      vertex -32.6758 -13.8759 6.6
      vertex -32.4332 -14.4339 0
      vertex -32.4332 -14.4339 6.6
    endloop
  endfacet
  facet normal -0.912632 -0.408783 0
    outer loop
      vertex -32.4289 -14.4435 0
      vertex -32.4332 -14.4339 6.6
      vertex -32.4332 -14.4339 0
    endloop
  endfacet
  facet normal -0.912632 -0.408783 0
    outer loop
      vertex -32.4332 -14.4339 6.6
      vertex -32.4289 -14.4435 0
      vertex -32.4289 -14.4435 6.6
    endloop
  endfacet
  facet normal -0.909956 -0.414705 0
    outer loop
      vertex -32.1761 -14.9982 0
      vertex -32.4289 -14.4435 6.6
      vertex -32.4289 -14.4435 0
    endloop
  endfacet
  facet normal -0.909956 -0.414705 0
    outer loop
      vertex -32.4289 -14.4435 6.6
      vertex -32.1761 -14.9982 0
      vertex -32.1761 -14.9982 6.6
    endloop
  endfacet
  facet normal -0.90569 -0.42394 0
    outer loop
      vertex -32.1717 -15.0076 0
      vertex -32.1761 -14.9982 6.6
      vertex -32.1761 -14.9982 0
    endloop
  endfacet
  facet normal -0.90569 -0.42394 0
    outer loop
      vertex -32.1761 -14.9982 6.6
      vertex -32.1717 -15.0076 0
      vertex -32.1717 -15.0076 6.6
    endloop
  endfacet
  facet normal -0.902542 -0.430602 0
    outer loop
      vertex -31.9092 -15.5578 0
      vertex -32.1717 -15.0076 6.6
      vertex -32.1717 -15.0076 0
    endloop
  endfacet
  facet normal -0.902542 -0.430602 0
    outer loop
      vertex -32.1717 -15.0076 6.6
      vertex -31.9092 -15.5578 0
      vertex -31.9092 -15.5578 6.6
    endloop
  endfacet
  facet normal -0.898217 -0.439553 0
    outer loop
      vertex -31.9046 -15.5672 0
      vertex -31.9092 -15.5578 6.6
      vertex -31.9092 -15.5578 0
    endloop
  endfacet
  facet normal -0.898217 -0.439553 0
    outer loop
      vertex -31.9092 -15.5578 6.6
      vertex -31.9046 -15.5672 0
      vertex -31.9046 -15.5672 6.6
    endloop
  endfacet
  facet normal -0.895018 -0.44603 0
    outer loop
      vertex -31.6332 -16.1118 0
      vertex -31.9046 -15.5672 6.6
      vertex -31.9046 -15.5672 0
    endloop
  endfacet
  facet normal -0.895018 -0.44603 0
    outer loop
      vertex -31.9046 -15.5672 6.6
      vertex -31.6332 -16.1118 0
      vertex -31.6332 -16.1118 6.6
    endloop
  endfacet
  facet normal -0.888621 -0.458643 0
    outer loop
      vertex -31.6284 -16.1211 0
      vertex -31.6332 -16.1118 6.6
      vertex -31.6332 -16.1118 0
    endloop
  endfacet
  facet normal -0.888621 -0.458643 0
    outer loop
      vertex -31.6332 -16.1118 6.6
      vertex -31.6284 -16.1211 0
      vertex -31.6284 -16.1211 6.6
    endloop
  endfacet
  facet normal -0.887021 -0.46173 0
    outer loop
      vertex -31.3471 -16.6615 0
      vertex -31.6284 -16.1211 6.6
      vertex -31.6284 -16.1211 0
    endloop
  endfacet
  facet normal -0.887021 -0.46173 0
    outer loop
      vertex -31.6284 -16.1211 6.6
      vertex -31.3471 -16.6615 0
      vertex -31.3471 -16.6615 6.6
    endloop
  endfacet
  facet normal -0.882618 -0.47009 0
    outer loop
      vertex -31.3422 -16.6707 0
      vertex -31.3471 -16.6615 6.6
      vertex -31.3471 -16.6615 0
    endloop
  endfacet
  facet normal -0.882618 -0.47009 0
    outer loop
      vertex -31.3471 -16.6615 6.6
      vertex -31.3422 -16.6707 0
      vertex -31.3422 -16.6707 6.6
    endloop
  endfacet
  facet normal -0.878779 -0.47723 0
    outer loop
      vertex -31.0515 -17.206 0
      vertex -31.3422 -16.6707 6.6
      vertex -31.3422 -16.6707 0
    endloop
  endfacet
  facet normal -0.878779 -0.47723 0
    outer loop
      vertex -31.3422 -16.6707 6.6
      vertex -31.0515 -17.206 0
      vertex -31.0515 -17.206 6.6
    endloop
  endfacet
  facet normal -0.878625 -0.477513 0
    outer loop
      vertex -31.0465 -17.2152 0
      vertex -31.0515 -17.206 6.6
      vertex -31.0515 -17.206 0
    endloop
  endfacet
  facet normal -0.878625 -0.477513 0
    outer loop
      vertex -31.0515 -17.206 6.6
      vertex -31.0465 -17.2152 0
      vertex -31.0465 -17.2152 6.6
    endloop
  endfacet
  facet normal -0.870315 -0.492495 0
    outer loop
      vertex -30.7463 -17.7457 0
      vertex -31.0465 -17.2152 6.6
      vertex -31.0465 -17.2152 0
    endloop
  endfacet
  facet normal -0.870315 -0.492495 0
    outer loop
      vertex -31.0465 -17.2152 6.6
      vertex -30.7463 -17.7457 0
      vertex -30.7463 -17.7457 6.6
    endloop
  endfacet
  facet normal -0.868243 -0.496139 0
    outer loop
      vertex -30.7411 -17.7548 0
      vertex -30.7463 -17.7457 6.6
      vertex -30.7463 -17.7457 0
    endloop
  endfacet
  facet normal -0.868243 -0.496139 0
    outer loop
      vertex -30.7463 -17.7457 6.6
      vertex -30.7411 -17.7548 0
      vertex -30.7411 -17.7548 6.6
    endloop
  endfacet
  facet normal -0.861609 -0.507573 0
    outer loop
      vertex -30.432 -18.2795 0
      vertex -30.7411 -17.7548 6.6
      vertex -30.7411 -17.7548 0
    endloop
  endfacet
  facet normal -0.861609 -0.507573 0
    outer loop
      vertex -30.7411 -17.7548 6.6
      vertex -30.432 -18.2795 0
      vertex -30.432 -18.2795 6.6
    endloop
  endfacet
  facet normal -0.857493 -0.514496 0
    outer loop
      vertex -30.4266 -18.2885 0
      vertex -30.432 -18.2795 6.6
      vertex -30.432 -18.2795 0
    endloop
  endfacet
  facet normal -0.857493 -0.514496 0
    outer loop
      vertex -30.432 -18.2795 6.6
      vertex -30.4266 -18.2885 0
      vertex -30.4266 -18.2885 6.6
    endloop
  endfacet
  facet normal -0.852672 -0.522446 0
    outer loop
      vertex -30.1086 -18.8075 0
      vertex -30.4266 -18.2885 6.6
      vertex -30.4266 -18.2885 0
    endloop
  endfacet
  facet normal -0.852672 -0.522446 0
    outer loop
      vertex -30.4266 -18.2885 6.6
      vertex -30.1086 -18.8075 0
      vertex -30.1086 -18.8075 6.6
    endloop
  endfacet
  facet normal -0.846392 -0.532561 0
    outer loop
      vertex -30.103 -18.8164 0
      vertex -30.1086 -18.8075 6.6
      vertex -30.1086 -18.8075 0
    endloop
  endfacet
  facet normal -0.846392 -0.532561 0
    outer loop
      vertex -30.1086 -18.8075 6.6
      vertex -30.103 -18.8164 0
      vertex -30.103 -18.8164 6.6
    endloop
  endfacet
  facet normal -0.843391 -0.5373 0
    outer loop
      vertex -29.7758 -19.33 0
      vertex -30.103 -18.8164 6.6
      vertex -30.103 -18.8164 0
    endloop
  endfacet
  facet normal -0.843391 -0.5373 0
    outer loop
      vertex -30.103 -18.8164 6.6
      vertex -29.7758 -19.33 0
      vertex -29.7758 -19.33 6.6
    endloop
  endfacet
  facet normal -0.839314 -0.543647 0
    outer loop
      vertex -29.7701 -19.3388 0
      vertex -29.7758 -19.33 6.6
      vertex -29.7758 -19.33 0
    endloop
  endfacet
  facet normal -0.839314 -0.543647 0
    outer loop
      vertex -29.7758 -19.33 6.6
      vertex -29.7701 -19.3388 0
      vertex -29.7701 -19.3388 6.6
    endloop
  endfacet
  facet normal -0.833838 -0.552009 0
    outer loop
      vertex -29.4336 -19.8471 0
      vertex -29.7701 -19.3388 6.6
      vertex -29.7701 -19.3388 0
    endloop
  endfacet
  facet normal -0.833838 -0.552009 0
    outer loop
      vertex -29.7701 -19.3388 6.6
      vertex -29.4336 -19.8471 0
      vertex -29.4336 -19.8471 6.6
    endloop
  endfacet
  facet normal -0.83205 -0.5547 0
    outer loop
      vertex -29.4278 -19.8558 0
      vertex -29.4336 -19.8471 6.6
      vertex -29.4336 -19.8471 0
    endloop
  endfacet
  facet normal -0.83205 -0.5547 0
    outer loop
      vertex -29.4336 -19.8471 6.6
      vertex -29.4278 -19.8558 0
      vertex -29.4278 -19.8558 6.6
    endloop
  endfacet
  facet normal -0.824056 -0.566508 0
    outer loop
      vertex -29.0829 -20.3575 0
      vertex -29.4278 -19.8558 6.6
      vertex -29.4278 -19.8558 0
    endloop
  endfacet
  facet normal -0.824056 -0.566508 0
    outer loop
      vertex -29.4278 -19.8558 6.6
      vertex -29.0829 -20.3575 0
      vertex -29.0829 -20.3575 6.6
    endloop
  endfacet
  facet normal -0.824601 -0.565715 0
    outer loop
      vertex -29.077 -20.3661 0
      vertex -29.0829 -20.3575 6.6
      vertex -29.0829 -20.3575 0
    endloop
  endfacet
  facet normal -0.824601 -0.565715 0
    outer loop
      vertex -29.0829 -20.3575 6.6
      vertex -29.077 -20.3661 0
      vertex -29.077 -20.3661 6.6
    endloop
  endfacet
  facet normal -0.814044 -0.580804 0
    outer loop
      vertex -28.7229 -20.8624 0
      vertex -29.077 -20.3661 6.6
      vertex -29.077 -20.3661 0
    endloop
  endfacet
  facet normal -0.814044 -0.580804 0
    outer loop
      vertex -29.077 -20.3661 6.6
      vertex -28.7229 -20.8624 0
      vertex -28.7229 -20.8624 6.6
    endloop
  endfacet
  facet normal -0.81244 -0.583045 0
    outer loop
      vertex -28.7168 -20.8709 0
      vertex -28.7229 -20.8624 6.6
      vertex -28.7229 -20.8624 0
    endloop
  endfacet
  facet normal -0.81244 -0.583045 0
    outer loop
      vertex -28.7229 -20.8624 6.6
      vertex -28.7168 -20.8709 0
      vertex -28.7168 -20.8709 6.6
    endloop
  endfacet
  facet normal -0.803807 -0.59489 0
    outer loop
      vertex -28.3546 -21.3603 0
      vertex -28.7168 -20.8709 6.6
      vertex -28.7168 -20.8709 0
    endloop
  endfacet
  facet normal -0.803807 -0.59489 0
    outer loop
      vertex -28.7168 -20.8709 6.6
      vertex -28.3546 -21.3603 0
      vertex -28.3546 -21.3603 6.6
    endloop
  endfacet
  facet normal -0.796532 -0.604597 0
    outer loop
      vertex -28.3483 -21.3686 0
      vertex -28.3546 -21.3603 6.6
      vertex -28.3546 -21.3603 0
    endloop
  endfacet
  facet normal -0.796532 -0.604597 0
    outer loop
      vertex -28.3546 -21.3603 6.6
      vertex -28.3483 -21.3686 0
      vertex -28.3483 -21.3686 6.6
    endloop
  endfacet
  facet normal -0.793387 -0.608718 0
    outer loop
      vertex -27.9778 -21.8515 0
      vertex -28.3483 -21.3686 6.6
      vertex -28.3483 -21.3686 0
    endloop
  endfacet
  facet normal -0.793387 -0.608718 0
    outer loop
      vertex -28.3483 -21.3686 6.6
      vertex -27.9778 -21.8515 0
      vertex -27.9778 -21.8515 6.6
    endloop
  endfacet
  facet normal -0.787305 -0.616564 0
    outer loop
      vertex -27.9713 -21.8598 0
      vertex -27.9778 -21.8515 6.6
      vertex -27.9778 -21.8515 0
    endloop
  endfacet
  facet normal -0.787305 -0.616564 0
    outer loop
      vertex -27.9778 -21.8515 6.6
      vertex -27.9713 -21.8598 0
      vertex -27.9713 -21.8598 6.6
    endloop
  endfacet
  facet normal -0.782612 -0.62251 0
    outer loop
      vertex -27.5922 -22.3364 0
      vertex -27.9713 -21.8598 6.6
      vertex -27.9713 -21.8598 0
    endloop
  endfacet
  facet normal -0.782612 -0.62251 0
    outer loop
      vertex -27.9713 -21.8598 6.6
      vertex -27.5922 -22.3364 0
      vertex -27.5922 -22.3364 6.6
    endloop
  endfacet
  facet normal -0.779012 -0.627009 0
    outer loop
      vertex -27.5856 -22.3446 0
      vertex -27.5922 -22.3364 6.6
      vertex -27.5922 -22.3364 0
    endloop
  endfacet
  facet normal -0.779012 -0.627009 0
    outer loop
      vertex -27.5922 -22.3364 6.6
      vertex -27.5856 -22.3446 0
      vertex -27.5856 -22.3446 6.6
    endloop
  endfacet
  facet normal -0.77157 -0.636144 0
    outer loop
      vertex -27.1976 -22.8152 0
      vertex -27.5856 -22.3446 6.6
      vertex -27.5856 -22.3446 0
    endloop
  endfacet
  facet normal -0.77157 -0.636144 0
    outer loop
      vertex -27.5856 -22.3446 6.6
      vertex -27.1976 -22.8152 0
      vertex -27.1976 -22.8152 6.6
    endloop
  endfacet
  facet normal -0.766648 -0.642068 0
    outer loop
      vertex -27.1909 -22.8232 0
      vertex -27.1976 -22.8152 6.6
      vertex -27.1976 -22.8152 0
    endloop
  endfacet
  facet normal -0.766648 -0.642068 0
    outer loop
      vertex -27.1976 -22.8152 6.6
      vertex -27.1909 -22.8232 0
      vertex -27.1909 -22.8232 6.6
    endloop
  endfacet
  facet normal -0.760392 -0.649464 0
    outer loop
      vertex -26.7957 -23.2859 0
      vertex -27.1909 -22.8232 6.6
      vertex -27.1909 -22.8232 0
    endloop
  endfacet
  facet normal -0.760392 -0.649464 0
    outer loop
      vertex -27.1909 -22.8232 6.6
      vertex -26.7957 -23.2859 0
      vertex -26.7957 -23.2859 6.6
    endloop
  endfacet
  facet normal -0.757901 -0.65237 0
    outer loop
      vertex -26.7889 -23.2938 0
      vertex -26.7957 -23.2859 6.6
      vertex -26.7957 -23.2859 0
    endloop
  endfacet
  facet normal -0.757901 -0.65237 0
    outer loop
      vertex -26.7957 -23.2859 6.6
      vertex -26.7889 -23.2938 0
      vertex -26.7889 -23.2938 6.6
    endloop
  endfacet
  facet normal -0.749028 -0.662538 0
    outer loop
      vertex -26.3852 -23.7502 0
      vertex -26.7889 -23.2938 6.6
      vertex -26.7889 -23.2938 0
    endloop
  endfacet
  facet normal -0.749028 -0.662538 0
    outer loop
      vertex -26.7889 -23.2938 6.6
      vertex -26.3852 -23.7502 0
      vertex -26.3852 -23.7502 6.6
    endloop
  endfacet
  facet normal -0.735169 -0.677883 0
    outer loop
      vertex -26.3781 -23.7579 0
      vertex -26.3852 -23.7502 6.6
      vertex -26.3852 -23.7502 0
    endloop
  endfacet
  facet normal -0.735169 -0.677883 0
    outer loop
      vertex -26.3852 -23.7502 6.6
      vertex -26.3781 -23.7579 0
      vertex -26.3781 -23.7579 6.6
    endloop
  endfacet
  facet normal -0.737345 -0.675517 0
    outer loop
      vertex -25.9662 -24.2075 0
      vertex -26.3781 -23.7579 6.6
      vertex -26.3781 -23.7579 0
    endloop
  endfacet
  facet normal -0.737345 -0.675517 0
    outer loop
      vertex -26.3781 -23.7579 6.6
      vertex -25.9662 -24.2075 0
      vertex -25.9662 -24.2075 6.6
    endloop
  endfacet
  facet normal -0.730735 -0.682661 0
    outer loop
      vertex -25.9591 -24.2151 0
      vertex -25.9662 -24.2075 6.6
      vertex -25.9662 -24.2075 0
    endloop
  endfacet
  facet normal -0.730735 -0.682661 0
    outer loop
      vertex -25.9662 -24.2075 6.6
      vertex -25.9591 -24.2151 0
      vertex -25.9591 -24.2151 6.6
    endloop
  endfacet
  facet normal -0.725352 -0.688378 0
    outer loop
      vertex -25.5402 -24.6565 0
      vertex -25.9591 -24.2151 6.6
      vertex -25.9591 -24.2151 0
    endloop
  endfacet
  facet normal -0.725352 -0.688378 0
    outer loop
      vertex -25.9591 -24.2151 6.6
      vertex -25.5402 -24.6565 0
      vertex -25.5402 -24.6565 6.6
    endloop
  endfacet
  facet normal -0.721198 -0.692729 0
    outer loop
      vertex -25.5329 -24.6641 0
      vertex -25.5402 -24.6565 6.6
      vertex -25.5402 -24.6565 0
    endloop
  endfacet
  facet normal -0.721198 -0.692729 0
    outer loop
      vertex -25.5402 -24.6565 6.6
      vertex -25.5329 -24.6641 0
      vertex -25.5329 -24.6641 6.6
    endloop
  endfacet
  facet normal -0.713236 -0.700924 0
    outer loop
      vertex -25.1059 -25.0986 0
      vertex -25.5329 -24.6641 6.6
      vertex -25.5329 -24.6641 0
    endloop
  endfacet
  facet normal -0.713236 -0.700924 0
    outer loop
      vertex -25.5329 -24.6641 6.6
      vertex -25.1059 -25.0986 0
      vertex -25.1059 -25.0986 6.6
    endloop
  endfacet
  facet normal -0.707107 -0.707107 0
    outer loop
      vertex -25.0986 -25.1059 0
      vertex -25.1059 -25.0986 6.6
      vertex -25.1059 -25.0986 0
    endloop
  endfacet
  facet normal -0.707107 -0.707107 0
    outer loop
      vertex -25.1059 -25.0986 6.6
      vertex -25.0986 -25.1059 0
      vertex -25.0986 -25.1059 6.6
    endloop
  endfacet
  facet normal -0.700924 -0.713236 0
    outer loop
      vertex -25.0986 -25.1059 0
      vertex -24.6641 -25.5329 6.6
      vertex -25.0986 -25.1059 6.6
    endloop
  endfacet
  facet normal -0.700924 -0.713236 -0
    outer loop
      vertex -24.6641 -25.5329 6.6
      vertex -25.0986 -25.1059 0
      vertex -24.6641 -25.5329 0
    endloop
  endfacet
  facet normal -0.692729 -0.721198 0
    outer loop
      vertex -24.6641 -25.5329 0
      vertex -24.6565 -25.5402 6.6
      vertex -24.6641 -25.5329 6.6
    endloop
  endfacet
  facet normal -0.692729 -0.721198 -0
    outer loop
      vertex -24.6565 -25.5402 6.6
      vertex -24.6641 -25.5329 0
      vertex -24.6565 -25.5402 0
    endloop
  endfacet
  facet normal -0.688378 -0.725352 0
    outer loop
      vertex -24.6565 -25.5402 0
      vertex -24.2151 -25.9591 6.6
      vertex -24.6565 -25.5402 6.6
    endloop
  endfacet
  facet normal -0.688378 -0.725352 -0
    outer loop
      vertex -24.2151 -25.9591 6.6
      vertex -24.6565 -25.5402 0
      vertex -24.2151 -25.9591 0
    endloop
  endfacet
  facet normal -0.682661 -0.730735 0
    outer loop
      vertex -24.2151 -25.9591 0
      vertex -24.2075 -25.9662 6.6
      vertex -24.2151 -25.9591 6.6
    endloop
  endfacet
  facet normal -0.682661 -0.730735 -0
    outer loop
      vertex -24.2075 -25.9662 6.6
      vertex -24.2151 -25.9591 0
      vertex -24.2075 -25.9662 0
    endloop
  endfacet
  facet normal -0.675583 -0.737284 0
    outer loop
      vertex -24.2075 -25.9662 0
      vertex -23.7594 -26.3768 6.6
      vertex -24.2075 -25.9662 6.6
    endloop
  endfacet
  facet normal -0.675583 -0.737284 -0
    outer loop
      vertex -23.7594 -26.3768 6.6
      vertex -24.2075 -25.9662 0
      vertex -23.7594 -26.3768 0
    endloop
  endfacet
  facet normal -0.843379 0.537319 0
    outer loop
      vertex -25.6551 -29.3523 0
      vertex -23.7594 -26.3768 6.6
      vertex -23.7594 -26.3768 0
    endloop
  endfacet
  facet normal -0.843379 0.537319 0
    outer loop
      vertex -23.7594 -26.3768 6.6
      vertex -25.6551 -29.3523 0
      vertex -25.6551 -29.3523 6.6
    endloop
  endfacet
  facet normal -0.859206 0.511631 0
    outer loop
      vertex -25.6735 -29.3832 0
      vertex -25.6551 -29.3523 6.6
      vertex -25.6551 -29.3523 0
    endloop
  endfacet
  facet normal -0.859206 0.511631 0
    outer loop
      vertex -25.6551 -29.3523 6.6
      vertex -25.6735 -29.3832 0
      vertex -25.6735 -29.3832 6.6
    endloop
  endfacet
  facet normal -0.889791 0.456368 0
    outer loop
      vertex -25.6914 -29.4181 0
      vertex -25.6735 -29.3832 6.6
      vertex -25.6735 -29.3832 0
    endloop
  endfacet
  facet normal -0.889791 0.456368 0
    outer loop
      vertex -25.6735 -29.3832 6.6
      vertex -25.6914 -29.4181 0
      vertex -25.6914 -29.4181 6.6
    endloop
  endfacet
  facet normal -0.917556 0.397607 0
    outer loop
      vertex -25.707 -29.4541 0
      vertex -25.6914 -29.4181 6.6
      vertex -25.6914 -29.4181 0
    endloop
  endfacet
  facet normal -0.917556 0.397607 0
    outer loop
      vertex -25.6914 -29.4181 6.6
      vertex -25.707 -29.4541 0
      vertex -25.707 -29.4541 6.6
    endloop
  endfacet
  facet normal -0.941049 0.338269 0
    outer loop
      vertex -25.7203 -29.4911 0
      vertex -25.707 -29.4541 6.6
      vertex -25.707 -29.4541 0
    endloop
  endfacet
  facet normal -0.941049 0.338269 0
    outer loop
      vertex -25.707 -29.4541 6.6
      vertex -25.7203 -29.4911 0
      vertex -25.7203 -29.4911 6.6
    endloop
  endfacet
  facet normal -0.962193 0.272367 0
    outer loop
      vertex -25.731 -29.5289 0
      vertex -25.7203 -29.4911 6.6
      vertex -25.7203 -29.4911 0
    endloop
  endfacet
  facet normal -0.962193 0.272367 0
    outer loop
      vertex -25.7203 -29.4911 6.6
      vertex -25.731 -29.5289 0
      vertex -25.731 -29.5289 6.6
    endloop
  endfacet
  facet normal -0.977314 0.211794 0
    outer loop
      vertex -25.7393 -29.5672 0
      vertex -25.731 -29.5289 6.6
      vertex -25.731 -29.5289 0
    endloop
  endfacet
  facet normal -0.977314 0.211794 0
    outer loop
      vertex -25.731 -29.5289 6.6
      vertex -25.7393 -29.5672 0
      vertex -25.7393 -29.5672 6.6
    endloop
  endfacet
  facet normal -0.989067 0.14747 0
    outer loop
      vertex -25.7451 -29.6061 0
      vertex -25.7393 -29.5672 6.6
      vertex -25.7393 -29.5672 0
    endloop
  endfacet
  facet normal -0.989067 0.14747 0
    outer loop
      vertex -25.7393 -29.5672 6.6
      vertex -25.7451 -29.6061 0
      vertex -25.7451 -29.6061 6.6
    endloop
  endfacet
  facet normal -0.996668 0.0815687 0
    outer loop
      vertex -25.7483 -29.6452 0
      vertex -25.7451 -29.6061 6.6
      vertex -25.7451 -29.6061 0
    endloop
  endfacet
  facet normal -0.996668 0.0815687 0
    outer loop
      vertex -25.7451 -29.6061 6.6
      vertex -25.7483 -29.6452 0
      vertex -25.7483 -29.6452 6.6
    endloop
  endfacet
  facet normal -0.999883 0.0152654 0
    outer loop
      vertex -25.7489 -29.6845 0
      vertex -25.7483 -29.6452 6.6
      vertex -25.7483 -29.6452 0
    endloop
  endfacet
  facet normal -0.999883 0.0152654 0
    outer loop
      vertex -25.7483 -29.6452 6.6
      vertex -25.7489 -29.6845 0
      vertex -25.7489 -29.6845 6.6
    endloop
  endfacet
  facet normal -0.998827 -0.0484126 0
    outer loop
      vertex -25.747 -29.7237 0
      vertex -25.7489 -29.6845 6.6
      vertex -25.7489 -29.6845 0
    endloop
  endfacet
  facet normal -0.998827 -0.0484126 0
    outer loop
      vertex -25.7489 -29.6845 6.6
      vertex -25.747 -29.7237 0
      vertex -25.747 -29.7237 6.6
    endloop
  endfacet
  facet normal -0.993409 -0.114624 0
    outer loop
      vertex -25.7425 -29.7627 0
      vertex -25.747 -29.7237 6.6
      vertex -25.747 -29.7237 0
    endloop
  endfacet
  facet normal -0.993409 -0.114624 0
    outer loop
      vertex -25.747 -29.7237 6.6
      vertex -25.7425 -29.7627 0
      vertex -25.7425 -29.7627 6.6
    endloop
  endfacet
  facet normal -0.983951 -0.178437 0
    outer loop
      vertex -25.7355 -29.8013 0
      vertex -25.7425 -29.7627 6.6
      vertex -25.7425 -29.7627 0
    endloop
  endfacet
  facet normal -0.983951 -0.178437 0
    outer loop
      vertex -25.7425 -29.7627 6.6
      vertex -25.7355 -29.8013 0
      vertex -25.7355 -29.8013 6.6
    endloop
  endfacet
  facet normal -0.970292 -0.241936 0
    outer loop
      vertex -25.726 -29.8394 0
      vertex -25.7355 -29.8013 6.6
      vertex -25.7355 -29.8013 0
    endloop
  endfacet
  facet normal -0.970292 -0.241936 0
    outer loop
      vertex -25.7355 -29.8013 6.6
      vertex -25.726 -29.8394 0
      vertex -25.726 -29.8394 6.6
    endloop
  endfacet
  facet normal -0.952187 -0.305515 0
    outer loop
      vertex -25.714 -29.8768 0
      vertex -25.726 -29.8394 6.6
      vertex -25.726 -29.8394 0
    endloop
  endfacet
  facet normal -0.952187 -0.305515 0
    outer loop
      vertex -25.726 -29.8394 6.6
      vertex -25.714 -29.8768 0
      vertex -25.714 -29.8768 6.6
    endloop
  endfacet
  facet normal -0.929352 -0.369195 0
    outer loop
      vertex -25.6995 -29.9133 0
      vertex -25.714 -29.8768 6.6
      vertex -25.714 -29.8768 0
    endloop
  endfacet
  facet normal -0.929352 -0.369195 0
    outer loop
      vertex -25.714 -29.8768 6.6
      vertex -25.6995 -29.9133 0
      vertex -25.6995 -29.9133 6.6
    endloop
  endfacet
  facet normal -0.903893 -0.427758 0
    outer loop
      vertex -25.6827 -29.9488 0
      vertex -25.6995 -29.9133 6.6
      vertex -25.6995 -29.9133 0
    endloop
  endfacet
  facet normal -0.903893 -0.427758 0
    outer loop
      vertex -25.6995 -29.9133 6.6
      vertex -25.6827 -29.9488 0
      vertex -25.6827 -29.9488 6.6
    endloop
  endfacet
  facet normal -0.874758 -0.48456 0
    outer loop
      vertex -25.6637 -29.9831 0
      vertex -25.6827 -29.9488 6.6
      vertex -25.6827 -29.9488 0
    endloop
  endfacet
  facet normal -0.874758 -0.48456 0
    outer loop
      vertex -25.6827 -29.9488 6.6
      vertex -25.6637 -29.9831 0
      vertex -25.6637 -29.9831 6.6
    endloop
  endfacet
  facet normal -0.840184 -0.542301 0
    outer loop
      vertex -25.6424 -30.0161 0
      vertex -25.6637 -29.9831 6.6
      vertex -25.6637 -29.9831 0
    endloop
  endfacet
  facet normal -0.840184 -0.542301 0
    outer loop
      vertex -25.6637 -29.9831 6.6
      vertex -25.6424 -30.0161 0
      vertex -25.6424 -30.0161 6.6
    endloop
  endfacet
  facet normal -0.803647 -0.595106 0
    outer loop
      vertex -25.619 -30.0477 0
      vertex -25.6424 -30.0161 6.6
      vertex -25.6424 -30.0161 0
    endloop
  endfacet
  facet normal -0.803647 -0.595106 0
    outer loop
      vertex -25.6424 -30.0161 6.6
      vertex -25.619 -30.0477 0
      vertex -25.619 -30.0477 6.6
    endloop
  endfacet
  facet normal -0.762128 -0.647426 0
    outer loop
      vertex -25.5936 -30.0776 0
      vertex -25.619 -30.0477 6.6
      vertex -25.619 -30.0477 0
    endloop
  endfacet
  facet normal -0.762128 -0.647426 0
    outer loop
      vertex -25.619 -30.0477 6.6
      vertex -25.5936 -30.0776 0
      vertex -25.5936 -30.0776 6.6
    endloop
  endfacet
  facet normal -0.718479 -0.695549 0
    outer loop
      vertex -25.5663 -30.1058 0
      vertex -25.5936 -30.0776 6.6
      vertex -25.5936 -30.0776 0
    endloop
  endfacet
  facet normal -0.718479 -0.695549 0
    outer loop
      vertex -25.5936 -30.0776 6.6
      vertex -25.5663 -30.1058 0
      vertex -25.5663 -30.1058 6.6
    endloop
  endfacet
  facet normal -0.671912 -0.740631 0
    outer loop
      vertex -25.5663 -30.1058 0
      vertex -25.5372 -30.1322 6.6
      vertex -25.5663 -30.1058 6.6
    endloop
  endfacet
  facet normal -0.671912 -0.740631 -0
    outer loop
      vertex -25.5372 -30.1322 6.6
      vertex -25.5663 -30.1058 0
      vertex -25.5372 -30.1322 0
    endloop
  endfacet
  facet normal -0.646971 -0.762515 0
    outer loop
      vertex -25.5372 -30.1322 0
      vertex -24.9063 -30.6675 6.6
      vertex -25.5372 -30.1322 6.6
    endloop
  endfacet
  facet normal -0.646971 -0.762515 -0
    outer loop
      vertex -24.9063 -30.6675 6.6
      vertex -25.5372 -30.1322 0
      vertex -24.9063 -30.6675 0
    endloop
  endfacet
  facet normal -0.630914 -0.775853 0
    outer loop
      vertex -24.9063 -30.6675 0
      vertex -24.8881 -30.6823 6.6
      vertex -24.9063 -30.6675 6.6
    endloop
  endfacet
  facet normal -0.630914 -0.775853 -0
    outer loop
      vertex -24.8881 -30.6823 6.6
      vertex -24.9063 -30.6675 0
      vertex -24.8881 -30.6823 0
    endloop
  endfacet
  facet normal -0.616741 -0.787166 0
    outer loop
      vertex -24.8881 -30.6823 0
      vertex -23.8327 -31.5092 6.6
      vertex -24.8881 -30.6823 6.6
    endloop
  endfacet
  facet normal -0.616741 -0.787166 -0
    outer loop
      vertex -23.8327 -31.5092 6.6
      vertex -24.8881 -30.6823 0
      vertex -23.8327 -31.5092 0
    endloop
  endfacet
  facet normal -0.603858 -0.797092 0
    outer loop
      vertex -23.8327 -31.5092 0
      vertex -23.8162 -31.5217 6.6
      vertex -23.8327 -31.5092 6.6
    endloop
  endfacet
  facet normal -0.603858 -0.797092 -0
    outer loop
      vertex -23.8162 -31.5217 6.6
      vertex -23.8327 -31.5092 0
      vertex -23.8162 -31.5217 0
    endloop
  endfacet
  facet normal -0.589181 -0.808001 0
    outer loop
      vertex -23.8162 -31.5217 0
      vertex -22.7317 -32.3125 6.6
      vertex -23.8162 -31.5217 6.6
    endloop
  endfacet
  facet normal -0.589181 -0.808001 -0
    outer loop
      vertex -22.7317 -32.3125 6.6
      vertex -23.8162 -31.5217 0
      vertex -22.7317 -32.3125 0
    endloop
  endfacet
  facet normal -0.575733 -0.817638 0
    outer loop
      vertex -22.7317 -32.3125 0
      vertex -22.7148 -32.3244 6.6
      vertex -22.7317 -32.3125 6.6
    endloop
  endfacet
  facet normal -0.575733 -0.817638 -0
    outer loop
      vertex -22.7148 -32.3244 6.6
      vertex -22.7317 -32.3125 0
      vertex -22.7148 -32.3244 0
    endloop
  endfacet
  facet normal -0.560962 -0.827842 0
    outer loop
      vertex -22.7148 -32.3244 0
      vertex -21.604 -33.0771 6.6
      vertex -22.7148 -32.3244 6.6
    endloop
  endfacet
  facet normal -0.560962 -0.827842 -0
    outer loop
      vertex -21.604 -33.0771 6.6
      vertex -22.7148 -32.3244 0
      vertex -21.604 -33.0771 0
    endloop
  endfacet
  facet normal -0.544649 -0.838664 0
    outer loop
      vertex -21.604 -33.0771 0
      vertex -21.5866 -33.0884 6.6
      vertex -21.604 -33.0771 6.6
    endloop
  endfacet
  facet normal -0.544649 -0.838664 -0
    outer loop
      vertex -21.5866 -33.0884 6.6
      vertex -21.604 -33.0771 0
      vertex -21.5866 -33.0884 0
    endloop
  endfacet
  facet normal -0.532127 -0.846664 0
    outer loop
      vertex -21.5866 -33.0884 0
      vertex -20.4504 -33.8025 6.6
      vertex -21.5866 -33.0884 6.6
    endloop
  endfacet
  facet normal -0.532127 -0.846664 -0
    outer loop
      vertex -20.4504 -33.8025 6.6
      vertex -21.5866 -33.0884 0
      vertex -20.4504 -33.8025 0
    endloop
  endfacet
  facet normal -0.517337 -0.855782 0
    outer loop
      vertex -20.4504 -33.8025 0
      vertex -20.4327 -33.8132 6.6
      vertex -20.4504 -33.8025 6.6
    endloop
  endfacet
  facet normal -0.517337 -0.855782 -0
    outer loop
      vertex -20.4327 -33.8132 6.6
      vertex -20.4504 -33.8025 0
      vertex -20.4327 -33.8132 0
    endloop
  endfacet
  facet normal -0.502569 -0.864537 0
    outer loop
      vertex -20.4327 -33.8132 0
      vertex -19.2724 -34.4877 6.6
      vertex -20.4327 -33.8132 6.6
    endloop
  endfacet
  facet normal -0.502569 -0.864537 -0
    outer loop
      vertex -19.2724 -34.4877 6.6
      vertex -20.4327 -33.8132 0
      vertex -19.2724 -34.4877 0
    endloop
  endfacet
  facet normal -0.487281 -0.873245 0
    outer loop
      vertex -19.2724 -34.4877 0
      vertex -19.2543 -34.4978 6.6
      vertex -19.2724 -34.4877 6.6
    endloop
  endfacet
  facet normal -0.487281 -0.873245 -0
    outer loop
      vertex -19.2543 -34.4978 6.6
      vertex -19.2724 -34.4877 0
      vertex -19.2543 -34.4978 0
    endloop
  endfacet
  facet normal -0.472459 -0.881353 0
    outer loop
      vertex -19.2543 -34.4978 0
      vertex -18.0716 -35.1318 6.6
      vertex -19.2543 -34.4978 6.6
    endloop
  endfacet
  facet normal -0.472459 -0.881353 -0
    outer loop
      vertex -18.0716 -35.1318 6.6
      vertex -19.2543 -34.4978 0
      vertex -18.0716 -35.1318 0
    endloop
  endfacet
  facet normal -0.454941 -0.890522 0
    outer loop
      vertex -18.0716 -35.1318 0
      vertex -18.0532 -35.1412 6.6
      vertex -18.0716 -35.1318 6.6
    endloop
  endfacet
  facet normal -0.454941 -0.890522 -0
    outer loop
      vertex -18.0532 -35.1412 6.6
      vertex -18.0716 -35.1318 0
      vertex -18.0532 -35.1412 0
    endloop
  endfacet
  facet normal -0.441781 -0.897123 0
    outer loop
      vertex -18.0532 -35.1412 0
      vertex -16.8492 -35.7341 6.6
      vertex -18.0532 -35.1412 6.6
    endloop
  endfacet
  facet normal -0.441781 -0.897123 -0
    outer loop
      vertex -16.8492 -35.7341 6.6
      vertex -18.0532 -35.1412 0
      vertex -16.8492 -35.7341 0
    endloop
  endfacet
  facet normal -0.429746 -0.90295 0
    outer loop
      vertex -16.8492 -35.7341 0
      vertex -16.8305 -35.743 6.6
      vertex -16.8492 -35.7341 6.6
    endloop
  endfacet
  facet normal -0.429746 -0.90295 -0
    outer loop
      vertex -16.8305 -35.743 6.6
      vertex -16.8492 -35.7341 0
      vertex -16.8305 -35.743 0
    endloop
  endfacet
  facet normal -0.410532 -0.911846 0
    outer loop
      vertex -16.8305 -35.743 0
      vertex -15.6071 -36.2938 6.6
      vertex -16.8305 -35.743 6.6
    endloop
  endfacet
  facet normal -0.410532 -0.911846 -0
    outer loop
      vertex -15.6071 -36.2938 6.6
      vertex -16.8305 -35.743 0
      vertex -15.6071 -36.2938 0
    endloop
  endfacet
  facet normal -0.396251 -0.918142 0
    outer loop
      vertex -15.6071 -36.2938 0
      vertex -15.5881 -36.302 6.6
      vertex -15.6071 -36.2938 6.6
    endloop
  endfacet
  facet normal -0.396251 -0.918142 -0
    outer loop
      vertex -15.5881 -36.302 6.6
      vertex -15.6071 -36.2938 0
      vertex -15.5881 -36.302 0
    endloop
  endfacet
  facet normal -0.378879 -0.925446 0
    outer loop
      vertex -15.5881 -36.302 0
      vertex -14.3458 -36.8106 6.6
      vertex -15.5881 -36.302 6.6
    endloop
  endfacet
  facet normal -0.378879 -0.925446 -0
    outer loop
      vertex -14.3458 -36.8106 6.6
      vertex -15.5881 -36.302 0
      vertex -14.3458 -36.8106 0
    endloop
  endfacet
  facet normal -0.363851 -0.931457 0
    outer loop
      vertex -14.3458 -36.8106 0
      vertex -14.3266 -36.8181 6.6
      vertex -14.3458 -36.8106 6.6
    endloop
  endfacet
  facet normal -0.363851 -0.931457 -0
    outer loop
      vertex -14.3266 -36.8181 6.6
      vertex -14.3458 -36.8106 0
      vertex -14.3266 -36.8181 0
    endloop
  endfacet
  facet normal -0.346776 -0.937948 0
    outer loop
      vertex -14.3266 -36.8181 0
      vertex -13.0678 -37.2835 6.6
      vertex -14.3266 -36.8181 6.6
    endloop
  endfacet
  facet normal -0.346776 -0.937948 -0
    outer loop
      vertex -13.0678 -37.2835 6.6
      vertex -14.3266 -36.8181 0
      vertex -13.0678 -37.2835 0
    endloop
  endfacet
  facet normal -0.329272 -0.944235 0
    outer loop
      vertex -13.0678 -37.2835 0
      vertex -13.0483 -37.2903 6.6
      vertex -13.0678 -37.2835 6.6
    endloop
  endfacet
  facet normal -0.329272 -0.944235 -0
    outer loop
      vertex -13.0483 -37.2903 6.6
      vertex -13.0678 -37.2835 0
      vertex -13.0483 -37.2903 0
    endloop
  endfacet
  facet normal -0.314193 -0.949359 0
    outer loop
      vertex -13.0483 -37.2903 0
      vertex -11.7744 -37.7119 6.6
      vertex -13.0483 -37.2903 6.6
    endloop
  endfacet
  facet normal -0.314193 -0.949359 -0
    outer loop
      vertex -11.7744 -37.7119 6.6
      vertex -13.0483 -37.2903 0
      vertex -11.7744 -37.7119 0
    endloop
  endfacet
  facet normal -0.298824 -0.954308 0
    outer loop
      vertex -11.7744 -37.7119 0
      vertex -11.7546 -37.7181 6.6
      vertex -11.7744 -37.7119 6.6
    endloop
  endfacet
  facet normal -0.298824 -0.954308 -0
    outer loop
      vertex -11.7546 -37.7181 6.6
      vertex -11.7744 -37.7119 0
      vertex -11.7546 -37.7181 0
    endloop
  endfacet
  facet normal -0.281299 -0.95962 0
    outer loop
      vertex -11.7546 -37.7181 0
      vertex -10.4668 -38.0956 6.6
      vertex -11.7546 -37.7181 6.6
    endloop
  endfacet
  facet normal -0.281299 -0.95962 -0
    outer loop
      vertex -10.4668 -38.0956 6.6
      vertex -11.7546 -37.7181 0
      vertex -10.4668 -38.0956 0
    endloop
  endfacet
  facet normal -0.260666 -0.965429 0
    outer loop
      vertex -10.4668 -38.0956 0
      vertex -10.4468 -38.101 6.6
      vertex -10.4668 -38.0956 6.6
    endloop
  endfacet
  facet normal -0.260666 -0.965429 -0
    outer loop
      vertex -10.4468 -38.101 6.6
      vertex -10.4668 -38.0956 0
      vertex -10.4468 -38.101 0
    endloop
  endfacet
  facet normal -0.248022 -0.968754 0
    outer loop
      vertex -10.4468 -38.101 0
      vertex -9.14691 -38.4338 6.6
      vertex -10.4468 -38.101 6.6
    endloop
  endfacet
  facet normal -0.248022 -0.968754 -0
    outer loop
      vertex -9.14691 -38.4338 6.6
      vertex -10.4468 -38.101 0
      vertex -9.14691 -38.4338 0
    endloop
  endfacet
  facet normal -0.232056 -0.972702 0
    outer loop
      vertex -9.14691 -38.4338 0
      vertex -9.12679 -38.4386 6.6
      vertex -9.14691 -38.4338 6.6
    endloop
  endfacet
  facet normal -0.232056 -0.972702 -0
    outer loop
      vertex -9.12679 -38.4386 6.6
      vertex -9.14691 -38.4338 0
      vertex -9.12679 -38.4386 0
    endloop
  endfacet
  facet normal -0.214494 -0.976725 0
    outer loop
      vertex -9.12679 -38.4386 0
      vertex -7.8158 -38.7265 6.6
      vertex -9.12679 -38.4386 6.6
    endloop
  endfacet
  facet normal -0.214494 -0.976725 -0
    outer loop
      vertex -7.8158 -38.7265 6.6
      vertex -9.12679 -38.4386 0
      vertex -7.8158 -38.7265 0
    endloop
  endfacet
  facet normal -0.193327 -0.981134 0
    outer loop
      vertex -7.8158 -38.7265 0
      vertex -7.7955 -38.7305 6.6
      vertex -7.8158 -38.7265 6.6
    endloop
  endfacet
  facet normal -0.193327 -0.981134 -0
    outer loop
      vertex -7.7955 -38.7305 6.6
      vertex -7.8158 -38.7265 0
      vertex -7.7955 -38.7305 0
    endloop
  endfacet
  facet normal -0.180632 -0.983551 0
    outer loop
      vertex -7.7955 -38.7305 0
      vertex -6.47562 -38.9729 6.6
      vertex -7.7955 -38.7305 6.6
    endloop
  endfacet
  facet normal -0.180632 -0.983551 -0
    outer loop
      vertex -6.47562 -38.9729 6.6
      vertex -7.7955 -38.7305 0
      vertex -6.47562 -38.9729 0
    endloop
  endfacet
  facet normal -0.164242 -0.98642 0
    outer loop
      vertex -6.47562 -38.9729 0
      vertex -6.4552 -38.9763 6.6
      vertex -6.47562 -38.9729 6.6
    endloop
  endfacet
  facet normal -0.164242 -0.98642 -0
    outer loop
      vertex -6.4552 -38.9763 6.6
      vertex -6.47562 -38.9729 0
      vertex -6.4552 -38.9763 0
    endloop
  endfacet
  facet normal -0.146613 -0.989194 0
    outer loop
      vertex -6.4552 -38.9763 0
      vertex -5.1274 -39.1731 6.6
      vertex -6.4552 -38.9763 6.6
    endloop
  endfacet
  facet normal -0.146613 -0.989194 -0
    outer loop
      vertex -5.1274 -39.1731 6.6
      vertex -6.4552 -38.9763 0
      vertex -5.1274 -39.1731 0
    endloop
  endfacet
  facet normal -0.130392 -0.991463 0
    outer loop
      vertex -5.1274 -39.1731 0
      vertex -5.10687 -39.1758 6.6
      vertex -5.1274 -39.1731 6.6
    endloop
  endfacet
  facet normal -0.130392 -0.991463 -0
    outer loop
      vertex -5.10687 -39.1758 6.6
      vertex -5.1274 -39.1731 0
      vertex -5.10687 -39.1758 0
    endloop
  endfacet
  facet normal -0.112425 -0.99366 0
    outer loop
      vertex -5.10687 -39.1758 0
      vertex -3.77403 -39.3266 6.6
      vertex -5.10687 -39.1758 6.6
    endloop
  endfacet
  facet normal -0.112425 -0.99366 -0
    outer loop
      vertex -3.77403 -39.3266 6.6
      vertex -5.10687 -39.1758 0
      vertex -3.77403 -39.3266 0
    endloop
  endfacet
  facet normal -0.096633 -0.99532 0
    outer loop
      vertex -3.77403 -39.3266 0
      vertex -3.75343 -39.3286 6.6
      vertex -3.77403 -39.3266 6.6
    endloop
  endfacet
  facet normal -0.096633 -0.99532 -0
    outer loop
      vertex -3.75343 -39.3286 6.6
      vertex -3.77403 -39.3266 0
      vertex -3.75343 -39.3286 0
    endloop
  endfacet
  facet normal -0.0780577 -0.996949 0
    outer loop
      vertex -3.75343 -39.3286 0
      vertex -2.41493 -39.4334 6.6
      vertex -3.75343 -39.3286 6.6
    endloop
  endfacet
  facet normal -0.0780577 -0.996949 -0
    outer loop
      vertex -2.41493 -39.4334 6.6
      vertex -3.75343 -39.3286 0
      vertex -2.41493 -39.4334 0
    endloop
  endfacet
  facet normal -0.0579855 -0.998317 0
    outer loop
      vertex -2.41493 -39.4334 0
      vertex -2.39427 -39.4346 6.6
      vertex -2.41493 -39.4334 6.6
    endloop
  endfacet
  facet normal -0.0579855 -0.998317 -0
    outer loop
      vertex -2.39427 -39.4346 6.6
      vertex -2.41493 -39.4334 0
      vertex -2.39427 -39.4346 0
    endloop
  endfacet
  facet normal -0.0436468 -0.999047 0
    outer loop
      vertex -2.39427 -39.4346 0
      vertex -1.47183 -39.4749 6.6
      vertex -2.39427 -39.4346 6.6
    endloop
  endfacet
  facet normal -0.0436468 -0.999047 -0
    outer loop
      vertex -1.47183 -39.4749 6.6
      vertex -2.39427 -39.4346 0
      vertex -1.47183 -39.4749 0
    endloop
  endfacet
  facet normal -0.0132614 -0.999912 0
    outer loop
      vertex -1.47183 -39.4749 0
      vertex -1.43413 -39.4754 6.6
      vertex -1.47183 -39.4749 6.6
    endloop
  endfacet
  facet normal -0.0132614 -0.999912 -0
    outer loop
      vertex -1.43413 -39.4754 6.6
      vertex -1.47183 -39.4749 0
      vertex -1.43413 -39.4754 0
    endloop
  endfacet
  facet normal 0.0509282 -0.998702 0
    outer loop
      vertex -1.43413 -39.4754 0
      vertex -1.39491 -39.4734 6.6
      vertex -1.43413 -39.4754 6.6
    endloop
  endfacet
  facet normal 0.0509282 -0.998702 0
    outer loop
      vertex -1.39491 -39.4734 6.6
      vertex -1.43413 -39.4754 0
      vertex -1.39491 -39.4734 0
    endloop
  endfacet
  facet normal 0.999462 0.0327859 0
    outer loop
      vertex 11 0 20.6
      vertex 10.9764 0.719434 6.6
      vertex 10.9764 0.719434 20.6
    endloop
  endfacet
  facet normal 0.999462 0.0327859 0
    outer loop
      vertex 10.9764 0.719434 6.6
      vertex 11 0 20.6
      vertex 11 0 6.6
    endloop
  endfacet
  facet normal -0.999462 0.0327859 0
    outer loop
      vertex -11 0 6.6
      vertex -10.9764 0.719434 20.6
      vertex -10.9764 0.719434 6.6
    endloop
  endfacet
  facet normal -0.999462 0.0327859 0
    outer loop
      vertex -10.9764 0.719434 20.6
      vertex -11 0 6.6
      vertex -11 0 20.6
    endloop
  endfacet
  facet normal 0.0327859 0.999462 -0
    outer loop
      vertex 0.719434 10.9764 6.6
      vertex 0 11 20.6
      vertex 0.719434 10.9764 20.6
    endloop
  endfacet
  facet normal 0.0327859 0.999462 0
    outer loop
      vertex 0 11 20.6
      vertex 0.719434 10.9764 6.6
      vertex 0 11 6.6
    endloop
  endfacet
  facet normal 0.729859 0.683598 0
    outer loop
      vertex 8.27024 7.2528 20.6
      vertex 7.77817 7.77817 6.6
      vertex 7.77817 7.77817 20.6
    endloop
  endfacet
  facet normal 0.729859 0.683598 0
    outer loop
      vertex 7.77817 7.77817 6.6
      vertex 8.27024 7.2528 20.6
      vertex 8.27024 7.2528 6.6
    endloop
  endfacet
  facet normal -0.683598 0.729859 0
    outer loop
      vertex -7.2528 8.27024 6.6
      vertex -7.77817 7.77817 20.6
      vertex -7.2528 8.27024 20.6
    endloop
  endfacet
  facet normal -0.683598 0.729859 0
    outer loop
      vertex -7.77817 7.77817 20.6
      vertex -7.2528 8.27024 6.6
      vertex -7.77817 7.77817 6.6
    endloop
  endfacet
  facet normal 0.910851 0.412735 0
    outer loop
      vertex 10.1627 4.20952 20.6
      vertex 9.8656 4.86518 6.6
      vertex 9.8656 4.86518 20.6
    endloop
  endfacet
  facet normal 0.910851 0.412735 0
    outer loop
      vertex 9.8656 4.86518 6.6
      vertex 10.1627 4.20952 20.6
      vertex 10.1627 4.20952 6.6
    endloop
  endfacet
  facet normal 0.412735 0.910851 -0
    outer loop
      vertex 4.86518 9.8656 6.6
      vertex 4.20952 10.1627 20.6
      vertex 4.86518 9.8656 20.6
    endloop
  endfacet
  facet normal 0.412735 0.910851 0
    outer loop
      vertex 4.20952 10.1627 20.6
      vertex 4.86518 9.8656 6.6
      vertex 4.20952 10.1627 6.6
    endloop
  endfacet
  facet normal -0.849197 0.528076 0
    outer loop
      vertex -9.52628 5.5 6.6
      vertex -9.14616 6.11127 20.6
      vertex -9.14616 6.11127 6.6
    endloop
  endfacet
  facet normal -0.849197 0.528076 0
    outer loop
      vertex -9.14616 6.11127 20.6
      vertex -9.52628 5.5 6.6
      vertex -9.52628 5.5 20.6
    endloop
  endfacet
  facet normal -0.773011 0.634393 0
    outer loop
      vertex -8.72689 6.69637 6.6
      vertex -8.27024 7.2528 20.6
      vertex -8.27024 7.2528 6.6
    endloop
  endfacet
  facet normal -0.773011 0.634393 0
    outer loop
      vertex -8.27024 7.2528 20.6
      vertex -8.72689 6.69637 6.6
      vertex -8.72689 6.69637 20.6
    endloop
  endfacet
  facet normal -0.162957 0.986633 0
    outer loop
      vertex -1.43579 10.9059 6.6
      vertex -2.14599 10.7886 20.6
      vertex -1.43579 10.9059 20.6
    endloop
  endfacet
  facet normal -0.162957 0.986633 0
    outer loop
      vertex -2.14599 10.7886 20.6
      vertex -1.43579 10.9059 6.6
      vertex -2.14599 10.7886 6.6
    endloop
  endfacet
  facet normal 0.88192 -0.471399 0
    outer loop
      vertex 9.52628 -5.5 20.6
      vertex 9.8656 -4.86518 6.6
      vertex 9.8656 -4.86518 20.6
    endloop
  endfacet
  facet normal 0.88192 -0.471399 0
    outer loop
      vertex 9.8656 -4.86518 6.6
      vertex 9.52628 -5.5 20.6
      vertex 9.52628 -5.5 6.6
    endloop
  endfacet
  facet normal 0.227004 -0.973894 0
    outer loop
      vertex 2.14599 -10.7886 6.6
      vertex 2.84701 -10.6252 20.6
      vertex 2.14599 -10.7886 20.6
    endloop
  endfacet
  facet normal 0.227004 -0.973894 0
    outer loop
      vertex 2.84701 -10.6252 20.6
      vertex 2.14599 -10.7886 6.6
      vertex 2.84701 -10.6252 6.6
    endloop
  endfacet
  facet normal 0.683598 -0.729859 0
    outer loop
      vertex 7.2528 -8.27024 6.6
      vertex 7.77817 -7.77817 20.6
      vertex 7.2528 -8.27024 20.6
    endloop
  endfacet
  facet normal 0.683598 -0.729859 0
    outer loop
      vertex 7.77817 -7.77817 20.6
      vertex 7.2528 -8.27024 6.6
      vertex 7.77817 -7.77817 6.6
    endloop
  endfacet
  facet normal 0.773011 -0.634393 0
    outer loop
      vertex 8.27024 -7.2528 20.6
      vertex 8.72689 -6.69637 6.6
      vertex 8.72689 -6.69637 20.6
    endloop
  endfacet
  facet normal 0.773011 -0.634393 0
    outer loop
      vertex 8.72689 -6.69637 6.6
      vertex 8.27024 -7.2528 20.6
      vertex 8.27024 -7.2528 6.6
    endloop
  endfacet
  facet normal -0.352178 -0.935933 0
    outer loop
      vertex -4.20952 -10.1627 6.6
      vertex -3.53583 -10.4162 20.6
      vertex -4.20952 -10.1627 20.6
    endloop
  endfacet
  facet normal -0.352178 -0.935933 -0
    outer loop
      vertex -3.53583 -10.4162 20.6
      vertex -4.20952 -10.1627 6.6
      vertex -3.53583 -10.4162 6.6
    endloop
  endfacet
  facet normal -0.729859 -0.683598 0
    outer loop
      vertex -7.77817 -7.77817 6.6
      vertex -8.27024 -7.2528 20.6
      vertex -8.27024 -7.2528 6.6
    endloop
  endfacet
  facet normal -0.729859 -0.683598 0
    outer loop
      vertex -8.27024 -7.2528 20.6
      vertex -7.77817 -7.77817 6.6
      vertex -7.77817 -7.77817 20.6
    endloop
  endfacet
  facet normal -0.956922 -0.290347 0
    outer loop
      vertex -10.4162 -3.53583 6.6
      vertex -10.6252 -2.84701 20.6
      vertex -10.6252 -2.84701 6.6
    endloop
  endfacet
  facet normal -0.956922 -0.290347 0
    outer loop
      vertex -10.6252 -2.84701 20.6
      vertex -10.4162 -3.53583 6.6
      vertex -10.4162 -3.53583 20.6
    endloop
  endfacet
  facet normal 0.986633 0.162957 0
    outer loop
      vertex 10.9059 1.43579 20.6
      vertex 10.7886 2.14599 6.6
      vertex 10.7886 2.14599 20.6
    endloop
  endfacet
  facet normal 0.986633 0.162957 0
    outer loop
      vertex 10.7886 2.14599 6.6
      vertex 10.9059 1.43579 20.6
      vertex 10.9059 1.43579 6.6
    endloop
  endfacet
  facet normal 0.995192 0.0979416 0
    outer loop
      vertex 10.9764 0.719434 20.6
      vertex 10.9059 1.43579 6.6
      vertex 10.9059 1.43579 20.6
    endloop
  endfacet
  facet normal 0.995192 0.0979416 0
    outer loop
      vertex 10.9059 1.43579 6.6
      vertex 10.9764 0.719434 20.6
      vertex 10.9764 0.719434 6.6
    endloop
  endfacet
  facet normal 0.956922 0.290347 0
    outer loop
      vertex 10.6252 2.84701 20.6
      vertex 10.4162 3.53583 6.6
      vertex 10.4162 3.53583 20.6
    endloop
  endfacet
  facet normal 0.956922 0.290347 0
    outer loop
      vertex 10.4162 3.53583 6.6
      vertex 10.6252 2.84701 20.6
      vertex 10.6252 2.84701 6.6
    endloop
  endfacet
  facet normal 0.849197 0.528076 0
    outer loop
      vertex 9.52628 5.5 20.6
      vertex 9.14616 6.11127 6.6
      vertex 9.14616 6.11127 20.6
    endloop
  endfacet
  facet normal 0.849197 0.528076 0
    outer loop
      vertex 9.14616 6.11127 6.6
      vertex 9.52628 5.5 20.6
      vertex 9.52628 5.5 6.6
    endloop
  endfacet
  facet normal 0.88192 0.471399 0
    outer loop
      vertex 9.8656 4.86518 20.6
      vertex 9.52628 5.5 6.6
      vertex 9.52628 5.5 20.6
    endloop
  endfacet
  facet normal 0.88192 0.471399 0
    outer loop
      vertex 9.52628 5.5 6.6
      vertex 9.8656 4.86518 20.6
      vertex 9.8656 4.86518 6.6
    endloop
  endfacet
  facet normal 0.227004 0.973894 -0
    outer loop
      vertex 2.84701 10.6252 6.6
      vertex 2.14599 10.7886 20.6
      vertex 2.84701 10.6252 20.6
    endloop
  endfacet
  facet normal 0.227004 0.973894 0
    outer loop
      vertex 2.14599 10.7886 20.6
      vertex 2.84701 10.6252 6.6
      vertex 2.14599 10.7886 6.6
    endloop
  endfacet
  facet normal 0.290347 0.956922 -0
    outer loop
      vertex 3.53583 10.4162 6.6
      vertex 2.84701 10.6252 20.6
      vertex 3.53583 10.4162 20.6
    endloop
  endfacet
  facet normal 0.290347 0.956922 0
    outer loop
      vertex 2.84701 10.6252 20.6
      vertex 3.53583 10.4162 6.6
      vertex 2.84701 10.6252 6.6
    endloop
  endfacet
  facet normal 0.162957 0.986633 -0
    outer loop
      vertex 2.14599 10.7886 6.6
      vertex 1.43579 10.9059 20.6
      vertex 2.14599 10.7886 20.6
    endloop
  endfacet
  facet normal 0.162957 0.986633 0
    outer loop
      vertex 1.43579 10.9059 20.6
      vertex 2.14599 10.7886 6.6
      vertex 1.43579 10.9059 6.6
    endloop
  endfacet
  facet normal 0.683598 0.729859 -0
    outer loop
      vertex 7.77817 7.77817 6.6
      vertex 7.2528 8.27024 20.6
      vertex 7.77817 7.77817 20.6
    endloop
  endfacet
  facet normal 0.683598 0.729859 0
    outer loop
      vertex 7.2528 8.27024 20.6
      vertex 7.77817 7.77817 6.6
      vertex 7.2528 8.27024 6.6
    endloop
  endfacet
  facet normal -0.973894 0.227004 0
    outer loop
      vertex -10.7886 2.14599 6.6
      vertex -10.6252 2.84701 20.6
      vertex -10.6252 2.84701 6.6
    endloop
  endfacet
  facet normal -0.973894 0.227004 0
    outer loop
      vertex -10.6252 2.84701 20.6
      vertex -10.7886 2.14599 6.6
      vertex -10.7886 2.14599 20.6
    endloop
  endfacet
  facet normal -0.729859 0.683598 0
    outer loop
      vertex -8.27024 7.2528 6.6
      vertex -7.77817 7.77817 20.6
      vertex -7.77817 7.77817 6.6
    endloop
  endfacet
  facet normal -0.729859 0.683598 0
    outer loop
      vertex -7.77817 7.77817 20.6
      vertex -8.27024 7.2528 6.6
      vertex -8.27024 7.2528 20.6
    endloop
  endfacet
  facet normal -0.910851 0.412735 0
    outer loop
      vertex -10.1627 4.20952 6.6
      vertex -9.8656 4.86518 20.6
      vertex -9.8656 4.86518 6.6
    endloop
  endfacet
  facet normal -0.910851 0.412735 0
    outer loop
      vertex -9.8656 4.86518 20.6
      vertex -10.1627 4.20952 6.6
      vertex -10.1627 4.20952 20.6
    endloop
  endfacet
  facet normal -0.88192 0.471399 0
    outer loop
      vertex -9.8656 4.86518 6.6
      vertex -9.52628 5.5 20.6
      vertex -9.52628 5.5 6.6
    endloop
  endfacet
  facet normal -0.88192 0.471399 0
    outer loop
      vertex -9.52628 5.5 20.6
      vertex -9.8656 4.86518 6.6
      vertex -9.8656 4.86518 20.6
    endloop
  endfacet
  facet normal -0.956922 0.290347 0
    outer loop
      vertex -10.6252 2.84701 6.6
      vertex -10.4162 3.53583 20.6
      vertex -10.4162 3.53583 6.6
    endloop
  endfacet
  facet normal -0.956922 0.290347 0
    outer loop
      vertex -10.4162 3.53583 20.6
      vertex -10.6252 2.84701 6.6
      vertex -10.6252 2.84701 20.6
    endloop
  endfacet
  facet normal -0.986633 0.162957 0
    outer loop
      vertex -10.9059 1.43579 6.6
      vertex -10.7886 2.14599 20.6
      vertex -10.7886 2.14599 6.6
    endloop
  endfacet
  facet normal -0.986633 0.162957 0
    outer loop
      vertex -10.7886 2.14599 20.6
      vertex -10.9059 1.43579 6.6
      vertex -10.9059 1.43579 20.6
    endloop
  endfacet
  facet normal -0.412735 0.910851 0
    outer loop
      vertex -4.20952 10.1627 6.6
      vertex -4.86518 9.8656 20.6
      vertex -4.20952 10.1627 20.6
    endloop
  endfacet
  facet normal -0.412735 0.910851 0
    outer loop
      vertex -4.86518 9.8656 20.6
      vertex -4.20952 10.1627 6.6
      vertex -4.86518 9.8656 6.6
    endloop
  endfacet
  facet normal -0.471399 0.88192 0
    outer loop
      vertex -4.86518 9.8656 6.6
      vertex -5.5 9.52628 20.6
      vertex -4.86518 9.8656 20.6
    endloop
  endfacet
  facet normal -0.471399 0.88192 0
    outer loop
      vertex -5.5 9.52628 20.6
      vertex -4.86518 9.8656 6.6
      vertex -5.5 9.52628 6.6
    endloop
  endfacet
  facet normal -0.227004 0.973894 0
    outer loop
      vertex -2.14599 10.7886 6.6
      vertex -2.84701 10.6252 20.6
      vertex -2.14599 10.7886 20.6
    endloop
  endfacet
  facet normal -0.227004 0.973894 0
    outer loop
      vertex -2.84701 10.6252 20.6
      vertex -2.14599 10.7886 6.6
      vertex -2.84701 10.6252 6.6
    endloop
  endfacet
  facet normal -0.0327859 0.999462 0
    outer loop
      vertex 0 11 6.6
      vertex -0.719434 10.9764 20.6
      vertex 0 11 20.6
    endloop
  endfacet
  facet normal -0.0327859 0.999462 0
    outer loop
      vertex -0.719434 10.9764 20.6
      vertex 0 11 6.6
      vertex -0.719434 10.9764 6.6
    endloop
  endfacet
  facet normal 0.999462 -0.0327859 0
    outer loop
      vertex 10.9764 -0.719434 20.6
      vertex 11 0 6.6
      vertex 11 0 20.6
    endloop
  endfacet
  facet normal 0.999462 -0.0327859 0
    outer loop
      vertex 11 0 6.6
      vertex 10.9764 -0.719434 20.6
      vertex 10.9764 -0.719434 6.6
    endloop
  endfacet
  facet normal 0.352178 -0.935933 0
    outer loop
      vertex 3.53583 -10.4162 6.6
      vertex 4.20952 -10.1627 20.6
      vertex 3.53583 -10.4162 20.6
    endloop
  endfacet
  facet normal 0.352178 -0.935933 0
    outer loop
      vertex 4.20952 -10.1627 20.6
      vertex 3.53583 -10.4162 6.6
      vertex 4.20952 -10.1627 6.6
    endloop
  endfacet
  facet normal 0.412735 -0.910851 0
    outer loop
      vertex 4.20952 -10.1627 6.6
      vertex 4.86518 -9.8656 20.6
      vertex 4.20952 -10.1627 20.6
    endloop
  endfacet
  facet normal 0.412735 -0.910851 0
    outer loop
      vertex 4.86518 -9.8656 20.6
      vertex 4.20952 -10.1627 6.6
      vertex 4.86518 -9.8656 6.6
    endloop
  endfacet
  facet normal 0.471399 -0.88192 0
    outer loop
      vertex 4.86518 -9.8656 6.6
      vertex 5.5 -9.52628 20.6
      vertex 4.86518 -9.8656 20.6
    endloop
  endfacet
  facet normal 0.471399 -0.88192 0
    outer loop
      vertex 5.5 -9.52628 20.6
      vertex 4.86518 -9.8656 6.6
      vertex 5.5 -9.52628 6.6
    endloop
  endfacet
  facet normal 0.812851 -0.582472 0
    outer loop
      vertex 8.72689 -6.69637 20.6
      vertex 9.14616 -6.11127 6.6
      vertex 9.14616 -6.11127 20.6
    endloop
  endfacet
  facet normal 0.812851 -0.582472 0
    outer loop
      vertex 9.14616 -6.11127 6.6
      vertex 8.72689 -6.69637 20.6
      vertex 8.72689 -6.69637 6.6
    endloop
  endfacet
  facet normal 0.935933 -0.352178 0
    outer loop
      vertex 10.1627 -4.20952 20.6
      vertex 10.4162 -3.53583 6.6
      vertex 10.4162 -3.53583 20.6
    endloop
  endfacet
  facet normal 0.935933 -0.352178 0
    outer loop
      vertex 10.4162 -3.53583 6.6
      vertex 10.1627 -4.20952 20.6
      vertex 10.1627 -4.20952 6.6
    endloop
  endfacet
  facet normal 0.956922 -0.290347 0
    outer loop
      vertex 10.4162 -3.53583 20.6
      vertex 10.6252 -2.84701 6.6
      vertex 10.6252 -2.84701 20.6
    endloop
  endfacet
  facet normal 0.956922 -0.290347 0
    outer loop
      vertex 10.6252 -2.84701 6.6
      vertex 10.4162 -3.53583 20.6
      vertex 10.4162 -3.53583 6.6
    endloop
  endfacet
  facet normal 0.973894 -0.227004 0
    outer loop
      vertex 10.6252 -2.84701 20.6
      vertex 10.7886 -2.14599 6.6
      vertex 10.7886 -2.14599 20.6
    endloop
  endfacet
  facet normal 0.973894 -0.227004 0
    outer loop
      vertex 10.7886 -2.14599 6.6
      vertex 10.6252 -2.84701 20.6
      vertex 10.6252 -2.84701 6.6
    endloop
  endfacet
  facet normal 0.995192 -0.0979416 0
    outer loop
      vertex 10.9059 -1.43579 20.6
      vertex 10.9764 -0.719434 6.6
      vertex 10.9764 -0.719434 20.6
    endloop
  endfacet
  facet normal 0.995192 -0.0979416 0
    outer loop
      vertex 10.9764 -0.719434 6.6
      vertex 10.9059 -1.43579 20.6
      vertex 10.9059 -1.43579 6.6
    endloop
  endfacet
  facet normal -0.683598 -0.729859 0
    outer loop
      vertex -7.77817 -7.77817 6.6
      vertex -7.2528 -8.27024 20.6
      vertex -7.77817 -7.77817 20.6
    endloop
  endfacet
  facet normal -0.683598 -0.729859 -0
    outer loop
      vertex -7.2528 -8.27024 20.6
      vertex -7.77817 -7.77817 6.6
      vertex -7.2528 -8.27024 6.6
    endloop
  endfacet
  facet normal -0.634393 -0.773011 0
    outer loop
      vertex -7.2528 -8.27024 6.6
      vertex -6.69637 -8.72689 20.6
      vertex -7.2528 -8.27024 20.6
    endloop
  endfacet
  facet normal -0.634393 -0.773011 -0
    outer loop
      vertex -6.69637 -8.72689 20.6
      vertex -7.2528 -8.27024 6.6
      vertex -6.69637 -8.72689 6.6
    endloop
  endfacet
  facet normal -0.162957 -0.986633 0
    outer loop
      vertex -2.14599 -10.7886 6.6
      vertex -1.43579 -10.9059 20.6
      vertex -2.14599 -10.7886 20.6
    endloop
  endfacet
  facet normal -0.162957 -0.986633 -0
    outer loop
      vertex -1.43579 -10.9059 20.6
      vertex -2.14599 -10.7886 6.6
      vertex -1.43579 -10.9059 6.6
    endloop
  endfacet
  facet normal -0.910851 -0.412735 0
    outer loop
      vertex -9.8656 -4.86518 6.6
      vertex -10.1627 -4.20952 20.6
      vertex -10.1627 -4.20952 6.6
    endloop
  endfacet
  facet normal -0.910851 -0.412735 0
    outer loop
      vertex -10.1627 -4.20952 20.6
      vertex -9.8656 -4.86518 6.6
      vertex -9.8656 -4.86518 20.6
    endloop
  endfacet
  facet normal -0.973894 -0.227004 0
    outer loop
      vertex -10.6252 -2.84701 6.6
      vertex -10.7886 -2.14599 20.6
      vertex -10.7886 -2.14599 6.6
    endloop
  endfacet
  facet normal -0.973894 -0.227004 0
    outer loop
      vertex -10.7886 -2.14599 20.6
      vertex -10.6252 -2.84701 6.6
      vertex -10.6252 -2.84701 20.6
    endloop
  endfacet
  facet normal 0.973894 0.227004 0
    outer loop
      vertex 10.7886 2.14599 20.6
      vertex 10.6252 2.84701 6.6
      vertex 10.6252 2.84701 20.6
    endloop
  endfacet
  facet normal 0.973894 0.227004 0
    outer loop
      vertex 10.6252 2.84701 6.6
      vertex 10.7886 2.14599 20.6
      vertex 10.7886 2.14599 6.6
    endloop
  endfacet
  facet normal 0.935933 0.352178 0
    outer loop
      vertex 10.4162 3.53583 20.6
      vertex 10.1627 4.20952 6.6
      vertex 10.1627 4.20952 20.6
    endloop
  endfacet
  facet normal 0.935933 0.352178 0
    outer loop
      vertex 10.1627 4.20952 6.6
      vertex 10.4162 3.53583 20.6
      vertex 10.4162 3.53583 6.6
    endloop
  endfacet
  facet normal 0.812851 0.582472 0
    outer loop
      vertex 9.14616 6.11127 20.6
      vertex 8.72689 6.69637 6.6
      vertex 8.72689 6.69637 20.6
    endloop
  endfacet
  facet normal 0.812851 0.582472 0
    outer loop
      vertex 8.72689 6.69637 6.6
      vertex 9.14616 6.11127 20.6
      vertex 9.14616 6.11127 6.6
    endloop
  endfacet
  facet normal 0.773011 0.634393 0
    outer loop
      vertex 8.72689 6.69637 20.6
      vertex 8.27024 7.2528 6.6
      vertex 8.27024 7.2528 20.6
    endloop
  endfacet
  facet normal 0.773011 0.634393 0
    outer loop
      vertex 8.27024 7.2528 6.6
      vertex 8.72689 6.69637 20.6
      vertex 8.72689 6.69637 6.6
    endloop
  endfacet
  facet normal 0.0979416 0.995192 -0
    outer loop
      vertex 1.43579 10.9059 6.6
      vertex 0.719434 10.9764 20.6
      vertex 1.43579 10.9059 20.6
    endloop
  endfacet
  facet normal 0.0979416 0.995192 0
    outer loop
      vertex 0.719434 10.9764 20.6
      vertex 1.43579 10.9059 6.6
      vertex 0.719434 10.9764 6.6
    endloop
  endfacet
  facet normal 0.528076 0.849197 -0
    outer loop
      vertex 6.11127 9.14616 6.6
      vertex 5.5 9.52628 20.6
      vertex 6.11127 9.14616 20.6
    endloop
  endfacet
  facet normal 0.528076 0.849197 0
    outer loop
      vertex 5.5 9.52628 20.6
      vertex 6.11127 9.14616 6.6
      vertex 5.5 9.52628 6.6
    endloop
  endfacet
  facet normal 0.471399 0.88192 -0
    outer loop
      vertex 5.5 9.52628 6.6
      vertex 4.86518 9.8656 20.6
      vertex 5.5 9.52628 20.6
    endloop
  endfacet
  facet normal 0.471399 0.88192 0
    outer loop
      vertex 4.86518 9.8656 20.6
      vertex 5.5 9.52628 6.6
      vertex 4.86518 9.8656 6.6
    endloop
  endfacet
  facet normal 0.582472 0.812851 -0
    outer loop
      vertex 6.69637 8.72689 6.6
      vertex 6.11127 9.14616 20.6
      vertex 6.69637 8.72689 20.6
    endloop
  endfacet
  facet normal 0.582472 0.812851 0
    outer loop
      vertex 6.11127 9.14616 20.6
      vertex 6.69637 8.72689 6.6
      vertex 6.11127 9.14616 6.6
    endloop
  endfacet
  facet normal -0.935933 0.352178 0
    outer loop
      vertex -10.4162 3.53583 6.6
      vertex -10.1627 4.20952 20.6
      vertex -10.1627 4.20952 6.6
    endloop
  endfacet
  facet normal -0.935933 0.352178 0
    outer loop
      vertex -10.1627 4.20952 20.6
      vertex -10.4162 3.53583 6.6
      vertex -10.4162 3.53583 20.6
    endloop
  endfacet
  facet normal -0.995192 0.0979416 0
    outer loop
      vertex -10.9764 0.719434 6.6
      vertex -10.9059 1.43579 20.6
      vertex -10.9059 1.43579 6.6
    endloop
  endfacet
  facet normal -0.995192 0.0979416 0
    outer loop
      vertex -10.9059 1.43579 20.6
      vertex -10.9764 0.719434 6.6
      vertex -10.9764 0.719434 20.6
    endloop
  endfacet
  facet normal -0.582472 0.812851 0
    outer loop
      vertex -6.11127 9.14616 6.6
      vertex -6.69637 8.72689 20.6
      vertex -6.11127 9.14616 20.6
    endloop
  endfacet
  facet normal -0.582472 0.812851 0
    outer loop
      vertex -6.69637 8.72689 20.6
      vertex -6.11127 9.14616 6.6
      vertex -6.69637 8.72689 6.6
    endloop
  endfacet
  facet normal -0.528076 0.849197 0
    outer loop
      vertex -5.5 9.52628 6.6
      vertex -6.11127 9.14616 20.6
      vertex -5.5 9.52628 20.6
    endloop
  endfacet
  facet normal -0.528076 0.849197 0
    outer loop
      vertex -6.11127 9.14616 20.6
      vertex -5.5 9.52628 6.6
      vertex -6.11127 9.14616 6.6
    endloop
  endfacet
  facet normal -0.634393 0.773011 0
    outer loop
      vertex -6.69637 8.72689 6.6
      vertex -7.2528 8.27024 20.6
      vertex -6.69637 8.72689 20.6
    endloop
  endfacet
  facet normal -0.634393 0.773011 0
    outer loop
      vertex -7.2528 8.27024 20.6
      vertex -6.69637 8.72689 6.6
      vertex -7.2528 8.27024 6.6
    endloop
  endfacet
  facet normal -0.352178 0.935933 0
    outer loop
      vertex -3.53583 10.4162 6.6
      vertex -4.20952 10.1627 20.6
      vertex -3.53583 10.4162 20.6
    endloop
  endfacet
  facet normal -0.352178 0.935933 0
    outer loop
      vertex -4.20952 10.1627 20.6
      vertex -3.53583 10.4162 6.6
      vertex -4.20952 10.1627 6.6
    endloop
  endfacet
  facet normal -0.0979416 0.995192 0
    outer loop
      vertex -0.719434 10.9764 6.6
      vertex -1.43579 10.9059 20.6
      vertex -0.719434 10.9764 20.6
    endloop
  endfacet
  facet normal -0.0979416 0.995192 0
    outer loop
      vertex -1.43579 10.9059 20.6
      vertex -0.719434 10.9764 6.6
      vertex -1.43579 10.9059 6.6
    endloop
  endfacet
  facet normal 0.162957 -0.986633 0
    outer loop
      vertex 1.43579 -10.9059 6.6
      vertex 2.14599 -10.7886 20.6
      vertex 1.43579 -10.9059 20.6
    endloop
  endfacet
  facet normal 0.162957 -0.986633 0
    outer loop
      vertex 2.14599 -10.7886 20.6
      vertex 1.43579 -10.9059 6.6
      vertex 2.14599 -10.7886 6.6
    endloop
  endfacet
  facet normal 0.0327859 -0.999462 0
    outer loop
      vertex 0 -11 6.6
      vertex 0.719434 -10.9764 20.6
      vertex 0 -11 20.6
    endloop
  endfacet
  facet normal 0.0327859 -0.999462 0
    outer loop
      vertex 0.719434 -10.9764 20.6
      vertex 0 -11 6.6
      vertex 0.719434 -10.9764 6.6
    endloop
  endfacet
  facet normal 0.0979416 -0.995192 0
    outer loop
      vertex 0.719434 -10.9764 6.6
      vertex 1.43579 -10.9059 20.6
      vertex 0.719434 -10.9764 20.6
    endloop
  endfacet
  facet normal 0.0979416 -0.995192 0
    outer loop
      vertex 1.43579 -10.9059 20.6
      vertex 0.719434 -10.9764 6.6
      vertex 1.43579 -10.9059 6.6
    endloop
  endfacet
  facet normal 0.290347 -0.956922 0
    outer loop
      vertex 2.84701 -10.6252 6.6
      vertex 3.53583 -10.4162 20.6
      vertex 2.84701 -10.6252 20.6
    endloop
  endfacet
  facet normal 0.290347 -0.956922 0
    outer loop
      vertex 3.53583 -10.4162 20.6
      vertex 2.84701 -10.6252 6.6
      vertex 3.53583 -10.4162 6.6
    endloop
  endfacet
  facet normal 0.582472 -0.812851 0
    outer loop
      vertex 6.11127 -9.14616 6.6
      vertex 6.69637 -8.72689 20.6
      vertex 6.11127 -9.14616 20.6
    endloop
  endfacet
  facet normal 0.582472 -0.812851 0
    outer loop
      vertex 6.69637 -8.72689 20.6
      vertex 6.11127 -9.14616 6.6
      vertex 6.69637 -8.72689 6.6
    endloop
  endfacet
  facet normal 0.729859 -0.683598 0
    outer loop
      vertex 7.77817 -7.77817 20.6
      vertex 8.27024 -7.2528 6.6
      vertex 8.27024 -7.2528 20.6
    endloop
  endfacet
  facet normal 0.729859 -0.683598 0
    outer loop
      vertex 8.27024 -7.2528 6.6
      vertex 7.77817 -7.77817 20.6
      vertex 7.77817 -7.77817 6.6
    endloop
  endfacet
  facet normal 0.910851 -0.412735 0
    outer loop
      vertex 9.8656 -4.86518 20.6
      vertex 10.1627 -4.20952 6.6
      vertex 10.1627 -4.20952 20.6
    endloop
  endfacet
  facet normal 0.910851 -0.412735 0
    outer loop
      vertex 10.1627 -4.20952 6.6
      vertex 9.8656 -4.86518 20.6
      vertex 9.8656 -4.86518 6.6
    endloop
  endfacet
  facet normal -0.0979416 -0.995192 0
    outer loop
      vertex -1.43579 -10.9059 6.6
      vertex -0.719434 -10.9764 20.6
      vertex -1.43579 -10.9059 20.6
    endloop
  endfacet
  facet normal -0.0979416 -0.995192 -0
    outer loop
      vertex -0.719434 -10.9764 20.6
      vertex -1.43579 -10.9059 6.6
      vertex -0.719434 -10.9764 6.6
    endloop
  endfacet
  facet normal -0.528076 -0.849197 0
    outer loop
      vertex -6.11127 -9.14616 6.6
      vertex -5.5 -9.52628 20.6
      vertex -6.11127 -9.14616 20.6
    endloop
  endfacet
  facet normal -0.528076 -0.849197 -0
    outer loop
      vertex -5.5 -9.52628 20.6
      vertex -6.11127 -9.14616 6.6
      vertex -5.5 -9.52628 6.6
    endloop
  endfacet
  facet normal -0.412735 -0.910851 0
    outer loop
      vertex -4.86518 -9.8656 6.6
      vertex -4.20952 -10.1627 20.6
      vertex -4.86518 -9.8656 20.6
    endloop
  endfacet
  facet normal -0.412735 -0.910851 -0
    outer loop
      vertex -4.20952 -10.1627 20.6
      vertex -4.86518 -9.8656 6.6
      vertex -4.20952 -10.1627 6.6
    endloop
  endfacet
  facet normal -0.290347 -0.956922 0
    outer loop
      vertex -3.53583 -10.4162 6.6
      vertex -2.84701 -10.6252 20.6
      vertex -3.53583 -10.4162 20.6
    endloop
  endfacet
  facet normal -0.290347 -0.956922 -0
    outer loop
      vertex -2.84701 -10.6252 20.6
      vertex -3.53583 -10.4162 6.6
      vertex -2.84701 -10.6252 6.6
    endloop
  endfacet
  facet normal -0.227004 -0.973894 0
    outer loop
      vertex -2.84701 -10.6252 6.6
      vertex -2.14599 -10.7886 20.6
      vertex -2.84701 -10.6252 20.6
    endloop
  endfacet
  facet normal -0.227004 -0.973894 -0
    outer loop
      vertex -2.14599 -10.7886 20.6
      vertex -2.84701 -10.6252 6.6
      vertex -2.14599 -10.7886 6.6
    endloop
  endfacet
  facet normal -0.0327859 -0.999462 0
    outer loop
      vertex -0.719434 -10.9764 6.6
      vertex 0 -11 20.6
      vertex -0.719434 -10.9764 20.6
    endloop
  endfacet
  facet normal -0.0327859 -0.999462 -0
    outer loop
      vertex 0 -11 20.6
      vertex -0.719434 -10.9764 6.6
      vertex 0 -11 6.6
    endloop
  endfacet
  facet normal -0.88192 -0.471399 0
    outer loop
      vertex -9.52628 -5.5 6.6
      vertex -9.8656 -4.86518 20.6
      vertex -9.8656 -4.86518 6.6
    endloop
  endfacet
  facet normal -0.88192 -0.471399 0
    outer loop
      vertex -9.8656 -4.86518 20.6
      vertex -9.52628 -5.5 6.6
      vertex -9.52628 -5.5 20.6
    endloop
  endfacet
  facet normal -0.812851 -0.582472 0
    outer loop
      vertex -8.72689 -6.69637 6.6
      vertex -9.14616 -6.11127 20.6
      vertex -9.14616 -6.11127 6.6
    endloop
  endfacet
  facet normal -0.812851 -0.582472 0
    outer loop
      vertex -9.14616 -6.11127 20.6
      vertex -8.72689 -6.69637 6.6
      vertex -8.72689 -6.69637 20.6
    endloop
  endfacet
  facet normal -0.935933 -0.352178 0
    outer loop
      vertex -10.1627 -4.20952 6.6
      vertex -10.4162 -3.53583 20.6
      vertex -10.4162 -3.53583 6.6
    endloop
  endfacet
  facet normal -0.935933 -0.352178 0
    outer loop
      vertex -10.4162 -3.53583 20.6
      vertex -10.1627 -4.20952 6.6
      vertex -10.1627 -4.20952 20.6
    endloop
  endfacet
  facet normal -0.986633 -0.162957 0
    outer loop
      vertex -10.7886 -2.14599 6.6
      vertex -10.9059 -1.43579 20.6
      vertex -10.9059 -1.43579 6.6
    endloop
  endfacet
  facet normal -0.986633 -0.162957 0
    outer loop
      vertex -10.9059 -1.43579 20.6
      vertex -10.7886 -2.14599 6.6
      vertex -10.7886 -2.14599 20.6
    endloop
  endfacet
  facet normal -0.999462 -0.0327859 0
    outer loop
      vertex -10.9764 -0.719434 6.6
      vertex -11 0 20.6
      vertex -11 0 6.6
    endloop
  endfacet
  facet normal -0.999462 -0.0327859 0
    outer loop
      vertex -11 0 20.6
      vertex -10.9764 -0.719434 6.6
      vertex -10.9764 -0.719434 20.6
    endloop
  endfacet
  facet normal 0.352178 0.935933 -0
    outer loop
      vertex 4.20952 10.1627 6.6
      vertex 3.53583 10.4162 20.6
      vertex 4.20952 10.1627 20.6
    endloop
  endfacet
  facet normal 0.352178 0.935933 0
    outer loop
      vertex 3.53583 10.4162 20.6
      vertex 4.20952 10.1627 6.6
      vertex 3.53583 10.4162 6.6
    endloop
  endfacet
  facet normal 0.634393 0.773011 -0
    outer loop
      vertex 7.2528 8.27024 6.6
      vertex 6.69637 8.72689 20.6
      vertex 7.2528 8.27024 20.6
    endloop
  endfacet
  facet normal 0.634393 0.773011 0
    outer loop
      vertex 6.69637 8.72689 20.6
      vertex 7.2528 8.27024 6.6
      vertex 6.69637 8.72689 6.6
    endloop
  endfacet
  facet normal -0.812851 0.582472 0
    outer loop
      vertex -9.14616 6.11127 6.6
      vertex -8.72689 6.69637 20.6
      vertex -8.72689 6.69637 6.6
    endloop
  endfacet
  facet normal -0.812851 0.582472 0
    outer loop
      vertex -8.72689 6.69637 20.6
      vertex -9.14616 6.11127 6.6
      vertex -9.14616 6.11127 20.6
    endloop
  endfacet
  facet normal 0 0 1
    outer loop
      vertex -5.86082 0.602463 20.6
      vertex -6.43895 0.676804 20.6
      vertex -5.90031 0 20.6
    endloop
  endfacet
  facet normal 0 0 1
    outer loop
      vertex -4.68103 -3.59187 20.6
      vertex -5.05087 -4.05052 20.6
      vertex -4.60648 -3.6769 20.6
    endloop
  endfacet
  facet normal 0 0 1
    outer loop
      vertex -5.10983 -2.95016 20.6
      vertex -5.05087 -4.05052 20.6
      vertex -4.68103 -3.59187 20.6
    endloop
  endfacet
  facet normal 0 0 1
    outer loop
      vertex -5.7827 -2.9118 20.6
      vertex -5.05087 -4.05052 20.6
      vertex -5.10983 -2.95016 20.6
    endloop
  endfacet
  facet normal -0 0 1
    outer loop
      vertex -5.7827 -2.9118 20.6
      vertex -5.10983 -2.95016 20.6
      vertex -5.25282 -2.6602 20.6
    endloop
  endfacet
  facet normal 0 0 1
    outer loop
      vertex -5.05087 -4.05052 20.6
      vertex -5.7827 -2.9118 20.6
      vertex -5.19235 -4.21588 20.6
    endloop
  endfacet
  facet normal -0 0 1
    outer loop
      vertex -5.9919 -2.97179 20.6
      vertex -5.19235 -4.21588 20.6
      vertex -5.7827 -2.9118 20.6
    endloop
  endfacet
  facet normal 0 0 1
    outer loop
      vertex -5.19235 -4.21588 20.6
      vertex -5.9919 -2.97179 20.6
      vertex -5.31018 -4.39944 20.6
    endloop
  endfacet
  facet normal -0 0 1
    outer loop
      vertex -6.20781 -3.00272 20.6
      vertex -5.31018 -4.39944 20.6
      vertex -5.9919 -2.97179 20.6
    endloop
  endfacet
  facet normal 0 0 1
    outer loop
      vertex -5.31018 -4.39944 20.6
      vertex -6.20781 -3.00272 20.6
      vertex -5.41125 -4.59404 20.6
    endloop
  endfacet
  facet normal -0 0 1
    outer loop
      vertex -6.4268 -3.01382 20.6
      vertex -5.41125 -4.59404 20.6
      vertex -6.20781 -3.00272 20.6
    endloop
  endfacet
  facet normal 0 0 1
    outer loop
      vertex -5.41125 -4.59404 20.6
      vertex -6.4268 -3.01382 20.6
      vertex -5.49887 -4.79926 20.6
    endloop
  endfacet
  facet normal 0 0 1
    outer loop
      vertex -6.64987 -3.00827 20.6
      vertex -5.49887 -4.79926 20.6
      vertex -6.4268 -3.01382 20.6
    endloop
  endfacet
  facet normal 0 0 1
    outer loop
      vertex 1.6779 6.47449 20.6
      vertex 0.214111 6.68495 20.6
      vertex 0.246429 6.46973 20.6
    endloop
  endfacet
  facet normal 0 0 1
    outer loop
      vertex 2.2455 7.15343 20.6
      vertex 0.152542 6.8942 20.6
      vertex 0.214111 6.68495 20.6
    endloop
  endfacet
  facet normal 0 0 1
    outer loop
      vertex 2.2455 7.15343 20.6
      vertex 0.0716858 7.09801 20.6
      vertex 0.152542 6.8942 20.6
    endloop
  endfacet
  facet normal 0 0 1
    outer loop
      vertex -0.614258 8.13181 20.6
      vertex 0.719434 10.9764 20.6
      vertex 0 11 20.6
    endloop
  endfacet
  facet normal 0 0 1
    outer loop
      vertex 2.2455 7.15343 20.6
      vertex -0.0260315 7.29861 20.6
      vertex 0.0716858 7.09801 20.6
    endloop
  endfacet
  facet normal 0 0 1
    outer loop
      vertex 2.2455 7.15343 20.6
      vertex -0.139175 7.49628 20.6
      vertex -0.0260315 7.29861 20.6
    endloop
  endfacet
  facet normal 0 0 1
    outer loop
      vertex 2.2455 7.15343 20.6
      vertex -0.2668 7.69089 20.6
      vertex -0.139175 7.49628 20.6
    endloop
  endfacet
  facet normal 0 0 1
    outer loop
      vertex 0.719434 10.9764 20.6
      vertex -0.408279 7.88216 20.6
      vertex -0.2668 7.69089 20.6
    endloop
  endfacet
  facet normal 0 0 1
    outer loop
      vertex 0.719434 10.9764 20.6
      vertex -0.614258 8.13181 20.6
      vertex -0.408279 7.88216 20.6
    endloop
  endfacet
  facet normal -0 0 1
    outer loop
      vertex -0.719434 10.9764 20.6
      vertex -0.614258 8.13181 20.6
      vertex 0 11 20.6
    endloop
  endfacet
  facet normal -0 0 1
    outer loop
      vertex -1.43579 10.9059 20.6
      vertex -0.614258 8.13181 20.6
      vertex -0.719434 10.9764 20.6
    endloop
  endfacet
  facet normal 0 0 1
    outer loop
      vertex -1.43579 10.9059 20.6
      vertex -1.70158 7.97546 20.6
      vertex -0.614258 8.13181 20.6
    endloop
  endfacet
  facet normal -0 0 1
    outer loop
      vertex -2.14599 10.7886 20.6
      vertex -1.70158 7.97546 20.6
      vertex -1.43579 10.9059 20.6
    endloop
  endfacet
  facet normal -0 0 1
    outer loop
      vertex -2.84701 10.6252 20.6
      vertex -1.70158 7.97546 20.6
      vertex -2.14599 10.7886 20.6
    endloop
  endfacet
  facet normal -0 0 1
    outer loop
      vertex -3.53583 10.4162 20.6
      vertex -1.70158 7.97546 20.6
      vertex -2.84701 10.6252 20.6
    endloop
  endfacet
  facet normal -0 0 1
    outer loop
      vertex -4.20952 10.1627 20.6
      vertex -1.70158 7.97546 20.6
      vertex -3.53583 10.4162 20.6
    endloop
  endfacet
  facet normal 0 0 1
    outer loop
      vertex -1.70158 7.97546 20.6
      vertex -4.20952 10.1627 20.6
      vertex -1.82892 7.6779 20.6
    endloop
  endfacet
  facet normal 0 0 1
    outer loop
      vertex -1.91077 7.45451 20.6
      vertex -4.38245 6.32573 20.6
      vertex -1.97839 7.23184 20.6
    endloop
  endfacet
  facet normal -0 0 1
    outer loop
      vertex -4.86518 9.8656 20.6
      vertex -1.91077 7.45451 20.6
      vertex -4.20952 10.1627 20.6
    endloop
  endfacet
  facet normal 0 0 1
    outer loop
      vertex -1.82892 7.6779 20.6
      vertex -4.20952 10.1627 20.6
      vertex -1.91077 7.45451 20.6
    endloop
  endfacet
  facet normal 0 0 1
    outer loop
      vertex 5.53297 -4.7599 20.6
      vertex 3.92403 -6.15407 20.6
      vertex 3.9357 -6.38152 20.6
    endloop
  endfacet
  facet normal 0 0 1
    outer loop
      vertex 4.72812 -4.42303 20.6
      vertex 3.89777 -5.93248 20.6
      vertex 3.92403 -6.15407 20.6
    endloop
  endfacet
  facet normal 0 0 1
    outer loop
      vertex 4.72812 -4.42303 20.6
      vertex 3.85561 -5.7173 20.6
      vertex 3.89777 -5.93248 20.6
    endloop
  endfacet
  facet normal 0 0 1
    outer loop
      vertex 4.72812 -4.42303 20.6
      vertex 3.79428 -5.50797 20.6
      vertex 3.85561 -5.7173 20.6
    endloop
  endfacet
  facet normal 0 0 1
    outer loop
      vertex 4.72812 -4.42303 20.6
      vertex 3.70512 -5.30945 20.6
      vertex 3.79428 -5.50797 20.6
    endloop
  endfacet
  facet normal 0 0 1
    outer loop
      vertex 4.72812 -4.42303 20.6
      vertex 3.59187 -4.68103 20.6
      vertex 3.70512 -5.30945 20.6
    endloop
  endfacet
  facet normal 0 0 1
    outer loop
      vertex 3.70512 -5.30945 20.6
      vertex 3.59187 -4.68103 20.6
      vertex 3.38132 -4.82173 20.6
    endloop
  endfacet
  facet normal 0 0 1
    outer loop
      vertex 6.62825 -3.05563 20.6
      vertex 7.22804 -1.01292 20.6
      vertex 7.01558 -1.0811 20.6
    endloop
  endfacet
  facet normal 0 0 1
    outer loop
      vertex 7.22804 -1.01292 20.6
      vertex 7.00026 -3.64575 20.6
      vertex 7.14177 -3.93684 20.6
    endloop
  endfacet
  facet normal 0 0 1
    outer loop
      vertex 7.22804 -1.01292 20.6
      vertex 6.88503 -3.43761 20.6
      vertex 7.00026 -3.64575 20.6
    endloop
  endfacet
  facet normal 0 0 1
    outer loop
      vertex 6.48636 -2.88342 20.6
      vertex 7.01558 -1.0811 20.6
      vertex 6.80232 -1.13214 20.6
    endloop
  endfacet
  facet normal 0 0 1
    outer loop
      vertex 7.22804 -1.01292 20.6
      vertex 6.76103 -3.24068 20.6
      vertex 6.88503 -3.43761 20.6
    endloop
  endfacet
  facet normal 0 0 1
    outer loop
      vertex 7.22804 -1.01292 20.6
      vertex 6.62825 -3.05563 20.6
      vertex 6.76103 -3.24068 20.6
    endloop
  endfacet
  facet normal 0 0 1
    outer loop
      vertex 6.33456 -2.72517 20.6
      vertex 6.80232 -1.13214 20.6
      vertex 6.58644 -1.16331 20.6
    endloop
  endfacet
  facet normal 0 0 1
    outer loop
      vertex 7.01558 -1.0811 20.6
      vertex 6.48636 -2.88342 20.6
      vertex 6.62825 -3.05563 20.6
    endloop
  endfacet
  facet normal 0 0 1
    outer loop
      vertex 6.16978 -2.58224 20.6
      vertex 6.58644 -1.16331 20.6
      vertex 6.36882 -1.16467 20.6
    endloop
  endfacet
  facet normal 0 0 1
    outer loop
      vertex 6.80232 -1.13214 20.6
      vertex 6.33456 -2.72517 20.6
      vertex 6.48636 -2.88342 20.6
    endloop
  endfacet
  facet normal 0 0 1
    outer loop
      vertex 6.58644 -1.16331 20.6
      vertex 6.16978 -2.58224 20.6
      vertex 6.33456 -2.72517 20.6
    endloop
  endfacet
  facet normal 0 0 1
    outer loop
      vertex 6.36882 -1.16467 20.6
      vertex 5.98746 -2.46346 20.6
      vertex 6.16978 -2.58224 20.6
    endloop
  endfacet
  facet normal 0 0 1
    outer loop
      vertex 5.69926 -1.52711 20.6
      vertex 6.36882 -1.16467 20.6
      vertex 5.78967 -1.07257 20.6
    endloop
  endfacet
  facet normal 0 0 1
    outer loop
      vertex 6.36882 -1.16467 20.6
      vertex 5.69926 -1.52711 20.6
      vertex 5.98746 -2.46346 20.6
    endloop
  endfacet
  facet normal 0 0 1
    outer loop
      vertex 5.98746 -2.46346 20.6
      vertex 5.69926 -1.52711 20.6
      vertex 5.45999 -2.23199 20.6
    endloop
  endfacet
  facet normal -0 0 1
    outer loop
      vertex 8.13646 0.549255 20.6
      vertex 11 0 20.6
      vertex 10.9764 0.719434 20.6
    endloop
  endfacet
  facet normal 0 0 1
    outer loop
      vertex 8.13646 0.549255 20.6
      vertex 10.9764 0.719434 20.6
      vertex 10.9059 1.43579 20.6
    endloop
  endfacet
  facet normal 0 0 1
    outer loop
      vertex 8.13646 -0.549255 20.6
      vertex 11 0 20.6
      vertex 8.13646 0.549255 20.6
    endloop
  endfacet
  facet normal 0 0 1
    outer loop
      vertex 8.13646 0.549255 20.6
      vertex 10.9059 1.43579 20.6
      vertex 10.7886 2.14599 20.6
    endloop
  endfacet
  facet normal 0 0 1
    outer loop
      vertex 11 0 20.6
      vertex 8.13646 -0.549255 20.6
      vertex 10.9764 -0.719434 20.6
    endloop
  endfacet
  facet normal 0 0 1
    outer loop
      vertex 8.13646 0.549255 20.6
      vertex 10.7886 2.14599 20.6
      vertex 10.6252 2.84701 20.6
    endloop
  endfacet
  facet normal 0 0 1
    outer loop
      vertex 10.9764 -0.719434 20.6
      vertex 8.13646 -0.549255 20.6
      vertex 10.9059 -1.43579 20.6
    endloop
  endfacet
  facet normal 0 0 1
    outer loop
      vertex 7.00026 3.64575 20.6
      vertex 10.6252 2.84701 20.6
      vertex 10.4162 3.53583 20.6
    endloop
  endfacet
  facet normal 0 0 1
    outer loop
      vertex 10.9059 -1.43579 20.6
      vertex 8.13646 -0.549255 20.6
      vertex 10.7886 -2.14599 20.6
    endloop
  endfacet
  facet normal -0 0 1
    outer loop
      vertex 7.14177 3.93684 20.6
      vertex 10.4162 3.53583 20.6
      vertex 10.1627 4.20952 20.6
    endloop
  endfacet
  facet normal 0 0 1
    outer loop
      vertex 10.7886 -2.14599 20.6
      vertex 8.13646 -0.549255 20.6
      vertex 10.6252 -2.84701 20.6
    endloop
  endfacet
  facet normal 0 0 1
    outer loop
      vertex 7.14177 3.93684 20.6
      vertex 10.1627 4.20952 20.6
      vertex 9.8656 4.86518 20.6
    endloop
  endfacet
  facet normal -0 0 1
    outer loop
      vertex 7.86005 -0.717621 20.6
      vertex 10.6252 -2.84701 20.6
      vertex 8.13646 -0.549255 20.6
    endloop
  endfacet
  facet normal 0 0 1
    outer loop
      vertex 7.14177 3.93684 20.6
      vertex 9.8656 4.86518 20.6
      vertex 9.52628 5.5 20.6
    endloop
  endfacet
  facet normal -0 0 1
    outer loop
      vertex 7.65057 -0.830429 20.6
      vertex 10.6252 -2.84701 20.6
      vertex 7.86005 -0.717621 20.6
    endloop
  endfacet
  facet normal 0 0 1
    outer loop
      vertex 7.14177 3.93684 20.6
      vertex 9.52628 5.5 20.6
      vertex 9.14616 6.11127 20.6
    endloop
  endfacet
  facet normal 0 0 1
    outer loop
      vertex 7.14177 -3.93684 20.6
      vertex 10.6252 -2.84701 20.6
      vertex 7.65057 -0.830429 20.6
    endloop
  endfacet
  facet normal 0 0 1
    outer loop
      vertex 6.54787 4.86096 20.6
      vertex 9.14616 6.11127 20.6
      vertex 8.72689 6.69637 20.6
    endloop
  endfacet
  facet normal 0 0 1
    outer loop
      vertex 10.4162 -3.53583 20.6
      vertex 7.14177 -3.93684 20.6
      vertex 10.1627 -4.20952 20.6
    endloop
  endfacet
  facet normal 0 0 1
    outer loop
      vertex 6.54787 4.86096 20.6
      vertex 8.72689 6.69637 20.6
      vertex 8.27024 7.2528 20.6
    endloop
  endfacet
  facet normal 0 0 1
    outer loop
      vertex 9.8656 -4.86518 20.6
      vertex 7.14177 -3.93684 20.6
      vertex 9.52628 -5.5 20.6
    endloop
  endfacet
  facet normal 0 0 1
    outer loop
      vertex 9.52628 -5.5 20.6
      vertex 7.14177 -3.93684 20.6
      vertex 9.14616 -6.11127 20.6
    endloop
  endfacet
  facet normal 0 0 1
    outer loop
      vertex 10.4162 3.53583 20.6
      vertex 7.14177 3.93684 20.6
      vertex 7.00026 3.64575 20.6
    endloop
  endfacet
  facet normal 0 0 1
    outer loop
      vertex 6.54787 4.86096 20.6
      vertex 8.27024 7.2528 20.6
      vertex 7.77817 7.77817 20.6
    endloop
  endfacet
  facet normal 0 0 1
    outer loop
      vertex 10.6252 2.84701 20.6
      vertex 7.86005 0.717621 20.6
      vertex 8.13646 0.549255 20.6
    endloop
  endfacet
  facet normal 0 0 1
    outer loop
      vertex 10.6252 2.84701 20.6
      vertex 7.00026 3.64575 20.6
      vertex 6.88503 3.43761 20.6
    endloop
  endfacet
  facet normal 0 0 1
    outer loop
      vertex 6.2243 4.85315 20.6
      vertex 7.77817 7.77817 20.6
      vertex 7.2528 8.27024 20.6
    endloop
  endfacet
  facet normal 0 0 1
    outer loop
      vertex 10.6252 2.84701 20.6
      vertex 7.65057 0.830429 20.6
      vertex 7.86005 0.717621 20.6
    endloop
  endfacet
  facet normal 0 0 1
    outer loop
      vertex 10.6252 2.84701 20.6
      vertex 6.88503 3.43761 20.6
      vertex 7.65057 0.830429 20.6
    endloop
  endfacet
  facet normal 0 0 1
    outer loop
      vertex 3.91795 6.85162 20.6
      vertex 7.2528 8.27024 20.6
      vertex 6.69637 8.72689 20.6
    endloop
  endfacet
  facet normal 0 0 1
    outer loop
      vertex 9.14616 6.11127 20.6
      vertex 6.54787 4.86096 20.6
      vertex 7.14177 3.93684 20.6
    endloop
  endfacet
  facet normal 0 0 1
    outer loop
      vertex 7.77817 7.77817 20.6
      vertex 6.2243 4.85315 20.6
      vertex 6.54787 4.86096 20.6
    endloop
  endfacet
  facet normal 0 0 1
    outer loop
      vertex 3.87961 7.17302 20.6
      vertex 6.69637 8.72689 20.6
      vertex 6.11127 9.14616 20.6
    endloop
  endfacet
  facet normal 0 -0 1
    outer loop
      vertex 3.93355 6.61423 20.6
      vertex 7.2528 8.27024 20.6
      vertex 3.91795 6.85162 20.6
    endloop
  endfacet
  facet normal 0 0 1
    outer loop
      vertex 7.2528 8.27024 20.6
      vertex 5.98711 4.83482 20.6
      vertex 6.2243 4.85315 20.6
    endloop
  endfacet
  facet normal 0 0 1
    outer loop
      vertex 7.2528 8.27024 20.6
      vertex 3.93355 6.61423 20.6
      vertex 5.98711 4.83482 20.6
    endloop
  endfacet
  facet normal 0 0 1
    outer loop
      vertex 3.87961 7.17302 20.6
      vertex 6.11127 9.14616 20.6
      vertex 5.5 9.52628 20.6
    endloop
  endfacet
  facet normal 0 0 1
    outer loop
      vertex 5.98711 4.83482 20.6
      vertex 3.93355 6.61423 20.6
      vertex 5.75645 4.80382 20.6
    endloop
  endfacet
  facet normal -0 -0 1
    outer loop
      vertex 3.9357 6.38152 20.6
      vertex 5.75645 4.80382 20.6
      vertex 3.93355 6.61423 20.6
    endloop
  endfacet
  facet normal 0 0 1
    outer loop
      vertex 5.75645 4.80382 20.6
      vertex 3.9357 6.38152 20.6
      vertex 5.53297 4.7599 20.6
    endloop
  endfacet
  facet normal 0 0 1
    outer loop
      vertex 3.87961 7.17302 20.6
      vertex 5.5 9.52628 20.6
      vertex 4.86518 9.8656 20.6
    endloop
  endfacet
  facet normal -0 0 1
    outer loop
      vertex 3.92403 6.15407 20.6
      vertex 5.53297 4.7599 20.6
      vertex 3.9357 6.38152 20.6
    endloop
  endfacet
  facet normal -0 0 1
    outer loop
      vertex 3.89777 5.93248 20.6
      vertex 5.31738 4.70236 20.6
      vertex 3.92403 6.15407 20.6
    endloop
  endfacet
  facet normal 0 0 1
    outer loop
      vertex 2.88039 7.62935 20.6
      vertex 4.86518 9.8656 20.6
      vertex 4.20952 10.1627 20.6
    endloop
  endfacet
  facet normal 0 0 1
    outer loop
      vertex 5.31738 4.70236 20.6
      vertex 3.89777 5.93248 20.6
      vertex 5.11038 4.63002 20.6
    endloop
  endfacet
  facet normal -0 0 1
    outer loop
      vertex 3.85561 5.7173 20.6
      vertex 5.11038 4.63002 20.6
      vertex 3.89777 5.93248 20.6
    endloop
  endfacet
  facet normal 0 0 1
    outer loop
      vertex 5.11038 4.63002 20.6
      vertex 3.85561 5.7173 20.6
      vertex 4.91191 4.53952 20.6
    endloop
  endfacet
  facet normal 0 0 1
    outer loop
      vertex 5.53297 4.7599 20.6
      vertex 3.92403 6.15407 20.6
      vertex 5.31738 4.70236 20.6
    endloop
  endfacet
  facet normal 0 0 1
    outer loop
      vertex 6.69637 8.72689 20.6
      vertex 3.87961 7.17302 20.6
      vertex 3.91795 6.85162 20.6
    endloop
  endfacet
  facet normal 0 0 1
    outer loop
      vertex 2.88039 7.62935 20.6
      vertex 4.20952 10.1627 20.6
      vertex 3.53583 10.4162 20.6
    endloop
  endfacet
  facet normal 0 0 1
    outer loop
      vertex 4.86518 9.8656 20.6
      vertex 2.88039 7.62935 20.6
      vertex 3.87961 7.17302 20.6
    endloop
  endfacet
  facet normal 0 0 1
    outer loop
      vertex 2.84701 10.6252 20.6
      vertex 2.88039 7.62935 20.6
      vertex 3.53583 10.4162 20.6
    endloop
  endfacet
  facet normal 0 0 1
    outer loop
      vertex 2.14599 10.7886 20.6
      vertex 2.88039 7.62935 20.6
      vertex 2.84701 10.6252 20.6
    endloop
  endfacet
  facet normal 0 0 1
    outer loop
      vertex 2.88039 7.62935 20.6
      vertex 2.14599 10.7886 20.6
      vertex 2.61241 7.44786 20.6
    endloop
  endfacet
  facet normal 0 0 1
    outer loop
      vertex 1.43579 10.9059 20.6
      vertex 2.61241 7.44786 20.6
      vertex 2.14599 10.7886 20.6
    endloop
  endfacet
  facet normal 0 0 1
    outer loop
      vertex 2.61241 7.44786 20.6
      vertex 1.43579 10.9059 20.6
      vertex 2.42278 7.30418 20.6
    endloop
  endfacet
  facet normal -0 0 1
    outer loop
      vertex -0.2668 7.69089 20.6
      vertex 2.42278 7.30418 20.6
      vertex 1.43579 10.9059 20.6
    endloop
  endfacet
  facet normal 0 0 1
    outer loop
      vertex -0.2668 7.69089 20.6
      vertex 1.43579 10.9059 20.6
      vertex 0.719434 10.9764 20.6
    endloop
  endfacet
  facet normal 0 0 1
    outer loop
      vertex 2.42278 7.30418 20.6
      vertex -0.2668 7.69089 20.6
      vertex 2.2455 7.15343 20.6
    endloop
  endfacet
  facet normal 0 0 1
    outer loop
      vertex 2.2455 7.15343 20.6
      vertex 0.214111 6.68495 20.6
      vertex 2.08124 6.99564 20.6
    endloop
  endfacet
  facet normal 0 0 1
    outer loop
      vertex 0.214111 6.68495 20.6
      vertex 1.93097 6.83069 20.6
      vertex 2.08124 6.99564 20.6
    endloop
  endfacet
  facet normal 0 0 1
    outer loop
      vertex 0.214111 6.68495 20.6
      vertex 1.6779 6.47449 20.6
      vertex 1.79594 6.65793 20.6
    endloop
  endfacet
  facet normal 0 0 1
    outer loop
      vertex 1.6779 6.47449 20.6
      vertex 0.246429 6.46973 20.6
      vertex 1.58627 6.2771 20.6
    endloop
  endfacet
  facet normal 0 -0 1
    outer loop
      vertex 0.770142 5.84984 20.6
      vertex 1.58627 6.2771 20.6
      vertex 0.246429 6.46973 20.6
    endloop
  endfacet
  facet normal -0 0 1
    outer loop
      vertex 0.214111 6.68495 20.6
      vertex 1.79594 6.65793 20.6
      vertex 1.93097 6.83069 20.6
    endloop
  endfacet
  facet normal 0 0 1
    outer loop
      vertex 1.58627 6.2771 20.6
      vertex 0.770142 5.84984 20.6
      vertex 1.43121 5.71834 20.6
    endloop
  endfacet
  facet normal 0 0 1
    outer loop
      vertex 0.770142 5.84984 20.6
      vertex 0.246429 6.46973 20.6
      vertex 0.237701 5.88474 20.6
    endloop
  endfacet
  facet normal -0 0 1
    outer loop
      vertex 6.54787 -4.86096 20.6
      vertex 9.14616 -6.11127 20.6
      vertex 7.14177 -3.93684 20.6
    endloop
  endfacet
  facet normal 0 0 1
    outer loop
      vertex 10.1627 -4.20952 20.6
      vertex 7.14177 -3.93684 20.6
      vertex 9.8656 -4.86518 20.6
    endloop
  endfacet
  facet normal 0 0 1
    outer loop
      vertex 9.14616 -6.11127 20.6
      vertex 6.54787 -4.86096 20.6
      vertex 8.72689 -6.69637 20.6
    endloop
  endfacet
  facet normal 0 0 1
    outer loop
      vertex 10.6252 -2.84701 20.6
      vertex 7.14177 -3.93684 20.6
      vertex 10.4162 -3.53583 20.6
    endloop
  endfacet
  facet normal 0 0 1
    outer loop
      vertex 7.14177 -3.93684 20.6
      vertex 7.65057 -0.830429 20.6
      vertex 7.4398 -0.929062 20.6
    endloop
  endfacet
  facet normal 0 0 1
    outer loop
      vertex 8.72689 -6.69637 20.6
      vertex 6.54787 -4.86096 20.6
      vertex 8.27024 -7.2528 20.6
    endloop
  endfacet
  facet normal 0 0 1
    outer loop
      vertex 7.14177 -3.93684 20.6
      vertex 7.4398 -0.929062 20.6
      vertex 7.22804 -1.01292 20.6
    endloop
  endfacet
  facet normal 0 0 1
    outer loop
      vertex 8.27024 -7.2528 20.6
      vertex 6.54787 -4.86096 20.6
      vertex 7.77817 -7.77817 20.6
    endloop
  endfacet
  facet normal 0 0 1
    outer loop
      vertex 6.2243 -4.85315 20.6
      vertex 7.77817 -7.77817 20.6
      vertex 6.54787 -4.86096 20.6
    endloop
  endfacet
  facet normal 0 0 1
    outer loop
      vertex 7.77817 -7.77817 20.6
      vertex 6.2243 -4.85315 20.6
      vertex 7.2528 -8.27024 20.6
    endloop
  endfacet
  facet normal 0 0 1
    outer loop
      vertex 5.98711 -4.83482 20.6
      vertex 7.2528 -8.27024 20.6
      vertex 6.2243 -4.85315 20.6
    endloop
  endfacet
  facet normal 0 0 1
    outer loop
      vertex 7.2528 -8.27024 20.6
      vertex 3.91795 -6.85162 20.6
      vertex 6.69637 -8.72689 20.6
    endloop
  endfacet
  facet normal -0 0 1
    outer loop
      vertex 3.93355 -6.61423 20.6
      vertex 7.2528 -8.27024 20.6
      vertex 5.98711 -4.83482 20.6
    endloop
  endfacet
  facet normal 0 0 1
    outer loop
      vertex 3.93355 -6.61423 20.6
      vertex 5.98711 -4.83482 20.6
      vertex 5.75645 -4.80382 20.6
    endloop
  endfacet
  facet normal 0 0 1
    outer loop
      vertex 3.9357 -6.38152 20.6
      vertex 5.75645 -4.80382 20.6
      vertex 5.53297 -4.7599 20.6
    endloop
  endfacet
  facet normal -0 0 1
    outer loop
      vertex 3.87961 -7.17302 20.6
      vertex 6.69637 -8.72689 20.6
      vertex 3.91795 -6.85162 20.6
    endloop
  endfacet
  facet normal 0 0 1
    outer loop
      vertex 3.92403 -6.15407 20.6
      vertex 5.53297 -4.7599 20.6
      vertex 5.31738 -4.70236 20.6
    endloop
  endfacet
  facet normal 0 0 1
    outer loop
      vertex 3.92403 -6.15407 20.6
      vertex 5.31738 -4.70236 20.6
      vertex 5.11038 -4.63002 20.6
    endloop
  endfacet
  facet normal 0 0 1
    outer loop
      vertex 3.92403 -6.15407 20.6
      vertex 5.11038 -4.63002 20.6
      vertex 4.91191 -4.53952 20.6
    endloop
  endfacet
  facet normal 0 0 1
    outer loop
      vertex 7.2528 -8.27024 20.6
      vertex 3.93355 -6.61423 20.6
      vertex 3.91795 -6.85162 20.6
    endloop
  endfacet
  facet normal 0 0 1
    outer loop
      vertex 3.92403 -6.15407 20.6
      vertex 4.91191 -4.53952 20.6
      vertex 4.72812 -4.42303 20.6
    endloop
  endfacet
  facet normal -0 0 1
    outer loop
      vertex 4.17215 -4.17215 20.6
      vertex 4.72812 -4.42303 20.6
      vertex 4.29292 -4.03442 20.6
    endloop
  endfacet
  facet normal 0 0 1
    outer loop
      vertex 5.75645 -4.80382 20.6
      vertex 3.9357 -6.38152 20.6
      vertex 3.93355 -6.61423 20.6
    endloop
  endfacet
  facet normal 0 0 1
    outer loop
      vertex 3.59187 -4.68103 20.6
      vertex 4.72812 -4.42303 20.6
      vertex 4.17215 -4.17215 20.6
    endloop
  endfacet
  facet normal 0 0 1
    outer loop
      vertex 6.69637 -8.72689 20.6
      vertex 3.87961 -7.17302 20.6
      vertex 6.11127 -9.14616 20.6
    endloop
  endfacet
  facet normal 0 0 1
    outer loop
      vertex 6.11127 -9.14616 20.6
      vertex 3.87961 -7.17302 20.6
      vertex 5.5 -9.52628 20.6
    endloop
  endfacet
  facet normal 0 0 1
    outer loop
      vertex 5.5 -9.52628 20.6
      vertex 3.87961 -7.17302 20.6
      vertex 4.86518 -9.8656 20.6
    endloop
  endfacet
  facet normal -0 0 1
    outer loop
      vertex 2.88039 -7.62935 20.6
      vertex 4.86518 -9.8656 20.6
      vertex 3.87961 -7.17302 20.6
    endloop
  endfacet
  facet normal 0 0 1
    outer loop
      vertex 4.86518 -9.8656 20.6
      vertex 2.88039 -7.62935 20.6
      vertex 4.20952 -10.1627 20.6
    endloop
  endfacet
  facet normal 0 0 1
    outer loop
      vertex 4.20952 -10.1627 20.6
      vertex 2.88039 -7.62935 20.6
      vertex 3.53583 -10.4162 20.6
    endloop
  endfacet
  facet normal 0 0 1
    outer loop
      vertex 2.88039 -7.62935 20.6
      vertex 2.84701 -10.6252 20.6
      vertex 3.53583 -10.4162 20.6
    endloop
  endfacet
  facet normal 0 0 1
    outer loop
      vertex 2.14599 -10.7886 20.6
      vertex 2.88039 -7.62935 20.6
      vertex 2.61241 -7.44786 20.6
    endloop
  endfacet
  facet normal 0 0 1
    outer loop
      vertex 1.43579 -10.9059 20.6
      vertex 2.61241 -7.44786 20.6
      vertex 2.42278 -7.30418 20.6
    endloop
  endfacet
  facet normal 0 0 1
    outer loop
      vertex -0.2668 -7.69089 20.6
      vertex 2.42278 -7.30418 20.6
      vertex 2.2455 -7.15343 20.6
    endloop
  endfacet
  facet normal 0 0 1
    outer loop
      vertex 2.88039 -7.62935 20.6
      vertex 2.14599 -10.7886 20.6
      vertex 2.84701 -10.6252 20.6
    endloop
  endfacet
  facet normal 0 0 1
    outer loop
      vertex -0.139175 -7.49628 20.6
      vertex 2.2455 -7.15343 20.6
      vertex 2.08124 -6.99564 20.6
    endloop
  endfacet
  facet normal 0 0 1
    outer loop
      vertex -0.0260315 -7.29861 20.6
      vertex 2.08124 -6.99564 20.6
      vertex 1.93097 -6.83069 20.6
    endloop
  endfacet
  facet normal 0 0 1
    outer loop
      vertex 0.0716858 -7.09801 20.6
      vertex 1.93097 -6.83069 20.6
      vertex 1.79594 -6.65793 20.6
    endloop
  endfacet
  facet normal 0 0 1
    outer loop
      vertex 0.152542 -6.8942 20.6
      vertex 1.79594 -6.65793 20.6
      vertex 1.6779 -6.47449 20.6
    endloop
  endfacet
  facet normal 0 0 1
    outer loop
      vertex 0.214111 -6.68495 20.6
      vertex 1.6779 -6.47449 20.6
      vertex 1.58627 -6.2771 20.6
    endloop
  endfacet
  facet normal 0 0 1
    outer loop
      vertex 2.2455 -7.15343 20.6
      vertex -0.139175 -7.49628 20.6
      vertex -0.2668 -7.69089 20.6
    endloop
  endfacet
  facet normal -0 0 1
    outer loop
      vertex 0.770142 -5.84984 20.6
      vertex 1.58627 -6.2771 20.6
      vertex 1.43121 -5.71834 20.6
    endloop
  endfacet
  facet normal 0 0 1
    outer loop
      vertex 0.246429 -6.46973 20.6
      vertex 1.58627 -6.2771 20.6
      vertex 0.770142 -5.84984 20.6
    endloop
  endfacet
  facet normal 0 0 1
    outer loop
      vertex 1.79594 -6.65793 20.6
      vertex 0.152542 -6.8942 20.6
      vertex 0.0716858 -7.09801 20.6
    endloop
  endfacet
  facet normal 0 0 1
    outer loop
      vertex 1.58627 -6.2771 20.6
      vertex 0.246429 -6.46973 20.6
      vertex 0.214111 -6.68495 20.6
    endloop
  endfacet
  facet normal 0 -0 1
    outer loop
      vertex 0.246429 -6.46973 20.6
      vertex 0.770142 -5.84984 20.6
      vertex 0.237701 -5.88474 20.6
    endloop
  endfacet
  facet normal 0 0 1
    outer loop
      vertex 7.65057 0.830429 20.6
      vertex 6.88503 3.43761 20.6
      vertex 7.4398 0.929062 20.6
    endloop
  endfacet
  facet normal -0 0 1
    outer loop
      vertex 6.76103 3.24068 20.6
      vertex 7.4398 0.929062 20.6
      vertex 6.88503 3.43761 20.6
    endloop
  endfacet
  facet normal 0 0 1
    outer loop
      vertex 7.4398 0.929062 20.6
      vertex 6.76103 3.24068 20.6
      vertex 7.22804 1.01292 20.6
    endloop
  endfacet
  facet normal -0 0 1
    outer loop
      vertex 6.62825 3.05563 20.6
      vertex 7.22804 1.01292 20.6
      vertex 6.76103 3.24068 20.6
    endloop
  endfacet
  facet normal 0 0 1
    outer loop
      vertex 7.22804 1.01292 20.6
      vertex 6.62825 3.05563 20.6
      vertex 7.01558 1.0811 20.6
    endloop
  endfacet
  facet normal -0 0 1
    outer loop
      vertex 6.48636 2.88342 20.6
      vertex 7.01558 1.0811 20.6
      vertex 6.62825 3.05563 20.6
    endloop
  endfacet
  facet normal 0 0 1
    outer loop
      vertex 7.01558 1.0811 20.6
      vertex 6.48636 2.88342 20.6
      vertex 6.80232 1.13214 20.6
    endloop
  endfacet
  facet normal -0 0 1
    outer loop
      vertex 6.33456 2.72517 20.6
      vertex 6.80232 1.13214 20.6
      vertex 6.48636 2.88342 20.6
    endloop
  endfacet
  facet normal 0 0 1
    outer loop
      vertex 6.80232 1.13214 20.6
      vertex 6.33456 2.72517 20.6
      vertex 6.58644 1.16331 20.6
    endloop
  endfacet
  facet normal -0 0 1
    outer loop
      vertex 6.16978 2.58224 20.6
      vertex 6.58644 1.16331 20.6
      vertex 6.33456 2.72517 20.6
    endloop
  endfacet
  facet normal 0 0 1
    outer loop
      vertex 6.58644 1.16331 20.6
      vertex 6.16978 2.58224 20.6
      vertex 6.36882 1.16467 20.6
    endloop
  endfacet
  facet normal -0 0 1
    outer loop
      vertex 5.98746 2.46346 20.6
      vertex 6.36882 1.16467 20.6
      vertex 6.16978 2.58224 20.6
    endloop
  endfacet
  facet normal -0 0 1
    outer loop
      vertex 5.69926 1.52711 20.6
      vertex 6.36882 1.16467 20.6
      vertex 5.98746 2.46346 20.6
    endloop
  endfacet
  facet normal 0 0 1
    outer loop
      vertex 6.36882 1.16467 20.6
      vertex 5.69926 1.52711 20.6
      vertex 5.78967 1.07257 20.6
    endloop
  endfacet
  facet normal 0 -0 1
    outer loop
      vertex 5.69926 1.52711 20.6
      vertex 5.98746 2.46346 20.6
      vertex 5.45999 2.23199 20.6
    endloop
  endfacet
  facet normal -0 0 1
    outer loop
      vertex 3.79428 5.50797 20.6
      vertex 4.91191 4.53952 20.6
      vertex 3.85561 5.7173 20.6
    endloop
  endfacet
  facet normal 0 0 1
    outer loop
      vertex 4.91191 4.53952 20.6
      vertex 3.79428 5.50797 20.6
      vertex 4.72812 4.42303 20.6
    endloop
  endfacet
  facet normal 0 0 1
    outer loop
      vertex 4.72812 4.42303 20.6
      vertex 4.17215 4.17215 20.6
      vertex 4.29292 4.03442 20.6
    endloop
  endfacet
  facet normal -0 0 1
    outer loop
      vertex 3.70512 5.30945 20.6
      vertex 4.72812 4.42303 20.6
      vertex 3.79428 5.50797 20.6
    endloop
  endfacet
  facet normal -0 0 1
    outer loop
      vertex 3.59187 4.68103 20.6
      vertex 4.72812 4.42303 20.6
      vertex 3.70512 5.30945 20.6
    endloop
  endfacet
  facet normal 0 0 1
    outer loop
      vertex 4.72812 4.42303 20.6
      vertex 3.59187 4.68103 20.6
      vertex 4.17215 4.17215 20.6
    endloop
  endfacet
  facet normal 0 -0 1
    outer loop
      vertex 3.59187 4.68103 20.6
      vertex 3.70512 5.30945 20.6
      vertex 3.38132 4.82173 20.6
    endloop
  endfacet
  facet normal 0 0 1
    outer loop
      vertex 1.6779 -6.47449 20.6
      vertex 0.214111 -6.68495 20.6
      vertex 0.152542 -6.8942 20.6
    endloop
  endfacet
  facet normal 0 0 1
    outer loop
      vertex 1.93097 -6.83069 20.6
      vertex 0.0716858 -7.09801 20.6
      vertex -0.0260315 -7.29861 20.6
    endloop
  endfacet
  facet normal 0 0 1
    outer loop
      vertex 2.08124 -6.99564 20.6
      vertex -0.0260315 -7.29861 20.6
      vertex -0.139175 -7.49628 20.6
    endloop
  endfacet
  facet normal 0 0 1
    outer loop
      vertex 2.42278 -7.30418 20.6
      vertex -0.2668 -7.69089 20.6
      vertex 1.43579 -10.9059 20.6
    endloop
  endfacet
  facet normal 0 0 1
    outer loop
      vertex 2.61241 -7.44786 20.6
      vertex 1.43579 -10.9059 20.6
      vertex 2.14599 -10.7886 20.6
    endloop
  endfacet
  facet normal -0 0 1
    outer loop
      vertex -0.408279 -7.88216 20.6
      vertex 1.43579 -10.9059 20.6
      vertex -0.2668 -7.69089 20.6
    endloop
  endfacet
  facet normal 0 0 1
    outer loop
      vertex 1.43579 -10.9059 20.6
      vertex -0.408279 -7.88216 20.6
      vertex 0.719434 -10.9764 20.6
    endloop
  endfacet
  facet normal -0 0 1
    outer loop
      vertex -0.614258 -8.13181 20.6
      vertex 0.719434 -10.9764 20.6
      vertex -0.408279 -7.88216 20.6
    endloop
  endfacet
  facet normal 0 0 1
    outer loop
      vertex 0.719434 -10.9764 20.6
      vertex -0.614258 -8.13181 20.6
      vertex 0 -11 20.6
    endloop
  endfacet
  facet normal 0 0 1
    outer loop
      vertex -0.614258 -8.13181 20.6
      vertex -0.719434 -10.9764 20.6
      vertex 0 -11 20.6
    endloop
  endfacet
  facet normal 0 0 1
    outer loop
      vertex -0.614258 -8.13181 20.6
      vertex -1.43579 -10.9059 20.6
      vertex -0.719434 -10.9764 20.6
    endloop
  endfacet
  facet normal 0 0 1
    outer loop
      vertex -1.70158 -7.97546 20.6
      vertex -1.43579 -10.9059 20.6
      vertex -0.614258 -8.13181 20.6
    endloop
  endfacet
  facet normal 0 0 1
    outer loop
      vertex -4.20952 -10.1627 20.6
      vertex -1.70158 -7.97546 20.6
      vertex -1.82892 -7.6779 20.6
    endloop
  endfacet
  facet normal 0 0 1
    outer loop
      vertex -4.20952 -10.1627 20.6
      vertex -1.82892 -7.6779 20.6
      vertex -1.91077 -7.45451 20.6
    endloop
  endfacet
  facet normal 0 0 1
    outer loop
      vertex -4.38245 -6.32573 20.6
      vertex -1.91077 -7.45451 20.6
      vertex -1.97839 -7.23184 20.6
    endloop
  endfacet
  facet normal 0 0 1
    outer loop
      vertex -4.16988 -6.23102 20.6
      vertex -1.97839 -7.23184 20.6
      vertex -2.03127 -7.01031 20.6
    endloop
  endfacet
  facet normal 0 0 1
    outer loop
      vertex -3.96783 -6.12592 20.6
      vertex -2.03127 -7.01031 20.6
      vertex -2.0685 -6.79031 20.6
    endloop
  endfacet
  facet normal 0 0 1
    outer loop
      vertex -1.70158 -7.97546 20.6
      vertex -2.14599 -10.7886 20.6
      vertex -1.43579 -10.9059 20.6
    endloop
  endfacet
  facet normal 0 0 1
    outer loop
      vertex -3.77718 -6.00998 20.6
      vertex -2.0685 -6.79031 20.6
      vertex -2.08868 -6.57196 20.6
    endloop
  endfacet
  facet normal 0 0 1
    outer loop
      vertex -3.59895 -5.88225 20.6
      vertex -2.08868 -6.57196 20.6
      vertex -2.08882 -6.35384 20.6
    endloop
  endfacet
  facet normal 0 0 1
    outer loop
      vertex -2.05919 6.13824 20.6
      vertex -2.25795 5.45119 20.6
      vertex -1.88547 5.57762 20.6
    endloop
  endfacet
  facet normal 0 0 1
    outer loop
      vertex -3.29047 5.57593 20.6
      vertex -2.05919 6.13824 20.6
      vertex -2.08882 6.35384 20.6
    endloop
  endfacet
  facet normal 0 -0 1
    outer loop
      vertex -4.16988 6.23102 20.6
      vertex -1.97839 7.23184 20.6
      vertex -4.38245 6.32573 20.6
    endloop
  endfacet
  facet normal 0 0 1
    outer loop
      vertex -1.97839 7.23184 20.6
      vertex -4.16988 6.23102 20.6
      vertex -2.03127 7.01031 20.6
    endloop
  endfacet
  facet normal 0 -0 1
    outer loop
      vertex -3.43402 5.73949 20.6
      vertex -2.08882 6.35384 20.6
      vertex -3.59895 5.88225 20.6
    endloop
  endfacet
  facet normal 0 0 1
    outer loop
      vertex -2.25795 5.45119 20.6
      vertex -3.29047 5.57593 20.6
      vertex -2.95016 5.10983 20.6
    endloop
  endfacet
  facet normal 0 0 1
    outer loop
      vertex -2.95016 5.10983 20.6
      vertex -3.29047 5.57593 20.6
      vertex -2.98584 5.086 20.6
    endloop
  endfacet
  facet normal 0 0 1
    outer loop
      vertex -2.05919 6.13824 20.6
      vertex -3.29047 5.57593 20.6
      vertex -2.25795 5.45119 20.6
    endloop
  endfacet
  facet normal 0 0 1
    outer loop
      vertex -2.03127 7.01031 20.6
      vertex -3.96783 6.12592 20.6
      vertex -2.0685 6.79031 20.6
    endloop
  endfacet
  facet normal 0 -0 1
    outer loop
      vertex -3.29047 5.57593 20.6
      vertex -2.08882 6.35384 20.6
      vertex -3.43402 5.73949 20.6
    endloop
  endfacet
  facet normal 0 0 1
    outer loop
      vertex -2.08868 6.57196 20.6
      vertex -3.59895 5.88225 20.6
      vertex -2.08882 6.35384 20.6
    endloop
  endfacet
  facet normal 0 -0 1
    outer loop
      vertex -3.59895 5.88225 20.6
      vertex -2.08868 6.57196 20.6
      vertex -3.77718 6.00998 20.6
    endloop
  endfacet
  facet normal 0 0 1
    outer loop
      vertex -2.0685 6.79031 20.6
      vertex -3.77718 6.00998 20.6
      vertex -2.08868 6.57196 20.6
    endloop
  endfacet
  facet normal 0 -0 1
    outer loop
      vertex -3.77718 6.00998 20.6
      vertex -2.0685 6.79031 20.6
      vertex -3.96783 6.12592 20.6
    endloop
  endfacet
  facet normal 0 -0 1
    outer loop
      vertex -3.96783 6.12592 20.6
      vertex -2.03127 7.01031 20.6
      vertex -4.16988 6.23102 20.6
    endloop
  endfacet
  facet normal 0 0 1
    outer loop
      vertex -1.91077 7.45451 20.6
      vertex -4.86518 9.8656 20.6
      vertex -4.38245 6.32573 20.6
    endloop
  endfacet
  facet normal 0 0 1
    outer loop
      vertex -4.38245 6.32573 20.6
      vertex -4.86518 9.8656 20.6
      vertex -4.60487 6.41016 20.6
    endloop
  endfacet
  facet normal 0 0 1
    outer loop
      vertex -4.86518 9.8656 20.6
      vertex -4.91315 6.5088 20.6
      vertex -4.60487 6.41016 20.6
    endloop
  endfacet
  facet normal -0 0 1
    outer loop
      vertex -5.5 9.52628 20.6
      vertex -4.91315 6.5088 20.6
      vertex -4.86518 9.8656 20.6
    endloop
  endfacet
  facet normal -0 0 1
    outer loop
      vertex -6.11127 9.14616 20.6
      vertex -4.91315 6.5088 20.6
      vertex -5.5 9.52628 20.6
    endloop
  endfacet
  facet normal 0 0 1
    outer loop
      vertex -5.19235 4.21588 20.6
      vertex -5.9919 2.97179 20.6
      vertex -5.7827 2.9118 20.6
    endloop
  endfacet
  facet normal -0 0 1
    outer loop
      vertex -6.69637 8.72689 20.6
      vertex -4.91315 6.5088 20.6
      vertex -6.11127 9.14616 20.6
    endloop
  endfacet
  facet normal -0 0 1
    outer loop
      vertex -7.2528 8.27024 20.6
      vertex -4.91315 6.5088 20.6
      vertex -6.69637 8.72689 20.6
    endloop
  endfacet
  facet normal 0 0 1
    outer loop
      vertex -4.91315 6.5088 20.6
      vertex -7.2528 8.27024 20.6
      vertex -5.74333 5.78944 20.6
    endloop
  endfacet
  facet normal -0 0 1
    outer loop
      vertex -7.77817 7.77817 20.6
      vertex -5.74333 5.78944 20.6
      vertex -7.2528 8.27024 20.6
    endloop
  endfacet
  facet normal -0 0 1
    outer loop
      vertex -8.27024 7.2528 20.6
      vertex -5.74333 5.78944 20.6
      vertex -7.77817 7.77817 20.6
    endloop
  endfacet
  facet normal 0 0 1
    outer loop
      vertex -5.68956 5.47028 20.6
      vertex -6.20781 3.00272 20.6
      vertex -5.9919 2.97179 20.6
    endloop
  endfacet
  facet normal -0 0 1
    outer loop
      vertex -8.72689 6.69637 20.6
      vertex -5.74333 5.78944 20.6
      vertex -8.27024 7.2528 20.6
    endloop
  endfacet
  facet normal 0 0 1
    outer loop
      vertex -5.68956 5.47028 20.6
      vertex -6.4268 3.01382 20.6
      vertex -6.20781 3.00272 20.6
    endloop
  endfacet
  facet normal 0 0 1
    outer loop
      vertex -5.68956 5.47028 20.6
      vertex -6.64987 3.00827 20.6
      vertex -6.4268 3.01382 20.6
    endloop
  endfacet
  facet normal -0 0 1
    outer loop
      vertex -9.14616 6.11127 20.6
      vertex -5.74333 5.78944 20.6
      vertex -8.72689 6.69637 20.6
    endloop
  endfacet
  facet normal 0 0 1
    outer loop
      vertex -5.68956 5.47028 20.6
      vertex -6.87668 2.98746 20.6
      vertex -6.64987 3.00827 20.6
    endloop
  endfacet
  facet normal 0 0 1
    outer loop
      vertex -5.68956 5.47028 20.6
      vertex -9.14616 6.11127 20.6
      vertex -7.1067 2.95221 20.6
    endloop
  endfacet
  facet normal 0 0 1
    outer loop
      vertex -5.68956 5.47028 20.6
      vertex -7.1067 2.95221 20.6
      vertex -6.87668 2.98746 20.6
    endloop
  endfacet
  facet normal -0 0 1
    outer loop
      vertex -9.52628 5.5 20.6
      vertex -7.33946 2.90298 20.6
      vertex -9.14616 6.11127 20.6
    endloop
  endfacet
  facet normal 0 0 1
    outer loop
      vertex -7.1067 2.95221 20.6
      vertex -9.14616 6.11127 20.6
      vertex -7.33946 2.90298 20.6
    endloop
  endfacet
  facet normal 0 0 1
    outer loop
      vertex -2.25795 -5.45119 20.6
      vertex -2.05919 -6.13824 20.6
      vertex -1.88547 -5.57762 20.6
    endloop
  endfacet
  facet normal -0 0 1
    outer loop
      vertex -3.29047 -5.57593 20.6
      vertex -2.05919 -6.13824 20.6
      vertex -2.25795 -5.45119 20.6
    endloop
  endfacet
  facet normal 0 0 1
    outer loop
      vertex -2.05919 -6.13824 20.6
      vertex -3.29047 -5.57593 20.6
      vertex -2.08882 -6.35384 20.6
    endloop
  endfacet
  facet normal 0 0 1
    outer loop
      vertex -1.70158 -7.97546 20.6
      vertex -2.84701 -10.6252 20.6
      vertex -2.14599 -10.7886 20.6
    endloop
  endfacet
  facet normal 0 0 1
    outer loop
      vertex -3.29047 -5.57593 20.6
      vertex -2.25795 -5.45119 20.6
      vertex -2.95016 -5.10983 20.6
    endloop
  endfacet
  facet normal 0 0 1
    outer loop
      vertex -3.29047 -5.57593 20.6
      vertex -2.95016 -5.10983 20.6
      vertex -2.98584 -5.086 20.6
    endloop
  endfacet
  facet normal 0 0 1
    outer loop
      vertex -2.08882 -6.35384 20.6
      vertex -3.29047 -5.57593 20.6
      vertex -3.43402 -5.73949 20.6
    endloop
  endfacet
  facet normal 0 0 1
    outer loop
      vertex -2.08882 -6.35384 20.6
      vertex -3.43402 -5.73949 20.6
      vertex -3.59895 -5.88225 20.6
    endloop
  endfacet
  facet normal 0 0 1
    outer loop
      vertex -2.08868 -6.57196 20.6
      vertex -3.59895 -5.88225 20.6
      vertex -3.77718 -6.00998 20.6
    endloop
  endfacet
  facet normal 0 0 1
    outer loop
      vertex -2.0685 -6.79031 20.6
      vertex -3.77718 -6.00998 20.6
      vertex -3.96783 -6.12592 20.6
    endloop
  endfacet
  facet normal 0 0 1
    outer loop
      vertex -1.70158 -7.97546 20.6
      vertex -3.53583 -10.4162 20.6
      vertex -2.84701 -10.6252 20.6
    endloop
  endfacet
  facet normal 0 0 1
    outer loop
      vertex -2.03127 -7.01031 20.6
      vertex -3.96783 -6.12592 20.6
      vertex -4.16988 -6.23102 20.6
    endloop
  endfacet
  facet normal 0 0 1
    outer loop
      vertex -1.97839 -7.23184 20.6
      vertex -4.16988 -6.23102 20.6
      vertex -4.38245 -6.32573 20.6
    endloop
  endfacet
  facet normal 0 0 1
    outer loop
      vertex -1.70158 -7.97546 20.6
      vertex -4.20952 -10.1627 20.6
      vertex -3.53583 -10.4162 20.6
    endloop
  endfacet
  facet normal 0 0 1
    outer loop
      vertex -4.86518 -9.8656 20.6
      vertex -1.91077 -7.45451 20.6
      vertex -4.38245 -6.32573 20.6
    endloop
  endfacet
  facet normal 0 0 1
    outer loop
      vertex -4.86518 -9.8656 20.6
      vertex -4.38245 -6.32573 20.6
      vertex -4.60487 -6.41016 20.6
    endloop
  endfacet
  facet normal 0 0 1
    outer loop
      vertex -1.91077 -7.45451 20.6
      vertex -4.86518 -9.8656 20.6
      vertex -4.20952 -10.1627 20.6
    endloop
  endfacet
  facet normal -0 0 1
    outer loop
      vertex -4.91315 -6.5088 20.6
      vertex -4.86518 -9.8656 20.6
      vertex -4.60487 -6.41016 20.6
    endloop
  endfacet
  facet normal 0 0 1
    outer loop
      vertex -4.91315 -6.5088 20.6
      vertex -5.5 -9.52628 20.6
      vertex -4.86518 -9.8656 20.6
    endloop
  endfacet
  facet normal 0 0 1
    outer loop
      vertex -7.2528 -8.27024 20.6
      vertex -4.91315 -6.5088 20.6
      vertex -5.74333 -5.78944 20.6
    endloop
  endfacet
  facet normal 0 0 1
    outer loop
      vertex -5.49887 -4.79926 20.6
      vertex -6.64987 -3.00827 20.6
      vertex -5.57416 -5.01422 20.6
    endloop
  endfacet
  facet normal 0 0 1
    outer loop
      vertex -6.87668 -2.98746 20.6
      vertex -5.57416 -5.01422 20.6
      vertex -6.64987 -3.00827 20.6
    endloop
  endfacet
  facet normal 0 0 1
    outer loop
      vertex -4.91315 -6.5088 20.6
      vertex -6.11127 -9.14616 20.6
      vertex -5.5 -9.52628 20.6
    endloop
  endfacet
  facet normal 0 0 1
    outer loop
      vertex -5.57416 -5.01422 20.6
      vertex -6.87668 -2.98746 20.6
      vertex -5.63765 -5.23808 20.6
    endloop
  endfacet
  facet normal 0 0 1
    outer loop
      vertex -7.1067 -2.95221 20.6
      vertex -5.63765 -5.23808 20.6
      vertex -6.87668 -2.98746 20.6
    endloop
  endfacet
  facet normal 0 0 1
    outer loop
      vertex -9.14616 -6.11127 20.6
      vertex -5.63765 -5.23808 20.6
      vertex -7.1067 -2.95221 20.6
    endloop
  endfacet
  facet normal 0 0 1
    outer loop
      vertex -4.91315 -6.5088 20.6
      vertex -6.69637 -8.72689 20.6
      vertex -6.11127 -9.14616 20.6
    endloop
  endfacet
  facet normal 0 0 1
    outer loop
      vertex -5.63765 -5.23808 20.6
      vertex -9.14616 -6.11127 20.6
      vertex -5.68956 -5.47028 20.6
    endloop
  endfacet
  facet normal 0 0 1
    outer loop
      vertex -5.68956 -5.47028 20.6
      vertex -9.14616 -6.11127 20.6
      vertex -5.74333 -5.78944 20.6
    endloop
  endfacet
  facet normal 0 0 1
    outer loop
      vertex -4.91315 -6.5088 20.6
      vertex -7.2528 -8.27024 20.6
      vertex -6.69637 -8.72689 20.6
    endloop
  endfacet
  facet normal 0 0 1
    outer loop
      vertex -9.14616 -6.11127 20.6
      vertex -7.1067 -2.95221 20.6
      vertex -7.33946 -2.90298 20.6
    endloop
  endfacet
  facet normal 0 0 1
    outer loop
      vertex -9.52628 -5.5 20.6
      vertex -7.33946 -2.90298 20.6
      vertex -7.65213 -2.81929 20.6
    endloop
  endfacet
  facet normal 0 0 1
    outer loop
      vertex -5.74333 -5.78944 20.6
      vertex -7.77817 -7.77817 20.6
      vertex -7.2528 -8.27024 20.6
    endloop
  endfacet
  facet normal 0 0 1
    outer loop
      vertex -10.6252 -2.84701 20.6
      vertex -7.65213 -2.81929 20.6
      vertex -7.96161 -1.7653 20.6
    endloop
  endfacet
  facet normal 0 0 1
    outer loop
      vertex -7.33946 2.90298 20.6
      vertex -9.52628 5.5 20.6
      vertex -7.65213 2.81929 20.6
    endloop
  endfacet
  facet normal 0 0 1
    outer loop
      vertex -5.74333 -5.78944 20.6
      vertex -8.27024 -7.2528 20.6
      vertex -7.77817 -7.77817 20.6
    endloop
  endfacet
  facet normal -0 0 1
    outer loop
      vertex -9.8656 4.86518 20.6
      vertex -7.65213 2.81929 20.6
      vertex -9.52628 5.5 20.6
    endloop
  endfacet
  facet normal 0 0 1
    outer loop
      vertex -5.74333 -5.78944 20.6
      vertex -8.72689 -6.69637 20.6
      vertex -8.27024 -7.2528 20.6
    endloop
  endfacet
  facet normal -0 0 1
    outer loop
      vertex -10.1627 4.20952 20.6
      vertex -7.65213 2.81929 20.6
      vertex -9.8656 4.86518 20.6
    endloop
  endfacet
  facet normal 0 0 1
    outer loop
      vertex -5.74333 -5.78944 20.6
      vertex -9.14616 -6.11127 20.6
      vertex -8.72689 -6.69637 20.6
    endloop
  endfacet
  facet normal -0 0 1
    outer loop
      vertex -10.4162 3.53583 20.6
      vertex -7.65213 2.81929 20.6
      vertex -10.1627 4.20952 20.6
    endloop
  endfacet
  facet normal 0 0 1
    outer loop
      vertex -7.33946 -2.90298 20.6
      vertex -9.52628 -5.5 20.6
      vertex -9.14616 -6.11127 20.6
    endloop
  endfacet
  facet normal -0 0 1
    outer loop
      vertex -10.6252 2.84701 20.6
      vertex -7.65213 2.81929 20.6
      vertex -10.4162 3.53583 20.6
    endloop
  endfacet
  facet normal 0 0 1
    outer loop
      vertex -7.65213 -2.81929 20.6
      vertex -9.8656 -4.86518 20.6
      vertex -9.52628 -5.5 20.6
    endloop
  endfacet
  facet normal 0 0 1
    outer loop
      vertex -7.65213 2.81929 20.6
      vertex -10.6252 2.84701 20.6
      vertex -7.96161 1.7653 20.6
    endloop
  endfacet
  facet normal 0 0 1
    outer loop
      vertex -7.65213 -2.81929 20.6
      vertex -10.1627 -4.20952 20.6
      vertex -9.8656 -4.86518 20.6
    endloop
  endfacet
  facet normal -0 0 1
    outer loop
      vertex -10.7886 2.14599 20.6
      vertex -7.96161 1.7653 20.6
      vertex -10.6252 2.84701 20.6
    endloop
  endfacet
  facet normal 0 0 1
    outer loop
      vertex -7.65213 -2.81929 20.6
      vertex -10.4162 -3.53583 20.6
      vertex -10.1627 -4.20952 20.6
    endloop
  endfacet
  facet normal 0 0 1
    outer loop
      vertex -10.9059 1.43579 20.6
      vertex -7.96161 1.7653 20.6
      vertex -10.7886 2.14599 20.6
    endloop
  endfacet
  facet normal 0 0 1
    outer loop
      vertex -7.65213 -2.81929 20.6
      vertex -10.6252 -2.84701 20.6
      vertex -10.4162 -3.53583 20.6
    endloop
  endfacet
  facet normal 0 0 1
    outer loop
      vertex -10.9764 0.719434 20.6
      vertex -7.96161 1.7653 20.6
      vertex -10.9059 1.43579 20.6
    endloop
  endfacet
  facet normal 0 0 1
    outer loop
      vertex -7.96161 -1.7653 20.6
      vertex -10.7886 -2.14599 20.6
      vertex -10.6252 -2.84701 20.6
    endloop
  endfacet
  facet normal 0 0 1
    outer loop
      vertex -11 0 20.6
      vertex -7.96161 1.7653 20.6
      vertex -10.9764 0.719434 20.6
    endloop
  endfacet
  facet normal 0 0 1
    outer loop
      vertex -7.96161 -1.7653 20.6
      vertex -10.9059 -1.43579 20.6
      vertex -10.7886 -2.14599 20.6
    endloop
  endfacet
  facet normal 0 0 1
    outer loop
      vertex -7.96161 1.7653 20.6
      vertex -11 0 20.6
      vertex -7.96161 -1.7653 20.6
    endloop
  endfacet
  facet normal 0 0 1
    outer loop
      vertex -7.96161 -1.7653 20.6
      vertex -10.9764 -0.719434 20.6
      vertex -10.9059 -1.43579 20.6
    endloop
  endfacet
  facet normal 0 0 1
    outer loop
      vertex -7.96161 -1.7653 20.6
      vertex -11 0 20.6
      vertex -10.9764 -0.719434 20.6
    endloop
  endfacet
  facet normal 0 0 1
    outer loop
      vertex -5.05087 4.05052 20.6
      vertex -4.68103 3.59187 20.6
      vertex -4.60648 3.6769 20.6
    endloop
  endfacet
  facet normal 0 0 1
    outer loop
      vertex -5.05087 4.05052 20.6
      vertex -5.10983 2.95016 20.6
      vertex -4.68103 3.59187 20.6
    endloop
  endfacet
  facet normal 0 0 1
    outer loop
      vertex -5.7827 2.9118 20.6
      vertex -5.05087 4.05052 20.6
      vertex -5.19235 4.21588 20.6
    endloop
  endfacet
  facet normal 0 0 1
    outer loop
      vertex -5.05087 4.05052 20.6
      vertex -5.7827 2.9118 20.6
      vertex -5.10983 2.95016 20.6
    endloop
  endfacet
  facet normal 0 0 1
    outer loop
      vertex -5.9919 2.97179 20.6
      vertex -5.19235 4.21588 20.6
      vertex -5.31018 4.39944 20.6
    endloop
  endfacet
  facet normal 0 0 1
    outer loop
      vertex -5.9919 2.97179 20.6
      vertex -5.31018 4.39944 20.6
      vertex -5.41125 4.59404 20.6
    endloop
  endfacet
  facet normal 0 0 1
    outer loop
      vertex -5.9919 2.97179 20.6
      vertex -5.41125 4.59404 20.6
      vertex -5.49887 4.79926 20.6
    endloop
  endfacet
  facet normal 0 0 1
    outer loop
      vertex -5.9919 2.97179 20.6
      vertex -5.49887 4.79926 20.6
      vertex -5.57416 5.01422 20.6
    endloop
  endfacet
  facet normal 0 0 1
    outer loop
      vertex -5.9919 2.97179 20.6
      vertex -5.57416 5.01422 20.6
      vertex -5.63765 5.23808 20.6
    endloop
  endfacet
  facet normal 0 0 1
    outer loop
      vertex -5.9919 2.97179 20.6
      vertex -5.63765 5.23808 20.6
      vertex -5.68956 5.47028 20.6
    endloop
  endfacet
  facet normal 0 0 1
    outer loop
      vertex -9.14616 6.11127 20.6
      vertex -5.68956 5.47028 20.6
      vertex -5.74333 5.78944 20.6
    endloop
  endfacet
  facet normal 0 0 1
    outer loop
      vertex -5.10983 2.95016 20.6
      vertex -5.7827 2.9118 20.6
      vertex -5.25282 2.6602 20.6
    endloop
  endfacet
  facet normal 0 0 1
    outer loop
      vertex -6.43895 -0.676804 20.6
      vertex -5.90031 0 20.6
      vertex -6.43895 0.676804 20.6
    endloop
  endfacet
  facet normal 0 0 1
    outer loop
      vertex -5.90031 0 20.6
      vertex -6.43895 -0.676804 20.6
      vertex -5.86082 -0.602463 20.6
    endloop
  endfacet
  facet normal 0 0 1
    outer loop
      vertex -6.64737 0.739426 20.6
      vertex -6.43895 -0.676804 20.6
      vertex -6.43895 0.676804 20.6
    endloop
  endfacet
  facet normal 0 0 1
    outer loop
      vertex -6.64737 0.739426 20.6
      vertex -6.64737 -0.739426 20.6
      vertex -6.43895 -0.676804 20.6
    endloop
  endfacet
  facet normal 0 0 1
    outer loop
      vertex -6.84573 0.830154 20.6
      vertex -6.64737 -0.739426 20.6
      vertex -6.64737 0.739426 20.6
    endloop
  endfacet
  facet normal 0 0 1
    outer loop
      vertex -6.84573 0.830154 20.6
      vertex -6.84573 -0.830154 20.6
      vertex -6.64737 -0.739426 20.6
    endloop
  endfacet
  facet normal 0 0 1
    outer loop
      vertex -7.03596 0.939194 20.6
      vertex -6.84573 -0.830154 20.6
      vertex -6.84573 0.830154 20.6
    endloop
  endfacet
  facet normal 0 0 1
    outer loop
      vertex -7.03596 0.939194 20.6
      vertex -7.03596 -0.939194 20.6
      vertex -6.84573 -0.830154 20.6
    endloop
  endfacet
  facet normal 0 0 1
    outer loop
      vertex -7.22063 1.06447 20.6
      vertex -7.03596 -0.939194 20.6
      vertex -7.03596 0.939194 20.6
    endloop
  endfacet
  facet normal 0 0 1
    outer loop
      vertex -7.22063 1.06447 20.6
      vertex -7.22063 -1.06447 20.6
      vertex -7.03596 -0.939194 20.6
    endloop
  endfacet
  facet normal 0 0 1
    outer loop
      vertex -7.40018 1.20461 20.6
      vertex -7.22063 -1.06447 20.6
      vertex -7.22063 1.06447 20.6
    endloop
  endfacet
  facet normal 0 0 1
    outer loop
      vertex -7.40018 1.20461 20.6
      vertex -7.40018 -1.20461 20.6
      vertex -7.22063 -1.06447 20.6
    endloop
  endfacet
  facet normal 0 0 1
    outer loop
      vertex -7.57463 1.35861 20.6
      vertex -7.40018 -1.20461 20.6
      vertex -7.40018 1.20461 20.6
    endloop
  endfacet
  facet normal 0 0 1
    outer loop
      vertex -7.57463 1.35861 20.6
      vertex -7.57463 -1.35861 20.6
      vertex -7.40018 -1.20461 20.6
    endloop
  endfacet
  facet normal 0 0 1
    outer loop
      vertex -7.74384 1.52586 20.6
      vertex -7.57463 -1.35861 20.6
      vertex -7.57463 1.35861 20.6
    endloop
  endfacet
  facet normal 0 0 1
    outer loop
      vertex -7.74384 1.52586 20.6
      vertex -7.74384 -1.52586 20.6
      vertex -7.57463 -1.35861 20.6
    endloop
  endfacet
  facet normal 0 0 1
    outer loop
      vertex -7.96161 1.7653 20.6
      vertex -7.74384 -1.52586 20.6
      vertex -7.74384 1.52586 20.6
    endloop
  endfacet
  facet normal 0 0 1
    outer loop
      vertex -7.74384 -1.52586 20.6
      vertex -7.96161 1.7653 20.6
      vertex -7.96161 -1.7653 20.6
    endloop
  endfacet
  facet normal -0.290347 0.956922 0
    outer loop
      vertex -2.84701 10.6252 6.6
      vertex -3.53583 10.4162 20.6
      vertex -2.84701 10.6252 20.6
    endloop
  endfacet
  facet normal -0.290347 0.956922 0
    outer loop
      vertex -3.53583 10.4162 20.6
      vertex -2.84701 10.6252 6.6
      vertex -3.53583 10.4162 6.6
    endloop
  endfacet
  facet normal 0.634393 -0.773011 0
    outer loop
      vertex 6.69637 -8.72689 6.6
      vertex 7.2528 -8.27024 20.6
      vertex 6.69637 -8.72689 20.6
    endloop
  endfacet
  facet normal 0.634393 -0.773011 0
    outer loop
      vertex 7.2528 -8.27024 20.6
      vertex 6.69637 -8.72689 6.6
      vertex 7.2528 -8.27024 6.6
    endloop
  endfacet
  facet normal 0.528076 -0.849197 0
    outer loop
      vertex 5.5 -9.52628 6.6
      vertex 6.11127 -9.14616 20.6
      vertex 5.5 -9.52628 20.6
    endloop
  endfacet
  facet normal 0.528076 -0.849197 0
    outer loop
      vertex 6.11127 -9.14616 20.6
      vertex 5.5 -9.52628 6.6
      vertex 6.11127 -9.14616 6.6
    endloop
  endfacet
  facet normal 0.849197 -0.528076 0
    outer loop
      vertex 9.14616 -6.11127 20.6
      vertex 9.52628 -5.5 6.6
      vertex 9.52628 -5.5 20.6
    endloop
  endfacet
  facet normal 0.849197 -0.528076 0
    outer loop
      vertex 9.52628 -5.5 6.6
      vertex 9.14616 -6.11127 20.6
      vertex 9.14616 -6.11127 6.6
    endloop
  endfacet
  facet normal 0.986633 -0.162957 0
    outer loop
      vertex 10.7886 -2.14599 20.6
      vertex 10.9059 -1.43579 6.6
      vertex 10.9059 -1.43579 20.6
    endloop
  endfacet
  facet normal 0.986633 -0.162957 0
    outer loop
      vertex 10.9059 -1.43579 6.6
      vertex 10.7886 -2.14599 20.6
      vertex 10.7886 -2.14599 6.6
    endloop
  endfacet
  facet normal -0.582472 -0.812851 0
    outer loop
      vertex -6.69637 -8.72689 6.6
      vertex -6.11127 -9.14616 20.6
      vertex -6.69637 -8.72689 20.6
    endloop
  endfacet
  facet normal -0.582472 -0.812851 -0
    outer loop
      vertex -6.11127 -9.14616 20.6
      vertex -6.69637 -8.72689 6.6
      vertex -6.11127 -9.14616 6.6
    endloop
  endfacet
  facet normal -0.471399 -0.88192 0
    outer loop
      vertex -5.5 -9.52628 6.6
      vertex -4.86518 -9.8656 20.6
      vertex -5.5 -9.52628 20.6
    endloop
  endfacet
  facet normal -0.471399 -0.88192 -0
    outer loop
      vertex -4.86518 -9.8656 20.6
      vertex -5.5 -9.52628 6.6
      vertex -4.86518 -9.8656 6.6
    endloop
  endfacet
  facet normal -0.849197 -0.528076 0
    outer loop
      vertex -9.14616 -6.11127 6.6
      vertex -9.52628 -5.5 20.6
      vertex -9.52628 -5.5 6.6
    endloop
  endfacet
  facet normal -0.849197 -0.528076 0
    outer loop
      vertex -9.52628 -5.5 20.6
      vertex -9.14616 -6.11127 6.6
      vertex -9.14616 -6.11127 20.6
    endloop
  endfacet
  facet normal -0.773011 -0.634393 0
    outer loop
      vertex -8.27024 -7.2528 6.6
      vertex -8.72689 -6.69637 20.6
      vertex -8.72689 -6.69637 6.6
    endloop
  endfacet
  facet normal -0.773011 -0.634393 0
    outer loop
      vertex -8.72689 -6.69637 20.6
      vertex -8.27024 -7.2528 6.6
      vertex -8.27024 -7.2528 20.6
    endloop
  endfacet
  facet normal -0.995192 -0.0979416 0
    outer loop
      vertex -10.9059 -1.43579 6.6
      vertex -10.9764 -0.719434 20.6
      vertex -10.9764 -0.719434 6.6
    endloop
  endfacet
  facet normal -0.995192 -0.0979416 0
    outer loop
      vertex -10.9764 -0.719434 20.6
      vertex -10.9059 -1.43579 6.6
      vertex -10.9059 -1.43579 20.6
    endloop
  endfacet
  facet normal 0 0 1
    outer loop
      vertex -0.22345 -19.0218 6.1
      vertex 0.75853 -18.0887 6.1
      vertex -0.142014 -18.0887 6.1
    endloop
  endfacet
  facet normal -0 0 1
    outer loop
      vertex 0.75853 -24.9025 6.1
      vertex 2.61925 -25.7325 6.1
      vertex 2.61925 -24.9025 6.1
    endloop
  endfacet
  facet normal 0 0 1
    outer loop
      vertex 0.75853 -18.0887 6.1
      vertex -0.22345 -19.0218 6.1
      vertex 0.75853 -24.9025 6.1
    endloop
  endfacet
  facet normal 0 0 1
    outer loop
      vertex -0.22345 -24.9025 6.1
      vertex 0.75853 -24.9025 6.1
      vertex -0.22345 -19.0218 6.1
    endloop
  endfacet
  facet normal -0 0 1
    outer loop
      vertex -0.22345 -24.9025 6.1
      vertex 2.61925 -25.7325 6.1
      vertex 0.75853 -24.9025 6.1
    endloop
  endfacet
  facet normal 0 0 1
    outer loop
      vertex -2.17097 -25.7325 6.1
      vertex -0.22345 -24.9025 6.1
      vertex -2.17097 -24.9025 6.1
    endloop
  endfacet
  facet normal 0 0 1
    outer loop
      vertex -0.22345 -24.9025 6.1
      vertex -2.17097 -25.7325 6.1
      vertex 2.61925 -25.7325 6.1
    endloop
  endfacet
  facet normal 0 0 1
    outer loop
      vertex -1.94858 -19.331 6.1
      vertex -0.22345 -19.0218 6.1
      vertex -0.142014 -18.0887 6.1
    endloop
  endfacet
  facet normal 0 0 1
    outer loop
      vertex -0.22345 -19.0218 6.1
      vertex -1.94858 -19.331 6.1
      vertex -1.94858 -20.2532 6.1
    endloop
  endfacet
  facet normal 0 -1 0
    outer loop
      vertex 0.75853 -24.9025 6.1
      vertex 2.61925 -24.9025 6.6
      vertex 0.75853 -24.9025 6.6
    endloop
  endfacet
  facet normal 0 -1 -0
    outer loop
      vertex 2.61925 -24.9025 6.6
      vertex 0.75853 -24.9025 6.1
      vertex 2.61925 -24.9025 6.1
    endloop
  endfacet
  facet normal -1 0 0
    outer loop
      vertex 0.75853 -24.9025 6.1
      vertex 0.75853 -18.0887 6.6
      vertex 0.75853 -18.0887 6.1
    endloop
  endfacet
  facet normal -1 -0 0
    outer loop
      vertex 0.75853 -18.0887 6.6
      vertex 0.75853 -24.9025 6.1
      vertex 0.75853 -24.9025 6.6
    endloop
  endfacet
  facet normal 0 -1 0
    outer loop
      vertex -0.142014 -18.0887 6.1
      vertex 0.75853 -18.0887 6.6
      vertex -0.142014 -18.0887 6.6
    endloop
  endfacet
  facet normal 0 -1 -0
    outer loop
      vertex 0.75853 -18.0887 6.6
      vertex -0.142014 -18.0887 6.1
      vertex 0.75853 -18.0887 6.1
    endloop
  endfacet
  facet normal 0.566617 -0.823981 0
    outer loop
      vertex -1.94858 -19.331 6.1
      vertex -0.142014 -18.0887 6.6
      vertex -1.94858 -19.331 6.6
    endloop
  endfacet
  facet normal 0.566617 -0.823981 0
    outer loop
      vertex -0.142014 -18.0887 6.6
      vertex -1.94858 -19.331 6.1
      vertex -0.142014 -18.0887 6.1
    endloop
  endfacet
  facet normal 1 -0 0
    outer loop
      vertex -1.94858 -20.2532 6.6
      vertex -1.94858 -19.331 6.1
      vertex -1.94858 -19.331 6.6
    endloop
  endfacet
  facet normal 1 0 0
    outer loop
      vertex -1.94858 -19.331 6.1
      vertex -1.94858 -20.2532 6.6
      vertex -1.94858 -20.2532 6.1
    endloop
  endfacet
  facet normal -0.580977 0.81392 0
    outer loop
      vertex -0.22345 -19.0218 6.1
      vertex -1.94858 -20.2532 6.6
      vertex -0.22345 -19.0218 6.6
    endloop
  endfacet
  facet normal -0.580977 0.81392 0
    outer loop
      vertex -1.94858 -20.2532 6.6
      vertex -0.22345 -19.0218 6.1
      vertex -1.94858 -20.2532 6.1
    endloop
  endfacet
  facet normal 1 -0 0
    outer loop
      vertex -0.22345 -24.9025 6.6
      vertex -0.22345 -19.0218 6.1
      vertex -0.22345 -19.0218 6.6
    endloop
  endfacet
  facet normal 1 0 0
    outer loop
      vertex -0.22345 -19.0218 6.1
      vertex -0.22345 -24.9025 6.6
      vertex -0.22345 -24.9025 6.1
    endloop
  endfacet
  facet normal 0 -1 0
    outer loop
      vertex -2.17097 -24.9025 6.1
      vertex -0.22345 -24.9025 6.6
      vertex -2.17097 -24.9025 6.6
    endloop
  endfacet
  facet normal 0 -1 -0
    outer loop
      vertex -0.22345 -24.9025 6.6
      vertex -2.17097 -24.9025 6.1
      vertex -0.22345 -24.9025 6.1
    endloop
  endfacet
  facet normal 1 -0 0
    outer loop
      vertex -2.17097 -25.7325 6.6
      vertex -2.17097 -24.9025 6.1
      vertex -2.17097 -24.9025 6.6
    endloop
  endfacet
  facet normal 1 0 0
    outer loop
      vertex -2.17097 -24.9025 6.1
      vertex -2.17097 -25.7325 6.6
      vertex -2.17097 -25.7325 6.1
    endloop
  endfacet
  facet normal 0 1 -0
    outer loop
      vertex 2.61925 -25.7325 6.1
      vertex -2.17097 -25.7325 6.6
      vertex 2.61925 -25.7325 6.6
    endloop
  endfacet
  facet normal 0 1 0
    outer loop
      vertex -2.17097 -25.7325 6.6
      vertex 2.61925 -25.7325 6.1
      vertex -2.17097 -25.7325 6.1
    endloop
  endfacet
  facet normal -1 0 0
    outer loop
      vertex 2.61925 -25.7325 6.1
      vertex 2.61925 -24.9025 6.6
      vertex 2.61925 -24.9025 6.1
    endloop
  endfacet
  facet normal -1 -0 0
    outer loop
      vertex 2.61925 -24.9025 6.6
      vertex 2.61925 -25.7325 6.1
      vertex 2.61925 -25.7325 6.6
    endloop
  endfacet
  facet normal 0 0 -1
    outer loop
      vertex 2.17097 -25.7325 0.5
      vertex 0.22345 -24.9025 0.5
      vertex 2.17097 -24.9025 0.5
    endloop
  endfacet
  facet normal 0 0 -1
    outer loop
      vertex -0.75853 -24.9025 0.5
      vertex 0.22345 -19.0218 0.5
      vertex 0.22345 -24.9025 0.5
    endloop
  endfacet
  facet normal 0 0 -1
    outer loop
      vertex -0.75853 -18.0887 0.5
      vertex 0.22345 -19.0218 0.5
      vertex -0.75853 -24.9025 0.5
    endloop
  endfacet
  facet normal 0 0 -1
    outer loop
      vertex -2.61925 -25.7325 0.5
      vertex 0.22345 -24.9025 0.5
      vertex 2.17097 -25.7325 0.5
    endloop
  endfacet
  facet normal -0 0 -1
    outer loop
      vertex 0.22345 -24.9025 0.5
      vertex -2.61925 -25.7325 0.5
      vertex -0.75853 -24.9025 0.5
    endloop
  endfacet
  facet normal -0 0 -1
    outer loop
      vertex -0.75853 -24.9025 0.5
      vertex -2.61925 -25.7325 0.5
      vertex -2.61925 -24.9025 0.5
    endloop
  endfacet
  facet normal 0 0 -1
    outer loop
      vertex 0.22345 -19.0218 0.5
      vertex 1.94858 -19.331 0.5
      vertex 1.94858 -20.2532 0.5
    endloop
  endfacet
  facet normal 0 0 -1
    outer loop
      vertex 1.94858 -19.331 0.5
      vertex 0.22345 -19.0218 0.5
      vertex 0.142014 -18.0887 0.5
    endloop
  endfacet
  facet normal 0 0 -1
    outer loop
      vertex 0.22345 -19.0218 0.5
      vertex -0.75853 -18.0887 0.5
      vertex 0.142014 -18.0887 0.5
    endloop
  endfacet
  facet normal 0 -1 0
    outer loop
      vertex 0.22345 -24.9025 0
      vertex 2.17097 -24.9025 0.5
      vertex 0.22345 -24.9025 0.5
    endloop
  endfacet
  facet normal 0 -1 -0
    outer loop
      vertex 2.17097 -24.9025 0.5
      vertex 0.22345 -24.9025 0
      vertex 2.17097 -24.9025 0
    endloop
  endfacet
  facet normal -1 0 0
    outer loop
      vertex 0.22345 -24.9025 0
      vertex 0.22345 -19.0218 0.5
      vertex 0.22345 -19.0218 0
    endloop
  endfacet
  facet normal -1 -0 0
    outer loop
      vertex 0.22345 -19.0218 0.5
      vertex 0.22345 -24.9025 0
      vertex 0.22345 -24.9025 0.5
    endloop
  endfacet
  facet normal 0.580977 0.81392 -0
    outer loop
      vertex 1.94858 -20.2532 0
      vertex 0.22345 -19.0218 0.5
      vertex 1.94858 -20.2532 0.5
    endloop
  endfacet
  facet normal 0.580977 0.81392 0
    outer loop
      vertex 0.22345 -19.0218 0.5
      vertex 1.94858 -20.2532 0
      vertex 0.22345 -19.0218 0
    endloop
  endfacet
  facet normal -1 0 0
    outer loop
      vertex 1.94858 -20.2532 0
      vertex 1.94858 -19.331 0.5
      vertex 1.94858 -19.331 0
    endloop
  endfacet
  facet normal -1 -0 0
    outer loop
      vertex 1.94858 -19.331 0.5
      vertex 1.94858 -20.2532 0
      vertex 1.94858 -20.2532 0.5
    endloop
  endfacet
  facet normal -0.566617 -0.823981 0
    outer loop
      vertex 0.142014 -18.0887 0
      vertex 1.94858 -19.331 0.5
      vertex 0.142014 -18.0887 0.5
    endloop
  endfacet
  facet normal -0.566617 -0.823981 -0
    outer loop
      vertex 1.94858 -19.331 0.5
      vertex 0.142014 -18.0887 0
      vertex 1.94858 -19.331 0
    endloop
  endfacet
  facet normal 0 -1 0
    outer loop
      vertex -0.75853 -18.0887 0
      vertex 0.142014 -18.0887 0.5
      vertex -0.75853 -18.0887 0.5
    endloop
  endfacet
  facet normal 0 -1 -0
    outer loop
      vertex 0.142014 -18.0887 0.5
      vertex -0.75853 -18.0887 0
      vertex 0.142014 -18.0887 0
    endloop
  endfacet
  facet normal 1 -0 0
    outer loop
      vertex -0.75853 -24.9025 0.5
      vertex -0.75853 -18.0887 0
      vertex -0.75853 -18.0887 0.5
    endloop
  endfacet
  facet normal 1 0 0
    outer loop
      vertex -0.75853 -18.0887 0
      vertex -0.75853 -24.9025 0.5
      vertex -0.75853 -24.9025 0
    endloop
  endfacet
  facet normal 0 -1 0
    outer loop
      vertex -2.61925 -24.9025 0
      vertex -0.75853 -24.9025 0.5
      vertex -2.61925 -24.9025 0.5
    endloop
  endfacet
  facet normal 0 -1 -0
    outer loop
      vertex -0.75853 -24.9025 0.5
      vertex -2.61925 -24.9025 0
      vertex -0.75853 -24.9025 0
    endloop
  endfacet
  facet normal 1 -0 0
    outer loop
      vertex -2.61925 -25.7325 0.5
      vertex -2.61925 -24.9025 0
      vertex -2.61925 -24.9025 0.5
    endloop
  endfacet
  facet normal 1 0 0
    outer loop
      vertex -2.61925 -24.9025 0
      vertex -2.61925 -25.7325 0.5
      vertex -2.61925 -25.7325 0
    endloop
  endfacet
  facet normal 0 1 -0
    outer loop
      vertex 2.17097 -25.7325 0
      vertex -2.61925 -25.7325 0.5
      vertex 2.17097 -25.7325 0.5
    endloop
  endfacet
  facet normal 0 1 0
    outer loop
      vertex -2.61925 -25.7325 0.5
      vertex 2.17097 -25.7325 0
      vertex -2.61925 -25.7325 0
    endloop
  endfacet
  facet normal -1 0 0
    outer loop
      vertex 2.17097 -25.7325 0
      vertex 2.17097 -24.9025 0.5
      vertex 2.17097 -24.9025 0
    endloop
  endfacet
  facet normal -1 -0 0
    outer loop
      vertex 2.17097 -24.9025 0.5
      vertex 2.17097 -25.7325 0
      vertex 2.17097 -25.7325 0.5
    endloop
  endfacet
  facet normal 0 0 1
    outer loop
      vertex -2.05919 6.13824 15.3
      vertex 0.246429 6.46973 15.3
      vertex 0.214111 6.68495 15.3
    endloop
  endfacet
  facet normal 0 0 1
    outer loop
      vertex 2.2455 7.15343 15.3
      vertex 3.9357 6.38152 15.3
      vertex 3.93355 6.61423 15.3
    endloop
  endfacet
  facet normal 0 0 1
    outer loop
      vertex 2.42278 7.30418 15.3
      vertex 3.93355 6.61423 15.3
      vertex 3.91795 6.85162 15.3
    endloop
  endfacet
  facet normal -0 0 1
    outer loop
      vertex 2.2455 7.15343 15.3
      vertex 3.93355 6.61423 15.3
      vertex 2.42278 7.30418 15.3
    endloop
  endfacet
  facet normal 0 0 1
    outer loop
      vertex 2.61241 7.44786 15.3
      vertex 3.91795 6.85162 15.3
      vertex 3.87961 7.17302 15.3
    endloop
  endfacet
  facet normal 0 0 1
    outer loop
      vertex 3.9357 6.38152 15.3
      vertex 2.2455 7.15343 15.3
      vertex 3.92403 6.15407 15.3
    endloop
  endfacet
  facet normal -0 0 1
    outer loop
      vertex 2.08124 6.99564 15.3
      vertex 3.92403 6.15407 15.3
      vertex 2.2455 7.15343 15.3
    endloop
  endfacet
  facet normal 0 0 1
    outer loop
      vertex 3.92403 6.15407 15.3
      vertex 2.08124 6.99564 15.3
      vertex 3.89777 5.93248 15.3
    endloop
  endfacet
  facet normal 0 0 1
    outer loop
      vertex 3.89777 5.93248 15.3
      vertex 1.93097 6.83069 15.3
      vertex 3.85561 5.7173 15.3
    endloop
  endfacet
  facet normal -0 0 1
    outer loop
      vertex 2.95641 -1.22459 15.3
      vertex 5.45999 -2.23199 15.3
      vertex 3.06221 -0.92891 15.3
    endloop
  endfacet
  facet normal 0 0 1
    outer loop
      vertex 3.59187 4.68103 15.3
      vertex 3.18459 0.313654 15.3
      vertex 3.2 0 15.3
    endloop
  endfacet
  facet normal 0 0 1
    outer loop
      vertex 3.59187 4.68103 15.3
      vertex 3.13851 0.624289 15.3
      vertex 3.18459 0.313654 15.3
    endloop
  endfacet
  facet normal 0 0 1
    outer loop
      vertex 3.59187 4.68103 15.3
      vertex 3.06221 0.92891 15.3
      vertex 3.13851 0.624289 15.3
    endloop
  endfacet
  facet normal 0 0 1
    outer loop
      vertex 3.59187 4.68103 15.3
      vertex 2.95641 1.22459 15.3
      vertex 3.06221 0.92891 15.3
    endloop
  endfacet
  facet normal -0 0 1
    outer loop
      vertex 2.61241 7.44786 15.3
      vertex 3.87961 7.17302 15.3
      vertex 2.88039 7.62935 15.3
    endloop
  endfacet
  facet normal 0 0 1
    outer loop
      vertex 3.91795 6.85162 15.3
      vertex 2.61241 7.44786 15.3
      vertex 2.42278 7.30418 15.3
    endloop
  endfacet
  facet normal 0 0 1
    outer loop
      vertex 3.59187 4.68103 15.3
      vertex 2.82215 1.50847 15.3
      vertex 2.95641 1.22459 15.3
    endloop
  endfacet
  facet normal 0 0 1
    outer loop
      vertex 3.59187 4.68103 15.3
      vertex 2.6607 1.77782 15.3
      vertex 2.82215 1.50847 15.3
    endloop
  endfacet
  facet normal -0 0 1
    outer loop
      vertex 1.93097 6.83069 15.3
      vertex 3.89777 5.93248 15.3
      vertex 2.08124 6.99564 15.3
    endloop
  endfacet
  facet normal 0 0 1
    outer loop
      vertex 3.59187 4.68103 15.3
      vertex 2.47363 2.03006 15.3
      vertex 2.6607 1.77782 15.3
    endloop
  endfacet
  facet normal -0 0 1
    outer loop
      vertex 1.79594 6.65793 15.3
      vertex 3.85561 5.7173 15.3
      vertex 1.93097 6.83069 15.3
    endloop
  endfacet
  facet normal 0 0 1
    outer loop
      vertex 3.59187 4.68103 15.3
      vertex 2.26274 2.26274 15.3
      vertex 2.47363 2.03006 15.3
    endloop
  endfacet
  facet normal 0 0 1
    outer loop
      vertex 3.85561 5.7173 15.3
      vertex 1.79594 6.65793 15.3
      vertex 3.79428 5.50797 15.3
    endloop
  endfacet
  facet normal -0 0 1
    outer loop
      vertex 1.6779 6.47449 15.3
      vertex 3.79428 5.50797 15.3
      vertex 1.79594 6.65793 15.3
    endloop
  endfacet
  facet normal 0 0 1
    outer loop
      vertex 1.22459 2.95641 15.3
      vertex 3.38132 4.82173 15.3
      vertex 1.43121 5.71834 15.3
    endloop
  endfacet
  facet normal 0 0 1
    outer loop
      vertex 3.79428 5.50797 15.3
      vertex 1.6779 6.47449 15.3
      vertex 3.70512 5.30945 15.3
    endloop
  endfacet
  facet normal -0 0 1
    outer loop
      vertex 1.58627 6.2771 15.3
      vertex 3.70512 5.30945 15.3
      vertex 1.6779 6.47449 15.3
    endloop
  endfacet
  facet normal 0 0 1
    outer loop
      vertex 3.59187 4.68103 15.3
      vertex 2.03006 2.47363 15.3
      vertex 2.26274 2.26274 15.3
    endloop
  endfacet
  facet normal 0 0 1
    outer loop
      vertex 3.70512 5.30945 15.3
      vertex 1.58627 6.2771 15.3
      vertex 3.38132 4.82173 15.3
    endloop
  endfacet
  facet normal 0 0 1
    outer loop
      vertex 3.38132 4.82173 15.3
      vertex 1.58627 6.2771 15.3
      vertex 1.43121 5.71834 15.3
    endloop
  endfacet
  facet normal 0 0 1
    outer loop
      vertex 3.38132 4.82173 15.3
      vertex 1.77782 2.6607 15.3
      vertex 2.03006 2.47363 15.3
    endloop
  endfacet
  facet normal 0 0 1
    outer loop
      vertex 3.38132 4.82173 15.3
      vertex 1.50847 2.82215 15.3
      vertex 1.77782 2.6607 15.3
    endloop
  endfacet
  facet normal 0 0 1
    outer loop
      vertex 3.38132 4.82173 15.3
      vertex 1.22459 2.95641 15.3
      vertex 1.50847 2.82215 15.3
    endloop
  endfacet
  facet normal 0 0 1
    outer loop
      vertex 1.43121 5.71834 15.3
      vertex 0.92891 3.06221 15.3
      vertex 1.22459 2.95641 15.3
    endloop
  endfacet
  facet normal 0 0 1
    outer loop
      vertex 0.624289 3.13851 15.3
      vertex 1.43121 5.71834 15.3
      vertex 0.770142 5.84984 15.3
    endloop
  endfacet
  facet normal 0 0 1
    outer loop
      vertex 1.43121 5.71834 15.3
      vertex 0.624289 3.13851 15.3
      vertex 0.92891 3.06221 15.3
    endloop
  endfacet
  facet normal 0 0 1
    outer loop
      vertex 0.770142 5.84984 15.3
      vertex 0.313654 3.18459 15.3
      vertex 0.624289 3.13851 15.3
    endloop
  endfacet
  facet normal 0 0 1
    outer loop
      vertex 0.237701 5.88474 15.3
      vertex 0.313654 3.18459 15.3
      vertex 0.770142 5.84984 15.3
    endloop
  endfacet
  facet normal 0 0 1
    outer loop
      vertex 0.246429 6.46973 15.3
      vertex -2.05919 6.13824 15.3
      vertex 0.237701 5.88474 15.3
    endloop
  endfacet
  facet normal 0 0 1
    outer loop
      vertex -2.08882 6.35384 15.3
      vertex 0.214111 6.68495 15.3
      vertex 0.152542 6.8942 15.3
    endloop
  endfacet
  facet normal 0 0 1
    outer loop
      vertex -2.08868 6.57196 15.3
      vertex 0.152542 6.8942 15.3
      vertex 0.0716858 7.09801 15.3
    endloop
  endfacet
  facet normal 0 0 1
    outer loop
      vertex 0.237701 5.88474 15.3
      vertex 0 3.2 15.3
      vertex 0.313654 3.18459 15.3
    endloop
  endfacet
  facet normal 0 0 1
    outer loop
      vertex -2.0685 6.79031 15.3
      vertex 0.0716858 7.09801 15.3
      vertex -0.0260315 7.29861 15.3
    endloop
  endfacet
  facet normal 0 0 1
    outer loop
      vertex -2.03127 7.01031 15.3
      vertex -0.0260315 7.29861 15.3
      vertex -0.139175 7.49628 15.3
    endloop
  endfacet
  facet normal 0 0 1
    outer loop
      vertex -1.97839 7.23184 15.3
      vertex -0.139175 7.49628 15.3
      vertex -0.2668 7.69089 15.3
    endloop
  endfacet
  facet normal 0 -0 1
    outer loop
      vertex -0.313654 3.18459 15.3
      vertex 0.237701 5.88474 15.3
      vertex -1.88547 5.57762 15.3
    endloop
  endfacet
  facet normal 0 0 1
    outer loop
      vertex -1.91077 7.45451 15.3
      vertex -0.2668 7.69089 15.3
      vertex -0.408279 7.88216 15.3
    endloop
  endfacet
  facet normal 0 0 1
    outer loop
      vertex -1.82892 7.6779 15.3
      vertex -0.408279 7.88216 15.3
      vertex -0.614258 8.13181 15.3
    endloop
  endfacet
  facet normal 0 0 1
    outer loop
      vertex 0.237701 5.88474 15.3
      vertex -0.313654 3.18459 15.3
      vertex 0 3.2 15.3
    endloop
  endfacet
  facet normal 0 0 1
    outer loop
      vertex -0.313654 3.18459 15.3
      vertex -1.88547 5.57762 15.3
      vertex -0.624289 3.13851 15.3
    endloop
  endfacet
  facet normal 0 0 1
    outer loop
      vertex -0.624289 3.13851 15.3
      vertex -1.88547 5.57762 15.3
      vertex -0.92891 3.06221 15.3
    endloop
  endfacet
  facet normal 0 0 1
    outer loop
      vertex -0.92891 3.06221 15.3
      vertex -1.88547 5.57762 15.3
      vertex -1.22459 2.95641 15.3
    endloop
  endfacet
  facet normal 0 0 1
    outer loop
      vertex -1.82892 7.6779 15.3
      vertex -0.614258 8.13181 15.3
      vertex -1.70158 7.97546 15.3
    endloop
  endfacet
  facet normal -0 0 1
    outer loop
      vertex -2.25795 5.45119 15.3
      vertex -1.22459 2.95641 15.3
      vertex -1.88547 5.57762 15.3
    endloop
  endfacet
  facet normal 0 0 1
    outer loop
      vertex -0.408279 7.88216 15.3
      vertex -1.82892 7.6779 15.3
      vertex -1.91077 7.45451 15.3
    endloop
  endfacet
  facet normal 0 0 1
    outer loop
      vertex -1.22459 2.95641 15.3
      vertex -2.25795 5.45119 15.3
      vertex -1.50847 2.82215 15.3
    endloop
  endfacet
  facet normal -0 0 1
    outer loop
      vertex -2.95016 5.10983 15.3
      vertex -1.50847 2.82215 15.3
      vertex -2.25795 5.45119 15.3
    endloop
  endfacet
  facet normal -0 0 1
    outer loop
      vertex -2.98584 5.086 15.3
      vertex -1.50847 2.82215 15.3
      vertex -2.95016 5.10983 15.3
    endloop
  endfacet
  facet normal 0 0 1
    outer loop
      vertex -1.50847 2.82215 15.3
      vertex -2.98584 5.086 15.3
      vertex -1.77782 2.6607 15.3
    endloop
  endfacet
  facet normal 0 0 1
    outer loop
      vertex -1.77782 2.6607 15.3
      vertex -2.98584 5.086 15.3
      vertex -2.03006 2.47363 15.3
    endloop
  endfacet
  facet normal -0 0 1
    outer loop
      vertex -4.60648 3.6769 15.3
      vertex -2.03006 2.47363 15.3
      vertex -2.98584 5.086 15.3
    endloop
  endfacet
  facet normal 0 0 1
    outer loop
      vertex -2.03006 2.47363 15.3
      vertex -4.60648 3.6769 15.3
      vertex -2.26274 2.26274 15.3
    endloop
  endfacet
  facet normal 0 0 1
    outer loop
      vertex -2.26274 2.26274 15.3
      vertex -4.60648 3.6769 15.3
      vertex -2.47363 2.03006 15.3
    endloop
  endfacet
  facet normal -0 0 1
    outer loop
      vertex -4.68103 3.59187 15.3
      vertex -2.47363 2.03006 15.3
      vertex -4.60648 3.6769 15.3
    endloop
  endfacet
  facet normal 0 0 1
    outer loop
      vertex -2.47363 2.03006 15.3
      vertex -4.68103 3.59187 15.3
      vertex -2.6607 1.77782 15.3
    endloop
  endfacet
  facet normal -0 0 1
    outer loop
      vertex -5.10983 2.95016 15.3
      vertex -2.6607 1.77782 15.3
      vertex -4.68103 3.59187 15.3
    endloop
  endfacet
  facet normal 0 0 1
    outer loop
      vertex -2.6607 1.77782 15.3
      vertex -5.10983 2.95016 15.3
      vertex -2.82215 1.50847 15.3
    endloop
  endfacet
  facet normal -0 0 1
    outer loop
      vertex -5.25282 2.6602 15.3
      vertex -2.82215 1.50847 15.3
      vertex -5.10983 2.95016 15.3
    endloop
  endfacet
  facet normal 0 0 1
    outer loop
      vertex -2.82215 1.50847 15.3
      vertex -5.25282 2.6602 15.3
      vertex -2.95641 1.22459 15.3
    endloop
  endfacet
  facet normal 0 0 1
    outer loop
      vertex -4.60648 3.6769 15.3
      vertex -2.98584 5.086 15.3
      vertex -3.29047 5.57593 15.3
    endloop
  endfacet
  facet normal 0 0 1
    outer loop
      vertex 6.2243 4.85315 15.3
      vertex 7.00026 3.64575 15.3
      vertex 7.14177 3.93684 15.3
    endloop
  endfacet
  facet normal 0 0 1
    outer loop
      vertex 7.00026 3.64575 15.3
      vertex 6.2243 4.85315 15.3
      vertex 6.88503 3.43761 15.3
    endloop
  endfacet
  facet normal -0 0 1
    outer loop
      vertex 5.98711 4.83482 15.3
      vertex 6.88503 3.43761 15.3
      vertex 6.2243 4.85315 15.3
    endloop
  endfacet
  facet normal -0 0 1
    outer loop
      vertex 6.2243 4.85315 15.3
      vertex 7.14177 3.93684 15.3
      vertex 6.54787 4.86096 15.3
    endloop
  endfacet
  facet normal 0 0 1
    outer loop
      vertex 6.88503 3.43761 15.3
      vertex 5.98711 4.83482 15.3
      vertex 6.76103 3.24068 15.3
    endloop
  endfacet
  facet normal -0 0 1
    outer loop
      vertex 5.75645 4.80382 15.3
      vertex 6.76103 3.24068 15.3
      vertex 5.98711 4.83482 15.3
    endloop
  endfacet
  facet normal 0 0 1
    outer loop
      vertex 6.76103 3.24068 15.3
      vertex 5.75645 4.80382 15.3
      vertex 6.62825 3.05563 15.3
    endloop
  endfacet
  facet normal -0 0 1
    outer loop
      vertex 5.53297 4.7599 15.3
      vertex 6.62825 3.05563 15.3
      vertex 5.75645 4.80382 15.3
    endloop
  endfacet
  facet normal 0 0 1
    outer loop
      vertex 6.62825 3.05563 15.3
      vertex 5.53297 4.7599 15.3
      vertex 6.48636 2.88342 15.3
    endloop
  endfacet
  facet normal -0 0 1
    outer loop
      vertex 5.31738 4.70236 15.3
      vertex 6.48636 2.88342 15.3
      vertex 5.53297 4.7599 15.3
    endloop
  endfacet
  facet normal 0 0 1
    outer loop
      vertex 6.48636 2.88342 15.3
      vertex 5.31738 4.70236 15.3
      vertex 6.33456 2.72517 15.3
    endloop
  endfacet
  facet normal -0 0 1
    outer loop
      vertex 5.11038 4.63002 15.3
      vertex 6.33456 2.72517 15.3
      vertex 5.31738 4.70236 15.3
    endloop
  endfacet
  facet normal 0 0 1
    outer loop
      vertex 6.33456 2.72517 15.3
      vertex 5.11038 4.63002 15.3
      vertex 6.16978 2.58224 15.3
    endloop
  endfacet
  facet normal 0 0 1
    outer loop
      vertex 6.16978 2.58224 15.3
      vertex 4.91191 4.53952 15.3
      vertex 5.98746 2.46346 15.3
    endloop
  endfacet
  facet normal -0 0 1
    outer loop
      vertex 4.91191 4.53952 15.3
      vertex 6.16978 2.58224 15.3
      vertex 5.11038 4.63002 15.3
    endloop
  endfacet
  facet normal 0 0 1
    outer loop
      vertex 7.86005 0.717621 15.3
      vertex 8.13646 -0.549255 15.3
      vertex 8.13646 0.549255 15.3
    endloop
  endfacet
  facet normal 0 0 1
    outer loop
      vertex 7.86005 0.717621 15.3
      vertex 7.86005 -0.717621 15.3
      vertex 8.13646 -0.549255 15.3
    endloop
  endfacet
  facet normal 0 0 1
    outer loop
      vertex 7.65057 0.830429 15.3
      vertex 7.86005 -0.717621 15.3
      vertex 7.86005 0.717621 15.3
    endloop
  endfacet
  facet normal 0 0 1
    outer loop
      vertex 7.65057 0.830429 15.3
      vertex 7.65057 -0.830429 15.3
      vertex 7.86005 -0.717621 15.3
    endloop
  endfacet
  facet normal 0 0 1
    outer loop
      vertex 7.4398 0.929062 15.3
      vertex 7.65057 -0.830429 15.3
      vertex 7.65057 0.830429 15.3
    endloop
  endfacet
  facet normal 0 0 1
    outer loop
      vertex 7.4398 0.929062 15.3
      vertex 7.4398 -0.929062 15.3
      vertex 7.65057 -0.830429 15.3
    endloop
  endfacet
  facet normal 0 0 1
    outer loop
      vertex 7.22804 1.01292 15.3
      vertex 7.4398 -0.929062 15.3
      vertex 7.4398 0.929062 15.3
    endloop
  endfacet
  facet normal 0 0 1
    outer loop
      vertex 7.22804 1.01292 15.3
      vertex 7.22804 -1.01292 15.3
      vertex 7.4398 -0.929062 15.3
    endloop
  endfacet
  facet normal 0 0 1
    outer loop
      vertex 7.01558 1.0811 15.3
      vertex 7.22804 -1.01292 15.3
      vertex 7.22804 1.01292 15.3
    endloop
  endfacet
  facet normal 0 0 1
    outer loop
      vertex 7.01558 1.0811 15.3
      vertex 7.01558 -1.0811 15.3
      vertex 7.22804 -1.01292 15.3
    endloop
  endfacet
  facet normal 0 0 1
    outer loop
      vertex 6.80232 1.13214 15.3
      vertex 7.01558 -1.0811 15.3
      vertex 7.01558 1.0811 15.3
    endloop
  endfacet
  facet normal 0 0 1
    outer loop
      vertex 6.80232 1.13214 15.3
      vertex 6.80232 -1.13214 15.3
      vertex 7.01558 -1.0811 15.3
    endloop
  endfacet
  facet normal 0 0 1
    outer loop
      vertex 6.58644 1.16331 15.3
      vertex 6.80232 -1.13214 15.3
      vertex 6.80232 1.13214 15.3
    endloop
  endfacet
  facet normal 0 0 1
    outer loop
      vertex 6.58644 1.16331 15.3
      vertex 6.58644 -1.16331 15.3
      vertex 6.80232 -1.13214 15.3
    endloop
  endfacet
  facet normal 0 0 1
    outer loop
      vertex 6.36882 1.16467 15.3
      vertex 6.58644 -1.16331 15.3
      vertex 6.58644 1.16331 15.3
    endloop
  endfacet
  facet normal 0 0 1
    outer loop
      vertex 6.36882 1.16467 15.3
      vertex 6.36882 -1.16467 15.3
      vertex 6.58644 -1.16331 15.3
    endloop
  endfacet
  facet normal -0 0 1
    outer loop
      vertex 5.78967 1.07257 15.3
      vertex 6.36882 -1.16467 15.3
      vertex 6.36882 1.16467 15.3
    endloop
  endfacet
  facet normal 0 0 1
    outer loop
      vertex 5.78967 1.07257 15.3
      vertex 5.78967 -1.07257 15.3
      vertex 6.36882 -1.16467 15.3
    endloop
  endfacet
  facet normal 0 0 1
    outer loop
      vertex 3.2 0 15.3
      vertex 5.69926 1.52711 15.3
      vertex 5.45999 2.23199 15.3
    endloop
  endfacet
  facet normal 0 0 1
    outer loop
      vertex 5.69926 1.52711 15.3
      vertex 3.2 0 15.3
      vertex 5.78967 1.07257 15.3
    endloop
  endfacet
  facet normal 0 0 1
    outer loop
      vertex 5.78967 1.07257 15.3
      vertex 3.2 0 15.3
      vertex 5.78967 -1.07257 15.3
    endloop
  endfacet
  facet normal -0 0 1
    outer loop
      vertex 3.18459 -0.313654 15.3
      vertex 5.78967 -1.07257 15.3
      vertex 3.2 0 15.3
    endloop
  endfacet
  facet normal 0 0 1
    outer loop
      vertex 6.2243 -4.85315 15.3
      vertex 7.00026 -3.64575 15.3
      vertex 6.88503 -3.43761 15.3
    endloop
  endfacet
  facet normal 0 0 1
    outer loop
      vertex 5.98711 -4.83482 15.3
      vertex 6.88503 -3.43761 15.3
      vertex 6.76103 -3.24068 15.3
    endloop
  endfacet
  facet normal 0 0 1
    outer loop
      vertex 5.75645 -4.80382 15.3
      vertex 6.76103 -3.24068 15.3
      vertex 6.62825 -3.05563 15.3
    endloop
  endfacet
  facet normal 0 0 1
    outer loop
      vertex 7.00026 -3.64575 15.3
      vertex 6.2243 -4.85315 15.3
      vertex 7.14177 -3.93684 15.3
    endloop
  endfacet
  facet normal 0 0 1
    outer loop
      vertex 5.53297 -4.7599 15.3
      vertex 6.62825 -3.05563 15.3
      vertex 6.48636 -2.88342 15.3
    endloop
  endfacet
  facet normal 0 0 1
    outer loop
      vertex 5.31738 -4.70236 15.3
      vertex 6.48636 -2.88342 15.3
      vertex 6.33456 -2.72517 15.3
    endloop
  endfacet
  facet normal 0 0 1
    outer loop
      vertex 7.14177 -3.93684 15.3
      vertex 6.2243 -4.85315 15.3
      vertex 6.54787 -4.86096 15.3
    endloop
  endfacet
  facet normal 0 0 1
    outer loop
      vertex 5.11038 -4.63002 15.3
      vertex 6.33456 -2.72517 15.3
      vertex 6.16978 -2.58224 15.3
    endloop
  endfacet
  facet normal 0 0 1
    outer loop
      vertex 4.91191 -4.53952 15.3
      vertex 6.16978 -2.58224 15.3
      vertex 5.98746 -2.46346 15.3
    endloop
  endfacet
  facet normal 0 0 1
    outer loop
      vertex 6.88503 -3.43761 15.3
      vertex 5.98711 -4.83482 15.3
      vertex 6.2243 -4.85315 15.3
    endloop
  endfacet
  facet normal 0 0 1
    outer loop
      vertex 6.76103 -3.24068 15.3
      vertex 5.75645 -4.80382 15.3
      vertex 5.98711 -4.83482 15.3
    endloop
  endfacet
  facet normal 0 0 1
    outer loop
      vertex 6.62825 -3.05563 15.3
      vertex 5.53297 -4.7599 15.3
      vertex 5.75645 -4.80382 15.3
    endloop
  endfacet
  facet normal 0 0 1
    outer loop
      vertex 4.72812 -4.42303 15.3
      vertex 5.98746 -2.46346 15.3
      vertex 5.45999 -2.23199 15.3
    endloop
  endfacet
  facet normal 0 0 1
    outer loop
      vertex 6.48636 -2.88342 15.3
      vertex 5.31738 -4.70236 15.3
      vertex 5.53297 -4.7599 15.3
    endloop
  endfacet
  facet normal 0 0 1
    outer loop
      vertex 3.2 0 15.3
      vertex 5.45999 2.23199 15.3
      vertex 4.29292 4.03442 15.3
    endloop
  endfacet
  facet normal -0 0 1
    outer loop
      vertex 4.72812 4.42303 15.3
      vertex 5.98746 2.46346 15.3
      vertex 4.91191 4.53952 15.3
    endloop
  endfacet
  facet normal -0 0 1
    outer loop
      vertex 3.13851 -0.624289 15.3
      vertex 5.78967 -1.07257 15.3
      vertex 3.18459 -0.313654 15.3
    endloop
  endfacet
  facet normal 0 0 1
    outer loop
      vertex 5.98746 2.46346 15.3
      vertex 4.72812 4.42303 15.3
      vertex 5.45999 2.23199 15.3
    endloop
  endfacet
  facet normal 0 -0 1
    outer loop
      vertex 4.72812 -4.42303 15.3
      vertex 5.45999 -2.23199 15.3
      vertex 4.29292 -4.03442 15.3
    endloop
  endfacet
  facet normal 0 0 1
    outer loop
      vertex 5.45999 2.23199 15.3
      vertex 4.72812 4.42303 15.3
      vertex 4.29292 4.03442 15.3
    endloop
  endfacet
  facet normal 0 0 1
    outer loop
      vertex 6.33456 -2.72517 15.3
      vertex 5.11038 -4.63002 15.3
      vertex 5.31738 -4.70236 15.3
    endloop
  endfacet
  facet normal 0 0 1
    outer loop
      vertex 5.98746 -2.46346 15.3
      vertex 4.72812 -4.42303 15.3
      vertex 4.91191 -4.53952 15.3
    endloop
  endfacet
  facet normal 0 0 1
    outer loop
      vertex 6.16978 -2.58224 15.3
      vertex 4.91191 -4.53952 15.3
      vertex 5.11038 -4.63002 15.3
    endloop
  endfacet
  facet normal 0 0 1
    outer loop
      vertex 3.59187 4.68103 15.3
      vertex 3.2 0 15.3
      vertex 4.17215 4.17215 15.3
    endloop
  endfacet
  facet normal 0 0 1
    outer loop
      vertex 4.17215 4.17215 15.3
      vertex 3.2 0 15.3
      vertex 4.29292 4.03442 15.3
    endloop
  endfacet
  facet normal 0 0 1
    outer loop
      vertex 2.03006 2.47363 15.3
      vertex 3.59187 4.68103 15.3
      vertex 3.38132 4.82173 15.3
    endloop
  endfacet
  facet normal 0 0 1
    outer loop
      vertex 5.78967 -1.07257 15.3
      vertex 3.13851 -0.624289 15.3
      vertex 5.69926 -1.52711 15.3
    endloop
  endfacet
  facet normal -0 0 1
    outer loop
      vertex 3.06221 -0.92891 15.3
      vertex 5.69926 -1.52711 15.3
      vertex 3.13851 -0.624289 15.3
    endloop
  endfacet
  facet normal 0 0 1
    outer loop
      vertex 5.69926 -1.52711 15.3
      vertex 3.06221 -0.92891 15.3
      vertex 5.45999 -2.23199 15.3
    endloop
  endfacet
  facet normal 0 0 1
    outer loop
      vertex 2.2455 -7.15343 15.3
      vertex 3.9357 -6.38152 15.3
      vertex 3.92403 -6.15407 15.3
    endloop
  endfacet
  facet normal 0 0 1
    outer loop
      vertex 3.9357 -6.38152 15.3
      vertex 2.2455 -7.15343 15.3
      vertex 3.93355 -6.61423 15.3
    endloop
  endfacet
  facet normal 0 0 1
    outer loop
      vertex 2.08124 -6.99564 15.3
      vertex 3.92403 -6.15407 15.3
      vertex 3.89777 -5.93248 15.3
    endloop
  endfacet
  facet normal 0 0 1
    outer loop
      vertex 3.93355 -6.61423 15.3
      vertex 2.2455 -7.15343 15.3
      vertex 2.42278 -7.30418 15.3
    endloop
  endfacet
  facet normal 0 0 1
    outer loop
      vertex 1.93097 -6.83069 15.3
      vertex 3.89777 -5.93248 15.3
      vertex 3.85561 -5.7173 15.3
    endloop
  endfacet
  facet normal 0 0 1
    outer loop
      vertex 1.79594 -6.65793 15.3
      vertex 3.85561 -5.7173 15.3
      vertex 3.79428 -5.50797 15.3
    endloop
  endfacet
  facet normal 0 0 1
    outer loop
      vertex 1.6779 -6.47449 15.3
      vertex 3.79428 -5.50797 15.3
      vertex 3.70512 -5.30945 15.3
    endloop
  endfacet
  facet normal 0 0 1
    outer loop
      vertex 1.58627 -6.2771 15.3
      vertex 3.70512 -5.30945 15.3
      vertex 3.38132 -4.82173 15.3
    endloop
  endfacet
  facet normal -0 0 1
    outer loop
      vertex 2.82215 -1.50847 15.3
      vertex 5.45999 -2.23199 15.3
      vertex 2.95641 -1.22459 15.3
    endloop
  endfacet
  facet normal -0 0 1
    outer loop
      vertex 2.6607 -1.77782 15.3
      vertex 5.45999 -2.23199 15.3
      vertex 2.82215 -1.50847 15.3
    endloop
  endfacet
  facet normal 0 0 1
    outer loop
      vertex 5.45999 -2.23199 15.3
      vertex 2.6607 -1.77782 15.3
      vertex 4.29292 -4.03442 15.3
    endloop
  endfacet
  facet normal -0 0 1
    outer loop
      vertex 2.47363 -2.03006 15.3
      vertex 4.29292 -4.03442 15.3
      vertex 2.6607 -1.77782 15.3
    endloop
  endfacet
  facet normal 0 0 1
    outer loop
      vertex 3.93355 -6.61423 15.3
      vertex 2.42278 -7.30418 15.3
      vertex 3.91795 -6.85162 15.3
    endloop
  endfacet
  facet normal -0 0 1
    outer loop
      vertex 2.26274 -2.26274 15.3
      vertex 4.29292 -4.03442 15.3
      vertex 2.47363 -2.03006 15.3
    endloop
  endfacet
  facet normal 0 0 1
    outer loop
      vertex 4.29292 -4.03442 15.3
      vertex 2.26274 -2.26274 15.3
      vertex 4.17215 -4.17215 15.3
    endloop
  endfacet
  facet normal -0 0 1
    outer loop
      vertex 2.03006 -2.47363 15.3
      vertex 4.17215 -4.17215 15.3
      vertex 2.26274 -2.26274 15.3
    endloop
  endfacet
  facet normal 0 0 1
    outer loop
      vertex 4.17215 -4.17215 15.3
      vertex 2.03006 -2.47363 15.3
      vertex 3.59187 -4.68103 15.3
    endloop
  endfacet
  facet normal 0 0 1
    outer loop
      vertex 3.59187 -4.68103 15.3
      vertex 2.03006 -2.47363 15.3
      vertex 3.38132 -4.82173 15.3
    endloop
  endfacet
  facet normal 0 -0 1
    outer loop
      vertex 1.58627 -6.2771 15.3
      vertex 3.38132 -4.82173 15.3
      vertex 1.43121 -5.71834 15.3
    endloop
  endfacet
  facet normal 0 0 1
    outer loop
      vertex 3.87961 -7.17302 15.3
      vertex 2.61241 -7.44786 15.3
      vertex 2.88039 -7.62935 15.3
    endloop
  endfacet
  facet normal 0 0 1
    outer loop
      vertex 3.91795 -6.85162 15.3
      vertex 2.61241 -7.44786 15.3
      vertex 3.87961 -7.17302 15.3
    endloop
  endfacet
  facet normal 0 -0 1
    outer loop
      vertex 2.61241 -7.44786 15.3
      vertex 3.91795 -6.85162 15.3
      vertex 2.42278 -7.30418 15.3
    endloop
  endfacet
  facet normal -0 0 1
    outer loop
      vertex 1.77782 -2.6607 15.3
      vertex 3.38132 -4.82173 15.3
      vertex 2.03006 -2.47363 15.3
    endloop
  endfacet
  facet normal 0 0 1
    outer loop
      vertex 3.92403 -6.15407 15.3
      vertex 2.08124 -6.99564 15.3
      vertex 2.2455 -7.15343 15.3
    endloop
  endfacet
  facet normal 0 0 1
    outer loop
      vertex 3.89777 -5.93248 15.3
      vertex 1.93097 -6.83069 15.3
      vertex 2.08124 -6.99564 15.3
    endloop
  endfacet
  facet normal -0 0 1
    outer loop
      vertex 1.50847 -2.82215 15.3
      vertex 3.38132 -4.82173 15.3
      vertex 1.77782 -2.6607 15.3
    endloop
  endfacet
  facet normal 0 0 1
    outer loop
      vertex 3.85561 -5.7173 15.3
      vertex 1.79594 -6.65793 15.3
      vertex 1.93097 -6.83069 15.3
    endloop
  endfacet
  facet normal 0 0 1
    outer loop
      vertex 3.70512 -5.30945 15.3
      vertex 1.58627 -6.2771 15.3
      vertex 1.6779 -6.47449 15.3
    endloop
  endfacet
  facet normal -0 0 1
    outer loop
      vertex 1.22459 -2.95641 15.3
      vertex 3.38132 -4.82173 15.3
      vertex 1.50847 -2.82215 15.3
    endloop
  endfacet
  facet normal 0 0 1
    outer loop
      vertex 3.79428 -5.50797 15.3
      vertex 1.6779 -6.47449 15.3
      vertex 1.79594 -6.65793 15.3
    endloop
  endfacet
  facet normal 0 0 1
    outer loop
      vertex 3.38132 -4.82173 15.3
      vertex 1.22459 -2.95641 15.3
      vertex 1.43121 -5.71834 15.3
    endloop
  endfacet
  facet normal -0 0 1
    outer loop
      vertex 0.92891 -3.06221 15.3
      vertex 1.43121 -5.71834 15.3
      vertex 1.22459 -2.95641 15.3
    endloop
  endfacet
  facet normal -0 0 1
    outer loop
      vertex 0.624289 -3.13851 15.3
      vertex 1.43121 -5.71834 15.3
      vertex 0.92891 -3.06221 15.3
    endloop
  endfacet
  facet normal 0 0 1
    outer loop
      vertex 1.43121 -5.71834 15.3
      vertex 0.624289 -3.13851 15.3
      vertex 0.770142 -5.84984 15.3
    endloop
  endfacet
  facet normal -0 0 1
    outer loop
      vertex 0.313654 -3.18459 15.3
      vertex 0.770142 -5.84984 15.3
      vertex 0.624289 -3.13851 15.3
    endloop
  endfacet
  facet normal 0 0 1
    outer loop
      vertex 0.313654 -3.18459 15.3
      vertex 0.237701 -5.88474 15.3
      vertex 0.770142 -5.84984 15.3
    endloop
  endfacet
  facet normal -0 0 1
    outer loop
      vertex 0 -3.2 15.3
      vertex 0.237701 -5.88474 15.3
      vertex 0.313654 -3.18459 15.3
    endloop
  endfacet
  facet normal 0 0 1
    outer loop
      vertex -0.313654 -3.18459 15.3
      vertex 0.237701 -5.88474 15.3
      vertex 0 -3.2 15.3
    endloop
  endfacet
  facet normal 0 0 1
    outer loop
      vertex -2.05919 -6.13824 15.3
      vertex 0.237701 -5.88474 15.3
      vertex -1.88547 -5.57762 15.3
    endloop
  endfacet
  facet normal 0 0 1
    outer loop
      vertex 0.237701 -5.88474 15.3
      vertex -2.05919 -6.13824 15.3
      vertex 0.214111 -6.68495 15.3
    endloop
  endfacet
  facet normal -0 0 1
    outer loop
      vertex -2.08882 -6.35384 15.3
      vertex 0.214111 -6.68495 15.3
      vertex -2.05919 -6.13824 15.3
    endloop
  endfacet
  facet normal 0 0 1
    outer loop
      vertex 0.214111 -6.68495 15.3
      vertex -2.08882 -6.35384 15.3
      vertex 0.152542 -6.8942 15.3
    endloop
  endfacet
  facet normal -0 -0 1
    outer loop
      vertex -2.08868 -6.57196 15.3
      vertex 0.152542 -6.8942 15.3
      vertex -2.08882 -6.35384 15.3
    endloop
  endfacet
  facet normal 0 0 1
    outer loop
      vertex 0.237701 -5.88474 15.3
      vertex -0.313654 -3.18459 15.3
      vertex -1.88547 -5.57762 15.3
    endloop
  endfacet
  facet normal 0 0 1
    outer loop
      vertex 0.152542 -6.8942 15.3
      vertex -2.08868 -6.57196 15.3
      vertex 0.0716858 -7.09801 15.3
    endloop
  endfacet
  facet normal -0 -0 1
    outer loop
      vertex -2.0685 -6.79031 15.3
      vertex 0.0716858 -7.09801 15.3
      vertex -2.08868 -6.57196 15.3
    endloop
  endfacet
  facet normal 0 0 1
    outer loop
      vertex -1.88547 -5.57762 15.3
      vertex -0.313654 -3.18459 15.3
      vertex -0.624289 -3.13851 15.3
    endloop
  endfacet
  facet normal 0 0 1
    outer loop
      vertex -1.88547 -5.57762 15.3
      vertex -0.624289 -3.13851 15.3
      vertex -0.92891 -3.06221 15.3
    endloop
  endfacet
  facet normal 0 0 1
    outer loop
      vertex -1.88547 -5.57762 15.3
      vertex -0.92891 -3.06221 15.3
      vertex -1.22459 -2.95641 15.3
    endloop
  endfacet
  facet normal 0 0 1
    outer loop
      vertex -2.25795 -5.45119 15.3
      vertex -1.22459 -2.95641 15.3
      vertex -1.50847 -2.82215 15.3
    endloop
  endfacet
  facet normal 0 0 1
    outer loop
      vertex 0.0716858 -7.09801 15.3
      vertex -2.0685 -6.79031 15.3
      vertex -0.0260315 -7.29861 15.3
    endloop
  endfacet
  facet normal 0 0 1
    outer loop
      vertex -2.98584 -5.086 15.3
      vertex -1.50847 -2.82215 15.3
      vertex -1.77782 -2.6607 15.3
    endloop
  endfacet
  facet normal -0 -0 1
    outer loop
      vertex -2.03127 -7.01031 15.3
      vertex -0.0260315 -7.29861 15.3
      vertex -2.0685 -6.79031 15.3
    endloop
  endfacet
  facet normal 0 0 1
    outer loop
      vertex -0.614258 -8.13181 15.3
      vertex -1.82892 -7.6779 15.3
      vertex -1.70158 -7.97546 15.3
    endloop
  endfacet
  facet normal 0 0 1
    outer loop
      vertex -2.98584 -5.086 15.3
      vertex -1.77782 -2.6607 15.3
      vertex -2.03006 -2.47363 15.3
    endloop
  endfacet
  facet normal 0 0 1
    outer loop
      vertex -1.22459 -2.95641 15.3
      vertex -2.25795 -5.45119 15.3
      vertex -1.88547 -5.57762 15.3
    endloop
  endfacet
  facet normal 0 0 1
    outer loop
      vertex -4.60648 -3.6769 15.3
      vertex -2.03006 -2.47363 15.3
      vertex -2.26274 -2.26274 15.3
    endloop
  endfacet
  facet normal 0 0 1
    outer loop
      vertex -4.60648 -3.6769 15.3
      vertex -2.26274 -2.26274 15.3
      vertex -2.47363 -2.03006 15.3
    endloop
  endfacet
  facet normal 0 0 1
    outer loop
      vertex -4.68103 -3.59187 15.3
      vertex -2.47363 -2.03006 15.3
      vertex -2.6607 -1.77782 15.3
    endloop
  endfacet
  facet normal 0 0 1
    outer loop
      vertex -5.10983 -2.95016 15.3
      vertex -2.6607 -1.77782 15.3
      vertex -2.82215 -1.50847 15.3
    endloop
  endfacet
  facet normal 0 0 1
    outer loop
      vertex -1.50847 -2.82215 15.3
      vertex -2.95016 -5.10983 15.3
      vertex -2.25795 -5.45119 15.3
    endloop
  endfacet
  facet normal 0 0 1
    outer loop
      vertex -5.25282 -2.6602 15.3
      vertex -2.82215 -1.50847 15.3
      vertex -2.95641 -1.22459 15.3
    endloop
  endfacet
  facet normal 0 0 1
    outer loop
      vertex -1.50847 -2.82215 15.3
      vertex -2.98584 -5.086 15.3
      vertex -2.95016 -5.10983 15.3
    endloop
  endfacet
  facet normal 0 0 1
    outer loop
      vertex -5.25282 -2.6602 15.3
      vertex -2.95641 -1.22459 15.3
      vertex -3.06221 -0.92891 15.3
    endloop
  endfacet
  facet normal 0 0 1
    outer loop
      vertex -5.86082 -0.602463 15.3
      vertex -3.06221 -0.92891 15.3
      vertex -3.13851 -0.624289 15.3
    endloop
  endfacet
  facet normal -0 0 1
    outer loop
      vertex -5.86082 -0.602463 15.3
      vertex -3.13851 -0.624289 15.3
      vertex -3.18459 -0.313654 15.3
    endloop
  endfacet
  facet normal 0 0 1
    outer loop
      vertex -5.86082 -0.602463 15.3
      vertex -3.18459 -0.313654 15.3
      vertex -3.2 0 15.3
    endloop
  endfacet
  facet normal 0 0 1
    outer loop
      vertex -2.03006 -2.47363 15.3
      vertex -4.60648 -3.6769 15.3
      vertex -2.98584 -5.086 15.3
    endloop
  endfacet
  facet normal 0 0 1
    outer loop
      vertex -2.95641 1.22459 15.3
      vertex -5.25282 2.6602 15.3
      vertex -3.06221 0.92891 15.3
    endloop
  endfacet
  facet normal 0 0 1
    outer loop
      vertex -5.05087 4.05052 15.3
      vertex -3.29047 5.57593 15.3
      vertex -3.43402 5.73949 15.3
    endloop
  endfacet
  facet normal 0 0 1
    outer loop
      vertex -5.86082 0.602463 15.3
      vertex -3.06221 0.92891 15.3
      vertex -5.25282 2.6602 15.3
    endloop
  endfacet
  facet normal 0 0 1
    outer loop
      vertex -5.19235 4.21588 15.3
      vertex -3.43402 5.73949 15.3
      vertex -3.59895 5.88225 15.3
    endloop
  endfacet
  facet normal 0 0 1
    outer loop
      vertex -2.98584 -5.086 15.3
      vertex -4.60648 -3.6769 15.3
      vertex -3.29047 -5.57593 15.3
    endloop
  endfacet
  facet normal 0 0 1
    outer loop
      vertex -5.31018 4.39944 15.3
      vertex -3.59895 5.88225 15.3
      vertex -3.77718 6.00998 15.3
    endloop
  endfacet
  facet normal -0 0 1
    outer loop
      vertex -5.05087 -4.05052 15.3
      vertex -3.29047 -5.57593 15.3
      vertex -4.60648 -3.6769 15.3
    endloop
  endfacet
  facet normal 0 0 1
    outer loop
      vertex -5.41125 4.59404 15.3
      vertex -3.77718 6.00998 15.3
      vertex -3.96783 6.12592 15.3
    endloop
  endfacet
  facet normal 0 0 1
    outer loop
      vertex -3.29047 -5.57593 15.3
      vertex -5.05087 -4.05052 15.3
      vertex -3.43402 -5.73949 15.3
    endloop
  endfacet
  facet normal 0 0 1
    outer loop
      vertex -5.49887 4.79926 15.3
      vertex -3.96783 6.12592 15.3
      vertex -4.16988 6.23102 15.3
    endloop
  endfacet
  facet normal -0 0 1
    outer loop
      vertex -5.19235 -4.21588 15.3
      vertex -3.43402 -5.73949 15.3
      vertex -5.05087 -4.05052 15.3
    endloop
  endfacet
  facet normal 0 0 1
    outer loop
      vertex -5.57416 5.01422 15.3
      vertex -4.16988 6.23102 15.3
      vertex -4.38245 6.32573 15.3
    endloop
  endfacet
  facet normal 0 0 1
    outer loop
      vertex -3.43402 -5.73949 15.3
      vertex -5.19235 -4.21588 15.3
      vertex -3.59895 -5.88225 15.3
    endloop
  endfacet
  facet normal 0 0 1
    outer loop
      vertex -5.63765 5.23808 15.3
      vertex -4.38245 6.32573 15.3
      vertex -4.60487 6.41016 15.3
    endloop
  endfacet
  facet normal -0 0 1
    outer loop
      vertex -5.31018 -4.39944 15.3
      vertex -3.59895 -5.88225 15.3
      vertex -5.19235 -4.21588 15.3
    endloop
  endfacet
  facet normal 0 0 1
    outer loop
      vertex -3.59895 -5.88225 15.3
      vertex -5.31018 -4.39944 15.3
      vertex -3.77718 -6.00998 15.3
    endloop
  endfacet
  facet normal 0 0 1
    outer loop
      vertex -5.68956 5.47028 15.3
      vertex -4.60487 6.41016 15.3
      vertex -4.91315 6.5088 15.3
    endloop
  endfacet
  facet normal 0 0 1
    outer loop
      vertex -3.29047 5.57593 15.3
      vertex -5.05087 4.05052 15.3
      vertex -4.60648 3.6769 15.3
    endloop
  endfacet
  facet normal 0 0 1
    outer loop
      vertex -3.43402 5.73949 15.3
      vertex -5.19235 4.21588 15.3
      vertex -5.05087 4.05052 15.3
    endloop
  endfacet
  facet normal 0 0 1
    outer loop
      vertex -3.59895 5.88225 15.3
      vertex -5.31018 4.39944 15.3
      vertex -5.19235 4.21588 15.3
    endloop
  endfacet
  facet normal 0 0 1
    outer loop
      vertex -3.77718 6.00998 15.3
      vertex -5.41125 4.59404 15.3
      vertex -5.31018 4.39944 15.3
    endloop
  endfacet
  facet normal 0 0 1
    outer loop
      vertex -3.96783 6.12592 15.3
      vertex -5.49887 4.79926 15.3
      vertex -5.41125 4.59404 15.3
    endloop
  endfacet
  facet normal 0 0 1
    outer loop
      vertex -4.16988 6.23102 15.3
      vertex -5.57416 5.01422 15.3
      vertex -5.49887 4.79926 15.3
    endloop
  endfacet
  facet normal 0 0 1
    outer loop
      vertex -4.38245 6.32573 15.3
      vertex -5.63765 5.23808 15.3
      vertex -5.57416 5.01422 15.3
    endloop
  endfacet
  facet normal 0 0 1
    outer loop
      vertex -4.60487 6.41016 15.3
      vertex -5.68956 5.47028 15.3
      vertex -5.63765 5.23808 15.3
    endloop
  endfacet
  facet normal 0 -0 1
    outer loop
      vertex -5.68956 5.47028 15.3
      vertex -4.91315 6.5088 15.3
      vertex -5.74333 5.78944 15.3
    endloop
  endfacet
  facet normal 0 0 1
    outer loop
      vertex -3.2 0 15.3
      vertex -5.90031 0 15.3
      vertex -5.86082 -0.602463 15.3
    endloop
  endfacet
  facet normal 0 0 1
    outer loop
      vertex -3.06221 0.92891 15.3
      vertex -5.86082 0.602463 15.3
      vertex -3.13851 0.624289 15.3
    endloop
  endfacet
  facet normal 0 0 1
    outer loop
      vertex -3.18459 0.313654 15.3
      vertex -5.86082 0.602463 15.3
      vertex -3.2 0 15.3
    endloop
  endfacet
  facet normal 0 0 1
    outer loop
      vertex -3.13851 0.624289 15.3
      vertex -5.86082 0.602463 15.3
      vertex -3.18459 0.313654 15.3
    endloop
  endfacet
  facet normal 0 0 1
    outer loop
      vertex -2.82215 -1.50847 15.3
      vertex -5.25282 -2.6602 15.3
      vertex -5.10983 -2.95016 15.3
    endloop
  endfacet
  facet normal 0 0 1
    outer loop
      vertex -2.6607 -1.77782 15.3
      vertex -5.10983 -2.95016 15.3
      vertex -4.68103 -3.59187 15.3
    endloop
  endfacet
  facet normal 0 0 1
    outer loop
      vertex -2.47363 -2.03006 15.3
      vertex -4.68103 -3.59187 15.3
      vertex -4.60648 -3.6769 15.3
    endloop
  endfacet
  facet normal 0 0 1
    outer loop
      vertex -5.86082 0.602463 15.3
      vertex -5.25282 2.6602 15.3
      vertex -5.7827 2.9118 15.3
    endloop
  endfacet
  facet normal 0 0 1
    outer loop
      vertex -5.90031 0 15.3
      vertex -3.2 0 15.3
      vertex -5.86082 0.602463 15.3
    endloop
  endfacet
  facet normal 0 0 1
    outer loop
      vertex -3.06221 -0.92891 15.3
      vertex -5.86082 -0.602463 15.3
      vertex -5.25282 -2.6602 15.3
    endloop
  endfacet
  facet normal 0 0 1
    outer loop
      vertex -6.43895 0.676804 15.3
      vertex -5.7827 2.9118 15.3
      vertex -5.9919 2.97179 15.3
    endloop
  endfacet
  facet normal 0 0 1
    outer loop
      vertex -6.64737 0.739426 15.3
      vertex -5.9919 2.97179 15.3
      vertex -6.20781 3.00272 15.3
    endloop
  endfacet
  facet normal 0 0 1
    outer loop
      vertex -6.84573 0.830154 15.3
      vertex -6.20781 3.00272 15.3
      vertex -6.4268 3.01382 15.3
    endloop
  endfacet
  facet normal 0 0 1
    outer loop
      vertex -5.7827 2.9118 15.3
      vertex -6.43895 0.676804 15.3
      vertex -5.86082 0.602463 15.3
    endloop
  endfacet
  facet normal 0 0 1
    outer loop
      vertex -5.9919 2.97179 15.3
      vertex -6.64737 0.739426 15.3
      vertex -6.43895 0.676804 15.3
    endloop
  endfacet
  facet normal 0 0 1
    outer loop
      vertex -7.03596 0.939194 15.3
      vertex -6.4268 3.01382 15.3
      vertex -6.64987 3.00827 15.3
    endloop
  endfacet
  facet normal 0 0 1
    outer loop
      vertex -6.20781 3.00272 15.3
      vertex -6.84573 0.830154 15.3
      vertex -6.64737 0.739426 15.3
    endloop
  endfacet
  facet normal 0 0 1
    outer loop
      vertex -7.22063 1.06447 15.3
      vertex -6.64987 3.00827 15.3
      vertex -6.87668 2.98746 15.3
    endloop
  endfacet
  facet normal 0 0 1
    outer loop
      vertex -6.4268 3.01382 15.3
      vertex -7.03596 0.939194 15.3
      vertex -6.84573 0.830154 15.3
    endloop
  endfacet
  facet normal 0 0 1
    outer loop
      vertex -7.40018 1.20461 15.3
      vertex -6.87668 2.98746 15.3
      vertex -7.1067 2.95221 15.3
    endloop
  endfacet
  facet normal 0 0 1
    outer loop
      vertex -6.64987 3.00827 15.3
      vertex -7.22063 1.06447 15.3
      vertex -7.03596 0.939194 15.3
    endloop
  endfacet
  facet normal 0 0 1
    outer loop
      vertex -7.57463 1.35861 15.3
      vertex -7.1067 2.95221 15.3
      vertex -7.33946 2.90298 15.3
    endloop
  endfacet
  facet normal 0 0 1
    outer loop
      vertex -6.87668 2.98746 15.3
      vertex -7.40018 1.20461 15.3
      vertex -7.22063 1.06447 15.3
    endloop
  endfacet
  facet normal 0 0 1
    outer loop
      vertex -7.1067 2.95221 15.3
      vertex -7.57463 1.35861 15.3
      vertex -7.40018 1.20461 15.3
    endloop
  endfacet
  facet normal 0 0 1
    outer loop
      vertex -7.74384 1.52586 15.3
      vertex -7.33946 2.90298 15.3
      vertex -7.65213 2.81929 15.3
    endloop
  endfacet
  facet normal 0 0 1
    outer loop
      vertex -7.33946 2.90298 15.3
      vertex -7.74384 1.52586 15.3
      vertex -7.57463 1.35861 15.3
    endloop
  endfacet
  facet normal 0 -0 1
    outer loop
      vertex -7.74384 1.52586 15.3
      vertex -7.65213 2.81929 15.3
      vertex -7.96161 1.7653 15.3
    endloop
  endfacet
  facet normal -0 0 1
    outer loop
      vertex -5.41125 -4.59404 15.3
      vertex -3.77718 -6.00998 15.3
      vertex -5.31018 -4.39944 15.3
    endloop
  endfacet
  facet normal 0 0 1
    outer loop
      vertex -3.77718 -6.00998 15.3
      vertex -5.41125 -4.59404 15.3
      vertex -3.96783 -6.12592 15.3
    endloop
  endfacet
  facet normal -0 0 1
    outer loop
      vertex -5.49887 -4.79926 15.3
      vertex -3.96783 -6.12592 15.3
      vertex -5.41125 -4.59404 15.3
    endloop
  endfacet
  facet normal 0 0 1
    outer loop
      vertex -3.96783 -6.12592 15.3
      vertex -5.49887 -4.79926 15.3
      vertex -4.16988 -6.23102 15.3
    endloop
  endfacet
  facet normal -0 0 1
    outer loop
      vertex -5.57416 -5.01422 15.3
      vertex -4.16988 -6.23102 15.3
      vertex -5.49887 -4.79926 15.3
    endloop
  endfacet
  facet normal 0 0 1
    outer loop
      vertex -4.16988 -6.23102 15.3
      vertex -5.57416 -5.01422 15.3
      vertex -4.38245 -6.32573 15.3
    endloop
  endfacet
  facet normal -0 0 1
    outer loop
      vertex -5.63765 -5.23808 15.3
      vertex -4.38245 -6.32573 15.3
      vertex -5.57416 -5.01422 15.3
    endloop
  endfacet
  facet normal 0 0 1
    outer loop
      vertex -4.38245 -6.32573 15.3
      vertex -5.63765 -5.23808 15.3
      vertex -4.60487 -6.41016 15.3
    endloop
  endfacet
  facet normal -0 0 1
    outer loop
      vertex -5.68956 -5.47028 15.3
      vertex -4.60487 -6.41016 15.3
      vertex -5.63765 -5.23808 15.3
    endloop
  endfacet
  facet normal 0 0 1
    outer loop
      vertex -4.60487 -6.41016 15.3
      vertex -5.68956 -5.47028 15.3
      vertex -4.91315 -6.5088 15.3
    endloop
  endfacet
  facet normal 0 0 1
    outer loop
      vertex -4.91315 -6.5088 15.3
      vertex -5.68956 -5.47028 15.3
      vertex -5.74333 -5.78944 15.3
    endloop
  endfacet
  facet normal 0 0 1
    outer loop
      vertex -5.25282 -2.6602 15.3
      vertex -5.86082 -0.602463 15.3
      vertex -5.7827 -2.9118 15.3
    endloop
  endfacet
  facet normal -0 0 1
    outer loop
      vertex -6.43895 -0.676804 15.3
      vertex -5.7827 -2.9118 15.3
      vertex -5.86082 -0.602463 15.3
    endloop
  endfacet
  facet normal 0 0 1
    outer loop
      vertex -5.7827 -2.9118 15.3
      vertex -6.43895 -0.676804 15.3
      vertex -5.9919 -2.97179 15.3
    endloop
  endfacet
  facet normal -0 0 1
    outer loop
      vertex -6.64737 -0.739426 15.3
      vertex -5.9919 -2.97179 15.3
      vertex -6.43895 -0.676804 15.3
    endloop
  endfacet
  facet normal 0 0 1
    outer loop
      vertex -5.9919 -2.97179 15.3
      vertex -6.64737 -0.739426 15.3
      vertex -6.20781 -3.00272 15.3
    endloop
  endfacet
  facet normal -0 0 1
    outer loop
      vertex -6.84573 -0.830154 15.3
      vertex -6.20781 -3.00272 15.3
      vertex -6.64737 -0.739426 15.3
    endloop
  endfacet
  facet normal 0 0 1
    outer loop
      vertex -6.20781 -3.00272 15.3
      vertex -6.84573 -0.830154 15.3
      vertex -6.4268 -3.01382 15.3
    endloop
  endfacet
  facet normal -0 0 1
    outer loop
      vertex -7.03596 -0.939194 15.3
      vertex -6.4268 -3.01382 15.3
      vertex -6.84573 -0.830154 15.3
    endloop
  endfacet
  facet normal 0 0 1
    outer loop
      vertex -6.4268 -3.01382 15.3
      vertex -7.03596 -0.939194 15.3
      vertex -6.64987 -3.00827 15.3
    endloop
  endfacet
  facet normal -0 0 1
    outer loop
      vertex -7.22063 -1.06447 15.3
      vertex -6.64987 -3.00827 15.3
      vertex -7.03596 -0.939194 15.3
    endloop
  endfacet
  facet normal 0 0 1
    outer loop
      vertex -6.64987 -3.00827 15.3
      vertex -7.22063 -1.06447 15.3
      vertex -6.87668 -2.98746 15.3
    endloop
  endfacet
  facet normal -0 0 1
    outer loop
      vertex -7.40018 -1.20461 15.3
      vertex -6.87668 -2.98746 15.3
      vertex -7.22063 -1.06447 15.3
    endloop
  endfacet
  facet normal 0 0 1
    outer loop
      vertex -6.87668 -2.98746 15.3
      vertex -7.40018 -1.20461 15.3
      vertex -7.1067 -2.95221 15.3
    endloop
  endfacet
  facet normal -0 0 1
    outer loop
      vertex -7.57463 -1.35861 15.3
      vertex -7.1067 -2.95221 15.3
      vertex -7.40018 -1.20461 15.3
    endloop
  endfacet
  facet normal 0 0 1
    outer loop
      vertex -7.1067 -2.95221 15.3
      vertex -7.57463 -1.35861 15.3
      vertex -7.33946 -2.90298 15.3
    endloop
  endfacet
  facet normal -0 0 1
    outer loop
      vertex -7.74384 -1.52586 15.3
      vertex -7.33946 -2.90298 15.3
      vertex -7.57463 -1.35861 15.3
    endloop
  endfacet
  facet normal 0 0 1
    outer loop
      vertex -7.33946 -2.90298 15.3
      vertex -7.74384 -1.52586 15.3
      vertex -7.65213 -2.81929 15.3
    endloop
  endfacet
  facet normal 0 0 1
    outer loop
      vertex -7.65213 -2.81929 15.3
      vertex -7.74384 -1.52586 15.3
      vertex -7.96161 -1.7653 15.3
    endloop
  endfacet
  facet normal 0 0 1
    outer loop
      vertex -0.2668 7.69089 15.3
      vertex -1.91077 7.45451 15.3
      vertex -1.97839 7.23184 15.3
    endloop
  endfacet
  facet normal 0 0 1
    outer loop
      vertex -0.139175 7.49628 15.3
      vertex -1.97839 7.23184 15.3
      vertex -2.03127 7.01031 15.3
    endloop
  endfacet
  facet normal 0 0 1
    outer loop
      vertex -0.0260315 7.29861 15.3
      vertex -2.03127 7.01031 15.3
      vertex -2.0685 6.79031 15.3
    endloop
  endfacet
  facet normal 0 0 1
    outer loop
      vertex 0.0716858 7.09801 15.3
      vertex -2.0685 6.79031 15.3
      vertex -2.08868 6.57196 15.3
    endloop
  endfacet
  facet normal 0 0 1
    outer loop
      vertex 0.237701 5.88474 15.3
      vertex -2.05919 6.13824 15.3
      vertex -1.88547 5.57762 15.3
    endloop
  endfacet
  facet normal 0 0 1
    outer loop
      vertex 0.152542 6.8942 15.3
      vertex -2.08868 6.57196 15.3
      vertex -2.08882 6.35384 15.3
    endloop
  endfacet
  facet normal 0 0 1
    outer loop
      vertex 0.214111 6.68495 15.3
      vertex -2.08882 6.35384 15.3
      vertex -2.05919 6.13824 15.3
    endloop
  endfacet
  facet normal 0 0 1
    outer loop
      vertex 0.246429 -6.46973 15.3
      vertex 0.237701 -5.88474 15.3
      vertex 0.214111 -6.68495 15.3
    endloop
  endfacet
  facet normal 0 0 1
    outer loop
      vertex -0.408279 -7.88216 15.3
      vertex -1.82892 -7.6779 15.3
      vertex -0.614258 -8.13181 15.3
    endloop
  endfacet
  facet normal -0 -0 1
    outer loop
      vertex -1.82892 -7.6779 15.3
      vertex -0.408279 -7.88216 15.3
      vertex -1.91077 -7.45451 15.3
    endloop
  endfacet
  facet normal 0 0 1
    outer loop
      vertex -0.2668 -7.69089 15.3
      vertex -1.91077 -7.45451 15.3
      vertex -0.408279 -7.88216 15.3
    endloop
  endfacet
  facet normal -0 -0 1
    outer loop
      vertex -1.97839 -7.23184 15.3
      vertex -0.139175 -7.49628 15.3
      vertex -2.03127 -7.01031 15.3
    endloop
  endfacet
  facet normal -0 -0 1
    outer loop
      vertex -1.91077 -7.45451 15.3
      vertex -0.2668 -7.69089 15.3
      vertex -1.97839 -7.23184 15.3
    endloop
  endfacet
  facet normal 0 0 1
    outer loop
      vertex -0.139175 -7.49628 15.3
      vertex -1.97839 -7.23184 15.3
      vertex -0.2668 -7.69089 15.3
    endloop
  endfacet
  facet normal 0 0 1
    outer loop
      vertex -0.0260315 -7.29861 15.3
      vertex -2.03127 -7.01031 15.3
      vertex -0.139175 -7.49628 15.3
    endloop
  endfacet
  facet normal -0.803964 0.594678 0
    outer loop
      vertex -0.408279 -7.88216 15.3
      vertex -0.2668 -7.69089 20.6
      vertex -0.2668 -7.69089 15.3
    endloop
  endfacet
  facet normal -0.803964 0.594678 0
    outer loop
      vertex -0.2668 -7.69089 20.6
      vertex -0.408279 -7.88216 15.3
      vertex -0.408279 -7.88216 20.6
    endloop
  endfacet
  facet normal -0.836221 0.548393 0
    outer loop
      vertex -0.2668 -7.69089 15.3
      vertex -0.139175 -7.49628 20.6
      vertex -0.139175 -7.49628 15.3
    endloop
  endfacet
  facet normal -0.836221 0.548393 0
    outer loop
      vertex -0.139175 -7.49628 20.6
      vertex -0.2668 -7.69089 15.3
      vertex -0.2668 -7.69089 20.6
    endloop
  endfacet
  facet normal -0.867885 0.496765 0
    outer loop
      vertex -0.139175 -7.49628 15.3
      vertex -0.0260315 -7.29861 20.6
      vertex -0.0260315 -7.29861 15.3
    endloop
  endfacet
  facet normal -0.867885 0.496765 0
    outer loop
      vertex -0.0260315 -7.29861 20.6
      vertex -0.139175 -7.49628 15.3
      vertex -0.139175 -7.49628 20.6
    endloop
  endfacet
  facet normal -0.899009 0.43793 0
    outer loop
      vertex -0.0260315 -7.29861 15.3
      vertex 0.0716858 -7.09801 20.6
      vertex 0.0716858 -7.09801 15.3
    endloop
  endfacet
  facet normal -0.899009 0.43793 0
    outer loop
      vertex 0.0716858 -7.09801 20.6
      vertex -0.0260315 -7.29861 15.3
      vertex -0.0260315 -7.29861 20.6
    endloop
  endfacet
  facet normal -0.929523 0.368764 0
    outer loop
      vertex 0.0716858 -7.09801 15.3
      vertex 0.152542 -6.8942 20.6
      vertex 0.152542 -6.8942 15.3
    endloop
  endfacet
  facet normal -0.929523 0.368764 0
    outer loop
      vertex 0.152542 -6.8942 20.6
      vertex 0.0716858 -7.09801 15.3
      vertex 0.0716858 -7.09801 20.6
    endloop
  endfacet
  facet normal -0.959335 0.282271 0
    outer loop
      vertex 0.152542 -6.8942 15.3
      vertex 0.214111 -6.68495 20.6
      vertex 0.214111 -6.68495 15.3
    endloop
  endfacet
  facet normal -0.959335 0.282271 0
    outer loop
      vertex 0.214111 -6.68495 20.6
      vertex 0.152542 -6.8942 15.3
      vertex 0.152542 -6.8942 20.6
    endloop
  endfacet
  facet normal -0.988913 0.148498 0
    outer loop
      vertex 0.214111 -6.68495 15.3
      vertex 0.246429 -6.46973 20.6
      vertex 0.246429 -6.46973 15.3
    endloop
  endfacet
  facet normal -0.988913 0.148498 0
    outer loop
      vertex 0.246429 -6.46973 20.6
      vertex 0.214111 -6.68495 15.3
      vertex 0.214111 -6.68495 20.6
    endloop
  endfacet
  facet normal -0.999889 -0.0149183 0
    outer loop
      vertex 0.246429 -6.46973 15.3
      vertex 0.237701 -5.88474 20.6
      vertex 0.237701 -5.88474 15.3
    endloop
  endfacet
  facet normal -0.999889 -0.0149183 0
    outer loop
      vertex 0.237701 -5.88474 20.6
      vertex 0.246429 -6.46973 15.3
      vertex 0.246429 -6.46973 20.6
    endloop
  endfacet
  facet normal -0.0654068 0.997859 0
    outer loop
      vertex 0.770142 -5.84984 15.3
      vertex 0.237701 -5.88474 20.6
      vertex 0.770142 -5.84984 20.6
    endloop
  endfacet
  facet normal -0.0654068 0.997859 0
    outer loop
      vertex 0.237701 -5.88474 20.6
      vertex 0.770142 -5.84984 15.3
      vertex 0.237701 -5.88474 15.3
    endloop
  endfacet
  facet normal -0.195098 0.980784 0
    outer loop
      vertex 1.43121 -5.71834 15.3
      vertex 0.770142 -5.84984 20.6
      vertex 1.43121 -5.71834 20.6
    endloop
  endfacet
  facet normal -0.195098 0.980784 0
    outer loop
      vertex 0.770142 -5.84984 20.6
      vertex 1.43121 -5.71834 15.3
      vertex 0.770142 -5.84984 15.3
    endloop
  endfacet
  facet normal 0.963585 0.267402 0
    outer loop
      vertex 1.58627 -6.2771 20.6
      vertex 1.43121 -5.71834 15.3
      vertex 1.43121 -5.71834 20.6
    endloop
  endfacet
  facet normal 0.963585 0.267402 0
    outer loop
      vertex 1.43121 -5.71834 15.3
      vertex 1.58627 -6.2771 20.6
      vertex 1.58627 -6.2771 15.3
    endloop
  endfacet
  facet normal 0.907036 0.421053 0
    outer loop
      vertex 1.6779 -6.47449 20.6
      vertex 1.58627 -6.2771 15.3
      vertex 1.58627 -6.2771 20.6
    endloop
  endfacet
  facet normal 0.907036 0.421053 0
    outer loop
      vertex 1.58627 -6.2771 15.3
      vertex 1.6779 -6.47449 20.6
      vertex 1.6779 -6.47449 15.3
    endloop
  endfacet
  facet normal 0.84094 0.541128 0
    outer loop
      vertex 1.79594 -6.65793 20.6
      vertex 1.6779 -6.47449 15.3
      vertex 1.6779 -6.47449 20.6
    endloop
  endfacet
  facet normal 0.84094 0.541128 0
    outer loop
      vertex 1.6779 -6.47449 15.3
      vertex 1.79594 -6.65793 20.6
      vertex 1.79594 -6.65793 15.3
    endloop
  endfacet
  facet normal 0.787889 0.615817 0
    outer loop
      vertex 1.93097 -6.83069 20.6
      vertex 1.79594 -6.65793 15.3
      vertex 1.79594 -6.65793 20.6
    endloop
  endfacet
  facet normal 0.787889 0.615817 0
    outer loop
      vertex 1.79594 -6.65793 15.3
      vertex 1.93097 -6.83069 20.6
      vertex 1.93097 -6.83069 15.3
    endloop
  endfacet
  facet normal 0.739236 0.673446 0
    outer loop
      vertex 2.08124 -6.99564 20.6
      vertex 1.93097 -6.83069 15.3
      vertex 1.93097 -6.83069 20.6
    endloop
  endfacet
  facet normal 0.739236 0.673446 0
    outer loop
      vertex 1.93097 -6.83069 15.3
      vertex 2.08124 -6.99564 20.6
      vertex 2.08124 -6.99564 15.3
    endloop
  endfacet
  facet normal 0.692761 0.721167 -0
    outer loop
      vertex 2.2455 -7.15343 15.3
      vertex 2.08124 -6.99564 20.6
      vertex 2.2455 -7.15343 20.6
    endloop
  endfacet
  facet normal 0.692761 0.721167 0
    outer loop
      vertex 2.08124 -6.99564 20.6
      vertex 2.2455 -7.15343 15.3
      vertex 2.08124 -6.99564 15.3
    endloop
  endfacet
  facet normal 0.647803 0.761808 -0
    outer loop
      vertex 2.42278 -7.30418 15.3
      vertex 2.2455 -7.15343 20.6
      vertex 2.42278 -7.30418 20.6
    endloop
  endfacet
  facet normal 0.647803 0.761808 0
    outer loop
      vertex 2.2455 -7.15343 20.6
      vertex 2.42278 -7.30418 15.3
      vertex 2.2455 -7.15343 15.3
    endloop
  endfacet
  facet normal 0.603914 0.79705 -0
    outer loop
      vertex 2.61241 -7.44786 15.3
      vertex 2.42278 -7.30418 20.6
      vertex 2.61241 -7.44786 20.6
    endloop
  endfacet
  facet normal 0.603914 0.79705 0
    outer loop
      vertex 2.42278 -7.30418 20.6
      vertex 2.61241 -7.44786 15.3
      vertex 2.42278 -7.30418 15.3
    endloop
  endfacet
  facet normal 0.560753 0.827983 -0
    outer loop
      vertex 2.88039 -7.62935 15.3
      vertex 2.61241 -7.44786 20.6
      vertex 2.88039 -7.62935 20.6
    endloop
  endfacet
  facet normal 0.560753 0.827983 0
    outer loop
      vertex 2.61241 -7.44786 20.6
      vertex 2.88039 -7.62935 15.3
      vertex 2.61241 -7.44786 15.3
    endloop
  endfacet
  facet normal -0.415416 0.909631 0
    outer loop
      vertex 3.87961 -7.17302 15.3
      vertex 2.88039 -7.62935 20.6
      vertex 3.87961 -7.17302 20.6
    endloop
  endfacet
  facet normal -0.415416 0.909631 0
    outer loop
      vertex 2.88039 -7.62935 20.6
      vertex 3.87961 -7.17302 15.3
      vertex 2.88039 -7.62935 15.3
    endloop
  endfacet
  facet normal -0.99296 0.118451 0
    outer loop
      vertex 3.87961 -7.17302 15.3
      vertex 3.91795 -6.85162 20.6
      vertex 3.91795 -6.85162 15.3
    endloop
  endfacet
  facet normal -0.99296 0.118451 0
    outer loop
      vertex 3.91795 -6.85162 20.6
      vertex 3.87961 -7.17302 15.3
      vertex 3.87961 -7.17302 20.6
    endloop
  endfacet
  facet normal -0.997848 0.0655732 0
    outer loop
      vertex 3.91795 -6.85162 15.3
      vertex 3.93355 -6.61423 20.6
      vertex 3.93355 -6.61423 15.3
    endloop
  endfacet
  facet normal -0.997848 0.0655732 0
    outer loop
      vertex 3.93355 -6.61423 20.6
      vertex 3.91795 -6.85162 15.3
      vertex 3.91795 -6.85162 20.6
    endloop
  endfacet
  facet normal -0.999957 0.00923857 0
    outer loop
      vertex 3.93355 -6.61423 15.3
      vertex 3.9357 -6.38152 20.6
      vertex 3.9357 -6.38152 15.3
    endloop
  endfacet
  facet normal -0.999957 0.00923857 0
    outer loop
      vertex 3.9357 -6.38152 20.6
      vertex 3.93355 -6.61423 15.3
      vertex 3.93355 -6.61423 20.6
    endloop
  endfacet
  facet normal -0.998686 -0.0512406 0
    outer loop
      vertex 3.9357 -6.38152 15.3
      vertex 3.92403 -6.15407 20.6
      vertex 3.92403 -6.15407 15.3
    endloop
  endfacet
  facet normal -0.998686 -0.0512406 0
    outer loop
      vertex 3.92403 -6.15407 20.6
      vertex 3.9357 -6.38152 15.3
      vertex 3.9357 -6.38152 20.6
    endloop
  endfacet
  facet normal -0.993051 -0.117684 0
    outer loop
      vertex 3.92403 -6.15407 15.3
      vertex 3.89777 -5.93248 20.6
      vertex 3.89777 -5.93248 15.3
    endloop
  endfacet
  facet normal -0.993051 -0.117684 0
    outer loop
      vertex 3.89777 -5.93248 20.6
      vertex 3.92403 -6.15407 15.3
      vertex 3.92403 -6.15407 20.6
    endloop
  endfacet
  facet normal -0.981341 -0.192273 0
    outer loop
      vertex 3.89777 -5.93248 15.3
      vertex 3.85561 -5.7173 20.6
      vertex 3.85561 -5.7173 15.3
    endloop
  endfacet
  facet normal -0.981341 -0.192273 0
    outer loop
      vertex 3.85561 -5.7173 20.6
      vertex 3.89777 -5.93248 15.3
      vertex 3.89777 -5.93248 20.6
    endloop
  endfacet
  facet normal -0.95966 -0.281163 0
    outer loop
      vertex 3.85561 -5.7173 15.3
      vertex 3.79428 -5.50797 20.6
      vertex 3.79428 -5.50797 15.3
    endloop
  endfacet
  facet normal -0.95966 -0.281163 0
    outer loop
      vertex 3.79428 -5.50797 20.6
      vertex 3.85561 -5.7173 15.3
      vertex 3.85561 -5.7173 20.6
    endloop
  endfacet
  facet normal -0.91222 -0.4097 0
    outer loop
      vertex 3.79428 -5.50797 15.3
      vertex 3.70512 -5.30945 20.6
      vertex 3.70512 -5.30945 15.3
    endloop
  endfacet
  facet normal -0.91222 -0.4097 0
    outer loop
      vertex 3.70512 -5.30945 20.6
      vertex 3.79428 -5.50797 15.3
      vertex 3.79428 -5.50797 20.6
    endloop
  endfacet
  facet normal -0.83311 -0.553107 0
    outer loop
      vertex 3.70512 -5.30945 15.3
      vertex 3.38132 -4.82173 20.6
      vertex 3.38132 -4.82173 15.3
    endloop
  endfacet
  facet normal -0.83311 -0.553107 0
    outer loop
      vertex 3.38132 -4.82173 20.6
      vertex 3.70512 -5.30945 15.3
      vertex 3.70512 -5.30945 20.6
    endloop
  endfacet
  facet normal -0.555611 0.831442 0
    outer loop
      vertex 3.59187 -4.68103 15.3
      vertex 3.38132 -4.82173 20.6
      vertex 3.59187 -4.68103 20.6
    endloop
  endfacet
  facet normal -0.555611 0.831442 0
    outer loop
      vertex 3.38132 -4.82173 20.6
      vertex 3.59187 -4.68103 15.3
      vertex 3.38132 -4.82173 15.3
    endloop
  endfacet
  facet normal -0.659337 0.751847 0
    outer loop
      vertex 4.17215 -4.17215 15.3
      vertex 3.59187 -4.68103 20.6
      vertex 4.17215 -4.17215 20.6
    endloop
  endfacet
  facet normal -0.659337 0.751847 0
    outer loop
      vertex 3.59187 -4.68103 20.6
      vertex 4.17215 -4.17215 15.3
      vertex 3.59187 -4.68103 15.3
    endloop
  endfacet
  facet normal -0.751883 0.659297 0
    outer loop
      vertex 4.17215 -4.17215 15.3
      vertex 4.29292 -4.03442 20.6
      vertex 4.29292 -4.03442 15.3
    endloop
  endfacet
  facet normal -0.751883 0.659297 0
    outer loop
      vertex 4.29292 -4.03442 20.6
      vertex 4.17215 -4.17215 15.3
      vertex 4.17215 -4.17215 20.6
    endloop
  endfacet
  facet normal 0.666053 0.745905 -0
    outer loop
      vertex 4.72812 -4.42303 15.3
      vertex 4.29292 -4.03442 20.6
      vertex 4.72812 -4.42303 20.6
    endloop
  endfacet
  facet normal 0.666053 0.745905 0
    outer loop
      vertex 4.29292 -4.03442 20.6
      vertex 4.72812 -4.42303 15.3
      vertex 4.29292 -4.03442 15.3
    endloop
  endfacet
  facet normal 0.535346 0.844633 -0
    outer loop
      vertex 4.91191 -4.53952 15.3
      vertex 4.72812 -4.42303 20.6
      vertex 4.91191 -4.53952 20.6
    endloop
  endfacet
  facet normal 0.535346 0.844633 0
    outer loop
      vertex 4.72812 -4.42303 20.6
      vertex 4.91191 -4.53952 15.3
      vertex 4.72812 -4.42303 15.3
    endloop
  endfacet
  facet normal 0.414891 0.909871 -0
    outer loop
      vertex 5.11038 -4.63002 15.3
      vertex 4.91191 -4.53952 20.6
      vertex 5.11038 -4.63002 20.6
    endloop
  endfacet
  facet normal 0.414891 0.909871 0
    outer loop
      vertex 4.91191 -4.53952 20.6
      vertex 5.11038 -4.63002 15.3
      vertex 4.91191 -4.53952 15.3
    endloop
  endfacet
  facet normal 0.329903 0.944015 -0
    outer loop
      vertex 5.31738 -4.70236 15.3
      vertex 5.11038 -4.63002 20.6
      vertex 5.31738 -4.70236 20.6
    endloop
  endfacet
  facet normal 0.329903 0.944015 0
    outer loop
      vertex 5.11038 -4.63002 20.6
      vertex 5.31738 -4.70236 15.3
      vertex 5.11038 -4.63002 15.3
    endloop
  endfacet
  facet normal 0.257869 0.96618 -0
    outer loop
      vertex 5.53297 -4.7599 15.3
      vertex 5.31738 -4.70236 20.6
      vertex 5.53297 -4.7599 20.6
    endloop
  endfacet
  facet normal 0.257869 0.96618 0
    outer loop
      vertex 5.31738 -4.70236 20.6
      vertex 5.53297 -4.7599 15.3
      vertex 5.31738 -4.70236 15.3
    endloop
  endfacet
  facet normal 0.192839 0.98123 -0
    outer loop
      vertex 5.75645 -4.80382 15.3
      vertex 5.53297 -4.7599 20.6
      vertex 5.75645 -4.80382 20.6
    endloop
  endfacet
  facet normal 0.192839 0.98123 0
    outer loop
      vertex 5.53297 -4.7599 20.6
      vertex 5.75645 -4.80382 15.3
      vertex 5.53297 -4.7599 15.3
    endloop
  endfacet
  facet normal 0.133199 0.991089 -0
    outer loop
      vertex 5.98711 -4.83482 15.3
      vertex 5.75645 -4.80382 20.6
      vertex 5.98711 -4.83482 20.6
    endloop
  endfacet
  facet normal 0.133199 0.991089 0
    outer loop
      vertex 5.75645 -4.80382 20.6
      vertex 5.98711 -4.83482 15.3
      vertex 5.75645 -4.80382 15.3
    endloop
  endfacet
  facet normal 0.0770501 0.997027 -0
    outer loop
      vertex 6.2243 -4.85315 15.3
      vertex 5.98711 -4.83482 20.6
      vertex 6.2243 -4.85315 20.6
    endloop
  endfacet
  facet normal 0.0770501 0.997027 0
    outer loop
      vertex 5.98711 -4.83482 20.6
      vertex 6.2243 -4.85315 15.3
      vertex 5.98711 -4.83482 15.3
    endloop
  endfacet
  facet normal 0.0241299 0.999709 -0
    outer loop
      vertex 6.54787 -4.86096 15.3
      vertex 6.2243 -4.85315 20.6
      vertex 6.54787 -4.86096 20.6
    endloop
  endfacet
  facet normal 0.0241299 0.999709 0
    outer loop
      vertex 6.2243 -4.85315 20.6
      vertex 6.54787 -4.86096 15.3
      vertex 6.2243 -4.85315 15.3
    endloop
  endfacet
  facet normal -0.841252 0.540643 0
    outer loop
      vertex 6.54787 -4.86096 15.3
      vertex 7.14177 -3.93684 20.6
      vertex 7.14177 -3.93684 15.3
    endloop
  endfacet
  facet normal -0.841252 0.540643 0
    outer loop
      vertex 7.14177 -3.93684 20.6
      vertex 6.54787 -4.86096 15.3
      vertex 6.54787 -4.86096 20.6
    endloop
  endfacet
  facet normal -0.899358 -0.437212 0
    outer loop
      vertex 7.14177 -3.93684 15.3
      vertex 7.00026 -3.64575 20.6
      vertex 7.00026 -3.64575 15.3
    endloop
  endfacet
  facet normal -0.899358 -0.437212 0
    outer loop
      vertex 7.00026 -3.64575 20.6
      vertex 7.14177 -3.93684 15.3
      vertex 7.14177 -3.93684 20.6
    endloop
  endfacet
  facet normal -0.874876 -0.484347 0
    outer loop
      vertex 7.00026 -3.64575 15.3
      vertex 6.88503 -3.43761 20.6
      vertex 6.88503 -3.43761 15.3
    endloop
  endfacet
  facet normal -0.874876 -0.484347 0
    outer loop
      vertex 6.88503 -3.43761 20.6
      vertex 7.00026 -3.64575 15.3
      vertex 7.00026 -3.64575 20.6
    endloop
  endfacet
  facet normal -0.846219 -0.532835 0
    outer loop
      vertex 6.88503 -3.43761 15.3
      vertex 6.76103 -3.24068 20.6
      vertex 6.76103 -3.24068 15.3
    endloop
  endfacet
  facet normal -0.846219 -0.532835 0
    outer loop
      vertex 6.76103 -3.24068 20.6
      vertex 6.88503 -3.43761 15.3
      vertex 6.88503 -3.43761 20.6
    endloop
  endfacet
  facet normal -0.812483 -0.582985 0
    outer loop
      vertex 6.76103 -3.24068 15.3
      vertex 6.62825 -3.05563 20.6
      vertex 6.62825 -3.05563 15.3
    endloop
  endfacet
  facet normal -0.812483 -0.582985 0
    outer loop
      vertex 6.62825 -3.05563 20.6
      vertex 6.76103 -3.24068 15.3
      vertex 6.76103 -3.24068 20.6
    endloop
  endfacet
  facet normal -0.771776 -0.635894 0
    outer loop
      vertex 6.62825 -3.05563 15.3
      vertex 6.48636 -2.88342 20.6
      vertex 6.48636 -2.88342 15.3
    endloop
  endfacet
  facet normal -0.771776 -0.635894 0
    outer loop
      vertex 6.48636 -2.88342 20.6
      vertex 6.62825 -3.05563 15.3
      vertex 6.62825 -3.05563 20.6
    endloop
  endfacet
  facet normal -0.721661 -0.692247 0
    outer loop
      vertex 6.48636 -2.88342 15.3
      vertex 6.33456 -2.72517 20.6
      vertex 6.33456 -2.72517 15.3
    endloop
  endfacet
  facet normal -0.721661 -0.692247 0
    outer loop
      vertex 6.33456 -2.72517 20.6
      vertex 6.48636 -2.88342 15.3
      vertex 6.48636 -2.88342 20.6
    endloop
  endfacet
  facet normal -0.655246 -0.755415 0
    outer loop
      vertex 6.16978 -2.58224 15.3
      vertex 6.33456 -2.72517 20.6
      vertex 6.16978 -2.58224 20.6
    endloop
  endfacet
  facet normal -0.655246 -0.755415 -0
    outer loop
      vertex 6.33456 -2.72517 20.6
      vertex 6.16978 -2.58224 15.3
      vertex 6.33456 -2.72517 15.3
    endloop
  endfacet
  facet normal -0.545867 -0.837872 0
    outer loop
      vertex 5.98746 -2.46346 15.3
      vertex 6.16978 -2.58224 20.6
      vertex 5.98746 -2.46346 20.6
    endloop
  endfacet
  facet normal -0.545867 -0.837872 -0
    outer loop
      vertex 6.16978 -2.58224 20.6
      vertex 5.98746 -2.46346 15.3
      vertex 6.16978 -2.58224 15.3
    endloop
  endfacet
  facet normal -0.401841 -0.915709 0
    outer loop
      vertex 5.45999 -2.23199 15.3
      vertex 5.98746 -2.46346 20.6
      vertex 5.45999 -2.23199 20.6
    endloop
  endfacet
  facet normal -0.401841 -0.915709 -0
    outer loop
      vertex 5.98746 -2.46346 20.6
      vertex 5.45999 -2.23199 15.3
      vertex 5.98746 -2.46346 15.3
    endloop
  endfacet
  facet normal -0.946932 0.321434 0
    outer loop
      vertex 5.45999 -2.23199 15.3
      vertex 5.69926 -1.52711 20.6
      vertex 5.69926 -1.52711 15.3
    endloop
  endfacet
  facet normal -0.946932 0.321434 0
    outer loop
      vertex 5.69926 -1.52711 20.6
      vertex 5.45999 -2.23199 15.3
      vertex 5.45999 -2.23199 20.6
    endloop
  endfacet
  facet normal -0.980787 0.195083 0
    outer loop
      vertex 5.69926 -1.52711 15.3
      vertex 5.78967 -1.07257 20.6
      vertex 5.78967 -1.07257 15.3
    endloop
  endfacet
  facet normal -0.980787 0.195083 0
    outer loop
      vertex 5.78967 -1.07257 20.6
      vertex 5.69926 -1.52711 15.3
      vertex 5.69926 -1.52711 20.6
    endloop
  endfacet
  facet normal 0.157053 0.98759 -0
    outer loop
      vertex 6.36882 -1.16467 15.3
      vertex 5.78967 -1.07257 20.6
      vertex 6.36882 -1.16467 20.6
    endloop
  endfacet
  facet normal 0.157053 0.98759 0
    outer loop
      vertex 5.78967 -1.07257 20.6
      vertex 6.36882 -1.16467 15.3
      vertex 5.78967 -1.07257 15.3
    endloop
  endfacet
  facet normal -0.0062493 0.99998 0
    outer loop
      vertex 6.58644 -1.16331 15.3
      vertex 6.36882 -1.16467 20.6
      vertex 6.58644 -1.16331 20.6
    endloop
  endfacet
  facet normal -0.0062493 0.99998 0
    outer loop
      vertex 6.36882 -1.16467 20.6
      vertex 6.58644 -1.16331 15.3
      vertex 6.36882 -1.16467 15.3
    endloop
  endfacet
  facet normal -0.142904 0.989737 0
    outer loop
      vertex 6.80232 -1.13214 15.3
      vertex 6.58644 -1.16331 20.6
      vertex 6.80232 -1.13214 20.6
    endloop
  endfacet
  facet normal -0.142904 0.989737 0
    outer loop
      vertex 6.58644 -1.16331 20.6
      vertex 6.80232 -1.13214 15.3
      vertex 6.58644 -1.16331 15.3
    endloop
  endfacet
  facet normal -0.232759 0.972534 0
    outer loop
      vertex 7.01558 -1.0811 15.3
      vertex 6.80232 -1.13214 20.6
      vertex 7.01558 -1.0811 20.6
    endloop
  endfacet
  facet normal -0.232759 0.972534 0
    outer loop
      vertex 6.80232 -1.13214 20.6
      vertex 7.01558 -1.0811 15.3
      vertex 6.80232 -1.13214 15.3
    endloop
  endfacet
  facet normal -0.305559 0.952173 0
    outer loop
      vertex 7.22804 -1.01292 15.3
      vertex 7.01558 -1.0811 20.6
      vertex 7.22804 -1.01292 20.6
    endloop
  endfacet
  facet normal -0.305559 0.952173 0
    outer loop
      vertex 7.01558 -1.0811 20.6
      vertex 7.22804 -1.01292 15.3
      vertex 7.01558 -1.0811 15.3
    endloop
  endfacet
  facet normal -0.368186 0.929752 0
    outer loop
      vertex 7.4398 -0.929062 15.3
      vertex 7.22804 -1.01292 20.6
      vertex 7.4398 -0.929062 20.6
    endloop
  endfacet
  facet normal -0.368186 0.929752 0
    outer loop
      vertex 7.22804 -1.01292 20.6
      vertex 7.4398 -0.929062 15.3
      vertex 7.22804 -1.01292 15.3
    endloop
  endfacet
  facet normal -0.423851 0.905732 0
    outer loop
      vertex 7.65057 -0.830429 15.3
      vertex 7.4398 -0.929062 20.6
      vertex 7.65057 -0.830429 20.6
    endloop
  endfacet
  facet normal -0.423851 0.905732 0
    outer loop
      vertex 7.4398 -0.929062 20.6
      vertex 7.65057 -0.830429 15.3
      vertex 7.4398 -0.929062 15.3
    endloop
  endfacet
  facet normal -0.474136 0.880452 0
    outer loop
      vertex 7.86005 -0.717621 15.3
      vertex 7.65057 -0.830429 20.6
      vertex 7.86005 -0.717621 20.6
    endloop
  endfacet
  facet normal -0.474136 0.880452 0
    outer loop
      vertex 7.65057 -0.830429 20.6
      vertex 7.86005 -0.717621 15.3
      vertex 7.65057 -0.830429 15.3
    endloop
  endfacet
  facet normal -0.520209 0.854039 0
    outer loop
      vertex 8.13646 -0.549255 15.3
      vertex 7.86005 -0.717621 20.6
      vertex 8.13646 -0.549255 20.6
    endloop
  endfacet
  facet normal -0.520209 0.854039 0
    outer loop
      vertex 7.86005 -0.717621 20.6
      vertex 8.13646 -0.549255 15.3
      vertex 7.86005 -0.717621 15.3
    endloop
  endfacet
  facet normal -1 0 0
    outer loop
      vertex 8.13646 -0.549255 15.3
      vertex 8.13646 0.549255 20.6
      vertex 8.13646 0.549255 15.3
    endloop
  endfacet
  facet normal -1 -0 0
    outer loop
      vertex 8.13646 0.549255 20.6
      vertex 8.13646 -0.549255 15.3
      vertex 8.13646 -0.549255 20.6
    endloop
  endfacet
  facet normal -0.520209 -0.854039 0
    outer loop
      vertex 7.86005 0.717621 15.3
      vertex 8.13646 0.549255 20.6
      vertex 7.86005 0.717621 20.6
    endloop
  endfacet
  facet normal -0.520209 -0.854039 -0
    outer loop
      vertex 8.13646 0.549255 20.6
      vertex 7.86005 0.717621 15.3
      vertex 8.13646 0.549255 15.3
    endloop
  endfacet
  facet normal -0.474136 -0.880452 0
    outer loop
      vertex 7.65057 0.830429 15.3
      vertex 7.86005 0.717621 20.6
      vertex 7.65057 0.830429 20.6
    endloop
  endfacet
  facet normal -0.474136 -0.880452 -0
    outer loop
      vertex 7.86005 0.717621 20.6
      vertex 7.65057 0.830429 15.3
      vertex 7.86005 0.717621 15.3
    endloop
  endfacet
  facet normal -0.423851 -0.905732 0
    outer loop
      vertex 7.4398 0.929062 15.3
      vertex 7.65057 0.830429 20.6
      vertex 7.4398 0.929062 20.6
    endloop
  endfacet
  facet normal -0.423851 -0.905732 -0
    outer loop
      vertex 7.65057 0.830429 20.6
      vertex 7.4398 0.929062 15.3
      vertex 7.65057 0.830429 15.3
    endloop
  endfacet
  facet normal -0.368186 -0.929752 0
    outer loop
      vertex 7.22804 1.01292 15.3
      vertex 7.4398 0.929062 20.6
      vertex 7.22804 1.01292 20.6
    endloop
  endfacet
  facet normal -0.368186 -0.929752 -0
    outer loop
      vertex 7.4398 0.929062 20.6
      vertex 7.22804 1.01292 15.3
      vertex 7.4398 0.929062 15.3
    endloop
  endfacet
  facet normal -0.305559 -0.952173 0
    outer loop
      vertex 7.01558 1.0811 15.3
      vertex 7.22804 1.01292 20.6
      vertex 7.01558 1.0811 20.6
    endloop
  endfacet
  facet normal -0.305559 -0.952173 -0
    outer loop
      vertex 7.22804 1.01292 20.6
      vertex 7.01558 1.0811 15.3
      vertex 7.22804 1.01292 15.3
    endloop
  endfacet
  facet normal -0.232759 -0.972534 0
    outer loop
      vertex 6.80232 1.13214 15.3
      vertex 7.01558 1.0811 20.6
      vertex 6.80232 1.13214 20.6
    endloop
  endfacet
  facet normal -0.232759 -0.972534 -0
    outer loop
      vertex 7.01558 1.0811 20.6
      vertex 6.80232 1.13214 15.3
      vertex 7.01558 1.0811 15.3
    endloop
  endfacet
  facet normal -0.142904 -0.989737 0
    outer loop
      vertex 6.58644 1.16331 15.3
      vertex 6.80232 1.13214 20.6
      vertex 6.58644 1.16331 20.6
    endloop
  endfacet
  facet normal -0.142904 -0.989737 -0
    outer loop
      vertex 6.80232 1.13214 20.6
      vertex 6.58644 1.16331 15.3
      vertex 6.80232 1.13214 15.3
    endloop
  endfacet
  facet normal -0.0062493 -0.99998 0
    outer loop
      vertex 6.36882 1.16467 15.3
      vertex 6.58644 1.16331 20.6
      vertex 6.36882 1.16467 20.6
    endloop
  endfacet
  facet normal -0.0062493 -0.99998 -0
    outer loop
      vertex 6.58644 1.16331 20.6
      vertex 6.36882 1.16467 15.3
      vertex 6.58644 1.16331 15.3
    endloop
  endfacet
  facet normal 0.157053 -0.98759 0
    outer loop
      vertex 5.78967 1.07257 15.3
      vertex 6.36882 1.16467 20.6
      vertex 5.78967 1.07257 20.6
    endloop
  endfacet
  facet normal 0.157053 -0.98759 0
    outer loop
      vertex 6.36882 1.16467 20.6
      vertex 5.78967 1.07257 15.3
      vertex 6.36882 1.16467 15.3
    endloop
  endfacet
  facet normal -0.980787 -0.195083 0
    outer loop
      vertex 5.78967 1.07257 15.3
      vertex 5.69926 1.52711 20.6
      vertex 5.69926 1.52711 15.3
    endloop
  endfacet
  facet normal -0.980787 -0.195083 0
    outer loop
      vertex 5.69926 1.52711 20.6
      vertex 5.78967 1.07257 15.3
      vertex 5.78967 1.07257 20.6
    endloop
  endfacet
  facet normal -0.946932 -0.321434 0
    outer loop
      vertex 5.69926 1.52711 15.3
      vertex 5.45999 2.23199 20.6
      vertex 5.45999 2.23199 15.3
    endloop
  endfacet
  facet normal -0.946932 -0.321434 0
    outer loop
      vertex 5.45999 2.23199 20.6
      vertex 5.69926 1.52711 15.3
      vertex 5.69926 1.52711 20.6
    endloop
  endfacet
  facet normal -0.401841 0.915709 0
    outer loop
      vertex 5.98746 2.46346 15.3
      vertex 5.45999 2.23199 20.6
      vertex 5.98746 2.46346 20.6
    endloop
  endfacet
  facet normal -0.401841 0.915709 0
    outer loop
      vertex 5.45999 2.23199 20.6
      vertex 5.98746 2.46346 15.3
      vertex 5.45999 2.23199 15.3
    endloop
  endfacet
  facet normal -0.545867 0.837872 0
    outer loop
      vertex 6.16978 2.58224 15.3
      vertex 5.98746 2.46346 20.6
      vertex 6.16978 2.58224 20.6
    endloop
  endfacet
  facet normal -0.545867 0.837872 0
    outer loop
      vertex 5.98746 2.46346 20.6
      vertex 6.16978 2.58224 15.3
      vertex 5.98746 2.46346 15.3
    endloop
  endfacet
  facet normal -0.655246 0.755415 0
    outer loop
      vertex 6.33456 2.72517 15.3
      vertex 6.16978 2.58224 20.6
      vertex 6.33456 2.72517 20.6
    endloop
  endfacet
  facet normal -0.655246 0.755415 0
    outer loop
      vertex 6.16978 2.58224 20.6
      vertex 6.33456 2.72517 15.3
      vertex 6.16978 2.58224 15.3
    endloop
  endfacet
  facet normal -0.721661 0.692247 0
    outer loop
      vertex 6.33456 2.72517 15.3
      vertex 6.48636 2.88342 20.6
      vertex 6.48636 2.88342 15.3
    endloop
  endfacet
  facet normal -0.721661 0.692247 0
    outer loop
      vertex 6.48636 2.88342 20.6
      vertex 6.33456 2.72517 15.3
      vertex 6.33456 2.72517 20.6
    endloop
  endfacet
  facet normal -0.771776 0.635894 0
    outer loop
      vertex 6.48636 2.88342 15.3
      vertex 6.62825 3.05563 20.6
      vertex 6.62825 3.05563 15.3
    endloop
  endfacet
  facet normal -0.771776 0.635894 0
    outer loop
      vertex 6.62825 3.05563 20.6
      vertex 6.48636 2.88342 15.3
      vertex 6.48636 2.88342 20.6
    endloop
  endfacet
  facet normal -0.812483 0.582985 0
    outer loop
      vertex 6.62825 3.05563 15.3
      vertex 6.76103 3.24068 20.6
      vertex 6.76103 3.24068 15.3
    endloop
  endfacet
  facet normal -0.812483 0.582985 0
    outer loop
      vertex 6.76103 3.24068 20.6
      vertex 6.62825 3.05563 15.3
      vertex 6.62825 3.05563 20.6
    endloop
  endfacet
  facet normal -0.846219 0.532835 0
    outer loop
      vertex 6.76103 3.24068 15.3
      vertex 6.88503 3.43761 20.6
      vertex 6.88503 3.43761 15.3
    endloop
  endfacet
  facet normal -0.846219 0.532835 0
    outer loop
      vertex 6.88503 3.43761 20.6
      vertex 6.76103 3.24068 15.3
      vertex 6.76103 3.24068 20.6
    endloop
  endfacet
  facet normal -0.874876 0.484347 0
    outer loop
      vertex 6.88503 3.43761 15.3
      vertex 7.00026 3.64575 20.6
      vertex 7.00026 3.64575 15.3
    endloop
  endfacet
  facet normal -0.874876 0.484347 0
    outer loop
      vertex 7.00026 3.64575 20.6
      vertex 6.88503 3.43761 15.3
      vertex 6.88503 3.43761 20.6
    endloop
  endfacet
  facet normal -0.899358 0.437212 0
    outer loop
      vertex 7.00026 3.64575 15.3
      vertex 7.14177 3.93684 20.6
      vertex 7.14177 3.93684 15.3
    endloop
  endfacet
  facet normal -0.899358 0.437212 0
    outer loop
      vertex 7.14177 3.93684 20.6
      vertex 7.00026 3.64575 15.3
      vertex 7.00026 3.64575 20.6
    endloop
  endfacet
  facet normal -0.841252 -0.540643 0
    outer loop
      vertex 7.14177 3.93684 15.3
      vertex 6.54787 4.86096 20.6
      vertex 6.54787 4.86096 15.3
    endloop
  endfacet
  facet normal -0.841252 -0.540643 0
    outer loop
      vertex 6.54787 4.86096 20.6
      vertex 7.14177 3.93684 15.3
      vertex 7.14177 3.93684 20.6
    endloop
  endfacet
  facet normal 0.0241299 -0.999709 0
    outer loop
      vertex 6.2243 4.85315 15.3
      vertex 6.54787 4.86096 20.6
      vertex 6.2243 4.85315 20.6
    endloop
  endfacet
  facet normal 0.0241299 -0.999709 0
    outer loop
      vertex 6.54787 4.86096 20.6
      vertex 6.2243 4.85315 15.3
      vertex 6.54787 4.86096 15.3
    endloop
  endfacet
  facet normal 0.0770501 -0.997027 0
    outer loop
      vertex 5.98711 4.83482 15.3
      vertex 6.2243 4.85315 20.6
      vertex 5.98711 4.83482 20.6
    endloop
  endfacet
  facet normal 0.0770501 -0.997027 0
    outer loop
      vertex 6.2243 4.85315 20.6
      vertex 5.98711 4.83482 15.3
      vertex 6.2243 4.85315 15.3
    endloop
  endfacet
  facet normal 0.133199 -0.991089 0
    outer loop
      vertex 5.75645 4.80382 15.3
      vertex 5.98711 4.83482 20.6
      vertex 5.75645 4.80382 20.6
    endloop
  endfacet
  facet normal 0.133199 -0.991089 0
    outer loop
      vertex 5.98711 4.83482 20.6
      vertex 5.75645 4.80382 15.3
      vertex 5.98711 4.83482 15.3
    endloop
  endfacet
  facet normal 0.192839 -0.98123 0
    outer loop
      vertex 5.53297 4.7599 15.3
      vertex 5.75645 4.80382 20.6
      vertex 5.53297 4.7599 20.6
    endloop
  endfacet
  facet normal 0.192839 -0.98123 0
    outer loop
      vertex 5.75645 4.80382 20.6
      vertex 5.53297 4.7599 15.3
      vertex 5.75645 4.80382 15.3
    endloop
  endfacet
  facet normal 0.257869 -0.96618 0
    outer loop
      vertex 5.31738 4.70236 15.3
      vertex 5.53297 4.7599 20.6
      vertex 5.31738 4.70236 20.6
    endloop
  endfacet
  facet normal 0.257869 -0.96618 0
    outer loop
      vertex 5.53297 4.7599 20.6
      vertex 5.31738 4.70236 15.3
      vertex 5.53297 4.7599 15.3
    endloop
  endfacet
  facet normal 0.329903 -0.944015 0
    outer loop
      vertex 5.11038 4.63002 15.3
      vertex 5.31738 4.70236 20.6
      vertex 5.11038 4.63002 20.6
    endloop
  endfacet
  facet normal 0.329903 -0.944015 0
    outer loop
      vertex 5.31738 4.70236 20.6
      vertex 5.11038 4.63002 15.3
      vertex 5.31738 4.70236 15.3
    endloop
  endfacet
  facet normal 0.414891 -0.909871 0
    outer loop
      vertex 4.91191 4.53952 15.3
      vertex 5.11038 4.63002 20.6
      vertex 4.91191 4.53952 20.6
    endloop
  endfacet
  facet normal 0.414891 -0.909871 0
    outer loop
      vertex 5.11038 4.63002 20.6
      vertex 4.91191 4.53952 15.3
      vertex 5.11038 4.63002 15.3
    endloop
  endfacet
  facet normal 0.535346 -0.844633 0
    outer loop
      vertex 4.72812 4.42303 15.3
      vertex 4.91191 4.53952 20.6
      vertex 4.72812 4.42303 20.6
    endloop
  endfacet
  facet normal 0.535346 -0.844633 0
    outer loop
      vertex 4.91191 4.53952 20.6
      vertex 4.72812 4.42303 15.3
      vertex 4.91191 4.53952 15.3
    endloop
  endfacet
  facet normal 0.666053 -0.745905 0
    outer loop
      vertex 4.29292 4.03442 15.3
      vertex 4.72812 4.42303 20.6
      vertex 4.29292 4.03442 20.6
    endloop
  endfacet
  facet normal 0.666053 -0.745905 0
    outer loop
      vertex 4.72812 4.42303 20.6
      vertex 4.29292 4.03442 15.3
      vertex 4.72812 4.42303 15.3
    endloop
  endfacet
  facet normal -0.751883 -0.659297 0
    outer loop
      vertex 4.29292 4.03442 15.3
      vertex 4.17215 4.17215 20.6
      vertex 4.17215 4.17215 15.3
    endloop
  endfacet
  facet normal -0.751883 -0.659297 0
    outer loop
      vertex 4.17215 4.17215 20.6
      vertex 4.29292 4.03442 15.3
      vertex 4.29292 4.03442 20.6
    endloop
  endfacet
  facet normal -0.659337 -0.751847 0
    outer loop
      vertex 3.59187 4.68103 15.3
      vertex 4.17215 4.17215 20.6
      vertex 3.59187 4.68103 20.6
    endloop
  endfacet
  facet normal -0.659337 -0.751847 -0
    outer loop
      vertex 4.17215 4.17215 20.6
      vertex 3.59187 4.68103 15.3
      vertex 4.17215 4.17215 15.3
    endloop
  endfacet
  facet normal -0.555611 -0.831442 0
    outer loop
      vertex 3.38132 4.82173 15.3
      vertex 3.59187 4.68103 20.6
      vertex 3.38132 4.82173 20.6
    endloop
  endfacet
  facet normal -0.555611 -0.831442 -0
    outer loop
      vertex 3.59187 4.68103 20.6
      vertex 3.38132 4.82173 15.3
      vertex 3.59187 4.68103 15.3
    endloop
  endfacet
  facet normal -0.83311 0.553107 0
    outer loop
      vertex 3.38132 4.82173 15.3
      vertex 3.70512 5.30945 20.6
      vertex 3.70512 5.30945 15.3
    endloop
  endfacet
  facet normal -0.83311 0.553107 0
    outer loop
      vertex 3.70512 5.30945 20.6
      vertex 3.38132 4.82173 15.3
      vertex 3.38132 4.82173 20.6
    endloop
  endfacet
  facet normal -0.91222 0.4097 0
    outer loop
      vertex 3.70512 5.30945 15.3
      vertex 3.79428 5.50797 20.6
      vertex 3.79428 5.50797 15.3
    endloop
  endfacet
  facet normal -0.91222 0.4097 0
    outer loop
      vertex 3.79428 5.50797 20.6
      vertex 3.70512 5.30945 15.3
      vertex 3.70512 5.30945 20.6
    endloop
  endfacet
  facet normal -0.95966 0.281163 0
    outer loop
      vertex 3.79428 5.50797 15.3
      vertex 3.85561 5.7173 20.6
      vertex 3.85561 5.7173 15.3
    endloop
  endfacet
  facet normal -0.95966 0.281163 0
    outer loop
      vertex 3.85561 5.7173 20.6
      vertex 3.79428 5.50797 15.3
      vertex 3.79428 5.50797 20.6
    endloop
  endfacet
  facet normal -0.981341 0.192273 0
    outer loop
      vertex 3.85561 5.7173 15.3
      vertex 3.89777 5.93248 20.6
      vertex 3.89777 5.93248 15.3
    endloop
  endfacet
  facet normal -0.981341 0.192273 0
    outer loop
      vertex 3.89777 5.93248 20.6
      vertex 3.85561 5.7173 15.3
      vertex 3.85561 5.7173 20.6
    endloop
  endfacet
  facet normal -0.993051 0.117684 0
    outer loop
      vertex 3.89777 5.93248 15.3
      vertex 3.92403 6.15407 20.6
      vertex 3.92403 6.15407 15.3
    endloop
  endfacet
  facet normal -0.993051 0.117684 0
    outer loop
      vertex 3.92403 6.15407 20.6
      vertex 3.89777 5.93248 15.3
      vertex 3.89777 5.93248 20.6
    endloop
  endfacet
  facet normal -0.998686 0.0512406 0
    outer loop
      vertex 3.92403 6.15407 15.3
      vertex 3.9357 6.38152 20.6
      vertex 3.9357 6.38152 15.3
    endloop
  endfacet
  facet normal -0.998686 0.0512406 0
    outer loop
      vertex 3.9357 6.38152 20.6
      vertex 3.92403 6.15407 15.3
      vertex 3.92403 6.15407 20.6
    endloop
  endfacet
  facet normal -0.999957 -0.00923857 0
    outer loop
      vertex 3.9357 6.38152 15.3
      vertex 3.93355 6.61423 20.6
      vertex 3.93355 6.61423 15.3
    endloop
  endfacet
  facet normal -0.999957 -0.00923857 0
    outer loop
      vertex 3.93355 6.61423 20.6
      vertex 3.9357 6.38152 15.3
      vertex 3.9357 6.38152 20.6
    endloop
  endfacet
  facet normal -0.997848 -0.0655732 0
    outer loop
      vertex 3.93355 6.61423 15.3
      vertex 3.91795 6.85162 20.6
      vertex 3.91795 6.85162 15.3
    endloop
  endfacet
  facet normal -0.997848 -0.0655732 0
    outer loop
      vertex 3.91795 6.85162 20.6
      vertex 3.93355 6.61423 15.3
      vertex 3.93355 6.61423 20.6
    endloop
  endfacet
  facet normal -0.99296 -0.118451 0
    outer loop
      vertex 3.91795 6.85162 15.3
      vertex 3.87961 7.17302 20.6
      vertex 3.87961 7.17302 15.3
    endloop
  endfacet
  facet normal -0.99296 -0.118451 0
    outer loop
      vertex 3.87961 7.17302 20.6
      vertex 3.91795 6.85162 15.3
      vertex 3.91795 6.85162 20.6
    endloop
  endfacet
  facet normal -0.415416 -0.909631 0
    outer loop
      vertex 2.88039 7.62935 15.3
      vertex 3.87961 7.17302 20.6
      vertex 2.88039 7.62935 20.6
    endloop
  endfacet
  facet normal -0.415416 -0.909631 -0
    outer loop
      vertex 3.87961 7.17302 20.6
      vertex 2.88039 7.62935 15.3
      vertex 3.87961 7.17302 15.3
    endloop
  endfacet
  facet normal 0.560753 -0.827983 0
    outer loop
      vertex 2.61241 7.44786 15.3
      vertex 2.88039 7.62935 20.6
      vertex 2.61241 7.44786 20.6
    endloop
  endfacet
  facet normal 0.560753 -0.827983 0
    outer loop
      vertex 2.88039 7.62935 20.6
      vertex 2.61241 7.44786 15.3
      vertex 2.88039 7.62935 15.3
    endloop
  endfacet
  facet normal 0.603914 -0.79705 0
    outer loop
      vertex 2.42278 7.30418 15.3
      vertex 2.61241 7.44786 20.6
      vertex 2.42278 7.30418 20.6
    endloop
  endfacet
  facet normal 0.603914 -0.79705 0
    outer loop
      vertex 2.61241 7.44786 20.6
      vertex 2.42278 7.30418 15.3
      vertex 2.61241 7.44786 15.3
    endloop
  endfacet
  facet normal 0.647803 -0.761808 0
    outer loop
      vertex 2.2455 7.15343 15.3
      vertex 2.42278 7.30418 20.6
      vertex 2.2455 7.15343 20.6
    endloop
  endfacet
  facet normal 0.647803 -0.761808 0
    outer loop
      vertex 2.42278 7.30418 20.6
      vertex 2.2455 7.15343 15.3
      vertex 2.42278 7.30418 15.3
    endloop
  endfacet
  facet normal 0.692761 -0.721167 0
    outer loop
      vertex 2.08124 6.99564 15.3
      vertex 2.2455 7.15343 20.6
      vertex 2.08124 6.99564 20.6
    endloop
  endfacet
  facet normal 0.692761 -0.721167 0
    outer loop
      vertex 2.2455 7.15343 20.6
      vertex 2.08124 6.99564 15.3
      vertex 2.2455 7.15343 15.3
    endloop
  endfacet
  facet normal 0.739236 -0.673446 0
    outer loop
      vertex 1.93097 6.83069 20.6
      vertex 2.08124 6.99564 15.3
      vertex 2.08124 6.99564 20.6
    endloop
  endfacet
  facet normal 0.739236 -0.673446 0
    outer loop
      vertex 2.08124 6.99564 15.3
      vertex 1.93097 6.83069 20.6
      vertex 1.93097 6.83069 15.3
    endloop
  endfacet
  facet normal 0.787889 -0.615817 0
    outer loop
      vertex 1.79594 6.65793 20.6
      vertex 1.93097 6.83069 15.3
      vertex 1.93097 6.83069 20.6
    endloop
  endfacet
  facet normal 0.787889 -0.615817 0
    outer loop
      vertex 1.93097 6.83069 15.3
      vertex 1.79594 6.65793 20.6
      vertex 1.79594 6.65793 15.3
    endloop
  endfacet
  facet normal 0.84094 -0.541128 0
    outer loop
      vertex 1.6779 6.47449 20.6
      vertex 1.79594 6.65793 15.3
      vertex 1.79594 6.65793 20.6
    endloop
  endfacet
  facet normal 0.84094 -0.541128 0
    outer loop
      vertex 1.79594 6.65793 15.3
      vertex 1.6779 6.47449 20.6
      vertex 1.6779 6.47449 15.3
    endloop
  endfacet
  facet normal 0.907036 -0.421053 0
    outer loop
      vertex 1.58627 6.2771 20.6
      vertex 1.6779 6.47449 15.3
      vertex 1.6779 6.47449 20.6
    endloop
  endfacet
  facet normal 0.907036 -0.421053 0
    outer loop
      vertex 1.6779 6.47449 15.3
      vertex 1.58627 6.2771 20.6
      vertex 1.58627 6.2771 15.3
    endloop
  endfacet
  facet normal 0.963585 -0.267402 0
    outer loop
      vertex 1.43121 5.71834 20.6
      vertex 1.58627 6.2771 15.3
      vertex 1.58627 6.2771 20.6
    endloop
  endfacet
  facet normal 0.963585 -0.267402 0
    outer loop
      vertex 1.58627 6.2771 15.3
      vertex 1.43121 5.71834 20.6
      vertex 1.43121 5.71834 15.3
    endloop
  endfacet
  facet normal -0.195098 -0.980784 0
    outer loop
      vertex 0.770142 5.84984 15.3
      vertex 1.43121 5.71834 20.6
      vertex 0.770142 5.84984 20.6
    endloop
  endfacet
  facet normal -0.195098 -0.980784 -0
    outer loop
      vertex 1.43121 5.71834 20.6
      vertex 0.770142 5.84984 15.3
      vertex 1.43121 5.71834 15.3
    endloop
  endfacet
  facet normal -0.0654068 -0.997859 0
    outer loop
      vertex 0.237701 5.88474 15.3
      vertex 0.770142 5.84984 20.6
      vertex 0.237701 5.88474 20.6
    endloop
  endfacet
  facet normal -0.0654068 -0.997859 -0
    outer loop
      vertex 0.770142 5.84984 20.6
      vertex 0.237701 5.88474 15.3
      vertex 0.770142 5.84984 15.3
    endloop
  endfacet
  facet normal -0.999889 0.0149183 0
    outer loop
      vertex 0.237701 5.88474 15.3
      vertex 0.246429 6.46973 20.6
      vertex 0.246429 6.46973 15.3
    endloop
  endfacet
  facet normal -0.999889 0.0149183 0
    outer loop
      vertex 0.246429 6.46973 20.6
      vertex 0.237701 5.88474 15.3
      vertex 0.237701 5.88474 20.6
    endloop
  endfacet
  facet normal -0.988913 -0.148498 0
    outer loop
      vertex 0.246429 6.46973 15.3
      vertex 0.214111 6.68495 20.6
      vertex 0.214111 6.68495 15.3
    endloop
  endfacet
  facet normal -0.988913 -0.148498 0
    outer loop
      vertex 0.214111 6.68495 20.6
      vertex 0.246429 6.46973 15.3
      vertex 0.246429 6.46973 20.6
    endloop
  endfacet
  facet normal -0.959335 -0.282271 0
    outer loop
      vertex 0.214111 6.68495 15.3
      vertex 0.152542 6.8942 20.6
      vertex 0.152542 6.8942 15.3
    endloop
  endfacet
  facet normal -0.959335 -0.282271 0
    outer loop
      vertex 0.152542 6.8942 20.6
      vertex 0.214111 6.68495 15.3
      vertex 0.214111 6.68495 20.6
    endloop
  endfacet
  facet normal -0.929523 -0.368764 0
    outer loop
      vertex 0.152542 6.8942 15.3
      vertex 0.0716858 7.09801 20.6
      vertex 0.0716858 7.09801 15.3
    endloop
  endfacet
  facet normal -0.929523 -0.368764 0
    outer loop
      vertex 0.0716858 7.09801 20.6
      vertex 0.152542 6.8942 15.3
      vertex 0.152542 6.8942 20.6
    endloop
  endfacet
  facet normal -0.899009 -0.43793 0
    outer loop
      vertex 0.0716858 7.09801 15.3
      vertex -0.0260315 7.29861 20.6
      vertex -0.0260315 7.29861 15.3
    endloop
  endfacet
  facet normal -0.899009 -0.43793 0
    outer loop
      vertex -0.0260315 7.29861 20.6
      vertex 0.0716858 7.09801 15.3
      vertex 0.0716858 7.09801 20.6
    endloop
  endfacet
  facet normal -0.867885 -0.496765 0
    outer loop
      vertex -0.0260315 7.29861 15.3
      vertex -0.139175 7.49628 20.6
      vertex -0.139175 7.49628 15.3
    endloop
  endfacet
  facet normal -0.867885 -0.496765 0
    outer loop
      vertex -0.139175 7.49628 20.6
      vertex -0.0260315 7.29861 15.3
      vertex -0.0260315 7.29861 20.6
    endloop
  endfacet
  facet normal -0.836221 -0.548393 0
    outer loop
      vertex -0.139175 7.49628 15.3
      vertex -0.2668 7.69089 20.6
      vertex -0.2668 7.69089 15.3
    endloop
  endfacet
  facet normal -0.836221 -0.548393 0
    outer loop
      vertex -0.2668 7.69089 20.6
      vertex -0.139175 7.49628 15.3
      vertex -0.139175 7.49628 20.6
    endloop
  endfacet
  facet normal -0.803964 -0.594678 0
    outer loop
      vertex -0.2668 7.69089 15.3
      vertex -0.408279 7.88216 20.6
      vertex -0.408279 7.88216 15.3
    endloop
  endfacet
  facet normal -0.803964 -0.594678 0
    outer loop
      vertex -0.408279 7.88216 20.6
      vertex -0.2668 7.69089 15.3
      vertex -0.2668 7.69089 20.6
    endloop
  endfacet
  facet normal -0.771346 -0.636416 0
    outer loop
      vertex -0.408279 7.88216 15.3
      vertex -0.614258 8.13181 20.6
      vertex -0.614258 8.13181 15.3
    endloop
  endfacet
  facet normal -0.771346 -0.636416 0
    outer loop
      vertex -0.614258 8.13181 20.6
      vertex -0.408279 7.88216 15.3
      vertex -0.408279 7.88216 20.6
    endloop
  endfacet
  facet normal 0.14233 -0.989819 0
    outer loop
      vertex -1.70158 7.97546 15.3
      vertex -0.614258 8.13181 20.6
      vertex -1.70158 7.97546 20.6
    endloop
  endfacet
  facet normal 0.14233 -0.989819 0
    outer loop
      vertex -0.614258 8.13181 20.6
      vertex -1.70158 7.97546 15.3
      vertex -0.614258 8.13181 15.3
    endloop
  endfacet
  facet normal 0.919353 -0.393434 0
    outer loop
      vertex -1.82892 7.6779 20.6
      vertex -1.70158 7.97546 15.3
      vertex -1.70158 7.97546 20.6
    endloop
  endfacet
  facet normal 0.919353 -0.393434 0
    outer loop
      vertex -1.70158 7.97546 15.3
      vertex -1.82892 7.6779 20.6
      vertex -1.82892 7.6779 15.3
    endloop
  endfacet
  facet normal 0.938957 -0.344034 0
    outer loop
      vertex -1.91077 7.45451 20.6
      vertex -1.82892 7.6779 15.3
      vertex -1.82892 7.6779 20.6
    endloop
  endfacet
  facet normal 0.938957 -0.344034 0
    outer loop
      vertex -1.82892 7.6779 15.3
      vertex -1.91077 7.45451 20.6
      vertex -1.91077 7.45451 15.3
    endloop
  endfacet
  facet normal 0.956852 -0.290575 0
    outer loop
      vertex -1.97839 7.23184 20.6
      vertex -1.91077 7.45451 15.3
      vertex -1.91077 7.45451 20.6
    endloop
  endfacet
  facet normal 0.956852 -0.290575 0
    outer loop
      vertex -1.91077 7.45451 15.3
      vertex -1.97839 7.23184 20.6
      vertex -1.97839 7.23184 15.3
    endloop
  endfacet
  facet normal 0.972673 -0.23218 0
    outer loop
      vertex -2.03127 7.01031 20.6
      vertex -1.97839 7.23184 15.3
      vertex -1.97839 7.23184 20.6
    endloop
  endfacet
  facet normal 0.972673 -0.23218 0
    outer loop
      vertex -1.97839 7.23184 15.3
      vertex -2.03127 7.01031 20.6
      vertex -2.03127 7.01031 15.3
    endloop
  endfacet
  facet normal 0.985981 -0.166855 0
    outer loop
      vertex -2.0685 6.79031 20.6
      vertex -2.03127 7.01031 15.3
      vertex -2.03127 7.01031 20.6
    endloop
  endfacet
  facet normal 0.985981 -0.166855 0
    outer loop
      vertex -2.03127 7.01031 15.3
      vertex -2.0685 6.79031 20.6
      vertex -2.0685 6.79031 15.3
    endloop
  endfacet
  facet normal 0.995756 -0.0920282 0
    outer loop
      vertex -2.08868 6.57196 20.6
      vertex -2.0685 6.79031 15.3
      vertex -2.0685 6.79031 20.6
    endloop
  endfacet
  facet normal 0.995756 -0.0920282 0
    outer loop
      vertex -2.0685 6.79031 15.3
      vertex -2.08868 6.57196 20.6
      vertex -2.08868 6.57196 15.3
    endloop
  endfacet
  facet normal 1 -0.000641848 0
    outer loop
      vertex -2.08882 6.35384 20.6
      vertex -2.08868 6.57196 15.3
      vertex -2.08868 6.57196 20.6
    endloop
  endfacet
  facet normal 1 -0.000641848 0
    outer loop
      vertex -2.08868 6.57196 15.3
      vertex -2.08882 6.35384 20.6
      vertex -2.08882 6.35384 15.3
    endloop
  endfacet
  facet normal 0.990688 0.136151 0
    outer loop
      vertex -2.05919 6.13824 20.6
      vertex -2.08882 6.35384 15.3
      vertex -2.08882 6.35384 20.6
    endloop
  endfacet
  facet normal 0.990688 0.136151 0
    outer loop
      vertex -2.08882 6.35384 15.3
      vertex -2.05919 6.13824 20.6
      vertex -2.05919 6.13824 15.3
    endloop
  endfacet
  facet normal 0.955192 0.295987 0
    outer loop
      vertex -1.88547 5.57762 20.6
      vertex -2.05919 6.13824 15.3
      vertex -2.05919 6.13824 20.6
    endloop
  endfacet
  facet normal 0.955192 0.295987 0
    outer loop
      vertex -2.05919 6.13824 15.3
      vertex -1.88547 5.57762 20.6
      vertex -1.88547 5.57762 15.3
    endloop
  endfacet
  facet normal 0.321417 -0.946938 0
    outer loop
      vertex -2.25795 5.45119 15.3
      vertex -1.88547 5.57762 20.6
      vertex -2.25795 5.45119 20.6
    endloop
  endfacet
  facet normal 0.321417 -0.946938 0
    outer loop
      vertex -1.88547 5.57762 20.6
      vertex -2.25795 5.45119 15.3
      vertex -1.88547 5.57762 15.3
    endloop
  endfacet
  facet normal 0.442288 -0.896873 0
    outer loop
      vertex -2.95016 5.10983 15.3
      vertex -2.25795 5.45119 20.6
      vertex -2.95016 5.10983 20.6
    endloop
  endfacet
  facet normal 0.442288 -0.896873 0
    outer loop
      vertex -2.25795 5.45119 20.6
      vertex -2.95016 5.10983 15.3
      vertex -2.25795 5.45119 15.3
    endloop
  endfacet
  facet normal 0.555399 -0.831584 0
    outer loop
      vertex -2.98584 5.086 15.3
      vertex -2.95016 5.10983 20.6
      vertex -2.98584 5.086 20.6
    endloop
  endfacet
  facet normal 0.555399 -0.831584 0
    outer loop
      vertex -2.95016 5.10983 20.6
      vertex -2.98584 5.086 15.3
      vertex -2.95016 5.10983 15.3
    endloop
  endfacet
  facet normal -0.849224 -0.528033 0
    outer loop
      vertex -2.98584 5.086 15.3
      vertex -3.29047 5.57593 20.6
      vertex -3.29047 5.57593 15.3
    endloop
  endfacet
  facet normal -0.849224 -0.528033 0
    outer loop
      vertex -3.29047 5.57593 20.6
      vertex -2.98584 5.086 15.3
      vertex -2.98584 5.086 20.6
    endloop
  endfacet
  facet normal -0.751585 -0.659636 0
    outer loop
      vertex -3.29047 5.57593 15.3
      vertex -3.43402 5.73949 20.6
      vertex -3.43402 5.73949 15.3
    endloop
  endfacet
  facet normal -0.751585 -0.659636 0
    outer loop
      vertex -3.43402 5.73949 20.6
      vertex -3.29047 5.57593 15.3
      vertex -3.29047 5.57593 20.6
    endloop
  endfacet
  facet normal -0.654461 -0.756096 0
    outer loop
      vertex -3.59895 5.88225 15.3
      vertex -3.43402 5.73949 20.6
      vertex -3.59895 5.88225 20.6
    endloop
  endfacet
  facet normal -0.654461 -0.756096 -0
    outer loop
      vertex -3.43402 5.73949 20.6
      vertex -3.59895 5.88225 15.3
      vertex -3.43402 5.73949 15.3
    endloop
  endfacet
  facet normal -0.582514 -0.81282 0
    outer loop
      vertex -3.77718 6.00998 15.3
      vertex -3.59895 5.88225 20.6
      vertex -3.77718 6.00998 20.6
    endloop
  endfacet
  facet normal -0.582514 -0.81282 -0
    outer loop
      vertex -3.59895 5.88225 20.6
      vertex -3.77718 6.00998 15.3
      vertex -3.59895 5.88225 15.3
    endloop
  endfacet
  facet normal -0.519594 -0.854413 0
    outer loop
      vertex -3.96783 6.12592 15.3
      vertex -3.77718 6.00998 20.6
      vertex -3.96783 6.12592 20.6
    endloop
  endfacet
  facet normal -0.519594 -0.854413 -0
    outer loop
      vertex -3.77718 6.00998 20.6
      vertex -3.96783 6.12592 15.3
      vertex -3.77718 6.00998 15.3
    endloop
  endfacet
  facet normal -0.46147 -0.887156 0
    outer loop
      vertex -4.16988 6.23102 15.3
      vertex -3.96783 6.12592 20.6
      vertex -4.16988 6.23102 20.6
    endloop
  endfacet
  facet normal -0.46147 -0.887156 -0
    outer loop
      vertex -3.96783 6.12592 20.6
      vertex -4.16988 6.23102 15.3
      vertex -3.96783 6.12592 15.3
    endloop
  endfacet
  facet normal -0.40698 -0.913437 0
    outer loop
      vertex -4.38245 6.32573 15.3
      vertex -4.16988 6.23102 20.6
      vertex -4.38245 6.32573 20.6
    endloop
  endfacet
  facet normal -0.40698 -0.913437 -0
    outer loop
      vertex -4.16988 6.23102 20.6
      vertex -4.38245 6.32573 15.3
      vertex -4.16988 6.23102 15.3
    endloop
  endfacet
  facet normal -0.354889 -0.934909 0
    outer loop
      vertex -4.60487 6.41016 15.3
      vertex -4.38245 6.32573 20.6
      vertex -4.60487 6.41016 20.6
    endloop
  endfacet
  facet normal -0.354889 -0.934909 -0
    outer loop
      vertex -4.38245 6.32573 20.6
      vertex -4.60487 6.41016 15.3
      vertex -4.38245 6.32573 15.3
    endloop
  endfacet
  facet normal -0.304749 -0.952433 0
    outer loop
      vertex -4.91315 6.5088 15.3
      vertex -4.60487 6.41016 20.6
      vertex -4.91315 6.5088 20.6
    endloop
  endfacet
  facet normal -0.304749 -0.952433 -0
    outer loop
      vertex -4.60487 6.41016 20.6
      vertex -4.91315 6.5088 15.3
      vertex -4.60487 6.41016 15.3
    endloop
  endfacet
  facet normal 0.654863 -0.755747 0
    outer loop
      vertex -5.74333 5.78944 15.3
      vertex -4.91315 6.5088 20.6
      vertex -5.74333 5.78944 20.6
    endloop
  endfacet
  facet normal 0.654863 -0.755747 0
    outer loop
      vertex -4.91315 6.5088 20.6
      vertex -5.74333 5.78944 15.3
      vertex -4.91315 6.5088 15.3
    endloop
  endfacet
  facet normal 0.986103 0.166132 0
    outer loop
      vertex -5.68956 5.47028 20.6
      vertex -5.74333 5.78944 15.3
      vertex -5.74333 5.78944 20.6
    endloop
  endfacet
  facet normal 0.986103 0.166132 0
    outer loop
      vertex -5.74333 5.78944 15.3
      vertex -5.68956 5.47028 20.6
      vertex -5.68956 5.47028 15.3
    endloop
  endfacet
  facet normal 0.97591 0.218172 0
    outer loop
      vertex -5.63765 5.23808 20.6
      vertex -5.68956 5.47028 15.3
      vertex -5.68956 5.47028 20.6
    endloop
  endfacet
  facet normal 0.97591 0.218172 0
    outer loop
      vertex -5.68956 5.47028 15.3
      vertex -5.63765 5.23808 20.6
      vertex -5.63765 5.23808 15.3
    endloop
  endfacet
  facet normal 0.962056 0.272853 0
    outer loop
      vertex -5.57416 5.01422 20.6
      vertex -5.63765 5.23808 15.3
      vertex -5.63765 5.23808 20.6
    endloop
  endfacet
  facet normal 0.962056 0.272853 0
    outer loop
      vertex -5.63765 5.23808 15.3
      vertex -5.57416 5.01422 20.6
      vertex -5.57416 5.01422 15.3
    endloop
  endfacet
  facet normal 0.943784 0.330562 0
    outer loop
      vertex -5.49887 4.79926 20.6
      vertex -5.57416 5.01422 15.3
      vertex -5.57416 5.01422 20.6
    endloop
  endfacet
  facet normal 0.943784 0.330562 0
    outer loop
      vertex -5.57416 5.01422 15.3
      vertex -5.49887 4.79926 20.6
      vertex -5.49887 4.79926 15.3
    endloop
  endfacet
  facet normal 0.919682 0.392664 0
    outer loop
      vertex -5.41125 4.59404 20.6
      vertex -5.49887 4.79926 15.3
      vertex -5.49887 4.79926 20.6
    endloop
  endfacet
  facet normal 0.919682 0.392664 0
    outer loop
      vertex -5.49887 4.79926 15.3
      vertex -5.41125 4.59404 20.6
      vertex -5.41125 4.59404 15.3
    endloop
  endfacet
  facet normal 0.887444 0.460915 0
    outer loop
      vertex -5.31018 4.39944 20.6
      vertex -5.41125 4.59404 15.3
      vertex -5.41125 4.59404 20.6
    endloop
  endfacet
  facet normal 0.887444 0.460915 0
    outer loop
      vertex -5.41125 4.59404 15.3
      vertex -5.31018 4.39944 20.6
      vertex -5.31018 4.39944 15.3
    endloop
  endfacet
  facet normal 0.841539 0.540197 0
    outer loop
      vertex -5.19235 4.21588 20.6
      vertex -5.31018 4.39944 15.3
      vertex -5.31018 4.39944 20.6
    endloop
  endfacet
  facet normal 0.841539 0.540197 0
    outer loop
      vertex -5.31018 4.39944 15.3
      vertex -5.19235 4.21588 20.6
      vertex -5.19235 4.21588 15.3
    endloop
  endfacet
  facet normal 0.75984 0.65011 0
    outer loop
      vertex -5.05087 4.05052 20.6
      vertex -5.19235 4.21588 15.3
      vertex -5.19235 4.21588 20.6
    endloop
  endfacet
  facet normal 0.75984 0.65011 0
    outer loop
      vertex -5.19235 4.21588 15.3
      vertex -5.05087 4.05052 20.6
      vertex -5.05087 4.05052 15.3
    endloop
  endfacet
  facet normal 0.643528 0.765423 -0
    outer loop
      vertex -4.60648 3.6769 15.3
      vertex -5.05087 4.05052 20.6
      vertex -4.60648 3.6769 20.6
    endloop
  endfacet
  facet normal 0.643528 0.765423 0
    outer loop
      vertex -5.05087 4.05052 20.6
      vertex -4.60648 3.6769 15.3
      vertex -5.05087 4.05052 15.3
    endloop
  endfacet
  facet normal 0.751924 -0.659249 0
    outer loop
      vertex -4.68103 3.59187 20.6
      vertex -4.60648 3.6769 15.3
      vertex -4.60648 3.6769 20.6
    endloop
  endfacet
  facet normal 0.751924 -0.659249 0
    outer loop
      vertex -4.60648 3.6769 15.3
      vertex -4.68103 3.59187 20.6
      vertex -4.68103 3.59187 15.3
    endloop
  endfacet
  facet normal 0.831456 -0.555591 0
    outer loop
      vertex -5.10983 2.95016 20.6
      vertex -4.68103 3.59187 15.3
      vertex -4.68103 3.59187 20.6
    endloop
  endfacet
  facet normal 0.831456 -0.555591 0
    outer loop
      vertex -4.68103 3.59187 15.3
      vertex -5.10983 2.95016 20.6
      vertex -5.10983 2.95016 15.3
    endloop
  endfacet
  facet normal 0.896876 -0.442283 0
    outer loop
      vertex -5.25282 2.6602 20.6
      vertex -5.10983 2.95016 15.3
      vertex -5.10983 2.95016 20.6
    endloop
  endfacet
  facet normal 0.896876 -0.442283 0
    outer loop
      vertex -5.10983 2.95016 15.3
      vertex -5.25282 2.6602 20.6
      vertex -5.25282 2.6602 15.3
    endloop
  endfacet
  facet normal -0.428927 -0.903339 0
    outer loop
      vertex -5.7827 2.9118 15.3
      vertex -5.25282 2.6602 20.6
      vertex -5.7827 2.9118 20.6
    endloop
  endfacet
  facet normal -0.428927 -0.903339 -0
    outer loop
      vertex -5.25282 2.6602 20.6
      vertex -5.7827 2.9118 15.3
      vertex -5.25282 2.6602 15.3
    endloop
  endfacet
  facet normal -0.27565 -0.961258 0
    outer loop
      vertex -5.9919 2.97179 15.3
      vertex -5.7827 2.9118 20.6
      vertex -5.9919 2.97179 20.6
    endloop
  endfacet
  facet normal -0.27565 -0.961258 -0
    outer loop
      vertex -5.7827 2.9118 20.6
      vertex -5.9919 2.97179 15.3
      vertex -5.7827 2.9118 15.3
    endloop
  endfacet
  facet normal -0.141806 -0.989894 0
    outer loop
      vertex -6.20781 3.00272 15.3
      vertex -5.9919 2.97179 20.6
      vertex -6.20781 3.00272 20.6
    endloop
  endfacet
  facet normal -0.141806 -0.989894 -0
    outer loop
      vertex -5.9919 2.97179 20.6
      vertex -6.20781 3.00272 15.3
      vertex -5.9919 2.97179 15.3
    endloop
  endfacet
  facet normal -0.0506223 -0.998718 0
    outer loop
      vertex -6.4268 3.01382 15.3
      vertex -6.20781 3.00272 20.6
      vertex -6.4268 3.01382 20.6
    endloop
  endfacet
  facet normal -0.0506223 -0.998718 -0
    outer loop
      vertex -6.20781 3.00272 20.6
      vertex -6.4268 3.01382 15.3
      vertex -6.20781 3.00272 15.3
    endloop
  endfacet
  facet normal 0.0248724 -0.999691 0
    outer loop
      vertex -6.64987 3.00827 15.3
      vertex -6.4268 3.01382 20.6
      vertex -6.64987 3.00827 20.6
    endloop
  endfacet
  facet normal 0.0248724 -0.999691 0
    outer loop
      vertex -6.4268 3.01382 20.6
      vertex -6.64987 3.00827 15.3
      vertex -6.4268 3.01382 15.3
    endloop
  endfacet
  facet normal 0.091367 -0.995817 0
    outer loop
      vertex -6.87668 2.98746 15.3
      vertex -6.64987 3.00827 20.6
      vertex -6.87668 2.98746 20.6
    endloop
  endfacet
  facet normal 0.091367 -0.995817 0
    outer loop
      vertex -6.64987 3.00827 20.6
      vertex -6.87668 2.98746 15.3
      vertex -6.64987 3.00827 15.3
    endloop
  endfacet
  facet normal 0.151479 -0.98846 0
    outer loop
      vertex -7.1067 2.95221 15.3
      vertex -6.87668 2.98746 20.6
      vertex -7.1067 2.95221 20.6
    endloop
  endfacet
  facet normal 0.151479 -0.98846 0
    outer loop
      vertex -6.87668 2.98746 20.6
      vertex -7.1067 2.95221 15.3
      vertex -6.87668 2.98746 15.3
    endloop
  endfacet
  facet normal 0.206928 -0.978356 0
    outer loop
      vertex -7.33946 2.90298 15.3
      vertex -7.1067 2.95221 20.6
      vertex -7.33946 2.90298 20.6
    endloop
  endfacet
  facet normal 0.206928 -0.978356 0
    outer loop
      vertex -7.1067 2.95221 20.6
      vertex -7.33946 2.90298 15.3
      vertex -7.1067 2.95221 15.3
    endloop
  endfacet
  facet normal 0.258561 -0.965995 0
    outer loop
      vertex -7.65213 2.81929 15.3
      vertex -7.33946 2.90298 20.6
      vertex -7.65213 2.81929 20.6
    endloop
  endfacet
  facet normal 0.258561 -0.965995 0
    outer loop
      vertex -7.33946 2.90298 20.6
      vertex -7.65213 2.81929 15.3
      vertex -7.33946 2.90298 15.3
    endloop
  endfacet
  facet normal 0.959493 -0.281733 0
    outer loop
      vertex -7.96161 1.7653 20.6
      vertex -7.65213 2.81929 15.3
      vertex -7.65213 2.81929 20.6
    endloop
  endfacet
  facet normal 0.959493 -0.281733 0
    outer loop
      vertex -7.65213 2.81929 15.3
      vertex -7.96161 1.7653 20.6
      vertex -7.96161 1.7653 15.3
    endloop
  endfacet
  facet normal 0.73979 0.672837 0
    outer loop
      vertex -7.74384 1.52586 20.6
      vertex -7.96161 1.7653 15.3
      vertex -7.96161 1.7653 20.6
    endloop
  endfacet
  facet normal 0.73979 0.672837 0
    outer loop
      vertex -7.96161 1.7653 15.3
      vertex -7.74384 1.52586 20.6
      vertex -7.74384 1.52586 15.3
    endloop
  endfacet
  facet normal 0.702976 0.711214 -0
    outer loop
      vertex -7.57463 1.35861 15.3
      vertex -7.74384 1.52586 20.6
      vertex -7.57463 1.35861 20.6
    endloop
  endfacet
  facet normal 0.702976 0.711214 0
    outer loop
      vertex -7.74384 1.52586 20.6
      vertex -7.57463 1.35861 15.3
      vertex -7.74384 1.52586 15.3
    endloop
  endfacet
  facet normal 0.661799 0.749681 -0
    outer loop
      vertex -7.40018 1.20461 15.3
      vertex -7.57463 1.35861 20.6
      vertex -7.40018 1.20461 20.6
    endloop
  endfacet
  facet normal 0.661799 0.749681 0
    outer loop
      vertex -7.57463 1.35861 20.6
      vertex -7.40018 1.20461 15.3
      vertex -7.57463 1.35861 15.3
    endloop
  endfacet
  facet normal 0.61528 0.788309 -0
    outer loop
      vertex -7.22063 1.06447 15.3
      vertex -7.40018 1.20461 20.6
      vertex -7.22063 1.06447 20.6
    endloop
  endfacet
  facet normal 0.61528 0.788309 0
    outer loop
      vertex -7.40018 1.20461 20.6
      vertex -7.22063 1.06447 15.3
      vertex -7.40018 1.20461 15.3
    endloop
  endfacet
  facet normal 0.561392 0.82755 -0
    outer loop
      vertex -7.03596 0.939194 15.3
      vertex -7.22063 1.06447 20.6
      vertex -7.03596 0.939194 20.6
    endloop
  endfacet
  facet normal 0.561392 0.82755 0
    outer loop
      vertex -7.22063 1.06447 20.6
      vertex -7.03596 0.939194 15.3
      vertex -7.22063 1.06447 15.3
    endloop
  endfacet
  facet normal 0.497298 0.86758 -0
    outer loop
      vertex -6.84573 0.830154 15.3
      vertex -7.03596 0.939194 20.6
      vertex -6.84573 0.830154 20.6
    endloop
  endfacet
  facet normal 0.497298 0.86758 0
    outer loop
      vertex -7.03596 0.939194 20.6
      vertex -6.84573 0.830154 15.3
      vertex -7.03596 0.939194 15.3
    endloop
  endfacet
  facet normal 0.415946 0.909389 -0
    outer loop
      vertex -6.64737 0.739426 15.3
      vertex -6.84573 0.830154 20.6
      vertex -6.64737 0.739426 20.6
    endloop
  endfacet
  facet normal 0.415946 0.909389 0
    outer loop
      vertex -6.84573 0.830154 20.6
      vertex -6.64737 0.739426 15.3
      vertex -6.84573 0.830154 15.3
    endloop
  endfacet
  facet normal 0.287753 0.957705 -0
    outer loop
      vertex -6.43895 0.676804 15.3
      vertex -6.64737 0.739426 20.6
      vertex -6.43895 0.676804 20.6
    endloop
  endfacet
  facet normal 0.287753 0.957705 0
    outer loop
      vertex -6.64737 0.739426 20.6
      vertex -6.43895 0.676804 15.3
      vertex -6.64737 0.739426 15.3
    endloop
  endfacet
  facet normal 0.127539 0.991834 -0
    outer loop
      vertex -5.86082 0.602463 15.3
      vertex -6.43895 0.676804 20.6
      vertex -5.86082 0.602463 20.6
    endloop
  endfacet
  facet normal 0.127539 0.991834 0
    outer loop
      vertex -6.43895 0.676804 20.6
      vertex -5.86082 0.602463 15.3
      vertex -6.43895 0.676804 15.3
    endloop
  endfacet
  facet normal 0.997859 -0.0654072 0
    outer loop
      vertex -5.90031 0 20.6
      vertex -5.86082 0.602463 15.3
      vertex -5.86082 0.602463 20.6
    endloop
  endfacet
  facet normal 0.997859 -0.0654072 0
    outer loop
      vertex -5.86082 0.602463 15.3
      vertex -5.90031 0 20.6
      vertex -5.90031 0 15.3
    endloop
  endfacet
  facet normal 0.997859 0.0654072 0
    outer loop
      vertex -5.86082 -0.602463 20.6
      vertex -5.90031 0 15.3
      vertex -5.90031 0 20.6
    endloop
  endfacet
  facet normal 0.997859 0.0654072 0
    outer loop
      vertex -5.90031 0 15.3
      vertex -5.86082 -0.602463 20.6
      vertex -5.86082 -0.602463 15.3
    endloop
  endfacet
  facet normal 0.127539 -0.991834 0
    outer loop
      vertex -6.43895 -0.676804 15.3
      vertex -5.86082 -0.602463 20.6
      vertex -6.43895 -0.676804 20.6
    endloop
  endfacet
  facet normal 0.127539 -0.991834 0
    outer loop
      vertex -5.86082 -0.602463 20.6
      vertex -6.43895 -0.676804 15.3
      vertex -5.86082 -0.602463 15.3
    endloop
  endfacet
  facet normal 0.287753 -0.957705 0
    outer loop
      vertex -6.64737 -0.739426 15.3
      vertex -6.43895 -0.676804 20.6
      vertex -6.64737 -0.739426 20.6
    endloop
  endfacet
  facet normal 0.287753 -0.957705 0
    outer loop
      vertex -6.43895 -0.676804 20.6
      vertex -6.64737 -0.739426 15.3
      vertex -6.43895 -0.676804 15.3
    endloop
  endfacet
  facet normal 0.415946 -0.909389 0
    outer loop
      vertex -6.84573 -0.830154 15.3
      vertex -6.64737 -0.739426 20.6
      vertex -6.84573 -0.830154 20.6
    endloop
  endfacet
  facet normal 0.415946 -0.909389 0
    outer loop
      vertex -6.64737 -0.739426 20.6
      vertex -6.84573 -0.830154 15.3
      vertex -6.64737 -0.739426 15.3
    endloop
  endfacet
  facet normal 0.497298 -0.86758 0
    outer loop
      vertex -7.03596 -0.939194 15.3
      vertex -6.84573 -0.830154 20.6
      vertex -7.03596 -0.939194 20.6
    endloop
  endfacet
  facet normal 0.497298 -0.86758 0
    outer loop
      vertex -6.84573 -0.830154 20.6
      vertex -7.03596 -0.939194 15.3
      vertex -6.84573 -0.830154 15.3
    endloop
  endfacet
  facet normal 0.561392 -0.82755 0
    outer loop
      vertex -7.22063 -1.06447 15.3
      vertex -7.03596 -0.939194 20.6
      vertex -7.22063 -1.06447 20.6
    endloop
  endfacet
  facet normal 0.561392 -0.82755 0
    outer loop
      vertex -7.03596 -0.939194 20.6
      vertex -7.22063 -1.06447 15.3
      vertex -7.03596 -0.939194 15.3
    endloop
  endfacet
  facet normal 0.61528 -0.788309 0
    outer loop
      vertex -7.40018 -1.20461 15.3
      vertex -7.22063 -1.06447 20.6
      vertex -7.40018 -1.20461 20.6
    endloop
  endfacet
  facet normal 0.61528 -0.788309 0
    outer loop
      vertex -7.22063 -1.06447 20.6
      vertex -7.40018 -1.20461 15.3
      vertex -7.22063 -1.06447 15.3
    endloop
  endfacet
  facet normal 0.661799 -0.749681 0
    outer loop
      vertex -7.57463 -1.35861 15.3
      vertex -7.40018 -1.20461 20.6
      vertex -7.57463 -1.35861 20.6
    endloop
  endfacet
  facet normal 0.661799 -0.749681 0
    outer loop
      vertex -7.40018 -1.20461 20.6
      vertex -7.57463 -1.35861 15.3
      vertex -7.40018 -1.20461 15.3
    endloop
  endfacet
  facet normal 0.702976 -0.711214 0
    outer loop
      vertex -7.74384 -1.52586 15.3
      vertex -7.57463 -1.35861 20.6
      vertex -7.74384 -1.52586 20.6
    endloop
  endfacet
  facet normal 0.702976 -0.711214 0
    outer loop
      vertex -7.57463 -1.35861 20.6
      vertex -7.74384 -1.52586 15.3
      vertex -7.57463 -1.35861 15.3
    endloop
  endfacet
  facet normal 0.73979 -0.672837 0
    outer loop
      vertex -7.96161 -1.7653 20.6
      vertex -7.74384 -1.52586 15.3
      vertex -7.74384 -1.52586 20.6
    endloop
  endfacet
  facet normal 0.73979 -0.672837 0
    outer loop
      vertex -7.74384 -1.52586 15.3
      vertex -7.96161 -1.7653 20.6
      vertex -7.96161 -1.7653 15.3
    endloop
  endfacet
  facet normal 0.959493 0.281733 0
    outer loop
      vertex -7.65213 -2.81929 20.6
      vertex -7.96161 -1.7653 15.3
      vertex -7.96161 -1.7653 20.6
    endloop
  endfacet
  facet normal 0.959493 0.281733 0
    outer loop
      vertex -7.96161 -1.7653 15.3
      vertex -7.65213 -2.81929 20.6
      vertex -7.65213 -2.81929 15.3
    endloop
  endfacet
  facet normal 0.258561 0.965995 -0
    outer loop
      vertex -7.33946 -2.90298 15.3
      vertex -7.65213 -2.81929 20.6
      vertex -7.33946 -2.90298 20.6
    endloop
  endfacet
  facet normal 0.258561 0.965995 0
    outer loop
      vertex -7.65213 -2.81929 20.6
      vertex -7.33946 -2.90298 15.3
      vertex -7.65213 -2.81929 15.3
    endloop
  endfacet
  facet normal 0.206928 0.978356 -0
    outer loop
      vertex -7.1067 -2.95221 15.3
      vertex -7.33946 -2.90298 20.6
      vertex -7.1067 -2.95221 20.6
    endloop
  endfacet
  facet normal 0.206928 0.978356 0
    outer loop
      vertex -7.33946 -2.90298 20.6
      vertex -7.1067 -2.95221 15.3
      vertex -7.33946 -2.90298 15.3
    endloop
  endfacet
  facet normal 0.151479 0.98846 -0
    outer loop
      vertex -6.87668 -2.98746 15.3
      vertex -7.1067 -2.95221 20.6
      vertex -6.87668 -2.98746 20.6
    endloop
  endfacet
  facet normal 0.151479 0.98846 0
    outer loop
      vertex -7.1067 -2.95221 20.6
      vertex -6.87668 -2.98746 15.3
      vertex -7.1067 -2.95221 15.3
    endloop
  endfacet
  facet normal 0.091367 0.995817 -0
    outer loop
      vertex -6.64987 -3.00827 15.3
      vertex -6.87668 -2.98746 20.6
      vertex -6.64987 -3.00827 20.6
    endloop
  endfacet
  facet normal 0.091367 0.995817 0
    outer loop
      vertex -6.87668 -2.98746 20.6
      vertex -6.64987 -3.00827 15.3
      vertex -6.87668 -2.98746 15.3
    endloop
  endfacet
  facet normal 0.0248724 0.999691 -0
    outer loop
      vertex -6.4268 -3.01382 15.3
      vertex -6.64987 -3.00827 20.6
      vertex -6.4268 -3.01382 20.6
    endloop
  endfacet
  facet normal 0.0248724 0.999691 0
    outer loop
      vertex -6.64987 -3.00827 20.6
      vertex -6.4268 -3.01382 15.3
      vertex -6.64987 -3.00827 15.3
    endloop
  endfacet
  facet normal -0.0506223 0.998718 0
    outer loop
      vertex -6.20781 -3.00272 15.3
      vertex -6.4268 -3.01382 20.6
      vertex -6.20781 -3.00272 20.6
    endloop
  endfacet
  facet normal -0.0506223 0.998718 0
    outer loop
      vertex -6.4268 -3.01382 20.6
      vertex -6.20781 -3.00272 15.3
      vertex -6.4268 -3.01382 15.3
    endloop
  endfacet
  facet normal -0.141806 0.989894 0
    outer loop
      vertex -5.9919 -2.97179 15.3
      vertex -6.20781 -3.00272 20.6
      vertex -5.9919 -2.97179 20.6
    endloop
  endfacet
  facet normal -0.141806 0.989894 0
    outer loop
      vertex -6.20781 -3.00272 20.6
      vertex -5.9919 -2.97179 15.3
      vertex -6.20781 -3.00272 15.3
    endloop
  endfacet
  facet normal -0.27565 0.961258 0
    outer loop
      vertex -5.7827 -2.9118 15.3
      vertex -5.9919 -2.97179 20.6
      vertex -5.7827 -2.9118 20.6
    endloop
  endfacet
  facet normal -0.27565 0.961258 0
    outer loop
      vertex -5.9919 -2.97179 20.6
      vertex -5.7827 -2.9118 15.3
      vertex -5.9919 -2.97179 15.3
    endloop
  endfacet
  facet normal -0.428927 0.903339 0
    outer loop
      vertex -5.25282 -2.6602 15.3
      vertex -5.7827 -2.9118 20.6
      vertex -5.25282 -2.6602 20.6
    endloop
  endfacet
  facet normal -0.428927 0.903339 0
    outer loop
      vertex -5.7827 -2.9118 20.6
      vertex -5.25282 -2.6602 15.3
      vertex -5.7827 -2.9118 15.3
    endloop
  endfacet
  facet normal 0.896876 0.442283 0
    outer loop
      vertex -5.10983 -2.95016 20.6
      vertex -5.25282 -2.6602 15.3
      vertex -5.25282 -2.6602 20.6
    endloop
  endfacet
  facet normal 0.896876 0.442283 0
    outer loop
      vertex -5.25282 -2.6602 15.3
      vertex -5.10983 -2.95016 20.6
      vertex -5.10983 -2.95016 15.3
    endloop
  endfacet
  facet normal 0.831456 0.555591 0
    outer loop
      vertex -4.68103 -3.59187 20.6
      vertex -5.10983 -2.95016 15.3
      vertex -5.10983 -2.95016 20.6
    endloop
  endfacet
  facet normal 0.831456 0.555591 0
    outer loop
      vertex -5.10983 -2.95016 15.3
      vertex -4.68103 -3.59187 20.6
      vertex -4.68103 -3.59187 15.3
    endloop
  endfacet
  facet normal 0.751924 0.659249 0
    outer loop
      vertex -4.60648 -3.6769 20.6
      vertex -4.68103 -3.59187 15.3
      vertex -4.68103 -3.59187 20.6
    endloop
  endfacet
  facet normal 0.751924 0.659249 0
    outer loop
      vertex -4.68103 -3.59187 15.3
      vertex -4.60648 -3.6769 20.6
      vertex -4.60648 -3.6769 15.3
    endloop
  endfacet
  facet normal 0.643528 -0.765423 0
    outer loop
      vertex -5.05087 -4.05052 15.3
      vertex -4.60648 -3.6769 20.6
      vertex -5.05087 -4.05052 20.6
    endloop
  endfacet
  facet normal 0.643528 -0.765423 0
    outer loop
      vertex -4.60648 -3.6769 20.6
      vertex -5.05087 -4.05052 15.3
      vertex -4.60648 -3.6769 15.3
    endloop
  endfacet
  facet normal 0.75984 -0.65011 0
    outer loop
      vertex -5.19235 -4.21588 20.6
      vertex -5.05087 -4.05052 15.3
      vertex -5.05087 -4.05052 20.6
    endloop
  endfacet
  facet normal 0.75984 -0.65011 0
    outer loop
      vertex -5.05087 -4.05052 15.3
      vertex -5.19235 -4.21588 20.6
      vertex -5.19235 -4.21588 15.3
    endloop
  endfacet
  facet normal 0.841539 -0.540197 0
    outer loop
      vertex -5.31018 -4.39944 20.6
      vertex -5.19235 -4.21588 15.3
      vertex -5.19235 -4.21588 20.6
    endloop
  endfacet
  facet normal 0.841539 -0.540197 0
    outer loop
      vertex -5.19235 -4.21588 15.3
      vertex -5.31018 -4.39944 20.6
      vertex -5.31018 -4.39944 15.3
    endloop
  endfacet
  facet normal 0.887444 -0.460915 0
    outer loop
      vertex -5.41125 -4.59404 20.6
      vertex -5.31018 -4.39944 15.3
      vertex -5.31018 -4.39944 20.6
    endloop
  endfacet
  facet normal 0.887444 -0.460915 0
    outer loop
      vertex -5.31018 -4.39944 15.3
      vertex -5.41125 -4.59404 20.6
      vertex -5.41125 -4.59404 15.3
    endloop
  endfacet
  facet normal 0.919682 -0.392664 0
    outer loop
      vertex -5.49887 -4.79926 20.6
      vertex -5.41125 -4.59404 15.3
      vertex -5.41125 -4.59404 20.6
    endloop
  endfacet
  facet normal 0.919682 -0.392664 0
    outer loop
      vertex -5.41125 -4.59404 15.3
      vertex -5.49887 -4.79926 20.6
      vertex -5.49887 -4.79926 15.3
    endloop
  endfacet
  facet normal 0.943784 -0.330562 0
    outer loop
      vertex -5.57416 -5.01422 20.6
      vertex -5.49887 -4.79926 15.3
      vertex -5.49887 -4.79926 20.6
    endloop
  endfacet
  facet normal 0.943784 -0.330562 0
    outer loop
      vertex -5.49887 -4.79926 15.3
      vertex -5.57416 -5.01422 20.6
      vertex -5.57416 -5.01422 15.3
    endloop
  endfacet
  facet normal 0.962056 -0.272853 0
    outer loop
      vertex -5.63765 -5.23808 20.6
      vertex -5.57416 -5.01422 15.3
      vertex -5.57416 -5.01422 20.6
    endloop
  endfacet
  facet normal 0.962056 -0.272853 0
    outer loop
      vertex -5.57416 -5.01422 15.3
      vertex -5.63765 -5.23808 20.6
      vertex -5.63765 -5.23808 15.3
    endloop
  endfacet
  facet normal 0.97591 -0.218172 0
    outer loop
      vertex -5.68956 -5.47028 20.6
      vertex -5.63765 -5.23808 15.3
      vertex -5.63765 -5.23808 20.6
    endloop
  endfacet
  facet normal 0.97591 -0.218172 0
    outer loop
      vertex -5.63765 -5.23808 15.3
      vertex -5.68956 -5.47028 20.6
      vertex -5.68956 -5.47028 15.3
    endloop
  endfacet
  facet normal 0.986103 -0.166132 0
    outer loop
      vertex -5.74333 -5.78944 20.6
      vertex -5.68956 -5.47028 15.3
      vertex -5.68956 -5.47028 20.6
    endloop
  endfacet
  facet normal 0.986103 -0.166132 0
    outer loop
      vertex -5.68956 -5.47028 15.3
      vertex -5.74333 -5.78944 20.6
      vertex -5.74333 -5.78944 15.3
    endloop
  endfacet
  facet normal 0.654863 0.755747 -0
    outer loop
      vertex -4.91315 -6.5088 15.3
      vertex -5.74333 -5.78944 20.6
      vertex -4.91315 -6.5088 20.6
    endloop
  endfacet
  facet normal 0.654863 0.755747 0
    outer loop
      vertex -5.74333 -5.78944 20.6
      vertex -4.91315 -6.5088 15.3
      vertex -5.74333 -5.78944 15.3
    endloop
  endfacet
  facet normal -0.304749 0.952433 0
    outer loop
      vertex -4.60487 -6.41016 15.3
      vertex -4.91315 -6.5088 20.6
      vertex -4.60487 -6.41016 20.6
    endloop
  endfacet
  facet normal -0.304749 0.952433 0
    outer loop
      vertex -4.91315 -6.5088 20.6
      vertex -4.60487 -6.41016 15.3
      vertex -4.91315 -6.5088 15.3
    endloop
  endfacet
  facet normal -0.354889 0.934909 0
    outer loop
      vertex -4.38245 -6.32573 15.3
      vertex -4.60487 -6.41016 20.6
      vertex -4.38245 -6.32573 20.6
    endloop
  endfacet
  facet normal -0.354889 0.934909 0
    outer loop
      vertex -4.60487 -6.41016 20.6
      vertex -4.38245 -6.32573 15.3
      vertex -4.60487 -6.41016 15.3
    endloop
  endfacet
  facet normal -0.40698 0.913437 0
    outer loop
      vertex -4.16988 -6.23102 15.3
      vertex -4.38245 -6.32573 20.6
      vertex -4.16988 -6.23102 20.6
    endloop
  endfacet
  facet normal -0.40698 0.913437 0
    outer loop
      vertex -4.38245 -6.32573 20.6
      vertex -4.16988 -6.23102 15.3
      vertex -4.38245 -6.32573 15.3
    endloop
  endfacet
  facet normal -0.46147 0.887156 0
    outer loop
      vertex -3.96783 -6.12592 15.3
      vertex -4.16988 -6.23102 20.6
      vertex -3.96783 -6.12592 20.6
    endloop
  endfacet
  facet normal -0.46147 0.887156 0
    outer loop
      vertex -4.16988 -6.23102 20.6
      vertex -3.96783 -6.12592 15.3
      vertex -4.16988 -6.23102 15.3
    endloop
  endfacet
  facet normal -0.519594 0.854413 0
    outer loop
      vertex -3.77718 -6.00998 15.3
      vertex -3.96783 -6.12592 20.6
      vertex -3.77718 -6.00998 20.6
    endloop
  endfacet
  facet normal -0.519594 0.854413 0
    outer loop
      vertex -3.96783 -6.12592 20.6
      vertex -3.77718 -6.00998 15.3
      vertex -3.96783 -6.12592 15.3
    endloop
  endfacet
  facet normal -0.582514 0.81282 0
    outer loop
      vertex -3.59895 -5.88225 15.3
      vertex -3.77718 -6.00998 20.6
      vertex -3.59895 -5.88225 20.6
    endloop
  endfacet
  facet normal -0.582514 0.81282 0
    outer loop
      vertex -3.77718 -6.00998 20.6
      vertex -3.59895 -5.88225 15.3
      vertex -3.77718 -6.00998 15.3
    endloop
  endfacet
  facet normal -0.654461 0.756096 0
    outer loop
      vertex -3.43402 -5.73949 15.3
      vertex -3.59895 -5.88225 20.6
      vertex -3.43402 -5.73949 20.6
    endloop
  endfacet
  facet normal -0.654461 0.756096 0
    outer loop
      vertex -3.59895 -5.88225 20.6
      vertex -3.43402 -5.73949 15.3
      vertex -3.59895 -5.88225 15.3
    endloop
  endfacet
  facet normal -0.751585 0.659636 0
    outer loop
      vertex -3.43402 -5.73949 15.3
      vertex -3.29047 -5.57593 20.6
      vertex -3.29047 -5.57593 15.3
    endloop
  endfacet
  facet normal -0.751585 0.659636 0
    outer loop
      vertex -3.29047 -5.57593 20.6
      vertex -3.43402 -5.73949 15.3
      vertex -3.43402 -5.73949 20.6
    endloop
  endfacet
  facet normal -0.849224 0.528033 0
    outer loop
      vertex -3.29047 -5.57593 15.3
      vertex -2.98584 -5.086 20.6
      vertex -2.98584 -5.086 15.3
    endloop
  endfacet
  facet normal -0.849224 0.528033 0
    outer loop
      vertex -2.98584 -5.086 20.6
      vertex -3.29047 -5.57593 15.3
      vertex -3.29047 -5.57593 20.6
    endloop
  endfacet
  facet normal 0.555399 0.831584 -0
    outer loop
      vertex -2.95016 -5.10983 15.3
      vertex -2.98584 -5.086 20.6
      vertex -2.95016 -5.10983 20.6
    endloop
  endfacet
  facet normal 0.555399 0.831584 0
    outer loop
      vertex -2.98584 -5.086 20.6
      vertex -2.95016 -5.10983 15.3
      vertex -2.98584 -5.086 15.3
    endloop
  endfacet
  facet normal 0.442288 0.896873 -0
    outer loop
      vertex -2.25795 -5.45119 15.3
      vertex -2.95016 -5.10983 20.6
      vertex -2.25795 -5.45119 20.6
    endloop
  endfacet
  facet normal 0.442288 0.896873 0
    outer loop
      vertex -2.95016 -5.10983 20.6
      vertex -2.25795 -5.45119 15.3
      vertex -2.95016 -5.10983 15.3
    endloop
  endfacet
  facet normal 0.321417 0.946938 -0
    outer loop
      vertex -1.88547 -5.57762 15.3
      vertex -2.25795 -5.45119 20.6
      vertex -1.88547 -5.57762 20.6
    endloop
  endfacet
  facet normal 0.321417 0.946938 0
    outer loop
      vertex -2.25795 -5.45119 20.6
      vertex -1.88547 -5.57762 15.3
      vertex -2.25795 -5.45119 15.3
    endloop
  endfacet
  facet normal 0.955192 -0.295987 0
    outer loop
      vertex -2.05919 -6.13824 20.6
      vertex -1.88547 -5.57762 15.3
      vertex -1.88547 -5.57762 20.6
    endloop
  endfacet
  facet normal 0.955192 -0.295987 0
    outer loop
      vertex -1.88547 -5.57762 15.3
      vertex -2.05919 -6.13824 20.6
      vertex -2.05919 -6.13824 15.3
    endloop
  endfacet
  facet normal 0.990688 -0.136151 0
    outer loop
      vertex -2.08882 -6.35384 20.6
      vertex -2.05919 -6.13824 15.3
      vertex -2.05919 -6.13824 20.6
    endloop
  endfacet
  facet normal 0.990688 -0.136151 0
    outer loop
      vertex -2.05919 -6.13824 15.3
      vertex -2.08882 -6.35384 20.6
      vertex -2.08882 -6.35384 15.3
    endloop
  endfacet
  facet normal 1 0.000641848 0
    outer loop
      vertex -2.08868 -6.57196 20.6
      vertex -2.08882 -6.35384 15.3
      vertex -2.08882 -6.35384 20.6
    endloop
  endfacet
  facet normal 1 0.000641848 0
    outer loop
      vertex -2.08882 -6.35384 15.3
      vertex -2.08868 -6.57196 20.6
      vertex -2.08868 -6.57196 15.3
    endloop
  endfacet
  facet normal 0.995756 0.0920282 0
    outer loop
      vertex -2.0685 -6.79031 20.6
      vertex -2.08868 -6.57196 15.3
      vertex -2.08868 -6.57196 20.6
    endloop
  endfacet
  facet normal 0.995756 0.0920282 0
    outer loop
      vertex -2.08868 -6.57196 15.3
      vertex -2.0685 -6.79031 20.6
      vertex -2.0685 -6.79031 15.3
    endloop
  endfacet
  facet normal 0.985981 0.166855 0
    outer loop
      vertex -2.03127 -7.01031 20.6
      vertex -2.0685 -6.79031 15.3
      vertex -2.0685 -6.79031 20.6
    endloop
  endfacet
  facet normal 0.985981 0.166855 0
    outer loop
      vertex -2.0685 -6.79031 15.3
      vertex -2.03127 -7.01031 20.6
      vertex -2.03127 -7.01031 15.3
    endloop
  endfacet
  facet normal 0.972673 0.23218 0
    outer loop
      vertex -1.97839 -7.23184 20.6
      vertex -2.03127 -7.01031 15.3
      vertex -2.03127 -7.01031 20.6
    endloop
  endfacet
  facet normal 0.972673 0.23218 0
    outer loop
      vertex -2.03127 -7.01031 15.3
      vertex -1.97839 -7.23184 20.6
      vertex -1.97839 -7.23184 15.3
    endloop
  endfacet
  facet normal 0.956852 0.290575 0
    outer loop
      vertex -1.91077 -7.45451 20.6
      vertex -1.97839 -7.23184 15.3
      vertex -1.97839 -7.23184 20.6
    endloop
  endfacet
  facet normal 0.956852 0.290575 0
    outer loop
      vertex -1.97839 -7.23184 15.3
      vertex -1.91077 -7.45451 20.6
      vertex -1.91077 -7.45451 15.3
    endloop
  endfacet
  facet normal 0.938957 0.344034 0
    outer loop
      vertex -1.82892 -7.6779 20.6
      vertex -1.91077 -7.45451 15.3
      vertex -1.91077 -7.45451 20.6
    endloop
  endfacet
  facet normal 0.938957 0.344034 0
    outer loop
      vertex -1.91077 -7.45451 15.3
      vertex -1.82892 -7.6779 20.6
      vertex -1.82892 -7.6779 15.3
    endloop
  endfacet
  facet normal 0.919353 0.393434 0
    outer loop
      vertex -1.70158 -7.97546 20.6
      vertex -1.82892 -7.6779 15.3
      vertex -1.82892 -7.6779 20.6
    endloop
  endfacet
  facet normal 0.919353 0.393434 0
    outer loop
      vertex -1.82892 -7.6779 15.3
      vertex -1.70158 -7.97546 20.6
      vertex -1.70158 -7.97546 15.3
    endloop
  endfacet
  facet normal 0.14233 0.989819 -0
    outer loop
      vertex -0.614258 -8.13181 15.3
      vertex -1.70158 -7.97546 20.6
      vertex -0.614258 -8.13181 20.6
    endloop
  endfacet
  facet normal 0.14233 0.989819 0
    outer loop
      vertex -1.70158 -7.97546 20.6
      vertex -0.614258 -8.13181 15.3
      vertex -1.70158 -7.97546 15.3
    endloop
  endfacet
  facet normal -0.771346 0.636416 0
    outer loop
      vertex -0.614258 -8.13181 15.3
      vertex -0.408279 -7.88216 20.6
      vertex -0.408279 -7.88216 15.3
    endloop
  endfacet
  facet normal -0.771346 0.636416 0
    outer loop
      vertex -0.408279 -7.88216 20.6
      vertex -0.614258 -8.13181 15.3
      vertex -0.614258 -8.13181 20.6
    endloop
  endfacet
  facet normal -0.671561 -0.740949 0
    outer loop
      vertex 2.03006 2.47363 0
      vertex 2.26274 2.26274 15.3
      vertex 2.03006 2.47363 15.3
    endloop
  endfacet
  facet normal -0.671561 -0.740949 -0
    outer loop
      vertex 2.26274 2.26274 15.3
      vertex 2.03006 2.47363 0
      vertex 2.26274 2.26274 0
    endloop
  endfacet
  facet normal 0.336901 -0.94154 0
    outer loop
      vertex -1.22459 2.95641 0
      vertex -0.92891 3.06221 15.3
      vertex -1.22459 2.95641 15.3
    endloop
  endfacet
  facet normal 0.336901 -0.94154 0
    outer loop
      vertex -0.92891 3.06221 15.3
      vertex -1.22459 2.95641 0
      vertex -0.92891 3.06221 0
    endloop
  endfacet
  facet normal 0.903996 -0.427541 0
    outer loop
      vertex -2.95641 1.22459 15.3
      vertex -2.82215 1.50847 0
      vertex -2.82215 1.50847 15.3
    endloop
  endfacet
  facet normal 0.903996 -0.427541 0
    outer loop
      vertex -2.82215 1.50847 0
      vertex -2.95641 1.22459 15.3
      vertex -2.95641 1.22459 0
    endloop
  endfacet
  facet normal -0.903996 0.427541 0
    outer loop
      vertex 2.82215 -1.50847 0
      vertex 2.95641 -1.22459 15.3
      vertex 2.95641 -1.22459 0
    endloop
  endfacet
  facet normal -0.903996 0.427541 0
    outer loop
      vertex 2.95641 -1.22459 15.3
      vertex 2.82215 -1.50847 0
      vertex 2.82215 -1.50847 15.3
    endloop
  endfacet
  facet normal 0.427541 0.903996 -0
    outer loop
      vertex -1.22459 -2.95641 0
      vertex -1.50847 -2.82215 15.3
      vertex -1.22459 -2.95641 15.3
    endloop
  endfacet
  facet normal 0.427541 0.903996 0
    outer loop
      vertex -1.50847 -2.82215 15.3
      vertex -1.22459 -2.95641 0
      vertex -1.50847 -2.82215 0
    endloop
  endfacet
  facet normal -0.94154 -0.336901 0
    outer loop
      vertex 3.06221 0.92891 0
      vertex 2.95641 1.22459 15.3
      vertex 2.95641 1.22459 0
    endloop
  endfacet
  facet normal -0.94154 -0.336901 0
    outer loop
      vertex 2.95641 1.22459 15.3
      vertex 3.06221 0.92891 0
      vertex 3.06221 0.92891 15.3
    endloop
  endfacet
  facet normal -0.989176 -0.146736 0
    outer loop
      vertex 3.18459 0.313654 0
      vertex 3.13851 0.624289 15.3
      vertex 3.13851 0.624289 0
    endloop
  endfacet
  facet normal -0.989176 -0.146736 0
    outer loop
      vertex 3.13851 0.624289 15.3
      vertex 3.18459 0.313654 0
      vertex 3.18459 0.313654 15.3
    endloop
  endfacet
  facet normal -0.903996 -0.427541 0
    outer loop
      vertex 2.95641 1.22459 0
      vertex 2.82215 1.50847 15.3
      vertex 2.82215 1.50847 0
    endloop
  endfacet
  facet normal -0.903996 -0.427541 0
    outer loop
      vertex 2.82215 1.50847 15.3
      vertex 2.95641 1.22459 0
      vertex 2.95641 1.22459 15.3
    endloop
  endfacet
  facet normal -0.427541 -0.903996 0
    outer loop
      vertex 1.22459 2.95641 0
      vertex 1.50847 2.82215 15.3
      vertex 1.22459 2.95641 15.3
    endloop
  endfacet
  facet normal -0.427541 -0.903996 -0
    outer loop
      vertex 1.50847 2.82215 15.3
      vertex 1.22459 2.95641 0
      vertex 1.50847 2.82215 0
    endloop
  endfacet
  facet normal 0.740949 -0.671561 0
    outer loop
      vertex -2.47363 2.03006 15.3
      vertex -2.26274 2.26274 0
      vertex -2.26274 2.26274 15.3
    endloop
  endfacet
  facet normal 0.740949 -0.671561 0
    outer loop
      vertex -2.26274 2.26274 0
      vertex -2.47363 2.03006 15.3
      vertex -2.47363 2.03006 0
    endloop
  endfacet
  facet normal 0.146736 -0.989176 0
    outer loop
      vertex -0.624289 3.13851 0
      vertex -0.313654 3.18459 15.3
      vertex -0.624289 3.13851 15.3
    endloop
  endfacet
  facet normal 0.146736 -0.989176 0
    outer loop
      vertex -0.313654 3.18459 15.3
      vertex -0.624289 3.13851 0
      vertex -0.313654 3.18459 0
    endloop
  endfacet
  facet normal -0.989176 0.146736 0
    outer loop
      vertex 3.13851 -0.624289 0
      vertex 3.18459 -0.313654 15.3
      vertex 3.18459 -0.313654 0
    endloop
  endfacet
  facet normal -0.989176 0.146736 0
    outer loop
      vertex 3.18459 -0.313654 15.3
      vertex 3.13851 -0.624289 0
      vertex 3.13851 -0.624289 15.3
    endloop
  endfacet
  facet normal -0.740949 0.671561 0
    outer loop
      vertex 2.26274 -2.26274 0
      vertex 2.47363 -2.03006 15.3
      vertex 2.47363 -2.03006 0
    endloop
  endfacet
  facet normal -0.740949 0.671561 0
    outer loop
      vertex 2.47363 -2.03006 15.3
      vertex 2.26274 -2.26274 0
      vertex 2.26274 -2.26274 15.3
    endloop
  endfacet
  facet normal 0.146736 0.989176 -0
    outer loop
      vertex -0.313654 -3.18459 0
      vertex -0.624289 -3.13851 15.3
      vertex -0.313654 -3.18459 15.3
    endloop
  endfacet
  facet normal 0.146736 0.989176 0
    outer loop
      vertex -0.624289 -3.13851 15.3
      vertex -0.313654 -3.18459 0
      vertex -0.624289 -3.13851 0
    endloop
  endfacet
  facet normal 0.671561 0.740949 -0
    outer loop
      vertex -2.03006 -2.47363 0
      vertex -2.26274 -2.26274 15.3
      vertex -2.03006 -2.47363 15.3
    endloop
  endfacet
  facet normal 0.671561 0.740949 0
    outer loop
      vertex -2.26274 -2.26274 15.3
      vertex -2.03006 -2.47363 0
      vertex -2.26274 -2.26274 0
    endloop
  endfacet
  facet normal -0.970034 -0.242969 0
    outer loop
      vertex 3.13851 0.624289 0
      vertex 3.06221 0.92891 15.3
      vertex 3.06221 0.92891 0
    endloop
  endfacet
  facet normal -0.970034 -0.242969 0
    outer loop
      vertex 3.06221 0.92891 15.3
      vertex 3.13851 0.624289 0
      vertex 3.13851 0.624289 15.3
    endloop
  endfacet
  facet normal -0.803214 -0.595691 0
    outer loop
      vertex 2.6607 1.77782 0
      vertex 2.47363 2.03006 15.3
      vertex 2.47363 2.03006 0
    endloop
  endfacet
  facet normal -0.803214 -0.595691 0
    outer loop
      vertex 2.47363 2.03006 15.3
      vertex 2.6607 1.77782 0
      vertex 2.6607 1.77782 15.3
    endloop
  endfacet
  facet normal -0.857718 -0.514121 0
    outer loop
      vertex 2.82215 1.50847 0
      vertex 2.6607 1.77782 15.3
      vertex 2.6607 1.77782 0
    endloop
  endfacet
  facet normal -0.857718 -0.514121 0
    outer loop
      vertex 2.6607 1.77782 15.3
      vertex 2.82215 1.50847 0
      vertex 2.82215 1.50847 15.3
    endloop
  endfacet
  facet normal -0.740949 -0.671561 0
    outer loop
      vertex 2.47363 2.03006 0
      vertex 2.26274 2.26274 15.3
      vertex 2.26274 2.26274 0
    endloop
  endfacet
  facet normal -0.740949 -0.671561 0
    outer loop
      vertex 2.26274 2.26274 15.3
      vertex 2.47363 2.03006 0
      vertex 2.47363 2.03006 15.3
    endloop
  endfacet
  facet normal -0.595691 -0.803214 0
    outer loop
      vertex 1.77782 2.6607 0
      vertex 2.03006 2.47363 15.3
      vertex 1.77782 2.6607 15.3
    endloop
  endfacet
  facet normal -0.595691 -0.803214 -0
    outer loop
      vertex 2.03006 2.47363 15.3
      vertex 1.77782 2.6607 0
      vertex 2.03006 2.47363 0
    endloop
  endfacet
  facet normal -0.0490714 -0.998795 0
    outer loop
      vertex 0 3.2 0
      vertex 0.313654 3.18459 15.3
      vertex 0 3.2 15.3
    endloop
  endfacet
  facet normal -0.0490714 -0.998795 -0
    outer loop
      vertex 0.313654 3.18459 15.3
      vertex 0 3.2 0
      vertex 0.313654 3.18459 0
    endloop
  endfacet
  facet normal -0.514121 -0.857718 0
    outer loop
      vertex 1.50847 2.82215 0
      vertex 1.77782 2.6607 15.3
      vertex 1.50847 2.82215 15.3
    endloop
  endfacet
  facet normal -0.514121 -0.857718 -0
    outer loop
      vertex 1.77782 2.6607 15.3
      vertex 1.50847 2.82215 0
      vertex 1.77782 2.6607 0
    endloop
  endfacet
  facet normal -0.336901 -0.94154 0
    outer loop
      vertex 0.92891 3.06221 0
      vertex 1.22459 2.95641 15.3
      vertex 0.92891 3.06221 15.3
    endloop
  endfacet
  facet normal -0.336901 -0.94154 -0
    outer loop
      vertex 1.22459 2.95641 15.3
      vertex 0.92891 3.06221 0
      vertex 1.22459 2.95641 0
    endloop
  endfacet
  facet normal -0.242969 -0.970034 0
    outer loop
      vertex 0.624289 3.13851 0
      vertex 0.92891 3.06221 15.3
      vertex 0.624289 3.13851 15.3
    endloop
  endfacet
  facet normal -0.242969 -0.970034 -0
    outer loop
      vertex 0.92891 3.06221 15.3
      vertex 0.624289 3.13851 0
      vertex 0.92891 3.06221 0
    endloop
  endfacet
  facet normal 0.998795 -0.0490714 0
    outer loop
      vertex -3.2 0 15.3
      vertex -3.18459 0.313654 0
      vertex -3.18459 0.313654 15.3
    endloop
  endfacet
  facet normal 0.998795 -0.0490714 0
    outer loop
      vertex -3.18459 0.313654 0
      vertex -3.2 0 15.3
      vertex -3.2 0 0
    endloop
  endfacet
  facet normal 0.94154 -0.336901 0
    outer loop
      vertex -3.06221 0.92891 15.3
      vertex -2.95641 1.22459 0
      vertex -2.95641 1.22459 15.3
    endloop
  endfacet
  facet normal 0.94154 -0.336901 0
    outer loop
      vertex -2.95641 1.22459 0
      vertex -3.06221 0.92891 15.3
      vertex -3.06221 0.92891 0
    endloop
  endfacet
  facet normal 0.970034 -0.242969 0
    outer loop
      vertex -3.13851 0.624289 15.3
      vertex -3.06221 0.92891 0
      vertex -3.06221 0.92891 15.3
    endloop
  endfacet
  facet normal 0.970034 -0.242969 0
    outer loop
      vertex -3.06221 0.92891 0
      vertex -3.13851 0.624289 15.3
      vertex -3.13851 0.624289 0
    endloop
  endfacet
  facet normal 0.857718 -0.514121 0
    outer loop
      vertex -2.82215 1.50847 15.3
      vertex -2.6607 1.77782 0
      vertex -2.6607 1.77782 15.3
    endloop
  endfacet
  facet normal 0.857718 -0.514121 0
    outer loop
      vertex -2.6607 1.77782 0
      vertex -2.82215 1.50847 15.3
      vertex -2.82215 1.50847 0
    endloop
  endfacet
  facet normal 0.803214 -0.595691 0
    outer loop
      vertex -2.6607 1.77782 15.3
      vertex -2.47363 2.03006 0
      vertex -2.47363 2.03006 15.3
    endloop
  endfacet
  facet normal 0.803214 -0.595691 0
    outer loop
      vertex -2.47363 2.03006 0
      vertex -2.6607 1.77782 15.3
      vertex -2.6607 1.77782 0
    endloop
  endfacet
  facet normal 0.242969 -0.970034 0
    outer loop
      vertex -0.92891 3.06221 0
      vertex -0.624289 3.13851 15.3
      vertex -0.92891 3.06221 15.3
    endloop
  endfacet
  facet normal 0.242969 -0.970034 0
    outer loop
      vertex -0.624289 3.13851 15.3
      vertex -0.92891 3.06221 0
      vertex -0.624289 3.13851 0
    endloop
  endfacet
  facet normal 0.0490714 -0.998795 0
    outer loop
      vertex -0.313654 3.18459 0
      vertex 0 3.2 15.3
      vertex -0.313654 3.18459 15.3
    endloop
  endfacet
  facet normal 0.0490714 -0.998795 0
    outer loop
      vertex 0 3.2 15.3
      vertex -0.313654 3.18459 0
      vertex 0 3.2 0
    endloop
  endfacet
  facet normal 0.514121 -0.857718 0
    outer loop
      vertex -1.77782 2.6607 0
      vertex -1.50847 2.82215 15.3
      vertex -1.77782 2.6607 15.3
    endloop
  endfacet
  facet normal 0.514121 -0.857718 0
    outer loop
      vertex -1.50847 2.82215 15.3
      vertex -1.77782 2.6607 0
      vertex -1.50847 2.82215 0
    endloop
  endfacet
  facet normal 0.595691 -0.803214 0
    outer loop
      vertex -2.03006 2.47363 0
      vertex -1.77782 2.6607 15.3
      vertex -2.03006 2.47363 15.3
    endloop
  endfacet
  facet normal 0.595691 -0.803214 0
    outer loop
      vertex -1.77782 2.6607 15.3
      vertex -2.03006 2.47363 0
      vertex -1.77782 2.6607 0
    endloop
  endfacet
  facet normal 0.427541 -0.903996 0
    outer loop
      vertex -1.50847 2.82215 0
      vertex -1.22459 2.95641 15.3
      vertex -1.50847 2.82215 15.3
    endloop
  endfacet
  facet normal 0.427541 -0.903996 0
    outer loop
      vertex -1.22459 2.95641 15.3
      vertex -1.50847 2.82215 0
      vertex -1.22459 2.95641 0
    endloop
  endfacet
  facet normal 0.671561 -0.740949 0
    outer loop
      vertex -2.26274 2.26274 0
      vertex -2.03006 2.47363 15.3
      vertex -2.26274 2.26274 15.3
    endloop
  endfacet
  facet normal 0.671561 -0.740949 0
    outer loop
      vertex -2.03006 2.47363 15.3
      vertex -2.26274 2.26274 0
      vertex -2.03006 2.47363 0
    endloop
  endfacet
  facet normal -0.998795 -0.0490714 0
    outer loop
      vertex 3.2 0 0
      vertex 3.18459 0.313654 15.3
      vertex 3.18459 0.313654 0
    endloop
  endfacet
  facet normal -0.998795 -0.0490714 0
    outer loop
      vertex 3.18459 0.313654 15.3
      vertex 3.2 0 0
      vertex 3.2 0 15.3
    endloop
  endfacet
  facet normal -0.0490714 0.998795 0
    outer loop
      vertex 0.313654 -3.18459 0
      vertex 0 -3.2 15.3
      vertex 0.313654 -3.18459 15.3
    endloop
  endfacet
  facet normal -0.0490714 0.998795 0
    outer loop
      vertex 0 -3.2 15.3
      vertex 0.313654 -3.18459 0
      vertex 0 -3.2 0
    endloop
  endfacet
  facet normal -0.94154 0.336901 0
    outer loop
      vertex 2.95641 -1.22459 0
      vertex 3.06221 -0.92891 15.3
      vertex 3.06221 -0.92891 0
    endloop
  endfacet
  facet normal -0.94154 0.336901 0
    outer loop
      vertex 3.06221 -0.92891 15.3
      vertex 2.95641 -1.22459 0
      vertex 2.95641 -1.22459 15.3
    endloop
  endfacet
  facet normal -0.146736 0.989176 0
    outer loop
      vertex 0.624289 -3.13851 0
      vertex 0.313654 -3.18459 15.3
      vertex 0.624289 -3.13851 15.3
    endloop
  endfacet
  facet normal -0.146736 0.989176 0
    outer loop
      vertex 0.313654 -3.18459 15.3
      vertex 0.624289 -3.13851 0
      vertex 0.313654 -3.18459 0
    endloop
  endfacet
  facet normal -0.242969 0.970034 0
    outer loop
      vertex 0.92891 -3.06221 0
      vertex 0.624289 -3.13851 15.3
      vertex 0.92891 -3.06221 15.3
    endloop
  endfacet
  facet normal -0.242969 0.970034 0
    outer loop
      vertex 0.624289 -3.13851 15.3
      vertex 0.92891 -3.06221 0
      vertex 0.624289 -3.13851 0
    endloop
  endfacet
  facet normal -0.595691 0.803214 0
    outer loop
      vertex 2.03006 -2.47363 0
      vertex 1.77782 -2.6607 15.3
      vertex 2.03006 -2.47363 15.3
    endloop
  endfacet
  facet normal -0.595691 0.803214 0
    outer loop
      vertex 1.77782 -2.6607 15.3
      vertex 2.03006 -2.47363 0
      vertex 1.77782 -2.6607 0
    endloop
  endfacet
  facet normal -0.427541 0.903996 0
    outer loop
      vertex 1.50847 -2.82215 0
      vertex 1.22459 -2.95641 15.3
      vertex 1.50847 -2.82215 15.3
    endloop
  endfacet
  facet normal -0.427541 0.903996 0
    outer loop
      vertex 1.22459 -2.95641 15.3
      vertex 1.50847 -2.82215 0
      vertex 1.22459 -2.95641 0
    endloop
  endfacet
  facet normal -0.857718 0.514121 0
    outer loop
      vertex 2.6607 -1.77782 0
      vertex 2.82215 -1.50847 15.3
      vertex 2.82215 -1.50847 0
    endloop
  endfacet
  facet normal -0.857718 0.514121 0
    outer loop
      vertex 2.82215 -1.50847 15.3
      vertex 2.6607 -1.77782 0
      vertex 2.6607 -1.77782 15.3
    endloop
  endfacet
  facet normal 0.0490714 0.998795 -0
    outer loop
      vertex 0 -3.2 0
      vertex -0.313654 -3.18459 15.3
      vertex 0 -3.2 15.3
    endloop
  endfacet
  facet normal 0.0490714 0.998795 0
    outer loop
      vertex -0.313654 -3.18459 15.3
      vertex 0 -3.2 0
      vertex -0.313654 -3.18459 0
    endloop
  endfacet
  facet normal 0.336901 0.94154 -0
    outer loop
      vertex -0.92891 -3.06221 0
      vertex -1.22459 -2.95641 15.3
      vertex -0.92891 -3.06221 15.3
    endloop
  endfacet
  facet normal 0.336901 0.94154 0
    outer loop
      vertex -1.22459 -2.95641 15.3
      vertex -0.92891 -3.06221 0
      vertex -1.22459 -2.95641 0
    endloop
  endfacet
  facet normal 0.514121 0.857718 -0
    outer loop
      vertex -1.50847 -2.82215 0
      vertex -1.77782 -2.6607 15.3
      vertex -1.50847 -2.82215 15.3
    endloop
  endfacet
  facet normal 0.514121 0.857718 0
    outer loop
      vertex -1.77782 -2.6607 15.3
      vertex -1.50847 -2.82215 0
      vertex -1.77782 -2.6607 0
    endloop
  endfacet
  facet normal 0.998795 0.0490714 0
    outer loop
      vertex -3.18459 -0.313654 15.3
      vertex -3.2 0 0
      vertex -3.2 0 15.3
    endloop
  endfacet
  facet normal 0.998795 0.0490714 0
    outer loop
      vertex -3.2 0 0
      vertex -3.18459 -0.313654 15.3
      vertex -3.18459 -0.313654 0
    endloop
  endfacet
  facet normal 0.970034 0.242969 0
    outer loop
      vertex -3.06221 -0.92891 15.3
      vertex -3.13851 -0.624289 0
      vertex -3.13851 -0.624289 15.3
    endloop
  endfacet
  facet normal 0.970034 0.242969 0
    outer loop
      vertex -3.13851 -0.624289 0
      vertex -3.06221 -0.92891 15.3
      vertex -3.06221 -0.92891 0
    endloop
  endfacet
  facet normal 0.803214 0.595691 0
    outer loop
      vertex -2.47363 -2.03006 15.3
      vertex -2.6607 -1.77782 0
      vertex -2.6607 -1.77782 15.3
    endloop
  endfacet
  facet normal 0.803214 0.595691 0
    outer loop
      vertex -2.6607 -1.77782 0
      vertex -2.47363 -2.03006 15.3
      vertex -2.47363 -2.03006 0
    endloop
  endfacet
  facet normal 0.903996 0.427541 0
    outer loop
      vertex -2.82215 -1.50847 15.3
      vertex -2.95641 -1.22459 0
      vertex -2.95641 -1.22459 15.3
    endloop
  endfacet
  facet normal 0.903996 0.427541 0
    outer loop
      vertex -2.95641 -1.22459 0
      vertex -2.82215 -1.50847 15.3
      vertex -2.82215 -1.50847 0
    endloop
  endfacet
  facet normal -0.146736 -0.989176 0
    outer loop
      vertex 0.313654 3.18459 0
      vertex 0.624289 3.13851 15.3
      vertex 0.313654 3.18459 15.3
    endloop
  endfacet
  facet normal -0.146736 -0.989176 -0
    outer loop
      vertex 0.624289 3.13851 15.3
      vertex 0.313654 3.18459 0
      vertex 0.624289 3.13851 0
    endloop
  endfacet
  facet normal 0.989176 -0.146736 0
    outer loop
      vertex -3.18459 0.313654 15.3
      vertex -3.13851 0.624289 0
      vertex -3.13851 0.624289 15.3
    endloop
  endfacet
  facet normal 0.989176 -0.146736 0
    outer loop
      vertex -3.13851 0.624289 0
      vertex -3.18459 0.313654 15.3
      vertex -3.18459 0.313654 0
    endloop
  endfacet
  facet normal -0.998795 0.0490714 0
    outer loop
      vertex 3.18459 -0.313654 0
      vertex 3.2 0 15.3
      vertex 3.2 0 0
    endloop
  endfacet
  facet normal -0.998795 0.0490714 0
    outer loop
      vertex 3.2 0 15.3
      vertex 3.18459 -0.313654 0
      vertex 3.18459 -0.313654 15.3
    endloop
  endfacet
  facet normal -0.970034 0.242969 0
    outer loop
      vertex 3.06221 -0.92891 0
      vertex 3.13851 -0.624289 15.3
      vertex 3.13851 -0.624289 0
    endloop
  endfacet
  facet normal -0.970034 0.242969 0
    outer loop
      vertex 3.13851 -0.624289 15.3
      vertex 3.06221 -0.92891 0
      vertex 3.06221 -0.92891 15.3
    endloop
  endfacet
  facet normal -0.336901 0.94154 0
    outer loop
      vertex 1.22459 -2.95641 0
      vertex 0.92891 -3.06221 15.3
      vertex 1.22459 -2.95641 15.3
    endloop
  endfacet
  facet normal -0.336901 0.94154 0
    outer loop
      vertex 0.92891 -3.06221 15.3
      vertex 1.22459 -2.95641 0
      vertex 0.92891 -3.06221 0
    endloop
  endfacet
  facet normal -0.671561 0.740949 0
    outer loop
      vertex 2.26274 -2.26274 0
      vertex 2.03006 -2.47363 15.3
      vertex 2.26274 -2.26274 15.3
    endloop
  endfacet
  facet normal -0.671561 0.740949 0
    outer loop
      vertex 2.03006 -2.47363 15.3
      vertex 2.26274 -2.26274 0
      vertex 2.03006 -2.47363 0
    endloop
  endfacet
  facet normal -0.514121 0.857718 0
    outer loop
      vertex 1.77782 -2.6607 0
      vertex 1.50847 -2.82215 15.3
      vertex 1.77782 -2.6607 15.3
    endloop
  endfacet
  facet normal -0.514121 0.857718 0
    outer loop
      vertex 1.50847 -2.82215 15.3
      vertex 1.77782 -2.6607 0
      vertex 1.50847 -2.82215 0
    endloop
  endfacet
  facet normal -0.803214 0.595691 0
    outer loop
      vertex 2.47363 -2.03006 0
      vertex 2.6607 -1.77782 15.3
      vertex 2.6607 -1.77782 0
    endloop
  endfacet
  facet normal -0.803214 0.595691 0
    outer loop
      vertex 2.6607 -1.77782 15.3
      vertex 2.47363 -2.03006 0
      vertex 2.47363 -2.03006 15.3
    endloop
  endfacet
  facet normal 0.242969 0.970034 -0
    outer loop
      vertex -0.624289 -3.13851 0
      vertex -0.92891 -3.06221 15.3
      vertex -0.624289 -3.13851 15.3
    endloop
  endfacet
  facet normal 0.242969 0.970034 0
    outer loop
      vertex -0.92891 -3.06221 15.3
      vertex -0.624289 -3.13851 0
      vertex -0.92891 -3.06221 0
    endloop
  endfacet
  facet normal 0.595691 0.803214 -0
    outer loop
      vertex -1.77782 -2.6607 0
      vertex -2.03006 -2.47363 15.3
      vertex -1.77782 -2.6607 15.3
    endloop
  endfacet
  facet normal 0.595691 0.803214 0
    outer loop
      vertex -2.03006 -2.47363 15.3
      vertex -1.77782 -2.6607 0
      vertex -2.03006 -2.47363 0
    endloop
  endfacet
  facet normal 0.94154 0.336901 0
    outer loop
      vertex -2.95641 -1.22459 15.3
      vertex -3.06221 -0.92891 0
      vertex -3.06221 -0.92891 15.3
    endloop
  endfacet
  facet normal 0.94154 0.336901 0
    outer loop
      vertex -3.06221 -0.92891 0
      vertex -2.95641 -1.22459 15.3
      vertex -2.95641 -1.22459 0
    endloop
  endfacet
  facet normal 0.989176 0.146736 0
    outer loop
      vertex -3.13851 -0.624289 15.3
      vertex -3.18459 -0.313654 0
      vertex -3.18459 -0.313654 15.3
    endloop
  endfacet
  facet normal 0.989176 0.146736 0
    outer loop
      vertex -3.18459 -0.313654 0
      vertex -3.13851 -0.624289 15.3
      vertex -3.13851 -0.624289 0
    endloop
  endfacet
  facet normal 0.857718 0.514121 0
    outer loop
      vertex -2.6607 -1.77782 15.3
      vertex -2.82215 -1.50847 0
      vertex -2.82215 -1.50847 15.3
    endloop
  endfacet
  facet normal 0.857718 0.514121 0
    outer loop
      vertex -2.82215 -1.50847 0
      vertex -2.6607 -1.77782 15.3
      vertex -2.6607 -1.77782 0
    endloop
  endfacet
  facet normal 0.740949 0.671561 0
    outer loop
      vertex -2.26274 -2.26274 15.3
      vertex -2.47363 -2.03006 0
      vertex -2.47363 -2.03006 15.3
    endloop
  endfacet
  facet normal 0.740949 0.671561 0
    outer loop
      vertex -2.47363 -2.03006 0
      vertex -2.26274 -2.26274 15.3
      vertex -2.26274 -2.26274 0
    endloop
  endfacet
endsolid OpenSCAD_Model
