solid OpenSCAD_Model
  facet normal 0.999465 0.0327217 0
    outer loop
      vertex 8 0 2
      vertex 7.98287 0.523225 0
      vertex 7.98287 0.523225 2
    endloop
  endfacet
  facet normal 0.999465 0.0327217 0
    outer loop
      vertex 7.98287 0.523225 0
      vertex 8 0 2
      vertex 8 0 0
    endloop
  endfacet
  facet normal -0.999465 0.0327217 0
    outer loop
      vertex -8 0 0
      vertex -7.98287 0.523225 2
      vertex -7.98287 0.523225 0
    endloop
  endfacet
  facet normal -0.999465 0.0327217 0
    outer loop
      vertex -7.98287 0.523225 2
      vertex -8 0 0
      vertex -8 0 2
    endloop
  endfacet
  facet normal 0.0327217 0.999465 -0
    outer loop
      vertex 0.523225 7.98287 0
      vertex 0 8 2
      vertex 0.523225 7.98287 2
    endloop
  endfacet
  facet normal 0.0327217 0.999465 0
    outer loop
      vertex 0 8 2
      vertex 0.523225 7.98287 0
      vertex 0 8 0
    endloop
  endfacet
  facet normal 0.683606 0.729852 -0
    outer loop
      vertex 5.65685 5.65685 0
      vertex 5.27477 6.01472 2
      vertex 5.65685 5.65685 2
    endloop
  endfacet
  facet normal 0.683606 0.729852 0
    outer loop
      vertex 5.27477 6.01472 2
      vertex 5.65685 5.65685 0
      vertex 5.27477 6.01472 0
    endloop
  endfacet
  facet normal -0.683606 0.729852 0
    outer loop
      vertex -5.27477 6.01472 0
      vertex -5.65685 5.65685 2
      vertex -5.27477 6.01472 2
    endloop
  endfacet
  facet normal -0.683606 0.729852 0
    outer loop
      vertex -5.65685 5.65685 2
      vertex -5.27477 6.01472 0
      vertex -5.65685 5.65685 0
    endloop
  endfacet
  facet normal -0.352243 0.935909 0
    outer loop
      vertex -2.57152 7.57544 0
      vertex -3.06147 7.39104 2
      vertex -2.57152 7.57544 2
    endloop
  endfacet
  facet normal -0.352243 0.935909 0
    outer loop
      vertex -3.06147 7.39104 2
      vertex -2.57152 7.57544 0
      vertex -3.06147 7.39104 0
    endloop
  endfacet
  facet normal 0.910859 0.412718 0
    outer loop
      vertex 7.39104 3.06147 2
      vertex 7.17498 3.53831 0
      vertex 7.17498 3.53831 2
    endloop
  endfacet
  facet normal 0.910859 0.412718 0
    outer loop
      vertex 7.17498 3.53831 0
      vertex 7.39104 3.06147 2
      vertex 7.39104 3.06147 0
    endloop
  endfacet
  facet normal 0.412718 0.910859 -0
    outer loop
      vertex 3.53831 7.17498 0
      vertex 3.06147 7.39104 2
      vertex 3.53831 7.17498 2
    endloop
  endfacet
  facet normal 0.412718 0.910859 0
    outer loop
      vertex 3.06147 7.39104 2
      vertex 3.53831 7.17498 0
      vertex 3.06147 7.39104 0
    endloop
  endfacet
  facet normal 0.528061 0.849207 -0
    outer loop
      vertex 4.44456 6.65176 0
      vertex 4 6.9282 2
      vertex 4.44456 6.65176 2
    endloop
  endfacet
  facet normal 0.528061 0.849207 0
    outer loop
      vertex 4 6.9282 2
      vertex 4.44456 6.65176 0
      vertex 4 6.9282 0
    endloop
  endfacet
  facet normal -0.910859 0.412718 0
    outer loop
      vertex -7.39104 3.06147 0
      vertex -7.17498 3.53831 2
      vertex -7.17498 3.53831 0
    endloop
  endfacet
  facet normal -0.910859 0.412718 0
    outer loop
      vertex -7.17498 3.53831 2
      vertex -7.39104 3.06147 0
      vertex -7.39104 3.06147 2
    endloop
  endfacet
  facet normal -0.162903 0.986642 0
    outer loop
      vertex -1.04421 7.93156 0
      vertex -1.56072 7.84628 2
      vertex -1.04421 7.93156 2
    endloop
  endfacet
  facet normal -0.162903 0.986642 0
    outer loop
      vertex -1.56072 7.84628 2
      vertex -1.04421 7.93156 0
      vertex -1.56072 7.84628 0
    endloop
  endfacet
  facet normal 0.973879 0.227066 0
    outer loop
      vertex 7.84628 1.56072 2
      vertex 7.72741 2.07055 0
      vertex 7.72741 2.07055 2
    endloop
  endfacet
  facet normal 0.973879 0.227066 0
    outer loop
      vertex 7.72741 2.07055 0
      vertex 7.84628 1.56072 2
      vertex 7.84628 1.56072 0
    endloop
  endfacet
  facet normal 0.995185 0.0980123 0
    outer loop
      vertex 7.98287 0.523225 2
      vertex 7.93156 1.04421 0
      vertex 7.93156 1.04421 2
    endloop
  endfacet
  facet normal 0.995185 0.0980123 0
    outer loop
      vertex 7.93156 1.04421 0
      vertex 7.98287 0.523225 2
      vertex 7.98287 0.523225 0
    endloop
  endfacet
  facet normal 0.812847 0.582477 0
    outer loop
      vertex 6.65176 4.44456 2
      vertex 6.34683 4.87009 0
      vertex 6.34683 4.87009 2
    endloop
  endfacet
  facet normal 0.812847 0.582477 0
    outer loop
      vertex 6.34683 4.87009 0
      vertex 6.65176 4.44456 2
      vertex 6.65176 4.44456 0
    endloop
  endfacet
  facet normal 0.773013 0.634391 0
    outer loop
      vertex 6.34683 4.87009 2
      vertex 6.01472 5.27477 0
      vertex 6.01472 5.27477 2
    endloop
  endfacet
  facet normal 0.773013 0.634391 0
    outer loop
      vertex 6.01472 5.27477 0
      vertex 6.34683 4.87009 2
      vertex 6.34683 4.87009 0
    endloop
  endfacet
  facet normal 0.88192 0.471399 0
    outer loop
      vertex 7.17498 3.53831 2
      vertex 6.9282 4 0
      vertex 6.9282 4 2
    endloop
  endfacet
  facet normal 0.88192 0.471399 0
    outer loop
      vertex 6.9282 4 0
      vertex 7.17498 3.53831 2
      vertex 7.17498 3.53831 0
    endloop
  endfacet
  facet normal 0.227066 0.973879 -0
    outer loop
      vertex 2.07055 7.72741 0
      vertex 1.56072 7.84628 2
      vertex 2.07055 7.72741 2
    endloop
  endfacet
  facet normal 0.227066 0.973879 0
    outer loop
      vertex 1.56072 7.84628 2
      vertex 2.07055 7.72741 0
      vertex 1.56072 7.84628 0
    endloop
  endfacet
  facet normal 0.162903 0.986642 -0
    outer loop
      vertex 1.56072 7.84628 0
      vertex 1.04421 7.93156 2
      vertex 1.56072 7.84628 2
    endloop
  endfacet
  facet normal 0.162903 0.986642 0
    outer loop
      vertex 1.04421 7.93156 2
      vertex 1.56072 7.84628 0
      vertex 1.04421 7.93156 0
    endloop
  endfacet
  facet normal 0.471399 0.88192 -0
    outer loop
      vertex 4 6.9282 0
      vertex 3.53831 7.17498 2
      vertex 4 6.9282 2
    endloop
  endfacet
  facet normal 0.471399 0.88192 0
    outer loop
      vertex 3.53831 7.17498 2
      vertex 4 6.9282 0
      vertex 3.53831 7.17498 0
    endloop
  endfacet
  facet normal 0.634391 0.773013 -0
    outer loop
      vertex 5.27477 6.01472 0
      vertex 4.87009 6.34683 2
      vertex 5.27477 6.01472 2
    endloop
  endfacet
  facet normal 0.634391 0.773013 0
    outer loop
      vertex 4.87009 6.34683 2
      vertex 5.27477 6.01472 0
      vertex 4.87009 6.34683 0
    endloop
  endfacet
  facet normal -0.973879 0.227066 0
    outer loop
      vertex -7.84628 1.56072 0
      vertex -7.72741 2.07055 2
      vertex -7.72741 2.07055 0
    endloop
  endfacet
  facet normal -0.973879 0.227066 0
    outer loop
      vertex -7.72741 2.07055 2
      vertex -7.84628 1.56072 0
      vertex -7.84628 1.56072 2
    endloop
  endfacet
  facet normal -0.812847 0.582477 0
    outer loop
      vertex -6.65176 4.44456 0
      vertex -6.34683 4.87009 2
      vertex -6.34683 4.87009 0
    endloop
  endfacet
  facet normal -0.812847 0.582477 0
    outer loop
      vertex -6.34683 4.87009 2
      vertex -6.65176 4.44456 0
      vertex -6.65176 4.44456 2
    endloop
  endfacet
  facet normal -0.849207 0.528061 0
    outer loop
      vertex -6.9282 4 0
      vertex -6.65176 4.44456 2
      vertex -6.65176 4.44456 0
    endloop
  endfacet
  facet normal -0.849207 0.528061 0
    outer loop
      vertex -6.65176 4.44456 2
      vertex -6.9282 4 0
      vertex -6.9282 4 2
    endloop
  endfacet
  facet normal -0.986642 0.162903 0
    outer loop
      vertex -7.93156 1.04421 0
      vertex -7.84628 1.56072 2
      vertex -7.84628 1.56072 0
    endloop
  endfacet
  facet normal -0.986642 0.162903 0
    outer loop
      vertex -7.84628 1.56072 2
      vertex -7.93156 1.04421 0
      vertex -7.93156 1.04421 2
    endloop
  endfacet
  facet normal -0.528061 0.849207 0
    outer loop
      vertex -4 6.9282 0
      vertex -4.44456 6.65176 2
      vertex -4 6.9282 2
    endloop
  endfacet
  facet normal -0.528061 0.849207 0
    outer loop
      vertex -4.44456 6.65176 2
      vertex -4 6.9282 0
      vertex -4.44456 6.65176 0
    endloop
  endfacet
  facet normal -0.582477 0.812847 0
    outer loop
      vertex -4.44456 6.65176 0
      vertex -4.87009 6.34683 2
      vertex -4.44456 6.65176 2
    endloop
  endfacet
  facet normal -0.582477 0.812847 0
    outer loop
      vertex -4.87009 6.34683 2
      vertex -4.44456 6.65176 0
      vertex -4.87009 6.34683 0
    endloop
  endfacet
  facet normal -0.227066 0.973879 0
    outer loop
      vertex -1.56072 7.84628 0
      vertex -2.07055 7.72741 2
      vertex -1.56072 7.84628 2
    endloop
  endfacet
  facet normal -0.227066 0.973879 0
    outer loop
      vertex -2.07055 7.72741 2
      vertex -1.56072 7.84628 0
      vertex -2.07055 7.72741 0
    endloop
  endfacet
  facet normal -0.0980123 0.995185 0
    outer loop
      vertex -0.523225 7.98287 0
      vertex -1.04421 7.93156 2
      vertex -0.523225 7.98287 2
    endloop
  endfacet
  facet normal -0.0980123 0.995185 0
    outer loop
      vertex -1.04421 7.93156 2
      vertex -0.523225 7.98287 0
      vertex -1.04421 7.93156 0
    endloop
  endfacet
  facet normal 0.227066 -0.973879 0
    outer loop
      vertex 1.56072 -7.84628 0
      vertex 2.07055 -7.72741 2
      vertex 1.56072 -7.84628 2
    endloop
  endfacet
  facet normal 0.227066 -0.973879 0
    outer loop
      vertex 2.07055 -7.72741 2
      vertex 1.56072 -7.84628 0
      vertex 2.07055 -7.72741 0
    endloop
  endfacet
  facet normal 0.634391 -0.773013 0
    outer loop
      vertex 4.87009 -6.34683 0
      vertex 5.27477 -6.01472 2
      vertex 4.87009 -6.34683 2
    endloop
  endfacet
  facet normal 0.634391 -0.773013 0
    outer loop
      vertex 5.27477 -6.01472 2
      vertex 4.87009 -6.34683 0
      vertex 5.27477 -6.01472 0
    endloop
  endfacet
  facet normal 0.773013 -0.634391 0
    outer loop
      vertex 6.01472 -5.27477 2
      vertex 6.34683 -4.87009 0
      vertex 6.34683 -4.87009 2
    endloop
  endfacet
  facet normal 0.773013 -0.634391 0
    outer loop
      vertex 6.34683 -4.87009 0
      vertex 6.01472 -5.27477 2
      vertex 6.01472 -5.27477 0
    endloop
  endfacet
  facet normal 0.956939 -0.290289 0
    outer loop
      vertex 7.57544 -2.57152 2
      vertex 7.72741 -2.07055 0
      vertex 7.72741 -2.07055 2
    endloop
  endfacet
  facet normal 0.956939 -0.290289 0
    outer loop
      vertex 7.72741 -2.07055 0
      vertex 7.57544 -2.57152 2
      vertex 7.57544 -2.57152 0
    endloop
  endfacet
  facet normal 0.995185 -0.0980123 0
    outer loop
      vertex 7.93156 -1.04421 2
      vertex 7.98287 -0.523225 0
      vertex 7.98287 -0.523225 2
    endloop
  endfacet
  facet normal 0.995185 -0.0980123 0
    outer loop
      vertex 7.98287 -0.523225 0
      vertex 7.93156 -1.04421 2
      vertex 7.93156 -1.04421 0
    endloop
  endfacet
  facet normal -0.528061 -0.849207 0
    outer loop
      vertex -4.44456 -6.65176 0
      vertex -4 -6.9282 2
      vertex -4.44456 -6.65176 2
    endloop
  endfacet
  facet normal -0.528061 -0.849207 -0
    outer loop
      vertex -4 -6.9282 2
      vertex -4.44456 -6.65176 0
      vertex -4 -6.9282 0
    endloop
  endfacet
  facet normal -0.162903 -0.986642 0
    outer loop
      vertex -1.56072 -7.84628 0
      vertex -1.04421 -7.93156 2
      vertex -1.56072 -7.84628 2
    endloop
  endfacet
  facet normal -0.162903 -0.986642 -0
    outer loop
      vertex -1.04421 -7.93156 2
      vertex -1.56072 -7.84628 0
      vertex -1.04421 -7.93156 0
    endloop
  endfacet
  facet normal -0.812847 -0.582477 0
    outer loop
      vertex -6.34683 -4.87009 0
      vertex -6.65176 -4.44456 2
      vertex -6.65176 -4.44456 0
    endloop
  endfacet
  facet normal -0.812847 -0.582477 0
    outer loop
      vertex -6.65176 -4.44456 2
      vertex -6.34683 -4.87009 0
      vertex -6.34683 -4.87009 2
    endloop
  endfacet
  facet normal -0.973879 -0.227066 0
    outer loop
      vertex -7.72741 -2.07055 0
      vertex -7.84628 -1.56072 2
      vertex -7.84628 -1.56072 0
    endloop
  endfacet
  facet normal -0.973879 -0.227066 0
    outer loop
      vertex -7.84628 -1.56072 2
      vertex -7.72741 -2.07055 0
      vertex -7.72741 -2.07055 2
    endloop
  endfacet
  facet normal 0 0 -1
    outer loop
      vertex 3.2 0 0
      vertex 8 0 0
      vertex 7.98287 -0.523225 0
    endloop
  endfacet
  facet normal 0 0 -1
    outer loop
      vertex 3.18459 -0.313654 0
      vertex 7.98287 -0.523225 0
      vertex 7.93156 -1.04421 0
    endloop
  endfacet
  facet normal 0 0 -1
    outer loop
      vertex 8 0 0
      vertex 3.2 0 0
      vertex 7.98287 0.523225 0
    endloop
  endfacet
  facet normal 0 0 -1
    outer loop
      vertex 3.13851 -0.624289 0
      vertex 7.93156 -1.04421 0
      vertex 7.84628 -1.56072 0
    endloop
  endfacet
  facet normal 0 0 -1
    outer loop
      vertex 3.18459 0.313654 0
      vertex 7.98287 0.523225 0
      vertex 3.2 0 0
    endloop
  endfacet
  facet normal 0 0 -1
    outer loop
      vertex 3.13851 -0.624289 0
      vertex 7.84628 -1.56072 0
      vertex 7.72741 -2.07055 0
    endloop
  endfacet
  facet normal -0 0 -1
    outer loop
      vertex 7.98287 0.523225 0
      vertex 3.18459 0.313654 0
      vertex 7.93156 1.04421 0
    endloop
  endfacet
  facet normal 0 0 -1
    outer loop
      vertex 3.06221 -0.92891 0
      vertex 7.72741 -2.07055 0
      vertex 7.57544 -2.57152 0
    endloop
  endfacet
  facet normal 0 0 -1
    outer loop
      vertex 3.13851 0.624289 0
      vertex 7.93156 1.04421 0
      vertex 3.18459 0.313654 0
    endloop
  endfacet
  facet normal 0 0 -1
    outer loop
      vertex 2.95641 -1.22459 0
      vertex 7.57544 -2.57152 0
      vertex 7.39104 -3.06147 0
    endloop
  endfacet
  facet normal -0 0 -1
    outer loop
      vertex 7.93156 1.04421 0
      vertex 3.13851 0.624289 0
      vertex 7.84628 1.56072 0
    endloop
  endfacet
  facet normal 0 0 -1
    outer loop
      vertex 2.95641 -1.22459 0
      vertex 7.39104 -3.06147 0
      vertex 7.17498 -3.53831 0
    endloop
  endfacet
  facet normal -0 0 -1
    outer loop
      vertex 7.84628 1.56072 0
      vertex 3.13851 0.624289 0
      vertex 7.72741 2.07055 0
    endloop
  endfacet
  facet normal 0 0 -1
    outer loop
      vertex 2.82215 -1.50847 0
      vertex 7.17498 -3.53831 0
      vertex 6.9282 -4 0
    endloop
  endfacet
  facet normal 0 0 -1
    outer loop
      vertex 3.06221 0.92891 0
      vertex 7.72741 2.07055 0
      vertex 3.13851 0.624289 0
    endloop
  endfacet
  facet normal 0 0 -1
    outer loop
      vertex 2.6607 -1.77782 0
      vertex 6.9282 -4 0
      vertex 6.65176 -4.44456 0
    endloop
  endfacet
  facet normal -0 0 -1
    outer loop
      vertex 7.72741 2.07055 0
      vertex 3.06221 0.92891 0
      vertex 7.57544 2.57152 0
    endloop
  endfacet
  facet normal 0 0 -1
    outer loop
      vertex 2.6607 -1.77782 0
      vertex 6.65176 -4.44456 0
      vertex 6.34683 -4.87009 0
    endloop
  endfacet
  facet normal 0 0 -1
    outer loop
      vertex 2.95641 1.22459 0
      vertex 7.57544 2.57152 0
      vertex 3.06221 0.92891 0
    endloop
  endfacet
  facet normal 0 0 -1
    outer loop
      vertex 2.47363 -2.03006 0
      vertex 6.34683 -4.87009 0
      vertex 6.01472 -5.27477 0
    endloop
  endfacet
  facet normal -0 0 -1
    outer loop
      vertex 7.57544 2.57152 0
      vertex 2.95641 1.22459 0
      vertex 7.39104 3.06147 0
    endloop
  endfacet
  facet normal 0 0 -1
    outer loop
      vertex 2.26274 -2.26274 0
      vertex 6.01472 -5.27477 0
      vertex 5.65685 -5.65685 0
    endloop
  endfacet
  facet normal -0 0 -1
    outer loop
      vertex 7.39104 3.06147 0
      vertex 2.95641 1.22459 0
      vertex 7.17498 3.53831 0
    endloop
  endfacet
  facet normal 0 0 -1
    outer loop
      vertex 2.26274 -2.26274 0
      vertex 5.65685 -5.65685 0
      vertex 5.27477 -6.01472 0
    endloop
  endfacet
  facet normal 0 0 -1
    outer loop
      vertex 2.82215 1.50847 0
      vertex 7.17498 3.53831 0
      vertex 2.95641 1.22459 0
    endloop
  endfacet
  facet normal 0 0 -1
    outer loop
      vertex 2.03006 -2.47363 0
      vertex 5.27477 -6.01472 0
      vertex 4.87009 -6.34683 0
    endloop
  endfacet
  facet normal -0 0 -1
    outer loop
      vertex 7.17498 3.53831 0
      vertex 2.82215 1.50847 0
      vertex 6.9282 4 0
    endloop
  endfacet
  facet normal 0 0 -1
    outer loop
      vertex 1.77782 -2.6607 0
      vertex 4.87009 -6.34683 0
      vertex 4.44456 -6.65176 0
    endloop
  endfacet
  facet normal 0 0 -1
    outer loop
      vertex 2.6607 1.77782 0
      vertex 6.9282 4 0
      vertex 2.82215 1.50847 0
    endloop
  endfacet
  facet normal 0 0 -1
    outer loop
      vertex 1.77782 -2.6607 0
      vertex 4.44456 -6.65176 0
      vertex 4 -6.9282 0
    endloop
  endfacet
  facet normal -0 0 -1
    outer loop
      vertex 6.9282 4 0
      vertex 2.6607 1.77782 0
      vertex 6.65176 4.44456 0
    endloop
  endfacet
  facet normal 0 0 -1
    outer loop
      vertex 1.50847 -2.82215 0
      vertex 4 -6.9282 0
      vertex 3.53831 -7.17498 0
    endloop
  endfacet
  facet normal -0 0 -1
    outer loop
      vertex 6.65176 4.44456 0
      vertex 2.6607 1.77782 0
      vertex 6.34683 4.87009 0
    endloop
  endfacet
  facet normal 0 0 -1
    outer loop
      vertex 2.47363 2.03006 0
      vertex 6.34683 4.87009 0
      vertex 2.6607 1.77782 0
    endloop
  endfacet
  facet normal 0 0 -1
    outer loop
      vertex 7.98287 -0.523225 0
      vertex 3.18459 -0.313654 0
      vertex 3.2 0 0
    endloop
  endfacet
  facet normal 0 0 -1
    outer loop
      vertex 7.93156 -1.04421 0
      vertex 3.13851 -0.624289 0
      vertex 3.18459 -0.313654 0
    endloop
  endfacet
  facet normal 0 0 -1
    outer loop
      vertex 7.72741 -2.07055 0
      vertex 3.06221 -0.92891 0
      vertex 3.13851 -0.624289 0
    endloop
  endfacet
  facet normal 0 0 -1
    outer loop
      vertex 1.22459 -2.95641 0
      vertex 3.53831 -7.17498 0
      vertex 3.06147 -7.39104 0
    endloop
  endfacet
  facet normal 0 0 -1
    outer loop
      vertex 7.57544 -2.57152 0
      vertex 2.95641 -1.22459 0
      vertex 3.06221 -0.92891 0
    endloop
  endfacet
  facet normal 0 0 -1
    outer loop
      vertex 7.17498 -3.53831 0
      vertex 2.82215 -1.50847 0
      vertex 2.95641 -1.22459 0
    endloop
  endfacet
  facet normal 0 0 -1
    outer loop
      vertex 6.9282 -4 0
      vertex 2.6607 -1.77782 0
      vertex 2.82215 -1.50847 0
    endloop
  endfacet
  facet normal 0 0 -1
    outer loop
      vertex 1.22459 -2.95641 0
      vertex 3.06147 -7.39104 0
      vertex 2.57152 -7.57544 0
    endloop
  endfacet
  facet normal 0 0 -1
    outer loop
      vertex 6.34683 -4.87009 0
      vertex 2.47363 -2.03006 0
      vertex 2.6607 -1.77782 0
    endloop
  endfacet
  facet normal 0 0 -1
    outer loop
      vertex 6.01472 -5.27477 0
      vertex 2.26274 -2.26274 0
      vertex 2.47363 -2.03006 0
    endloop
  endfacet
  facet normal 0 0 -1
    outer loop
      vertex 0.92891 -3.06221 0
      vertex 2.57152 -7.57544 0
      vertex 2.07055 -7.72741 0
    endloop
  endfacet
  facet normal 0 0 -1
    outer loop
      vertex 5.27477 -6.01472 0
      vertex 2.03006 -2.47363 0
      vertex 2.26274 -2.26274 0
    endloop
  endfacet
  facet normal 0 0 -1
    outer loop
      vertex 4.87009 -6.34683 0
      vertex 1.77782 -2.6607 0
      vertex 2.03006 -2.47363 0
    endloop
  endfacet
  facet normal 0 0 -1
    outer loop
      vertex 0.624289 -3.13851 0
      vertex 2.07055 -7.72741 0
      vertex 1.56072 -7.84628 0
    endloop
  endfacet
  facet normal 0 0 -1
    outer loop
      vertex 4 -6.9282 0
      vertex 1.50847 -2.82215 0
      vertex 1.77782 -2.6607 0
    endloop
  endfacet
  facet normal 0 0 -1
    outer loop
      vertex 3.53831 -7.17498 0
      vertex 1.22459 -2.95641 0
      vertex 1.50847 -2.82215 0
    endloop
  endfacet
  facet normal 0 0 -1
    outer loop
      vertex 0.624289 -3.13851 0
      vertex 1.56072 -7.84628 0
      vertex 1.04421 -7.93156 0
    endloop
  endfacet
  facet normal 0 0 -1
    outer loop
      vertex 2.57152 -7.57544 0
      vertex 0.92891 -3.06221 0
      vertex 1.22459 -2.95641 0
    endloop
  endfacet
  facet normal 0 0 -1
    outer loop
      vertex 2.07055 -7.72741 0
      vertex 0.624289 -3.13851 0
      vertex 0.92891 -3.06221 0
    endloop
  endfacet
  facet normal 0 0 -1
    outer loop
      vertex 0.313654 -3.18459 0
      vertex 1.04421 -7.93156 0
      vertex 0.523225 -7.98287 0
    endloop
  endfacet
  facet normal 0 0 -1
    outer loop
      vertex 1.04421 -7.93156 0
      vertex 0.313654 -3.18459 0
      vertex 0.624289 -3.13851 0
    endloop
  endfacet
  facet normal 0 0 -1
    outer loop
      vertex 0 -3.2 0
      vertex 0.523225 -7.98287 0
      vertex 0 -8 0
    endloop
  endfacet
  facet normal 0 0 -1
    outer loop
      vertex 0.523225 -7.98287 0
      vertex 0 -3.2 0
      vertex 0.313654 -3.18459 0
    endloop
  endfacet
  facet normal 0 0 -1
    outer loop
      vertex -0.523225 -7.98287 0
      vertex 0 -3.2 0
      vertex 0 -8 0
    endloop
  endfacet
  facet normal -0 0 -1
    outer loop
      vertex 0 -3.2 0
      vertex -0.523225 -7.98287 0
      vertex -0.313654 -3.18459 0
    endloop
  endfacet
  facet normal 0 0 -1
    outer loop
      vertex -1.04421 -7.93156 0
      vertex -0.313654 -3.18459 0
      vertex -0.523225 -7.98287 0
    endloop
  endfacet
  facet normal -0 0 -1
    outer loop
      vertex -0.313654 -3.18459 0
      vertex -1.04421 -7.93156 0
      vertex -0.624289 -3.13851 0
    endloop
  endfacet
  facet normal 0 0 -1
    outer loop
      vertex -1.56072 -7.84628 0
      vertex -0.624289 -3.13851 0
      vertex -1.04421 -7.93156 0
    endloop
  endfacet
  facet normal 0 0 -1
    outer loop
      vertex -2.07055 -7.72741 0
      vertex -0.624289 -3.13851 0
      vertex -1.56072 -7.84628 0
    endloop
  endfacet
  facet normal -0 0 -1
    outer loop
      vertex -0.624289 -3.13851 0
      vertex -2.07055 -7.72741 0
      vertex -0.92891 -3.06221 0
    endloop
  endfacet
  facet normal 0 0 -1
    outer loop
      vertex -2.57152 -7.57544 0
      vertex -0.92891 -3.06221 0
      vertex -2.07055 -7.72741 0
    endloop
  endfacet
  facet normal -0 0 -1
    outer loop
      vertex -0.92891 -3.06221 0
      vertex -2.57152 -7.57544 0
      vertex -1.22459 -2.95641 0
    endloop
  endfacet
  facet normal 0 0 -1
    outer loop
      vertex -3.06147 -7.39104 0
      vertex -1.22459 -2.95641 0
      vertex -2.57152 -7.57544 0
    endloop
  endfacet
  facet normal 0 0 -1
    outer loop
      vertex -3.53831 -7.17498 0
      vertex -1.22459 -2.95641 0
      vertex -3.06147 -7.39104 0
    endloop
  endfacet
  facet normal -0 0 -1
    outer loop
      vertex -1.22459 -2.95641 0
      vertex -3.53831 -7.17498 0
      vertex -1.50847 -2.82215 0
    endloop
  endfacet
  facet normal 0 0 -1
    outer loop
      vertex -4 -6.9282 0
      vertex -1.50847 -2.82215 0
      vertex -3.53831 -7.17498 0
    endloop
  endfacet
  facet normal -0 0 -1
    outer loop
      vertex -1.50847 -2.82215 0
      vertex -4 -6.9282 0
      vertex -1.77782 -2.6607 0
    endloop
  endfacet
  facet normal 0 0 -1
    outer loop
      vertex -4.44456 -6.65176 0
      vertex -1.77782 -2.6607 0
      vertex -4 -6.9282 0
    endloop
  endfacet
  facet normal 0 0 -1
    outer loop
      vertex -4.87009 -6.34683 0
      vertex -1.77782 -2.6607 0
      vertex -4.44456 -6.65176 0
    endloop
  endfacet
  facet normal -0 0 -1
    outer loop
      vertex -1.77782 -2.6607 0
      vertex -4.87009 -6.34683 0
      vertex -2.03006 -2.47363 0
    endloop
  endfacet
  facet normal 0 0 -1
    outer loop
      vertex -5.27477 -6.01472 0
      vertex -2.03006 -2.47363 0
      vertex -4.87009 -6.34683 0
    endloop
  endfacet
  facet normal -0 0 -1
    outer loop
      vertex -2.03006 -2.47363 0
      vertex -5.27477 -6.01472 0
      vertex -2.26274 -2.26274 0
    endloop
  endfacet
  facet normal 0 0 -1
    outer loop
      vertex -5.65685 -5.65685 0
      vertex -2.26274 -2.26274 0
      vertex -5.27477 -6.01472 0
    endloop
  endfacet
  facet normal 0 0 -1
    outer loop
      vertex -6.01472 -5.27477 0
      vertex -2.26274 -2.26274 0
      vertex -5.65685 -5.65685 0
    endloop
  endfacet
  facet normal -0 0 -1
    outer loop
      vertex -2.26274 -2.26274 0
      vertex -6.01472 -5.27477 0
      vertex -2.47363 -2.03006 0
    endloop
  endfacet
  facet normal 0 0 -1
    outer loop
      vertex -6.34683 -4.87009 0
      vertex -2.47363 -2.03006 0
      vertex -6.01472 -5.27477 0
    endloop
  endfacet
  facet normal -0 0 -1
    outer loop
      vertex 6.34683 4.87009 0
      vertex 2.47363 2.03006 0
      vertex 6.01472 5.27477 0
    endloop
  endfacet
  facet normal 0 0 -1
    outer loop
      vertex 2.26274 2.26274 0
      vertex 6.01472 5.27477 0
      vertex 2.47363 2.03006 0
    endloop
  endfacet
  facet normal -0 0 -1
    outer loop
      vertex 6.01472 5.27477 0
      vertex 2.26274 2.26274 0
      vertex 5.65685 5.65685 0
    endloop
  endfacet
  facet normal -0 0 -1
    outer loop
      vertex 5.65685 5.65685 0
      vertex 2.26274 2.26274 0
      vertex 5.27477 6.01472 0
    endloop
  endfacet
  facet normal 0 0 -1
    outer loop
      vertex 2.03006 2.47363 0
      vertex 5.27477 6.01472 0
      vertex 2.26274 2.26274 0
    endloop
  endfacet
  facet normal -0 0 -1
    outer loop
      vertex 5.27477 6.01472 0
      vertex 2.03006 2.47363 0
      vertex 4.87009 6.34683 0
    endloop
  endfacet
  facet normal 0 0 -1
    outer loop
      vertex 1.77782 2.6607 0
      vertex 4.87009 6.34683 0
      vertex 2.03006 2.47363 0
    endloop
  endfacet
  facet normal -0 0 -1
    outer loop
      vertex 4.87009 6.34683 0
      vertex 1.77782 2.6607 0
      vertex 4.44456 6.65176 0
    endloop
  endfacet
  facet normal -0 0 -1
    outer loop
      vertex 4.44456 6.65176 0
      vertex 1.77782 2.6607 0
      vertex 4 6.9282 0
    endloop
  endfacet
  facet normal 0 0 -1
    outer loop
      vertex 1.50847 2.82215 0
      vertex 4 6.9282 0
      vertex 1.77782 2.6607 0
    endloop
  endfacet
  facet normal -0 0 -1
    outer loop
      vertex 4 6.9282 0
      vertex 1.50847 2.82215 0
      vertex 3.53831 7.17498 0
    endloop
  endfacet
  facet normal 0 0 -1
    outer loop
      vertex 1.22459 2.95641 0
      vertex 3.53831 7.17498 0
      vertex 1.50847 2.82215 0
    endloop
  endfacet
  facet normal -0 0 -1
    outer loop
      vertex 3.53831 7.17498 0
      vertex 1.22459 2.95641 0
      vertex 3.06147 7.39104 0
    endloop
  endfacet
  facet normal -0 0 -1
    outer loop
      vertex 3.06147 7.39104 0
      vertex 1.22459 2.95641 0
      vertex 2.57152 7.57544 0
    endloop
  endfacet
  facet normal 0 0 -1
    outer loop
      vertex 0.92891 3.06221 0
      vertex 2.57152 7.57544 0
      vertex 1.22459 2.95641 0
    endloop
  endfacet
  facet normal -0 0 -1
    outer loop
      vertex 2.57152 7.57544 0
      vertex 0.92891 3.06221 0
      vertex 2.07055 7.72741 0
    endloop
  endfacet
  facet normal 0 0 -1
    outer loop
      vertex 0.624289 3.13851 0
      vertex 2.07055 7.72741 0
      vertex 0.92891 3.06221 0
    endloop
  endfacet
  facet normal -0 0 -1
    outer loop
      vertex 2.07055 7.72741 0
      vertex 0.624289 3.13851 0
      vertex 1.56072 7.84628 0
    endloop
  endfacet
  facet normal -0 0 -1
    outer loop
      vertex 1.56072 7.84628 0
      vertex 0.624289 3.13851 0
      vertex 1.04421 7.93156 0
    endloop
  endfacet
  facet normal 0 0 -1
    outer loop
      vertex 0.313654 3.18459 0
      vertex 1.04421 7.93156 0
      vertex 0.624289 3.13851 0
    endloop
  endfacet
  facet normal -0 0 -1
    outer loop
      vertex 1.04421 7.93156 0
      vertex 0.313654 3.18459 0
      vertex 0.523225 7.98287 0
    endloop
  endfacet
  facet normal 0 0 -1
    outer loop
      vertex 0 3.2 0
      vertex 0.523225 7.98287 0
      vertex 0.313654 3.18459 0
    endloop
  endfacet
  facet normal 0 0 -1
    outer loop
      vertex 0 3.2 0
      vertex 0 8 0
      vertex 0.523225 7.98287 0
    endloop
  endfacet
  facet normal 0 0 -1
    outer loop
      vertex -0.523225 7.98287 0
      vertex 0 3.2 0
      vertex -0.313654 3.18459 0
    endloop
  endfacet
  facet normal 0 0 -1
    outer loop
      vertex 0 3.2 0
      vertex -0.523225 7.98287 0
      vertex 0 8 0
    endloop
  endfacet
  facet normal 0 0 -1
    outer loop
      vertex -1.04421 7.93156 0
      vertex -0.313654 3.18459 0
      vertex -0.624289 3.13851 0
    endloop
  endfacet
  facet normal 0 0 -1
    outer loop
      vertex -2.07055 7.72741 0
      vertex -0.624289 3.13851 0
      vertex -0.92891 3.06221 0
    endloop
  endfacet
  facet normal 0 0 -1
    outer loop
      vertex -0.313654 3.18459 0
      vertex -1.04421 7.93156 0
      vertex -0.523225 7.98287 0
    endloop
  endfacet
  facet normal 0 0 -1
    outer loop
      vertex -2.57152 7.57544 0
      vertex -0.92891 3.06221 0
      vertex -1.22459 2.95641 0
    endloop
  endfacet
  facet normal 0 0 -1
    outer loop
      vertex -3.53831 7.17498 0
      vertex -1.22459 2.95641 0
      vertex -1.50847 2.82215 0
    endloop
  endfacet
  facet normal 0 0 -1
    outer loop
      vertex -0.624289 3.13851 0
      vertex -1.56072 7.84628 0
      vertex -1.04421 7.93156 0
    endloop
  endfacet
  facet normal 0 0 -1
    outer loop
      vertex -4 6.9282 0
      vertex -1.50847 2.82215 0
      vertex -1.77782 2.6607 0
    endloop
  endfacet
  facet normal 0 0 -1
    outer loop
      vertex -4.87009 6.34683 0
      vertex -1.77782 2.6607 0
      vertex -2.03006 2.47363 0
    endloop
  endfacet
  facet normal 0 0 -1
    outer loop
      vertex -0.624289 3.13851 0
      vertex -2.07055 7.72741 0
      vertex -1.56072 7.84628 0
    endloop
  endfacet
  facet normal 0 0 -1
    outer loop
      vertex -5.27477 6.01472 0
      vertex -2.03006 2.47363 0
      vertex -2.26274 2.26274 0
    endloop
  endfacet
  facet normal 0 0 -1
    outer loop
      vertex -6.01472 5.27477 0
      vertex -2.26274 2.26274 0
      vertex -2.47363 2.03006 0
    endloop
  endfacet
  facet normal 0 0 -1
    outer loop
      vertex -0.92891 3.06221 0
      vertex -2.57152 7.57544 0
      vertex -2.07055 7.72741 0
    endloop
  endfacet
  facet normal 0 0 -1
    outer loop
      vertex -6.34683 4.87009 0
      vertex -2.47363 2.03006 0
      vertex -2.6607 1.77782 0
    endloop
  endfacet
  facet normal 0 0 -1
    outer loop
      vertex -6.9282 4 0
      vertex -2.6607 1.77782 0
      vertex -2.82215 1.50847 0
    endloop
  endfacet
  facet normal 0 0 -1
    outer loop
      vertex -7.17498 3.53831 0
      vertex -2.82215 1.50847 0
      vertex -2.95641 1.22459 0
    endloop
  endfacet
  facet normal 0 0 -1
    outer loop
      vertex -1.22459 2.95641 0
      vertex -3.06147 7.39104 0
      vertex -2.57152 7.57544 0
    endloop
  endfacet
  facet normal 0 0 -1
    outer loop
      vertex -7.57544 2.57152 0
      vertex -2.95641 1.22459 0
      vertex -3.06221 0.92891 0
    endloop
  endfacet
  facet normal 0 0 -1
    outer loop
      vertex -7.72741 2.07055 0
      vertex -3.06221 0.92891 0
      vertex -3.13851 0.624289 0
    endloop
  endfacet
  facet normal 0 0 -1
    outer loop
      vertex -7.93156 1.04421 0
      vertex -3.13851 0.624289 0
      vertex -3.18459 0.313654 0
    endloop
  endfacet
  facet normal 0 0 -1
    outer loop
      vertex -7.98287 0.523225 0
      vertex -3.18459 0.313654 0
      vertex -3.2 0 0
    endloop
  endfacet
  facet normal -0 0 -1
    outer loop
      vertex -2.47363 -2.03006 0
      vertex -6.34683 -4.87009 0
      vertex -2.6607 -1.77782 0
    endloop
  endfacet
  facet normal 0 0 -1
    outer loop
      vertex -1.22459 2.95641 0
      vertex -3.53831 7.17498 0
      vertex -3.06147 7.39104 0
    endloop
  endfacet
  facet normal 0 0 -1
    outer loop
      vertex -6.65176 -4.44456 0
      vertex -2.6607 -1.77782 0
      vertex -6.34683 -4.87009 0
    endloop
  endfacet
  facet normal 0 0 -1
    outer loop
      vertex -1.50847 2.82215 0
      vertex -4 6.9282 0
      vertex -3.53831 7.17498 0
    endloop
  endfacet
  facet normal 0 0 -1
    outer loop
      vertex -6.9282 -4 0
      vertex -2.6607 -1.77782 0
      vertex -6.65176 -4.44456 0
    endloop
  endfacet
  facet normal 0 0 -1
    outer loop
      vertex -1.77782 2.6607 0
      vertex -4.44456 6.65176 0
      vertex -4 6.9282 0
    endloop
  endfacet
  facet normal -0 0 -1
    outer loop
      vertex -2.6607 -1.77782 0
      vertex -6.9282 -4 0
      vertex -2.82215 -1.50847 0
    endloop
  endfacet
  facet normal 0 0 -1
    outer loop
      vertex -1.77782 2.6607 0
      vertex -4.87009 6.34683 0
      vertex -4.44456 6.65176 0
    endloop
  endfacet
  facet normal 0 0 -1
    outer loop
      vertex -7.17498 -3.53831 0
      vertex -2.82215 -1.50847 0
      vertex -6.9282 -4 0
    endloop
  endfacet
  facet normal 0 0 -1
    outer loop
      vertex -2.03006 2.47363 0
      vertex -5.27477 6.01472 0
      vertex -4.87009 6.34683 0
    endloop
  endfacet
  facet normal -0 0 -1
    outer loop
      vertex -2.82215 -1.50847 0
      vertex -7.17498 -3.53831 0
      vertex -2.95641 -1.22459 0
    endloop
  endfacet
  facet normal 0 0 -1
    outer loop
      vertex -2.26274 2.26274 0
      vertex -5.65685 5.65685 0
      vertex -5.27477 6.01472 0
    endloop
  endfacet
  facet normal 0 0 -1
    outer loop
      vertex -7.39104 -3.06147 0
      vertex -2.95641 -1.22459 0
      vertex -7.17498 -3.53831 0
    endloop
  endfacet
  facet normal 0 0 -1
    outer loop
      vertex -2.26274 2.26274 0
      vertex -6.01472 5.27477 0
      vertex -5.65685 5.65685 0
    endloop
  endfacet
  facet normal 0 0 -1
    outer loop
      vertex -7.57544 -2.57152 0
      vertex -2.95641 -1.22459 0
      vertex -7.39104 -3.06147 0
    endloop
  endfacet
  facet normal 0 0 -1
    outer loop
      vertex -2.47363 2.03006 0
      vertex -6.34683 4.87009 0
      vertex -6.01472 5.27477 0
    endloop
  endfacet
  facet normal -0 0 -1
    outer loop
      vertex -2.95641 -1.22459 0
      vertex -7.57544 -2.57152 0
      vertex -3.06221 -0.92891 0
    endloop
  endfacet
  facet normal 0 0 -1
    outer loop
      vertex -2.6607 1.77782 0
      vertex -6.65176 4.44456 0
      vertex -6.34683 4.87009 0
    endloop
  endfacet
  facet normal 0 0 -1
    outer loop
      vertex -7.72741 -2.07055 0
      vertex -3.06221 -0.92891 0
      vertex -7.57544 -2.57152 0
    endloop
  endfacet
  facet normal 0 0 -1
    outer loop
      vertex -2.6607 1.77782 0
      vertex -6.9282 4 0
      vertex -6.65176 4.44456 0
    endloop
  endfacet
  facet normal -0 0 -1
    outer loop
      vertex -3.06221 -0.92891 0
      vertex -7.72741 -2.07055 0
      vertex -3.13851 -0.624289 0
    endloop
  endfacet
  facet normal 0 0 -1
    outer loop
      vertex -2.82215 1.50847 0
      vertex -7.17498 3.53831 0
      vertex -6.9282 4 0
    endloop
  endfacet
  facet normal 0 0 -1
    outer loop
      vertex -7.84628 -1.56072 0
      vertex -3.13851 -0.624289 0
      vertex -7.72741 -2.07055 0
    endloop
  endfacet
  facet normal 0 0 -1
    outer loop
      vertex -2.95641 1.22459 0
      vertex -7.39104 3.06147 0
      vertex -7.17498 3.53831 0
    endloop
  endfacet
  facet normal 0 0 -1
    outer loop
      vertex -7.93156 -1.04421 0
      vertex -3.13851 -0.624289 0
      vertex -7.84628 -1.56072 0
    endloop
  endfacet
  facet normal 0 0 -1
    outer loop
      vertex -2.95641 1.22459 0
      vertex -7.57544 2.57152 0
      vertex -7.39104 3.06147 0
    endloop
  endfacet
  facet normal -0 0 -1
    outer loop
      vertex -3.13851 -0.624289 0
      vertex -7.93156 -1.04421 0
      vertex -3.18459 -0.313654 0
    endloop
  endfacet
  facet normal 0 0 -1
    outer loop
      vertex -3.06221 0.92891 0
      vertex -7.72741 2.07055 0
      vertex -7.57544 2.57152 0
    endloop
  endfacet
  facet normal 0 0 -1
    outer loop
      vertex -7.98287 -0.523225 0
      vertex -3.18459 -0.313654 0
      vertex -7.93156 -1.04421 0
    endloop
  endfacet
  facet normal 0 0 -1
    outer loop
      vertex -3.13851 0.624289 0
      vertex -7.84628 1.56072 0
      vertex -7.72741 2.07055 0
    endloop
  endfacet
  facet normal -0 0 -1
    outer loop
      vertex -3.18459 -0.313654 0
      vertex -7.98287 -0.523225 0
      vertex -3.2 0 0
    endloop
  endfacet
  facet normal 0 0 -1
    outer loop
      vertex -3.13851 0.624289 0
      vertex -7.93156 1.04421 0
      vertex -7.84628 1.56072 0
    endloop
  endfacet
  facet normal 0 0 -1
    outer loop
      vertex -8 0 0
      vertex -3.2 0 0
      vertex -7.98287 -0.523225 0
    endloop
  endfacet
  facet normal 0 0 -1
    outer loop
      vertex -3.18459 0.313654 0
      vertex -7.98287 0.523225 0
      vertex -7.93156 1.04421 0
    endloop
  endfacet
  facet normal 0 0 -1
    outer loop
      vertex -3.2 0 0
      vertex -8 0 0
      vertex -7.98287 0.523225 0
    endloop
  endfacet
  facet normal 0.986642 0.162903 0
    outer loop
      vertex 7.93156 1.04421 2
      vertex 7.84628 1.56072 0
      vertex 7.84628 1.56072 2
    endloop
  endfacet
  facet normal 0.986642 0.162903 0
    outer loop
      vertex 7.84628 1.56072 0
      vertex 7.93156 1.04421 2
      vertex 7.93156 1.04421 0
    endloop
  endfacet
  facet normal 0.935909 0.352243 0
    outer loop
      vertex 7.57544 2.57152 2
      vertex 7.39104 3.06147 0
      vertex 7.39104 3.06147 2
    endloop
  endfacet
  facet normal 0.935909 0.352243 0
    outer loop
      vertex 7.39104 3.06147 0
      vertex 7.57544 2.57152 2
      vertex 7.57544 2.57152 0
    endloop
  endfacet
  facet normal 0.956939 0.290289 0
    outer loop
      vertex 7.72741 2.07055 2
      vertex 7.57544 2.57152 0
      vertex 7.57544 2.57152 2
    endloop
  endfacet
  facet normal 0.956939 0.290289 0
    outer loop
      vertex 7.57544 2.57152 0
      vertex 7.72741 2.07055 2
      vertex 7.72741 2.07055 0
    endloop
  endfacet
  facet normal 0.729852 0.683606 0
    outer loop
      vertex 6.01472 5.27477 2
      vertex 5.65685 5.65685 0
      vertex 5.65685 5.65685 2
    endloop
  endfacet
  facet normal 0.729852 0.683606 0
    outer loop
      vertex 5.65685 5.65685 0
      vertex 6.01472 5.27477 2
      vertex 6.01472 5.27477 0
    endloop
  endfacet
  facet normal 0.849207 0.528061 0
    outer loop
      vertex 6.9282 4 2
      vertex 6.65176 4.44456 0
      vertex 6.65176 4.44456 2
    endloop
  endfacet
  facet normal 0.849207 0.528061 0
    outer loop
      vertex 6.65176 4.44456 0
      vertex 6.9282 4 2
      vertex 6.9282 4 0
    endloop
  endfacet
  facet normal 0.290289 0.956939 -0
    outer loop
      vertex 2.57152 7.57544 0
      vertex 2.07055 7.72741 2
      vertex 2.57152 7.57544 2
    endloop
  endfacet
  facet normal 0.290289 0.956939 0
    outer loop
      vertex 2.07055 7.72741 2
      vertex 2.57152 7.57544 0
      vertex 2.07055 7.72741 0
    endloop
  endfacet
  facet normal 0.352243 0.935909 -0
    outer loop
      vertex 3.06147 7.39104 0
      vertex 2.57152 7.57544 2
      vertex 3.06147 7.39104 2
    endloop
  endfacet
  facet normal 0.352243 0.935909 0
    outer loop
      vertex 2.57152 7.57544 2
      vertex 3.06147 7.39104 0
      vertex 2.57152 7.57544 0
    endloop
  endfacet
  facet normal 0.0980123 0.995185 -0
    outer loop
      vertex 1.04421 7.93156 0
      vertex 0.523225 7.98287 2
      vertex 1.04421 7.93156 2
    endloop
  endfacet
  facet normal 0.0980123 0.995185 0
    outer loop
      vertex 0.523225 7.98287 2
      vertex 1.04421 7.93156 0
      vertex 0.523225 7.98287 0
    endloop
  endfacet
  facet normal 0.582477 0.812847 -0
    outer loop
      vertex 4.87009 6.34683 0
      vertex 4.44456 6.65176 2
      vertex 4.87009 6.34683 2
    endloop
  endfacet
  facet normal 0.582477 0.812847 0
    outer loop
      vertex 4.44456 6.65176 2
      vertex 4.87009 6.34683 0
      vertex 4.44456 6.65176 0
    endloop
  endfacet
  facet normal -0.773013 0.634391 0
    outer loop
      vertex -6.34683 4.87009 0
      vertex -6.01472 5.27477 2
      vertex -6.01472 5.27477 0
    endloop
  endfacet
  facet normal -0.773013 0.634391 0
    outer loop
      vertex -6.01472 5.27477 2
      vertex -6.34683 4.87009 0
      vertex -6.34683 4.87009 2
    endloop
  endfacet
  facet normal -0.729852 0.683606 0
    outer loop
      vertex -6.01472 5.27477 0
      vertex -5.65685 5.65685 2
      vertex -5.65685 5.65685 0
    endloop
  endfacet
  facet normal -0.729852 0.683606 0
    outer loop
      vertex -5.65685 5.65685 2
      vertex -6.01472 5.27477 0
      vertex -6.01472 5.27477 2
    endloop
  endfacet
  facet normal -0.88192 0.471399 0
    outer loop
      vertex -7.17498 3.53831 0
      vertex -6.9282 4 2
      vertex -6.9282 4 0
    endloop
  endfacet
  facet normal -0.88192 0.471399 0
    outer loop
      vertex -6.9282 4 2
      vertex -7.17498 3.53831 0
      vertex -7.17498 3.53831 2
    endloop
  endfacet
  facet normal -0.956939 0.290289 0
    outer loop
      vertex -7.72741 2.07055 0
      vertex -7.57544 2.57152 2
      vertex -7.57544 2.57152 0
    endloop
  endfacet
  facet normal -0.956939 0.290289 0
    outer loop
      vertex -7.57544 2.57152 2
      vertex -7.72741 2.07055 0
      vertex -7.72741 2.07055 2
    endloop
  endfacet
  facet normal -0.935909 0.352243 0
    outer loop
      vertex -7.57544 2.57152 0
      vertex -7.39104 3.06147 2
      vertex -7.39104 3.06147 0
    endloop
  endfacet
  facet normal -0.935909 0.352243 0
    outer loop
      vertex -7.39104 3.06147 2
      vertex -7.57544 2.57152 0
      vertex -7.57544 2.57152 2
    endloop
  endfacet
  facet normal -0.995185 0.0980123 0
    outer loop
      vertex -7.98287 0.523225 0
      vertex -7.93156 1.04421 2
      vertex -7.93156 1.04421 0
    endloop
  endfacet
  facet normal -0.995185 0.0980123 0
    outer loop
      vertex -7.93156 1.04421 2
      vertex -7.98287 0.523225 0
      vertex -7.98287 0.523225 2
    endloop
  endfacet
  facet normal -0.471399 0.88192 0
    outer loop
      vertex -3.53831 7.17498 0
      vertex -4 6.9282 2
      vertex -3.53831 7.17498 2
    endloop
  endfacet
  facet normal -0.471399 0.88192 0
    outer loop
      vertex -4 6.9282 2
      vertex -3.53831 7.17498 0
      vertex -4 6.9282 0
    endloop
  endfacet
  facet normal -0.412718 0.910859 0
    outer loop
      vertex -3.06147 7.39104 0
      vertex -3.53831 7.17498 2
      vertex -3.06147 7.39104 2
    endloop
  endfacet
  facet normal -0.412718 0.910859 0
    outer loop
      vertex -3.53831 7.17498 2
      vertex -3.06147 7.39104 0
      vertex -3.53831 7.17498 0
    endloop
  endfacet
  facet normal -0.634391 0.773013 0
    outer loop
      vertex -4.87009 6.34683 0
      vertex -5.27477 6.01472 2
      vertex -4.87009 6.34683 2
    endloop
  endfacet
  facet normal -0.634391 0.773013 0
    outer loop
      vertex -5.27477 6.01472 2
      vertex -4.87009 6.34683 0
      vertex -5.27477 6.01472 0
    endloop
  endfacet
  facet normal -0.290289 0.956939 0
    outer loop
      vertex -2.07055 7.72741 0
      vertex -2.57152 7.57544 2
      vertex -2.07055 7.72741 2
    endloop
  endfacet
  facet normal -0.290289 0.956939 0
    outer loop
      vertex -2.57152 7.57544 2
      vertex -2.07055 7.72741 0
      vertex -2.57152 7.57544 0
    endloop
  endfacet
  facet normal -0.0327217 0.999465 0
    outer loop
      vertex 0 8 0
      vertex -0.523225 7.98287 2
      vertex 0 8 2
    endloop
  endfacet
  facet normal -0.0327217 0.999465 0
    outer loop
      vertex -0.523225 7.98287 2
      vertex 0 8 0
      vertex -0.523225 7.98287 0
    endloop
  endfacet
  facet normal 0.999465 -0.0327217 0
    outer loop
      vertex 7.98287 -0.523225 2
      vertex 8 0 0
      vertex 8 0 2
    endloop
  endfacet
  facet normal 0.999465 -0.0327217 0
    outer loop
      vertex 8 0 0
      vertex 7.98287 -0.523225 2
      vertex 7.98287 -0.523225 0
    endloop
  endfacet
  facet normal 0.0327217 -0.999465 0
    outer loop
      vertex 0 -8 0
      vertex 0.523225 -7.98287 2
      vertex 0 -8 2
    endloop
  endfacet
  facet normal 0.0327217 -0.999465 0
    outer loop
      vertex 0.523225 -7.98287 2
      vertex 0 -8 0
      vertex 0.523225 -7.98287 0
    endloop
  endfacet
  facet normal 0.162903 -0.986642 0
    outer loop
      vertex 1.04421 -7.93156 0
      vertex 1.56072 -7.84628 2
      vertex 1.04421 -7.93156 2
    endloop
  endfacet
  facet normal 0.162903 -0.986642 0
    outer loop
      vertex 1.56072 -7.84628 2
      vertex 1.04421 -7.93156 0
      vertex 1.56072 -7.84628 0
    endloop
  endfacet
  facet normal 0.290289 -0.956939 0
    outer loop
      vertex 2.07055 -7.72741 0
      vertex 2.57152 -7.57544 2
      vertex 2.07055 -7.72741 2
    endloop
  endfacet
  facet normal 0.290289 -0.956939 0
    outer loop
      vertex 2.57152 -7.57544 2
      vertex 2.07055 -7.72741 0
      vertex 2.57152 -7.57544 0
    endloop
  endfacet
  facet normal 0.683606 -0.729852 0
    outer loop
      vertex 5.27477 -6.01472 0
      vertex 5.65685 -5.65685 2
      vertex 5.27477 -6.01472 2
    endloop
  endfacet
  facet normal 0.683606 -0.729852 0
    outer loop
      vertex 5.65685 -5.65685 2
      vertex 5.27477 -6.01472 0
      vertex 5.65685 -5.65685 0
    endloop
  endfacet
  facet normal 0.528061 -0.849207 0
    outer loop
      vertex 4 -6.9282 0
      vertex 4.44456 -6.65176 2
      vertex 4 -6.9282 2
    endloop
  endfacet
  facet normal 0.528061 -0.849207 0
    outer loop
      vertex 4.44456 -6.65176 2
      vertex 4 -6.9282 0
      vertex 4.44456 -6.65176 0
    endloop
  endfacet
  facet normal 0.412718 -0.910859 0
    outer loop
      vertex 3.06147 -7.39104 0
      vertex 3.53831 -7.17498 2
      vertex 3.06147 -7.39104 2
    endloop
  endfacet
  facet normal 0.412718 -0.910859 0
    outer loop
      vertex 3.53831 -7.17498 2
      vertex 3.06147 -7.39104 0
      vertex 3.53831 -7.17498 0
    endloop
  endfacet
  facet normal 0.812847 -0.582477 0
    outer loop
      vertex 6.34683 -4.87009 2
      vertex 6.65176 -4.44456 0
      vertex 6.65176 -4.44456 2
    endloop
  endfacet
  facet normal 0.812847 -0.582477 0
    outer loop
      vertex 6.65176 -4.44456 0
      vertex 6.34683 -4.87009 2
      vertex 6.34683 -4.87009 0
    endloop
  endfacet
  facet normal 0.935909 -0.352243 0
    outer loop
      vertex 7.39104 -3.06147 2
      vertex 7.57544 -2.57152 0
      vertex 7.57544 -2.57152 2
    endloop
  endfacet
  facet normal 0.935909 -0.352243 0
    outer loop
      vertex 7.57544 -2.57152 0
      vertex 7.39104 -3.06147 2
      vertex 7.39104 -3.06147 0
    endloop
  endfacet
  facet normal 0.88192 -0.471399 0
    outer loop
      vertex 6.9282 -4 2
      vertex 7.17498 -3.53831 0
      vertex 7.17498 -3.53831 2
    endloop
  endfacet
  facet normal 0.88192 -0.471399 0
    outer loop
      vertex 7.17498 -3.53831 0
      vertex 6.9282 -4 2
      vertex 6.9282 -4 0
    endloop
  endfacet
  facet normal 0.973879 -0.227066 0
    outer loop
      vertex 7.72741 -2.07055 2
      vertex 7.84628 -1.56072 0
      vertex 7.84628 -1.56072 2
    endloop
  endfacet
  facet normal 0.973879 -0.227066 0
    outer loop
      vertex 7.84628 -1.56072 0
      vertex 7.72741 -2.07055 2
      vertex 7.72741 -2.07055 0
    endloop
  endfacet
  facet normal -0.683606 -0.729852 0
    outer loop
      vertex -5.65685 -5.65685 0
      vertex -5.27477 -6.01472 2
      vertex -5.65685 -5.65685 2
    endloop
  endfacet
  facet normal -0.683606 -0.729852 -0
    outer loop
      vertex -5.27477 -6.01472 2
      vertex -5.65685 -5.65685 0
      vertex -5.27477 -6.01472 0
    endloop
  endfacet
  facet normal -0.582477 -0.812847 0
    outer loop
      vertex -4.87009 -6.34683 0
      vertex -4.44456 -6.65176 2
      vertex -4.87009 -6.34683 2
    endloop
  endfacet
  facet normal -0.582477 -0.812847 -0
    outer loop
      vertex -4.44456 -6.65176 2
      vertex -4.87009 -6.34683 0
      vertex -4.44456 -6.65176 0
    endloop
  endfacet
  facet normal -0.471399 -0.88192 0
    outer loop
      vertex -4 -6.9282 0
      vertex -3.53831 -7.17498 2
      vertex -4 -6.9282 2
    endloop
  endfacet
  facet normal -0.471399 -0.88192 -0
    outer loop
      vertex -3.53831 -7.17498 2
      vertex -4 -6.9282 0
      vertex -3.53831 -7.17498 0
    endloop
  endfacet
  facet normal -0.352243 -0.935909 0
    outer loop
      vertex -3.06147 -7.39104 0
      vertex -2.57152 -7.57544 2
      vertex -3.06147 -7.39104 2
    endloop
  endfacet
  facet normal -0.352243 -0.935909 -0
    outer loop
      vertex -2.57152 -7.57544 2
      vertex -3.06147 -7.39104 0
      vertex -2.57152 -7.57544 0
    endloop
  endfacet
  facet normal -0.227066 -0.973879 0
    outer loop
      vertex -2.07055 -7.72741 0
      vertex -1.56072 -7.84628 2
      vertex -2.07055 -7.72741 2
    endloop
  endfacet
  facet normal -0.227066 -0.973879 -0
    outer loop
      vertex -1.56072 -7.84628 2
      vertex -2.07055 -7.72741 0
      vertex -1.56072 -7.84628 0
    endloop
  endfacet
  facet normal -0.0980123 -0.995185 0
    outer loop
      vertex -1.04421 -7.93156 0
      vertex -0.523225 -7.98287 2
      vertex -1.04421 -7.93156 2
    endloop
  endfacet
  facet normal -0.0980123 -0.995185 -0
    outer loop
      vertex -0.523225 -7.98287 2
      vertex -1.04421 -7.93156 0
      vertex -0.523225 -7.98287 0
    endloop
  endfacet
  facet normal -0.910859 -0.412718 0
    outer loop
      vertex -7.17498 -3.53831 0
      vertex -7.39104 -3.06147 2
      vertex -7.39104 -3.06147 0
    endloop
  endfacet
  facet normal -0.910859 -0.412718 0
    outer loop
      vertex -7.39104 -3.06147 2
      vertex -7.17498 -3.53831 0
      vertex -7.17498 -3.53831 2
    endloop
  endfacet
  facet normal -0.849207 -0.528061 0
    outer loop
      vertex -6.65176 -4.44456 0
      vertex -6.9282 -4 2
      vertex -6.9282 -4 0
    endloop
  endfacet
  facet normal -0.849207 -0.528061 0
    outer loop
      vertex -6.9282 -4 2
      vertex -6.65176 -4.44456 0
      vertex -6.65176 -4.44456 2
    endloop
  endfacet
  facet normal -0.773013 -0.634391 0
    outer loop
      vertex -6.01472 -5.27477 0
      vertex -6.34683 -4.87009 2
      vertex -6.34683 -4.87009 0
    endloop
  endfacet
  facet normal -0.773013 -0.634391 0
    outer loop
      vertex -6.34683 -4.87009 2
      vertex -6.01472 -5.27477 0
      vertex -6.01472 -5.27477 2
    endloop
  endfacet
  facet normal -0.956939 -0.290289 0
    outer loop
      vertex -7.57544 -2.57152 0
      vertex -7.72741 -2.07055 2
      vertex -7.72741 -2.07055 0
    endloop
  endfacet
  facet normal -0.956939 -0.290289 0
    outer loop
      vertex -7.72741 -2.07055 2
      vertex -7.57544 -2.57152 0
      vertex -7.57544 -2.57152 2
    endloop
  endfacet
  facet normal -0.986642 -0.162903 0
    outer loop
      vertex -7.84628 -1.56072 0
      vertex -7.93156 -1.04421 2
      vertex -7.93156 -1.04421 0
    endloop
  endfacet
  facet normal -0.986642 -0.162903 0
    outer loop
      vertex -7.93156 -1.04421 2
      vertex -7.84628 -1.56072 0
      vertex -7.84628 -1.56072 2
    endloop
  endfacet
  facet normal -0.999465 -0.0327217 0
    outer loop
      vertex -7.98287 -0.523225 0
      vertex -8 0 2
      vertex -8 0 0
    endloop
  endfacet
  facet normal -0.999465 -0.0327217 0
    outer loop
      vertex -8 0 2
      vertex -7.98287 -0.523225 0
      vertex -7.98287 -0.523225 2
    endloop
  endfacet
  facet normal 0.0980123 -0.995185 0
    outer loop
      vertex 0.523225 -7.98287 0
      vertex 1.04421 -7.93156 2
      vertex 0.523225 -7.98287 2
    endloop
  endfacet
  facet normal 0.0980123 -0.995185 0
    outer loop
      vertex 1.04421 -7.93156 2
      vertex 0.523225 -7.98287 0
      vertex 1.04421 -7.93156 0
    endloop
  endfacet
  facet normal 0.352243 -0.935909 0
    outer loop
      vertex 2.57152 -7.57544 0
      vertex 3.06147 -7.39104 2
      vertex 2.57152 -7.57544 2
    endloop
  endfacet
  facet normal 0.352243 -0.935909 0
    outer loop
      vertex 3.06147 -7.39104 2
      vertex 2.57152 -7.57544 0
      vertex 3.06147 -7.39104 0
    endloop
  endfacet
  facet normal 0.729852 -0.683606 0
    outer loop
      vertex 5.65685 -5.65685 2
      vertex 6.01472 -5.27477 0
      vertex 6.01472 -5.27477 2
    endloop
  endfacet
  facet normal 0.729852 -0.683606 0
    outer loop
      vertex 6.01472 -5.27477 0
      vertex 5.65685 -5.65685 2
      vertex 5.65685 -5.65685 0
    endloop
  endfacet
  facet normal 0.582477 -0.812847 0
    outer loop
      vertex 4.44456 -6.65176 0
      vertex 4.87009 -6.34683 2
      vertex 4.44456 -6.65176 2
    endloop
  endfacet
  facet normal 0.582477 -0.812847 0
    outer loop
      vertex 4.87009 -6.34683 2
      vertex 4.44456 -6.65176 0
      vertex 4.87009 -6.34683 0
    endloop
  endfacet
  facet normal 0.471399 -0.88192 0
    outer loop
      vertex 3.53831 -7.17498 0
      vertex 4 -6.9282 2
      vertex 3.53831 -7.17498 2
    endloop
  endfacet
  facet normal 0.471399 -0.88192 0
    outer loop
      vertex 4 -6.9282 2
      vertex 3.53831 -7.17498 0
      vertex 4 -6.9282 0
    endloop
  endfacet
  facet normal 0.849207 -0.528061 0
    outer loop
      vertex 6.65176 -4.44456 2
      vertex 6.9282 -4 0
      vertex 6.9282 -4 2
    endloop
  endfacet
  facet normal 0.849207 -0.528061 0
    outer loop
      vertex 6.9282 -4 0
      vertex 6.65176 -4.44456 2
      vertex 6.65176 -4.44456 0
    endloop
  endfacet
  facet normal 0.910859 -0.412718 0
    outer loop
      vertex 7.17498 -3.53831 2
      vertex 7.39104 -3.06147 0
      vertex 7.39104 -3.06147 2
    endloop
  endfacet
  facet normal 0.910859 -0.412718 0
    outer loop
      vertex 7.39104 -3.06147 0
      vertex 7.17498 -3.53831 2
      vertex 7.17498 -3.53831 0
    endloop
  endfacet
  facet normal 0.986642 -0.162903 0
    outer loop
      vertex 7.84628 -1.56072 2
      vertex 7.93156 -1.04421 0
      vertex 7.93156 -1.04421 2
    endloop
  endfacet
  facet normal 0.986642 -0.162903 0
    outer loop
      vertex 7.93156 -1.04421 0
      vertex 7.84628 -1.56072 2
      vertex 7.84628 -1.56072 0
    endloop
  endfacet
  facet normal -0.634391 -0.773013 0
    outer loop
      vertex -5.27477 -6.01472 0
      vertex -4.87009 -6.34683 2
      vertex -5.27477 -6.01472 2
    endloop
  endfacet
  facet normal -0.634391 -0.773013 -0
    outer loop
      vertex -4.87009 -6.34683 2
      vertex -5.27477 -6.01472 0
      vertex -4.87009 -6.34683 0
    endloop
  endfacet
  facet normal -0.412718 -0.910859 0
    outer loop
      vertex -3.53831 -7.17498 0
      vertex -3.06147 -7.39104 2
      vertex -3.53831 -7.17498 2
    endloop
  endfacet
  facet normal -0.412718 -0.910859 -0
    outer loop
      vertex -3.06147 -7.39104 2
      vertex -3.53831 -7.17498 0
      vertex -3.06147 -7.39104 0
    endloop
  endfacet
  facet normal -0.290289 -0.956939 0
    outer loop
      vertex -2.57152 -7.57544 0
      vertex -2.07055 -7.72741 2
      vertex -2.57152 -7.57544 2
    endloop
  endfacet
  facet normal -0.290289 -0.956939 -0
    outer loop
      vertex -2.07055 -7.72741 2
      vertex -2.57152 -7.57544 0
      vertex -2.07055 -7.72741 0
    endloop
  endfacet
  facet normal -0.0327217 -0.999465 0
    outer loop
      vertex -0.523225 -7.98287 0
      vertex 0 -8 2
      vertex -0.523225 -7.98287 2
    endloop
  endfacet
  facet normal -0.0327217 -0.999465 -0
    outer loop
      vertex 0 -8 2
      vertex -0.523225 -7.98287 0
      vertex 0 -8 0
    endloop
  endfacet
  facet normal -0.88192 -0.471399 0
    outer loop
      vertex -6.9282 -4 0
      vertex -7.17498 -3.53831 2
      vertex -7.17498 -3.53831 0
    endloop
  endfacet
  facet normal -0.88192 -0.471399 0
    outer loop
      vertex -7.17498 -3.53831 2
      vertex -6.9282 -4 0
      vertex -6.9282 -4 2
    endloop
  endfacet
  facet normal -0.729852 -0.683606 0
    outer loop
      vertex -5.65685 -5.65685 0
      vertex -6.01472 -5.27477 2
      vertex -6.01472 -5.27477 0
    endloop
  endfacet
  facet normal -0.729852 -0.683606 0
    outer loop
      vertex -6.01472 -5.27477 2
      vertex -5.65685 -5.65685 0
      vertex -5.65685 -5.65685 2
    endloop
  endfacet
  facet normal -0.935909 -0.352243 0
    outer loop
      vertex -7.39104 -3.06147 0
      vertex -7.57544 -2.57152 2
      vertex -7.57544 -2.57152 0
    endloop
  endfacet
  facet normal -0.935909 -0.352243 0
    outer loop
      vertex -7.57544 -2.57152 2
      vertex -7.39104 -3.06147 0
      vertex -7.39104 -3.06147 2
    endloop
  endfacet
  facet normal -0.995185 -0.0980123 0
    outer loop
      vertex -7.93156 -1.04421 0
      vertex -7.98287 -0.523225 2
      vertex -7.98287 -0.523225 0
    endloop
  endfacet
  facet normal -0.995185 -0.0980123 0
    outer loop
      vertex -7.98287 -0.523225 2
      vertex -7.93156 -1.04421 0
      vertex -7.93156 -1.04421 2
    endloop
  endfacet
  facet normal 0 0 1
    outer loop
      vertex 3.2 0 2
      vertex 8 0 2
      vertex 7.98287 0.523225 2
    endloop
  endfacet
  facet normal 0 0 1
    outer loop
      vertex 3.18459 0.313654 2
      vertex 7.98287 0.523225 2
      vertex 7.93156 1.04421 2
    endloop
  endfacet
  facet normal 0 0 1
    outer loop
      vertex 8 0 2
      vertex 3.2 0 2
      vertex 7.98287 -0.523225 2
    endloop
  endfacet
  facet normal 0 0 1
    outer loop
      vertex 3.13851 0.624289 2
      vertex 7.93156 1.04421 2
      vertex 7.84628 1.56072 2
    endloop
  endfacet
  facet normal -0 0 1
    outer loop
      vertex 3.18459 -0.313654 2
      vertex 7.98287 -0.523225 2
      vertex 3.2 0 2
    endloop
  endfacet
  facet normal 0 0 1
    outer loop
      vertex 3.13851 0.624289 2
      vertex 7.84628 1.56072 2
      vertex 7.72741 2.07055 2
    endloop
  endfacet
  facet normal 0 0 1
    outer loop
      vertex 7.98287 -0.523225 2
      vertex 3.18459 -0.313654 2
      vertex 7.93156 -1.04421 2
    endloop
  endfacet
  facet normal 0 0 1
    outer loop
      vertex 3.06221 0.92891 2
      vertex 7.72741 2.07055 2
      vertex 7.57544 2.57152 2
    endloop
  endfacet
  facet normal -0 0 1
    outer loop
      vertex 3.13851 -0.624289 2
      vertex 7.93156 -1.04421 2
      vertex 3.18459 -0.313654 2
    endloop
  endfacet
  facet normal 0 0 1
    outer loop
      vertex 2.95641 1.22459 2
      vertex 7.57544 2.57152 2
      vertex 7.39104 3.06147 2
    endloop
  endfacet
  facet normal 0 0 1
    outer loop
      vertex 7.93156 -1.04421 2
      vertex 3.13851 -0.624289 2
      vertex 7.84628 -1.56072 2
    endloop
  endfacet
  facet normal 0 0 1
    outer loop
      vertex 2.95641 1.22459 2
      vertex 7.39104 3.06147 2
      vertex 7.17498 3.53831 2
    endloop
  endfacet
  facet normal 0 0 1
    outer loop
      vertex 7.84628 -1.56072 2
      vertex 3.13851 -0.624289 2
      vertex 7.72741 -2.07055 2
    endloop
  endfacet
  facet normal 0 0 1
    outer loop
      vertex 2.82215 1.50847 2
      vertex 7.17498 3.53831 2
      vertex 6.9282 4 2
    endloop
  endfacet
  facet normal -0 0 1
    outer loop
      vertex 3.06221 -0.92891 2
      vertex 7.72741 -2.07055 2
      vertex 3.13851 -0.624289 2
    endloop
  endfacet
  facet normal 0 0 1
    outer loop
      vertex 2.6607 1.77782 2
      vertex 6.9282 4 2
      vertex 6.65176 4.44456 2
    endloop
  endfacet
  facet normal 0 0 1
    outer loop
      vertex 7.72741 -2.07055 2
      vertex 3.06221 -0.92891 2
      vertex 7.57544 -2.57152 2
    endloop
  endfacet
  facet normal 0 0 1
    outer loop
      vertex 2.6607 1.77782 2
      vertex 6.65176 4.44456 2
      vertex 6.34683 4.87009 2
    endloop
  endfacet
  facet normal -0 0 1
    outer loop
      vertex 2.95641 -1.22459 2
      vertex 7.57544 -2.57152 2
      vertex 3.06221 -0.92891 2
    endloop
  endfacet
  facet normal 0 0 1
    outer loop
      vertex 2.47363 2.03006 2
      vertex 6.34683 4.87009 2
      vertex 6.01472 5.27477 2
    endloop
  endfacet
  facet normal 0 0 1
    outer loop
      vertex 7.57544 -2.57152 2
      vertex 2.95641 -1.22459 2
      vertex 7.39104 -3.06147 2
    endloop
  endfacet
  facet normal 0 0 1
    outer loop
      vertex 2.26274 2.26274 2
      vertex 6.01472 5.27477 2
      vertex 5.65685 5.65685 2
    endloop
  endfacet
  facet normal 0 0 1
    outer loop
      vertex 7.39104 -3.06147 2
      vertex 2.95641 -1.22459 2
      vertex 7.17498 -3.53831 2
    endloop
  endfacet
  facet normal 0 0 1
    outer loop
      vertex 2.26274 2.26274 2
      vertex 5.65685 5.65685 2
      vertex 5.27477 6.01472 2
    endloop
  endfacet
  facet normal -0 0 1
    outer loop
      vertex 2.82215 -1.50847 2
      vertex 7.17498 -3.53831 2
      vertex 2.95641 -1.22459 2
    endloop
  endfacet
  facet normal 0 0 1
    outer loop
      vertex 2.03006 2.47363 2
      vertex 5.27477 6.01472 2
      vertex 4.87009 6.34683 2
    endloop
  endfacet
  facet normal 0 0 1
    outer loop
      vertex 7.17498 -3.53831 2
      vertex 2.82215 -1.50847 2
      vertex 6.9282 -4 2
    endloop
  endfacet
  facet normal 0 0 1
    outer loop
      vertex 1.77782 2.6607 2
      vertex 4.87009 6.34683 2
      vertex 4.44456 6.65176 2
    endloop
  endfacet
  facet normal -0 0 1
    outer loop
      vertex 2.6607 -1.77782 2
      vertex 6.9282 -4 2
      vertex 2.82215 -1.50847 2
    endloop
  endfacet
  facet normal 0 0 1
    outer loop
      vertex 1.77782 2.6607 2
      vertex 4.44456 6.65176 2
      vertex 4 6.9282 2
    endloop
  endfacet
  facet normal 0 0 1
    outer loop
      vertex 6.9282 -4 2
      vertex 2.6607 -1.77782 2
      vertex 6.65176 -4.44456 2
    endloop
  endfacet
  facet normal 0 0 1
    outer loop
      vertex 1.50847 2.82215 2
      vertex 4 6.9282 2
      vertex 3.53831 7.17498 2
    endloop
  endfacet
  facet normal 0 0 1
    outer loop
      vertex 6.65176 -4.44456 2
      vertex 2.6607 -1.77782 2
      vertex 6.34683 -4.87009 2
    endloop
  endfacet
  facet normal -0 0 1
    outer loop
      vertex 2.47363 -2.03006 2
      vertex 6.34683 -4.87009 2
      vertex 2.6607 -1.77782 2
    endloop
  endfacet
  facet normal 0 0 1
    outer loop
      vertex 7.98287 0.523225 2
      vertex 3.18459 0.313654 2
      vertex 3.2 0 2
    endloop
  endfacet
  facet normal 0 0 1
    outer loop
      vertex 7.93156 1.04421 2
      vertex 3.13851 0.624289 2
      vertex 3.18459 0.313654 2
    endloop
  endfacet
  facet normal 0 0 1
    outer loop
      vertex 7.72741 2.07055 2
      vertex 3.06221 0.92891 2
      vertex 3.13851 0.624289 2
    endloop
  endfacet
  facet normal 0 0 1
    outer loop
      vertex 1.22459 2.95641 2
      vertex 3.53831 7.17498 2
      vertex 3.06147 7.39104 2
    endloop
  endfacet
  facet normal 0 0 1
    outer loop
      vertex 7.57544 2.57152 2
      vertex 2.95641 1.22459 2
      vertex 3.06221 0.92891 2
    endloop
  endfacet
  facet normal 0 0 1
    outer loop
      vertex 7.17498 3.53831 2
      vertex 2.82215 1.50847 2
      vertex 2.95641 1.22459 2
    endloop
  endfacet
  facet normal 0 0 1
    outer loop
      vertex 6.9282 4 2
      vertex 2.6607 1.77782 2
      vertex 2.82215 1.50847 2
    endloop
  endfacet
  facet normal 0 0 1
    outer loop
      vertex 1.22459 2.95641 2
      vertex 3.06147 7.39104 2
      vertex 2.57152 7.57544 2
    endloop
  endfacet
  facet normal 0 0 1
    outer loop
      vertex 6.34683 4.87009 2
      vertex 2.47363 2.03006 2
      vertex 2.6607 1.77782 2
    endloop
  endfacet
  facet normal 0 0 1
    outer loop
      vertex 6.01472 5.27477 2
      vertex 2.26274 2.26274 2
      vertex 2.47363 2.03006 2
    endloop
  endfacet
  facet normal 0 0 1
    outer loop
      vertex 0.92891 3.06221 2
      vertex 2.57152 7.57544 2
      vertex 2.07055 7.72741 2
    endloop
  endfacet
  facet normal 0 0 1
    outer loop
      vertex 5.27477 6.01472 2
      vertex 2.03006 2.47363 2
      vertex 2.26274 2.26274 2
    endloop
  endfacet
  facet normal 0 0 1
    outer loop
      vertex 4.87009 6.34683 2
      vertex 1.77782 2.6607 2
      vertex 2.03006 2.47363 2
    endloop
  endfacet
  facet normal 0 0 1
    outer loop
      vertex 0.624289 3.13851 2
      vertex 2.07055 7.72741 2
      vertex 1.56072 7.84628 2
    endloop
  endfacet
  facet normal 0 0 1
    outer loop
      vertex 4 6.9282 2
      vertex 1.50847 2.82215 2
      vertex 1.77782 2.6607 2
    endloop
  endfacet
  facet normal 0 0 1
    outer loop
      vertex 3.53831 7.17498 2
      vertex 1.22459 2.95641 2
      vertex 1.50847 2.82215 2
    endloop
  endfacet
  facet normal 0 0 1
    outer loop
      vertex 0.624289 3.13851 2
      vertex 1.56072 7.84628 2
      vertex 1.04421 7.93156 2
    endloop
  endfacet
  facet normal 0 0 1
    outer loop
      vertex 2.57152 7.57544 2
      vertex 0.92891 3.06221 2
      vertex 1.22459 2.95641 2
    endloop
  endfacet
  facet normal 0 0 1
    outer loop
      vertex 2.07055 7.72741 2
      vertex 0.624289 3.13851 2
      vertex 0.92891 3.06221 2
    endloop
  endfacet
  facet normal 0 0 1
    outer loop
      vertex 0.313654 3.18459 2
      vertex 1.04421 7.93156 2
      vertex 0.523225 7.98287 2
    endloop
  endfacet
  facet normal 0 0 1
    outer loop
      vertex 1.04421 7.93156 2
      vertex 0.313654 3.18459 2
      vertex 0.624289 3.13851 2
    endloop
  endfacet
  facet normal 0 0 1
    outer loop
      vertex 0 3.2 2
      vertex 0.523225 7.98287 2
      vertex 0 8 2
    endloop
  endfacet
  facet normal 0 0 1
    outer loop
      vertex 0.523225 7.98287 2
      vertex 0 3.2 2
      vertex 0.313654 3.18459 2
    endloop
  endfacet
  facet normal -0 0 1
    outer loop
      vertex -0.523225 7.98287 2
      vertex 0 3.2 2
      vertex 0 8 2
    endloop
  endfacet
  facet normal 0 0 1
    outer loop
      vertex 0 3.2 2
      vertex -0.523225 7.98287 2
      vertex -0.313654 3.18459 2
    endloop
  endfacet
  facet normal -0 0 1
    outer loop
      vertex -1.04421 7.93156 2
      vertex -0.313654 3.18459 2
      vertex -0.523225 7.98287 2
    endloop
  endfacet
  facet normal 0 0 1
    outer loop
      vertex -0.313654 3.18459 2
      vertex -1.04421 7.93156 2
      vertex -0.624289 3.13851 2
    endloop
  endfacet
  facet normal -0 0 1
    outer loop
      vertex -1.56072 7.84628 2
      vertex -0.624289 3.13851 2
      vertex -1.04421 7.93156 2
    endloop
  endfacet
  facet normal -0 0 1
    outer loop
      vertex -2.07055 7.72741 2
      vertex -0.624289 3.13851 2
      vertex -1.56072 7.84628 2
    endloop
  endfacet
  facet normal 0 0 1
    outer loop
      vertex -0.624289 3.13851 2
      vertex -2.07055 7.72741 2
      vertex -0.92891 3.06221 2
    endloop
  endfacet
  facet normal -0 0 1
    outer loop
      vertex -2.57152 7.57544 2
      vertex -0.92891 3.06221 2
      vertex -2.07055 7.72741 2
    endloop
  endfacet
  facet normal 0 0 1
    outer loop
      vertex -0.92891 3.06221 2
      vertex -2.57152 7.57544 2
      vertex -1.22459 2.95641 2
    endloop
  endfacet
  facet normal -0 0 1
    outer loop
      vertex -3.06147 7.39104 2
      vertex -1.22459 2.95641 2
      vertex -2.57152 7.57544 2
    endloop
  endfacet
  facet normal -0 0 1
    outer loop
      vertex -3.53831 7.17498 2
      vertex -1.22459 2.95641 2
      vertex -3.06147 7.39104 2
    endloop
  endfacet
  facet normal 0 0 1
    outer loop
      vertex -1.22459 2.95641 2
      vertex -3.53831 7.17498 2
      vertex -1.50847 2.82215 2
    endloop
  endfacet
  facet normal -0 0 1
    outer loop
      vertex -4 6.9282 2
      vertex -1.50847 2.82215 2
      vertex -3.53831 7.17498 2
    endloop
  endfacet
  facet normal 0 0 1
    outer loop
      vertex -1.50847 2.82215 2
      vertex -4 6.9282 2
      vertex -1.77782 2.6607 2
    endloop
  endfacet
  facet normal -0 0 1
    outer loop
      vertex -4.44456 6.65176 2
      vertex -1.77782 2.6607 2
      vertex -4 6.9282 2
    endloop
  endfacet
  facet normal -0 0 1
    outer loop
      vertex -4.87009 6.34683 2
      vertex -1.77782 2.6607 2
      vertex -4.44456 6.65176 2
    endloop
  endfacet
  facet normal 0 0 1
    outer loop
      vertex -1.77782 2.6607 2
      vertex -4.87009 6.34683 2
      vertex -2.03006 2.47363 2
    endloop
  endfacet
  facet normal -0 0 1
    outer loop
      vertex -5.27477 6.01472 2
      vertex -2.03006 2.47363 2
      vertex -4.87009 6.34683 2
    endloop
  endfacet
  facet normal 0 0 1
    outer loop
      vertex -2.03006 2.47363 2
      vertex -5.27477 6.01472 2
      vertex -2.26274 2.26274 2
    endloop
  endfacet
  facet normal -0 0 1
    outer loop
      vertex -5.65685 5.65685 2
      vertex -2.26274 2.26274 2
      vertex -5.27477 6.01472 2
    endloop
  endfacet
  facet normal -0 0 1
    outer loop
      vertex -6.01472 5.27477 2
      vertex -2.26274 2.26274 2
      vertex -5.65685 5.65685 2
    endloop
  endfacet
  facet normal 0 0 1
    outer loop
      vertex -2.26274 2.26274 2
      vertex -6.01472 5.27477 2
      vertex -2.47363 2.03006 2
    endloop
  endfacet
  facet normal -0 0 1
    outer loop
      vertex -6.34683 4.87009 2
      vertex -2.47363 2.03006 2
      vertex -6.01472 5.27477 2
    endloop
  endfacet
  facet normal 0 0 1
    outer loop
      vertex 6.34683 -4.87009 2
      vertex 2.47363 -2.03006 2
      vertex 6.01472 -5.27477 2
    endloop
  endfacet
  facet normal -0 0 1
    outer loop
      vertex 2.26274 -2.26274 2
      vertex 6.01472 -5.27477 2
      vertex 2.47363 -2.03006 2
    endloop
  endfacet
  facet normal 0 0 1
    outer loop
      vertex 6.01472 -5.27477 2
      vertex 2.26274 -2.26274 2
      vertex 5.65685 -5.65685 2
    endloop
  endfacet
  facet normal 0 0 1
    outer loop
      vertex 5.65685 -5.65685 2
      vertex 2.26274 -2.26274 2
      vertex 5.27477 -6.01472 2
    endloop
  endfacet
  facet normal -0 0 1
    outer loop
      vertex 2.03006 -2.47363 2
      vertex 5.27477 -6.01472 2
      vertex 2.26274 -2.26274 2
    endloop
  endfacet
  facet normal 0 0 1
    outer loop
      vertex 5.27477 -6.01472 2
      vertex 2.03006 -2.47363 2
      vertex 4.87009 -6.34683 2
    endloop
  endfacet
  facet normal -0 0 1
    outer loop
      vertex 1.77782 -2.6607 2
      vertex 4.87009 -6.34683 2
      vertex 2.03006 -2.47363 2
    endloop
  endfacet
  facet normal 0 0 1
    outer loop
      vertex 4.87009 -6.34683 2
      vertex 1.77782 -2.6607 2
      vertex 4.44456 -6.65176 2
    endloop
  endfacet
  facet normal 0 0 1
    outer loop
      vertex 4.44456 -6.65176 2
      vertex 1.77782 -2.6607 2
      vertex 4 -6.9282 2
    endloop
  endfacet
  facet normal -0 0 1
    outer loop
      vertex 1.50847 -2.82215 2
      vertex 4 -6.9282 2
      vertex 1.77782 -2.6607 2
    endloop
  endfacet
  facet normal 0 0 1
    outer loop
      vertex 4 -6.9282 2
      vertex 1.50847 -2.82215 2
      vertex 3.53831 -7.17498 2
    endloop
  endfacet
  facet normal -0 0 1
    outer loop
      vertex 1.22459 -2.95641 2
      vertex 3.53831 -7.17498 2
      vertex 1.50847 -2.82215 2
    endloop
  endfacet
  facet normal 0 0 1
    outer loop
      vertex 3.53831 -7.17498 2
      vertex 1.22459 -2.95641 2
      vertex 3.06147 -7.39104 2
    endloop
  endfacet
  facet normal 0 0 1
    outer loop
      vertex 3.06147 -7.39104 2
      vertex 1.22459 -2.95641 2
      vertex 2.57152 -7.57544 2
    endloop
  endfacet
  facet normal -0 0 1
    outer loop
      vertex 0.92891 -3.06221 2
      vertex 2.57152 -7.57544 2
      vertex 1.22459 -2.95641 2
    endloop
  endfacet
  facet normal 0 0 1
    outer loop
      vertex 2.57152 -7.57544 2
      vertex 0.92891 -3.06221 2
      vertex 2.07055 -7.72741 2
    endloop
  endfacet
  facet normal -0 0 1
    outer loop
      vertex 0.624289 -3.13851 2
      vertex 2.07055 -7.72741 2
      vertex 0.92891 -3.06221 2
    endloop
  endfacet
  facet normal 0 0 1
    outer loop
      vertex 2.07055 -7.72741 2
      vertex 0.624289 -3.13851 2
      vertex 1.56072 -7.84628 2
    endloop
  endfacet
  facet normal 0 0 1
    outer loop
      vertex 1.56072 -7.84628 2
      vertex 0.624289 -3.13851 2
      vertex 1.04421 -7.93156 2
    endloop
  endfacet
  facet normal -0 0 1
    outer loop
      vertex 0.313654 -3.18459 2
      vertex 1.04421 -7.93156 2
      vertex 0.624289 -3.13851 2
    endloop
  endfacet
  facet normal 0 0 1
    outer loop
      vertex 1.04421 -7.93156 2
      vertex 0.313654 -3.18459 2
      vertex 0.523225 -7.98287 2
    endloop
  endfacet
  facet normal -0 0 1
    outer loop
      vertex 0 -3.2 2
      vertex 0.523225 -7.98287 2
      vertex 0.313654 -3.18459 2
    endloop
  endfacet
  facet normal 0 0 1
    outer loop
      vertex 0 -3.2 2
      vertex 0 -8 2
      vertex 0.523225 -7.98287 2
    endloop
  endfacet
  facet normal 0 0 1
    outer loop
      vertex -0.523225 -7.98287 2
      vertex 0 -3.2 2
      vertex -0.313654 -3.18459 2
    endloop
  endfacet
  facet normal 0 0 1
    outer loop
      vertex 0 -3.2 2
      vertex -0.523225 -7.98287 2
      vertex 0 -8 2
    endloop
  endfacet
  facet normal 0 0 1
    outer loop
      vertex -1.04421 -7.93156 2
      vertex -0.313654 -3.18459 2
      vertex -0.624289 -3.13851 2
    endloop
  endfacet
  facet normal 0 0 1
    outer loop
      vertex -2.07055 -7.72741 2
      vertex -0.624289 -3.13851 2
      vertex -0.92891 -3.06221 2
    endloop
  endfacet
  facet normal 0 0 1
    outer loop
      vertex -0.313654 -3.18459 2
      vertex -1.04421 -7.93156 2
      vertex -0.523225 -7.98287 2
    endloop
  endfacet
  facet normal 0 0 1
    outer loop
      vertex -2.57152 -7.57544 2
      vertex -0.92891 -3.06221 2
      vertex -1.22459 -2.95641 2
    endloop
  endfacet
  facet normal 0 0 1
    outer loop
      vertex -3.53831 -7.17498 2
      vertex -1.22459 -2.95641 2
      vertex -1.50847 -2.82215 2
    endloop
  endfacet
  facet normal 0 0 1
    outer loop
      vertex -0.624289 -3.13851 2
      vertex -1.56072 -7.84628 2
      vertex -1.04421 -7.93156 2
    endloop
  endfacet
  facet normal 0 0 1
    outer loop
      vertex -4 -6.9282 2
      vertex -1.50847 -2.82215 2
      vertex -1.77782 -2.6607 2
    endloop
  endfacet
  facet normal 0 0 1
    outer loop
      vertex -4.87009 -6.34683 2
      vertex -1.77782 -2.6607 2
      vertex -2.03006 -2.47363 2
    endloop
  endfacet
  facet normal 0 0 1
    outer loop
      vertex -0.624289 -3.13851 2
      vertex -2.07055 -7.72741 2
      vertex -1.56072 -7.84628 2
    endloop
  endfacet
  facet normal 0 0 1
    outer loop
      vertex -5.27477 -6.01472 2
      vertex -2.03006 -2.47363 2
      vertex -2.26274 -2.26274 2
    endloop
  endfacet
  facet normal 0 0 1
    outer loop
      vertex -6.01472 -5.27477 2
      vertex -2.26274 -2.26274 2
      vertex -2.47363 -2.03006 2
    endloop
  endfacet
  facet normal 0 0 1
    outer loop
      vertex -0.92891 -3.06221 2
      vertex -2.57152 -7.57544 2
      vertex -2.07055 -7.72741 2
    endloop
  endfacet
  facet normal 0 0 1
    outer loop
      vertex -6.34683 -4.87009 2
      vertex -2.47363 -2.03006 2
      vertex -2.6607 -1.77782 2
    endloop
  endfacet
  facet normal 0 0 1
    outer loop
      vertex -6.9282 -4 2
      vertex -2.6607 -1.77782 2
      vertex -2.82215 -1.50847 2
    endloop
  endfacet
  facet normal 0 0 1
    outer loop
      vertex -7.17498 -3.53831 2
      vertex -2.82215 -1.50847 2
      vertex -2.95641 -1.22459 2
    endloop
  endfacet
  facet normal 0 0 1
    outer loop
      vertex -1.22459 -2.95641 2
      vertex -3.06147 -7.39104 2
      vertex -2.57152 -7.57544 2
    endloop
  endfacet
  facet normal 0 0 1
    outer loop
      vertex -7.57544 -2.57152 2
      vertex -2.95641 -1.22459 2
      vertex -3.06221 -0.92891 2
    endloop
  endfacet
  facet normal 0 0 1
    outer loop
      vertex -7.72741 -2.07055 2
      vertex -3.06221 -0.92891 2
      vertex -3.13851 -0.624289 2
    endloop
  endfacet
  facet normal 0 0 1
    outer loop
      vertex -7.93156 -1.04421 2
      vertex -3.13851 -0.624289 2
      vertex -3.18459 -0.313654 2
    endloop
  endfacet
  facet normal 0 0 1
    outer loop
      vertex -7.98287 -0.523225 2
      vertex -3.18459 -0.313654 2
      vertex -3.2 0 2
    endloop
  endfacet
  facet normal 0 0 1
    outer loop
      vertex -2.47363 2.03006 2
      vertex -6.34683 4.87009 2
      vertex -2.6607 1.77782 2
    endloop
  endfacet
  facet normal 0 0 1
    outer loop
      vertex -1.22459 -2.95641 2
      vertex -3.53831 -7.17498 2
      vertex -3.06147 -7.39104 2
    endloop
  endfacet
  facet normal -0 0 1
    outer loop
      vertex -6.65176 4.44456 2
      vertex -2.6607 1.77782 2
      vertex -6.34683 4.87009 2
    endloop
  endfacet
  facet normal 0 0 1
    outer loop
      vertex -1.50847 -2.82215 2
      vertex -4 -6.9282 2
      vertex -3.53831 -7.17498 2
    endloop
  endfacet
  facet normal -0 0 1
    outer loop
      vertex -6.9282 4 2
      vertex -2.6607 1.77782 2
      vertex -6.65176 4.44456 2
    endloop
  endfacet
  facet normal 0 0 1
    outer loop
      vertex -1.77782 -2.6607 2
      vertex -4.44456 -6.65176 2
      vertex -4 -6.9282 2
    endloop
  endfacet
  facet normal 0 0 1
    outer loop
      vertex -2.6607 1.77782 2
      vertex -6.9282 4 2
      vertex -2.82215 1.50847 2
    endloop
  endfacet
  facet normal 0 0 1
    outer loop
      vertex -1.77782 -2.6607 2
      vertex -4.87009 -6.34683 2
      vertex -4.44456 -6.65176 2
    endloop
  endfacet
  facet normal -0 0 1
    outer loop
      vertex -7.17498 3.53831 2
      vertex -2.82215 1.50847 2
      vertex -6.9282 4 2
    endloop
  endfacet
  facet normal 0 0 1
    outer loop
      vertex -2.03006 -2.47363 2
      vertex -5.27477 -6.01472 2
      vertex -4.87009 -6.34683 2
    endloop
  endfacet
  facet normal 0 0 1
    outer loop
      vertex -2.82215 1.50847 2
      vertex -7.17498 3.53831 2
      vertex -2.95641 1.22459 2
    endloop
  endfacet
  facet normal 0 0 1
    outer loop
      vertex -2.26274 -2.26274 2
      vertex -5.65685 -5.65685 2
      vertex -5.27477 -6.01472 2
    endloop
  endfacet
  facet normal -0 0 1
    outer loop
      vertex -7.39104 3.06147 2
      vertex -2.95641 1.22459 2
      vertex -7.17498 3.53831 2
    endloop
  endfacet
  facet normal 0 0 1
    outer loop
      vertex -2.26274 -2.26274 2
      vertex -6.01472 -5.27477 2
      vertex -5.65685 -5.65685 2
    endloop
  endfacet
  facet normal -0 0 1
    outer loop
      vertex -7.57544 2.57152 2
      vertex -2.95641 1.22459 2
      vertex -7.39104 3.06147 2
    endloop
  endfacet
  facet normal 0 0 1
    outer loop
      vertex -2.47363 -2.03006 2
      vertex -6.34683 -4.87009 2
      vertex -6.01472 -5.27477 2
    endloop
  endfacet
  facet normal 0 0 1
    outer loop
      vertex -2.95641 1.22459 2
      vertex -7.57544 2.57152 2
      vertex -3.06221 0.92891 2
    endloop
  endfacet
  facet normal 0 0 1
    outer loop
      vertex -2.6607 -1.77782 2
      vertex -6.65176 -4.44456 2
      vertex -6.34683 -4.87009 2
    endloop
  endfacet
  facet normal -0 0 1
    outer loop
      vertex -7.72741 2.07055 2
      vertex -3.06221 0.92891 2
      vertex -7.57544 2.57152 2
    endloop
  endfacet
  facet normal 0 0 1
    outer loop
      vertex -2.6607 -1.77782 2
      vertex -6.9282 -4 2
      vertex -6.65176 -4.44456 2
    endloop
  endfacet
  facet normal 0 0 1
    outer loop
      vertex -3.06221 0.92891 2
      vertex -7.72741 2.07055 2
      vertex -3.13851 0.624289 2
    endloop
  endfacet
  facet normal 0 0 1
    outer loop
      vertex -2.82215 -1.50847 2
      vertex -7.17498 -3.53831 2
      vertex -6.9282 -4 2
    endloop
  endfacet
  facet normal -0 0 1
    outer loop
      vertex -7.84628 1.56072 2
      vertex -3.13851 0.624289 2
      vertex -7.72741 2.07055 2
    endloop
  endfacet
  facet normal 0 0 1
    outer loop
      vertex -2.95641 -1.22459 2
      vertex -7.39104 -3.06147 2
      vertex -7.17498 -3.53831 2
    endloop
  endfacet
  facet normal -0 0 1
    outer loop
      vertex -7.93156 1.04421 2
      vertex -3.13851 0.624289 2
      vertex -7.84628 1.56072 2
    endloop
  endfacet
  facet normal 0 0 1
    outer loop
      vertex -2.95641 -1.22459 2
      vertex -7.57544 -2.57152 2
      vertex -7.39104 -3.06147 2
    endloop
  endfacet
  facet normal 0 0 1
    outer loop
      vertex -3.13851 0.624289 2
      vertex -7.93156 1.04421 2
      vertex -3.18459 0.313654 2
    endloop
  endfacet
  facet normal 0 0 1
    outer loop
      vertex -3.06221 -0.92891 2
      vertex -7.72741 -2.07055 2
      vertex -7.57544 -2.57152 2
    endloop
  endfacet
  facet normal -0 0 1
    outer loop
      vertex -7.98287 0.523225 2
      vertex -3.18459 0.313654 2
      vertex -7.93156 1.04421 2
    endloop
  endfacet
  facet normal 0 0 1
    outer loop
      vertex -3.13851 -0.624289 2
      vertex -7.84628 -1.56072 2
      vertex -7.72741 -2.07055 2
    endloop
  endfacet
  facet normal 0 0 1
    outer loop
      vertex -3.18459 0.313654 2
      vertex -7.98287 0.523225 2
      vertex -3.2 0 2
    endloop
  endfacet
  facet normal 0 0 1
    outer loop
      vertex -3.13851 -0.624289 2
      vertex -7.93156 -1.04421 2
      vertex -7.84628 -1.56072 2
    endloop
  endfacet
  facet normal 0 0 1
    outer loop
      vertex -8 0 2
      vertex -3.2 0 2
      vertex -7.98287 0.523225 2
    endloop
  endfacet
  facet normal 0 0 1
    outer loop
      vertex -3.18459 -0.313654 2
      vertex -7.98287 -0.523225 2
      vertex -7.93156 -1.04421 2
    endloop
  endfacet
  facet normal 0 0 1
    outer loop
      vertex -3.2 0 2
      vertex -8 0 2
      vertex -7.98287 -0.523225 2
    endloop
  endfacet
  facet normal -0.671561 -0.740949 0
    outer loop
      vertex 2.03006 2.47363 0
      vertex 2.26274 2.26274 2
      vertex 2.03006 2.47363 2
    endloop
  endfacet
  facet normal -0.671561 -0.740949 -0
    outer loop
      vertex 2.26274 2.26274 2
      vertex 2.03006 2.47363 0
      vertex 2.26274 2.26274 0
    endloop
  endfacet
  facet normal 0.336901 -0.94154 0
    outer loop
      vertex -1.22459 2.95641 0
      vertex -0.92891 3.06221 2
      vertex -1.22459 2.95641 2
    endloop
  endfacet
  facet normal 0.336901 -0.94154 0
    outer loop
      vertex -0.92891 3.06221 2
      vertex -1.22459 2.95641 0
      vertex -0.92891 3.06221 0
    endloop
  endfacet
  facet normal 0.903996 -0.427541 0
    outer loop
      vertex -2.95641 1.22459 2
      vertex -2.82215 1.50847 0
      vertex -2.82215 1.50847 2
    endloop
  endfacet
  facet normal 0.903996 -0.427541 0
    outer loop
      vertex -2.82215 1.50847 0
      vertex -2.95641 1.22459 2
      vertex -2.95641 1.22459 0
    endloop
  endfacet
  facet normal -0.903996 0.427541 0
    outer loop
      vertex 2.82215 -1.50847 0
      vertex 2.95641 -1.22459 2
      vertex 2.95641 -1.22459 0
    endloop
  endfacet
  facet normal -0.903996 0.427541 0
    outer loop
      vertex 2.95641 -1.22459 2
      vertex 2.82215 -1.50847 0
      vertex 2.82215 -1.50847 2
    endloop
  endfacet
  facet normal 0.427541 0.903996 -0
    outer loop
      vertex -1.22459 -2.95641 0
      vertex -1.50847 -2.82215 2
      vertex -1.22459 -2.95641 2
    endloop
  endfacet
  facet normal 0.427541 0.903996 0
    outer loop
      vertex -1.50847 -2.82215 2
      vertex -1.22459 -2.95641 0
      vertex -1.50847 -2.82215 0
    endloop
  endfacet
  facet normal -0.94154 -0.336901 0
    outer loop
      vertex 3.06221 0.92891 0
      vertex 2.95641 1.22459 2
      vertex 2.95641 1.22459 0
    endloop
  endfacet
  facet normal -0.94154 -0.336901 0
    outer loop
      vertex 2.95641 1.22459 2
      vertex 3.06221 0.92891 0
      vertex 3.06221 0.92891 2
    endloop
  endfacet
  facet normal -0.989176 -0.146736 0
    outer loop
      vertex 3.18459 0.313654 0
      vertex 3.13851 0.624289 2
      vertex 3.13851 0.624289 0
    endloop
  endfacet
  facet normal -0.989176 -0.146736 0
    outer loop
      vertex 3.13851 0.624289 2
      vertex 3.18459 0.313654 0
      vertex 3.18459 0.313654 2
    endloop
  endfacet
  facet normal -0.903996 -0.427541 0
    outer loop
      vertex 2.95641 1.22459 0
      vertex 2.82215 1.50847 2
      vertex 2.82215 1.50847 0
    endloop
  endfacet
  facet normal -0.903996 -0.427541 0
    outer loop
      vertex 2.82215 1.50847 2
      vertex 2.95641 1.22459 0
      vertex 2.95641 1.22459 2
    endloop
  endfacet
  facet normal -0.427541 -0.903996 0
    outer loop
      vertex 1.22459 2.95641 0
      vertex 1.50847 2.82215 2
      vertex 1.22459 2.95641 2
    endloop
  endfacet
  facet normal -0.427541 -0.903996 -0
    outer loop
      vertex 1.50847 2.82215 2
      vertex 1.22459 2.95641 0
      vertex 1.50847 2.82215 0
    endloop
  endfacet
  facet normal -0.146736 -0.989176 0
    outer loop
      vertex 0.313654 3.18459 0
      vertex 0.624289 3.13851 2
      vertex 0.313654 3.18459 2
    endloop
  endfacet
  facet normal -0.146736 -0.989176 -0
    outer loop
      vertex 0.624289 3.13851 2
      vertex 0.313654 3.18459 0
      vertex 0.624289 3.13851 0
    endloop
  endfacet
  facet normal 0.989176 -0.146736 0
    outer loop
      vertex -3.18459 0.313654 2
      vertex -3.13851 0.624289 0
      vertex -3.13851 0.624289 2
    endloop
  endfacet
  facet normal 0.989176 -0.146736 0
    outer loop
      vertex -3.13851 0.624289 0
      vertex -3.18459 0.313654 2
      vertex -3.18459 0.313654 0
    endloop
  endfacet
  facet normal 0.740949 -0.671561 0
    outer loop
      vertex -2.47363 2.03006 2
      vertex -2.26274 2.26274 0
      vertex -2.26274 2.26274 2
    endloop
  endfacet
  facet normal 0.740949 -0.671561 0
    outer loop
      vertex -2.26274 2.26274 0
      vertex -2.47363 2.03006 2
      vertex -2.47363 2.03006 0
    endloop
  endfacet
  facet normal 0.146736 -0.989176 0
    outer loop
      vertex -0.624289 3.13851 0
      vertex -0.313654 3.18459 2
      vertex -0.624289 3.13851 2
    endloop
  endfacet
  facet normal 0.146736 -0.989176 0
    outer loop
      vertex -0.313654 3.18459 2
      vertex -0.624289 3.13851 0
      vertex -0.313654 3.18459 0
    endloop
  endfacet
  facet normal -0.989176 0.146736 0
    outer loop
      vertex 3.13851 -0.624289 0
      vertex 3.18459 -0.313654 2
      vertex 3.18459 -0.313654 0
    endloop
  endfacet
  facet normal -0.989176 0.146736 0
    outer loop
      vertex 3.18459 -0.313654 2
      vertex 3.13851 -0.624289 0
      vertex 3.13851 -0.624289 2
    endloop
  endfacet
  facet normal -0.740949 0.671561 0
    outer loop
      vertex 2.26274 -2.26274 0
      vertex 2.47363 -2.03006 2
      vertex 2.47363 -2.03006 0
    endloop
  endfacet
  facet normal -0.740949 0.671561 0
    outer loop
      vertex 2.47363 -2.03006 2
      vertex 2.26274 -2.26274 0
      vertex 2.26274 -2.26274 2
    endloop
  endfacet
  facet normal 0.146736 0.989176 -0
    outer loop
      vertex -0.313654 -3.18459 0
      vertex -0.624289 -3.13851 2
      vertex -0.313654 -3.18459 2
    endloop
  endfacet
  facet normal 0.146736 0.989176 0
    outer loop
      vertex -0.624289 -3.13851 2
      vertex -0.313654 -3.18459 0
      vertex -0.624289 -3.13851 0
    endloop
  endfacet
  facet normal 0.671561 0.740949 -0
    outer loop
      vertex -2.03006 -2.47363 0
      vertex -2.26274 -2.26274 2
      vertex -2.03006 -2.47363 2
    endloop
  endfacet
  facet normal 0.671561 0.740949 0
    outer loop
      vertex -2.26274 -2.26274 2
      vertex -2.03006 -2.47363 0
      vertex -2.26274 -2.26274 0
    endloop
  endfacet
  facet normal -0.970034 -0.242969 0
    outer loop
      vertex 3.13851 0.624289 0
      vertex 3.06221 0.92891 2
      vertex 3.06221 0.92891 0
    endloop
  endfacet
  facet normal -0.970034 -0.242969 0
    outer loop
      vertex 3.06221 0.92891 2
      vertex 3.13851 0.624289 0
      vertex 3.13851 0.624289 2
    endloop
  endfacet
  facet normal -0.803214 -0.595691 0
    outer loop
      vertex 2.6607 1.77782 0
      vertex 2.47363 2.03006 2
      vertex 2.47363 2.03006 0
    endloop
  endfacet
  facet normal -0.803214 -0.595691 0
    outer loop
      vertex 2.47363 2.03006 2
      vertex 2.6607 1.77782 0
      vertex 2.6607 1.77782 2
    endloop
  endfacet
  facet normal -0.857718 -0.514121 0
    outer loop
      vertex 2.82215 1.50847 0
      vertex 2.6607 1.77782 2
      vertex 2.6607 1.77782 0
    endloop
  endfacet
  facet normal -0.857718 -0.514121 0
    outer loop
      vertex 2.6607 1.77782 2
      vertex 2.82215 1.50847 0
      vertex 2.82215 1.50847 2
    endloop
  endfacet
  facet normal -0.740949 -0.671561 0
    outer loop
      vertex 2.47363 2.03006 0
      vertex 2.26274 2.26274 2
      vertex 2.26274 2.26274 0
    endloop
  endfacet
  facet normal -0.740949 -0.671561 0
    outer loop
      vertex 2.26274 2.26274 2
      vertex 2.47363 2.03006 0
      vertex 2.47363 2.03006 2
    endloop
  endfacet
  facet normal -0.595691 -0.803214 0
    outer loop
      vertex 1.77782 2.6607 0
      vertex 2.03006 2.47363 2
      vertex 1.77782 2.6607 2
    endloop
  endfacet
  facet normal -0.595691 -0.803214 -0
    outer loop
      vertex 2.03006 2.47363 2
      vertex 1.77782 2.6607 0
      vertex 2.03006 2.47363 0
    endloop
  endfacet
  facet normal -0.0490714 -0.998795 0
    outer loop
      vertex 0 3.2 0
      vertex 0.313654 3.18459 2
      vertex 0 3.2 2
    endloop
  endfacet
  facet normal -0.0490714 -0.998795 -0
    outer loop
      vertex 0.313654 3.18459 2
      vertex 0 3.2 0
      vertex 0.313654 3.18459 0
    endloop
  endfacet
  facet normal -0.514121 -0.857718 0
    outer loop
      vertex 1.50847 2.82215 0
      vertex 1.77782 2.6607 2
      vertex 1.50847 2.82215 2
    endloop
  endfacet
  facet normal -0.514121 -0.857718 -0
    outer loop
      vertex 1.77782 2.6607 2
      vertex 1.50847 2.82215 0
      vertex 1.77782 2.6607 0
    endloop
  endfacet
  facet normal -0.336901 -0.94154 0
    outer loop
      vertex 0.92891 3.06221 0
      vertex 1.22459 2.95641 2
      vertex 0.92891 3.06221 2
    endloop
  endfacet
  facet normal -0.336901 -0.94154 -0
    outer loop
      vertex 1.22459 2.95641 2
      vertex 0.92891 3.06221 0
      vertex 1.22459 2.95641 0
    endloop
  endfacet
  facet normal -0.242969 -0.970034 0
    outer loop
      vertex 0.624289 3.13851 0
      vertex 0.92891 3.06221 2
      vertex 0.624289 3.13851 2
    endloop
  endfacet
  facet normal -0.242969 -0.970034 -0
    outer loop
      vertex 0.92891 3.06221 2
      vertex 0.624289 3.13851 0
      vertex 0.92891 3.06221 0
    endloop
  endfacet
  facet normal 0.998795 -0.0490714 0
    outer loop
      vertex -3.2 0 2
      vertex -3.18459 0.313654 0
      vertex -3.18459 0.313654 2
    endloop
  endfacet
  facet normal 0.998795 -0.0490714 0
    outer loop
      vertex -3.18459 0.313654 0
      vertex -3.2 0 2
      vertex -3.2 0 0
    endloop
  endfacet
  facet normal 0.94154 -0.336901 0
    outer loop
      vertex -3.06221 0.92891 2
      vertex -2.95641 1.22459 0
      vertex -2.95641 1.22459 2
    endloop
  endfacet
  facet normal 0.94154 -0.336901 0
    outer loop
      vertex -2.95641 1.22459 0
      vertex -3.06221 0.92891 2
      vertex -3.06221 0.92891 0
    endloop
  endfacet
  facet normal 0.970034 -0.242969 0
    outer loop
      vertex -3.13851 0.624289 2
      vertex -3.06221 0.92891 0
      vertex -3.06221 0.92891 2
    endloop
  endfacet
  facet normal 0.970034 -0.242969 0
    outer loop
      vertex -3.06221 0.92891 0
      vertex -3.13851 0.624289 2
      vertex -3.13851 0.624289 0
    endloop
  endfacet
  facet normal 0.857718 -0.514121 0
    outer loop
      vertex -2.82215 1.50847 2
      vertex -2.6607 1.77782 0
      vertex -2.6607 1.77782 2
    endloop
  endfacet
  facet normal 0.857718 -0.514121 0
    outer loop
      vertex -2.6607 1.77782 0
      vertex -2.82215 1.50847 2
      vertex -2.82215 1.50847 0
    endloop
  endfacet
  facet normal 0.803214 -0.595691 0
    outer loop
      vertex -2.6607 1.77782 2
      vertex -2.47363 2.03006 0
      vertex -2.47363 2.03006 2
    endloop
  endfacet
  facet normal 0.803214 -0.595691 0
    outer loop
      vertex -2.47363 2.03006 0
      vertex -2.6607 1.77782 2
      vertex -2.6607 1.77782 0
    endloop
  endfacet
  facet normal 0.242969 -0.970034 0
    outer loop
      vertex -0.92891 3.06221 0
      vertex -0.624289 3.13851 2
      vertex -0.92891 3.06221 2
    endloop
  endfacet
  facet normal 0.242969 -0.970034 0
    outer loop
      vertex -0.624289 3.13851 2
      vertex -0.92891 3.06221 0
      vertex -0.624289 3.13851 0
    endloop
  endfacet
  facet normal 0.0490714 -0.998795 0
    outer loop
      vertex -0.313654 3.18459 0
      vertex 0 3.2 2
      vertex -0.313654 3.18459 2
    endloop
  endfacet
  facet normal 0.0490714 -0.998795 0
    outer loop
      vertex 0 3.2 2
      vertex -0.313654 3.18459 0
      vertex 0 3.2 0
    endloop
  endfacet
  facet normal 0.514121 -0.857718 0
    outer loop
      vertex -1.77782 2.6607 0
      vertex -1.50847 2.82215 2
      vertex -1.77782 2.6607 2
    endloop
  endfacet
  facet normal 0.514121 -0.857718 0
    outer loop
      vertex -1.50847 2.82215 2
      vertex -1.77782 2.6607 0
      vertex -1.50847 2.82215 0
    endloop
  endfacet
  facet normal 0.595691 -0.803214 0
    outer loop
      vertex -2.03006 2.47363 0
      vertex -1.77782 2.6607 2
      vertex -2.03006 2.47363 2
    endloop
  endfacet
  facet normal 0.595691 -0.803214 0
    outer loop
      vertex -1.77782 2.6607 2
      vertex -2.03006 2.47363 0
      vertex -1.77782 2.6607 0
    endloop
  endfacet
  facet normal 0.427541 -0.903996 0
    outer loop
      vertex -1.50847 2.82215 0
      vertex -1.22459 2.95641 2
      vertex -1.50847 2.82215 2
    endloop
  endfacet
  facet normal 0.427541 -0.903996 0
    outer loop
      vertex -1.22459 2.95641 2
      vertex -1.50847 2.82215 0
      vertex -1.22459 2.95641 0
    endloop
  endfacet
  facet normal 0.671561 -0.740949 0
    outer loop
      vertex -2.26274 2.26274 0
      vertex -2.03006 2.47363 2
      vertex -2.26274 2.26274 2
    endloop
  endfacet
  facet normal 0.671561 -0.740949 0
    outer loop
      vertex -2.03006 2.47363 2
      vertex -2.26274 2.26274 0
      vertex -2.03006 2.47363 0
    endloop
  endfacet
  facet normal -0.998795 -0.0490714 0
    outer loop
      vertex 3.2 0 0
      vertex 3.18459 0.313654 2
      vertex 3.18459 0.313654 0
    endloop
  endfacet
  facet normal -0.998795 -0.0490714 0
    outer loop
      vertex 3.18459 0.313654 2
      vertex 3.2 0 0
      vertex 3.2 0 2
    endloop
  endfacet
  facet normal -0.0490714 0.998795 0
    outer loop
      vertex 0.313654 -3.18459 0
      vertex 0 -3.2 2
      vertex 0.313654 -3.18459 2
    endloop
  endfacet
  facet normal -0.0490714 0.998795 0
    outer loop
      vertex 0 -3.2 2
      vertex 0.313654 -3.18459 0
      vertex 0 -3.2 0
    endloop
  endfacet
  facet normal -0.94154 0.336901 0
    outer loop
      vertex 2.95641 -1.22459 0
      vertex 3.06221 -0.92891 2
      vertex 3.06221 -0.92891 0
    endloop
  endfacet
  facet normal -0.94154 0.336901 0
    outer loop
      vertex 3.06221 -0.92891 2
      vertex 2.95641 -1.22459 0
      vertex 2.95641 -1.22459 2
    endloop
  endfacet
  facet normal -0.146736 0.989176 0
    outer loop
      vertex 0.624289 -3.13851 0
      vertex 0.313654 -3.18459 2
      vertex 0.624289 -3.13851 2
    endloop
  endfacet
  facet normal -0.146736 0.989176 0
    outer loop
      vertex 0.313654 -3.18459 2
      vertex 0.624289 -3.13851 0
      vertex 0.313654 -3.18459 0
    endloop
  endfacet
  facet normal -0.242969 0.970034 0
    outer loop
      vertex 0.92891 -3.06221 0
      vertex 0.624289 -3.13851 2
      vertex 0.92891 -3.06221 2
    endloop
  endfacet
  facet normal -0.242969 0.970034 0
    outer loop
      vertex 0.624289 -3.13851 2
      vertex 0.92891 -3.06221 0
      vertex 0.624289 -3.13851 0
    endloop
  endfacet
  facet normal -0.595691 0.803214 0
    outer loop
      vertex 2.03006 -2.47363 0
      vertex 1.77782 -2.6607 2
      vertex 2.03006 -2.47363 2
    endloop
  endfacet
  facet normal -0.595691 0.803214 0
    outer loop
      vertex 1.77782 -2.6607 2
      vertex 2.03006 -2.47363 0
      vertex 1.77782 -2.6607 0
    endloop
  endfacet
  facet normal -0.427541 0.903996 0
    outer loop
      vertex 1.50847 -2.82215 0
      vertex 1.22459 -2.95641 2
      vertex 1.50847 -2.82215 2
    endloop
  endfacet
  facet normal -0.427541 0.903996 0
    outer loop
      vertex 1.22459 -2.95641 2
      vertex 1.50847 -2.82215 0
      vertex 1.22459 -2.95641 0
    endloop
  endfacet
  facet normal -0.857718 0.514121 0
    outer loop
      vertex 2.6607 -1.77782 0
      vertex 2.82215 -1.50847 2
      vertex 2.82215 -1.50847 0
    endloop
  endfacet
  facet normal -0.857718 0.514121 0
    outer loop
      vertex 2.82215 -1.50847 2
      vertex 2.6607 -1.77782 0
      vertex 2.6607 -1.77782 2
    endloop
  endfacet
  facet normal 0.0490714 0.998795 -0
    outer loop
      vertex 0 -3.2 0
      vertex -0.313654 -3.18459 2
      vertex 0 -3.2 2
    endloop
  endfacet
  facet normal 0.0490714 0.998795 0
    outer loop
      vertex -0.313654 -3.18459 2
      vertex 0 -3.2 0
      vertex -0.313654 -3.18459 0
    endloop
  endfacet
  facet normal 0.336901 0.94154 -0
    outer loop
      vertex -0.92891 -3.06221 0
      vertex -1.22459 -2.95641 2
      vertex -0.92891 -3.06221 2
    endloop
  endfacet
  facet normal 0.336901 0.94154 0
    outer loop
      vertex -1.22459 -2.95641 2
      vertex -0.92891 -3.06221 0
      vertex -1.22459 -2.95641 0
    endloop
  endfacet
  facet normal 0.514121 0.857718 -0
    outer loop
      vertex -1.50847 -2.82215 0
      vertex -1.77782 -2.6607 2
      vertex -1.50847 -2.82215 2
    endloop
  endfacet
  facet normal 0.514121 0.857718 0
    outer loop
      vertex -1.77782 -2.6607 2
      vertex -1.50847 -2.82215 0
      vertex -1.77782 -2.6607 0
    endloop
  endfacet
  facet normal 0.970034 0.242969 0
    outer loop
      vertex -3.06221 -0.92891 2
      vertex -3.13851 -0.624289 0
      vertex -3.13851 -0.624289 2
    endloop
  endfacet
  facet normal 0.970034 0.242969 0
    outer loop
      vertex -3.13851 -0.624289 0
      vertex -3.06221 -0.92891 2
      vertex -3.06221 -0.92891 0
    endloop
  endfacet
  facet normal 0.998795 0.0490714 0
    outer loop
      vertex -3.18459 -0.313654 2
      vertex -3.2 0 0
      vertex -3.2 0 2
    endloop
  endfacet
  facet normal 0.998795 0.0490714 0
    outer loop
      vertex -3.2 0 0
      vertex -3.18459 -0.313654 2
      vertex -3.18459 -0.313654 0
    endloop
  endfacet
  facet normal 0.803214 0.595691 0
    outer loop
      vertex -2.47363 -2.03006 2
      vertex -2.6607 -1.77782 0
      vertex -2.6607 -1.77782 2
    endloop
  endfacet
  facet normal 0.803214 0.595691 0
    outer loop
      vertex -2.6607 -1.77782 0
      vertex -2.47363 -2.03006 2
      vertex -2.47363 -2.03006 0
    endloop
  endfacet
  facet normal 0.903996 0.427541 0
    outer loop
      vertex -2.82215 -1.50847 2
      vertex -2.95641 -1.22459 0
      vertex -2.95641 -1.22459 2
    endloop
  endfacet
  facet normal 0.903996 0.427541 0
    outer loop
      vertex -2.95641 -1.22459 0
      vertex -2.82215 -1.50847 2
      vertex -2.82215 -1.50847 0
    endloop
  endfacet
  facet normal -0.998795 0.0490714 0
    outer loop
      vertex 3.18459 -0.313654 0
      vertex 3.2 0 2
      vertex 3.2 0 0
    endloop
  endfacet
  facet normal -0.998795 0.0490714 0
    outer loop
      vertex 3.2 0 2
      vertex 3.18459 -0.313654 0
      vertex 3.18459 -0.313654 2
    endloop
  endfacet
  facet normal -0.970034 0.242969 0
    outer loop
      vertex 3.06221 -0.92891 0
      vertex 3.13851 -0.624289 2
      vertex 3.13851 -0.624289 0
    endloop
  endfacet
  facet normal -0.970034 0.242969 0
    outer loop
      vertex 3.13851 -0.624289 2
      vertex 3.06221 -0.92891 0
      vertex 3.06221 -0.92891 2
    endloop
  endfacet
  facet normal -0.336901 0.94154 0
    outer loop
      vertex 1.22459 -2.95641 0
      vertex 0.92891 -3.06221 2
      vertex 1.22459 -2.95641 2
    endloop
  endfacet
  facet normal -0.336901 0.94154 0
    outer loop
      vertex 0.92891 -3.06221 2
      vertex 1.22459 -2.95641 0
      vertex 0.92891 -3.06221 0
    endloop
  endfacet
  facet normal -0.671561 0.740949 0
    outer loop
      vertex 2.26274 -2.26274 0
      vertex 2.03006 -2.47363 2
      vertex 2.26274 -2.26274 2
    endloop
  endfacet
  facet normal -0.671561 0.740949 0
    outer loop
      vertex 2.03006 -2.47363 2
      vertex 2.26274 -2.26274 0
      vertex 2.03006 -2.47363 0
    endloop
  endfacet
  facet normal -0.514121 0.857718 0
    outer loop
      vertex 1.77782 -2.6607 0
      vertex 1.50847 -2.82215 2
      vertex 1.77782 -2.6607 2
    endloop
  endfacet
  facet normal -0.514121 0.857718 0
    outer loop
      vertex 1.50847 -2.82215 2
      vertex 1.77782 -2.6607 0
      vertex 1.50847 -2.82215 0
    endloop
  endfacet
  facet normal -0.803214 0.595691 0
    outer loop
      vertex 2.47363 -2.03006 0
      vertex 2.6607 -1.77782 2
      vertex 2.6607 -1.77782 0
    endloop
  endfacet
  facet normal -0.803214 0.595691 0
    outer loop
      vertex 2.6607 -1.77782 2
      vertex 2.47363 -2.03006 0
      vertex 2.47363 -2.03006 2
    endloop
  endfacet
  facet normal 0.242969 0.970034 -0
    outer loop
      vertex -0.624289 -3.13851 0
      vertex -0.92891 -3.06221 2
      vertex -0.624289 -3.13851 2
    endloop
  endfacet
  facet normal 0.242969 0.970034 0
    outer loop
      vertex -0.92891 -3.06221 2
      vertex -0.624289 -3.13851 0
      vertex -0.92891 -3.06221 0
    endloop
  endfacet
  facet normal 0.595691 0.803214 -0
    outer loop
      vertex -1.77782 -2.6607 0
      vertex -2.03006 -2.47363 2
      vertex -1.77782 -2.6607 2
    endloop
  endfacet
  facet normal 0.595691 0.803214 0
    outer loop
      vertex -2.03006 -2.47363 2
      vertex -1.77782 -2.6607 0
      vertex -2.03006 -2.47363 0
    endloop
  endfacet
  facet normal 0.94154 0.336901 0
    outer loop
      vertex -2.95641 -1.22459 2
      vertex -3.06221 -0.92891 0
      vertex -3.06221 -0.92891 2
    endloop
  endfacet
  facet normal 0.94154 0.336901 0
    outer loop
      vertex -3.06221 -0.92891 0
      vertex -2.95641 -1.22459 2
      vertex -2.95641 -1.22459 0
    endloop
  endfacet
  facet normal 0.989176 0.146736 0
    outer loop
      vertex -3.13851 -0.624289 2
      vertex -3.18459 -0.313654 0
      vertex -3.18459 -0.313654 2
    endloop
  endfacet
  facet normal 0.989176 0.146736 0
    outer loop
      vertex -3.18459 -0.313654 0
      vertex -3.13851 -0.624289 2
      vertex -3.13851 -0.624289 0
    endloop
  endfacet
  facet normal 0.857718 0.514121 0
    outer loop
      vertex -2.6607 -1.77782 2
      vertex -2.82215 -1.50847 0
      vertex -2.82215 -1.50847 2
    endloop
  endfacet
  facet normal 0.857718 0.514121 0
    outer loop
      vertex -2.82215 -1.50847 0
      vertex -2.6607 -1.77782 2
      vertex -2.6607 -1.77782 0
    endloop
  endfacet
  facet normal 0.740949 0.671561 0
    outer loop
      vertex -2.26274 -2.26274 2
      vertex -2.47363 -2.03006 0
      vertex -2.47363 -2.03006 2
    endloop
  endfacet
  facet normal 0.740949 0.671561 0
    outer loop
      vertex -2.47363 -2.03006 0
      vertex -2.26274 -2.26274 2
      vertex -2.26274 -2.26274 0
    endloop
  endfacet
endsolid OpenSCAD_Model
