solid OpenSCAD_Model
  facet normal 0.579702 0.814615 0.018669
    outer loop
      vertex -3.02738 -28 0.406735
      vertex -3.03412 -27.9936 0.336761
      vertex -3.11242 -27.9392 0.394377
    endloop
  endfacet
  facet normal 0.578073 0.815765 0.0189311
    outer loop
      vertex -3.01406 -28 0
      vertex -3.03412 -27.9936 0.336761
      vertex -3.02738 -28 0.406735
    endloop
  endfacet
  facet normal 0.580364 0.814133 0.0190986
    outer loop
      vertex -3.03412 -27.9936 0.336761
      vertex -3.01406 -28 0
      vertex -3.03412 -27.9857 0
    endloop
  endfacet
  facet normal 0.580026 0.814448 0.0156201
    outer loop
      vertex -3.11242 -27.9392 0.394377
      vertex -3.02741 -28 0.407849
      vertex -3.02738 -28 0.406735
    endloop
  endfacet
  facet normal 0.579134 0.8149 0.0232892
    outer loop
      vertex -3.02741 -28 0.407849
      vertex -3.11242 -27.9392 0.394377
      vertex -3.12228 -27.9324 0.401631
    endloop
  endfacet
  facet normal -0.449568 0.814853 0.365927
    outer loop
      vertex -13.8669 -27.9324 4.04895
      vertex -13.9391 -28 4.11078
      vertex -13.9384 -28 4.11164
    endloop
  endfacet
  facet normal -0.448194 0.814877 0.367557
    outer loop
      vertex -13.9391 -28 4.11078
      vertex -13.8669 -27.9324 4.04895
      vertex -13.8647 -27.9246 4.03434
    endloop
  endfacet
  facet normal -0.23929 0.814771 0.528099
    outer loop
      vertex -11.3951 -27.0143 4.34983
      vertex -12.0071 -28 5.5933
      vertex -11.294 -27.0143 4.39564
    endloop
  endfacet
  facet normal -0.242268 0.814817 0.526669
    outer loop
      vertex -12.0071 -28 5.5933
      vertex -11.3951 -27.0143 4.34983
      vertex -12.0081 -28 5.59284
    endloop
  endfacet
  facet normal 0.203571 0.81478 0.542855
    outer loop
      vertex -7.24448 -28 5.90461
      vertex -7.69102 -27.0143 4.59261
      vertex -7.24552 -28 5.905
    endloop
  endfacet
  facet normal 0.204211 0.81477 0.54263
    outer loop
      vertex -7.69102 -27.0143 4.59261
      vertex -7.24448 -28 5.90461
      vertex -7.58715 -27.0143 4.55352
    endloop
  endfacet
  facet normal -0.210726 0.814644 0.540324
    outer loop
      vertex -10.809 -27.0143 4.59261
      vertex -11.2555 -28 5.90461
      vertex -11.2545 -28 5.905
    endloop
  endfacet
  facet normal -0.204334 0.814765 0.542591
    outer loop
      vertex -11.2555 -28 5.90461
      vertex -10.809 -27.0143 4.59261
      vertex -10.9128 -27.0143 4.55352
    endloop
  endfacet
  facet normal -0.492331 0.814787 0.306157
    outer loop
      vertex -13.383 -27.1002 2.76155
      vertex -14.6499 -28 3.11892
      vertex -14.435 -28 3.4645
    endloop
  endfacet
  facet normal -0.492074 0.814869 0.306352
    outer loop
      vertex -13.3916 -27.0143 2.51925
      vertex -13.383 -27.1002 2.76155
      vertex -13.3208 -27.0313 2.67819
    endloop
  endfacet
  facet normal -0.493671 0.813683 0.306937
    outer loop
      vertex -13.3916 -27.0143 2.51925
      vertex -13.3208 -27.0313 2.67819
      vertex -13.3033 -27.0143 2.66127
    endloop
  endfacet
  facet normal -0.492268 0.814764 0.306321
    outer loop
      vertex -13.383 -27.1002 2.76155
      vertex -13.3916 -27.0143 2.51925
      vertex -14.6499 -28 3.11892
    endloop
  endfacet
  facet normal -0.572187 0.814787 0.0934028
    outer loop
      vertex -14.8397 -27.5747 0.735892
      vertex -15.4324 -28 0.815053
      vertex -14.7442 -27.5126 0.779205
    endloop
  endfacet
  facet normal -0.570669 0.814599 0.103758
    outer loop
      vertex -15.4324 -28 0.815053
      vertex -14.8397 -27.5747 0.735892
      vertex -15.4326 -28 0.813953
    endloop
  endfacet
  facet normal 0.166139 0.814732 0.555526
    outer loop
      vertex -7.69102 -27.0143 4.59261
      vertex -7.24659 -28 5.90532
      vertex -7.24552 -28 5.905
    endloop
  endfacet
  facet normal 0.168325 0.814769 0.554814
    outer loop
      vertex -7.24659 -28 5.90532
      vertex -7.69102 -27.0143 4.59261
      vertex -7.79722 -27.0143 4.62483
    endloop
  endfacet
  facet normal 0.20423 0.814769 0.542624
    outer loop
      vertex -6.86361 -28 5.76126
      vertex -7.58715 -27.0143 4.55352
      vertex -7.24448 -28 5.90461
    endloop
  endfacet
  facet normal 0.204252 0.814771 0.542613
    outer loop
      vertex -7.58715 -27.0143 4.55352
      vertex -6.86361 -28 5.76126
      vertex -7.39399 -27.0143 4.48081
    endloop
  endfacet
  facet normal -0.46088 0.813575 0.354523
    outer loop
      vertex -13.5031 -27.2454 2.94428
      vertex -14.435 -28 3.4645
      vertex -14.4343 -28 3.46541
    endloop
  endfacet
  facet normal -0.470871 0.814749 0.338327
    outer loop
      vertex -13.4433 -27.1686 2.84256
      vertex -14.435 -28 3.4645
      vertex -13.5031 -27.2454 2.94428
    endloop
  endfacet
  facet normal -0.471958 0.814806 0.33667
    outer loop
      vertex -14.435 -28 3.4645
      vertex -13.4433 -27.1686 2.84256
      vertex -13.383 -27.1002 2.76155
    endloop
  endfacet
  facet normal -0.558595 0.81452 0.156615
    outer loop
      vertex -13.8426 -27.0143 1.55898
      vertex -15.1553 -28 2.00341
      vertex -15.155 -28 2.00448
    endloop
  endfacet
  facet normal -0.554847 0.814766 0.16823
    outer loop
      vertex -15.1553 -28 2.00341
      vertex -13.8426 -27.0143 1.55898
      vertex -13.8748 -27.0143 1.45278
    endloop
  endfacet
  facet normal -0.577429 0.814716 0.0530508
    outer loop
      vertex -14.8478 -27.5802 0.732193
      vertex -15.4326 -28 0.813953
      vertex -14.8397 -27.5747 0.735892
    endloop
  endfacet
  facet normal -0.576887 0.814806 0.0573828
    outer loop
      vertex -14.9056 -27.6189 0.700631
      vertex -15.4326 -28 0.813953
      vertex -14.8478 -27.5802 0.732193
    endloop
  endfacet
  facet normal -0.577808 0.814508 0.0521017
    outer loop
      vertex -15.4326 -28 0.813953
      vertex -14.9056 -27.6189 0.700631
      vertex -15.4327 -28 0.812844
    endloop
  endfacet
  facet normal -0.554786 0.814775 0.168389
    outer loop
      vertex -13.8748 -27.0143 1.45278
      vertex -15.2735 -28 1.61398
      vertex -15.1553 -28 2.00341
    endloop
  endfacet
  facet normal -0.554809 0.814786 0.16826
    outer loop
      vertex -15.2735 -28 1.61398
      vertex -13.8748 -27.0143 1.45278
      vertex -13.9347 -27.0143 1.25527
    endloop
  endfacet
  facet normal -0.0190986 0.814133 0.580364
    outer loop
      vertex -9.58676 -27.9936 6.21588
      vertex -9.25 -28 6.23594
      vertex -9.25 -27.9857 6.21588
    endloop
  endfacet
  facet normal -0.0189306 0.81577 0.578066
    outer loop
      vertex -9.25 -28 6.23594
      vertex -9.58676 -27.9936 6.21588
      vertex -9.65674 -28 6.22262
    endloop
  endfacet
  facet normal -0.0186674 0.814615 0.579702
    outer loop
      vertex -9.65674 -28 6.22262
      vertex -9.58676 -27.9936 6.21588
      vertex -9.64438 -27.9392 6.13758
    endloop
  endfacet
  facet normal 0.577072 0.814743 0.0564067
    outer loop
      vertex -3.0673 -28 0.812844
      vertex -3.4442 -27.7196 0.618622
      vertex -3.59439 -27.6189 0.700631
    endloop
  endfacet
  facet normal 0.576909 0.814828 0.0568448
    outer loop
      vertex -3.0673 -28 0.812844
      vertex -3.23784 -27.8565 0.486664
      vertex -3.4442 -27.7196 0.618622
    endloop
  endfacet
  facet normal 0.576934 0.814812 0.0568251
    outer loop
      vertex -3.02741 -28 0.407849
      vertex -3.23784 -27.8565 0.486664
      vertex -3.0673 -28 0.812844
    endloop
  endfacet
  facet normal 0.576904 0.814843 0.0566892
    outer loop
      vertex -3.23784 -27.8565 0.486664
      vertex -3.02741 -28 0.407849
      vertex -3.12228 -27.9324 0.401631
    endloop
  endfacet
  facet normal 0.528546 0.814753 0.238364
    outer loop
      vertex -3.6567 -28 2.75707
      vertex -4.90017 -27.0143 2.1451
      vertex -3.65716 -28 2.75809
    endloop
  endfacet
  facet normal 0.528092 0.814769 0.239311
    outer loop
      vertex -4.90017 -27.0143 2.1451
      vertex -3.6567 -28 2.75707
      vertex -4.85436 -27.0143 2.04401
    endloop
  endfacet
  facet normal 0.565158 0.814736 0.129623
    outer loop
      vertex -3.22629 -28 1.61289
      vertex -4.56526 -27.0143 1.25527
      vertex -3.22654 -28 1.61398
    endloop
  endfacet
  facet normal 0.56464 0.814769 0.131652
    outer loop
      vertex -4.54006 -27.0143 1.14719
      vertex -4.56526 -27.0143 1.25527
      vertex -3.22629 -28 1.61289
    endloop
  endfacet
  facet normal 0.168313 0.814768 0.554818
    outer loop
      vertex -7.79722 -27.0143 4.62483
      vertex -7.63602 -28 6.02346
      vertex -7.24659 -28 5.90532
    endloop
  endfacet
  facet normal 0.168292 0.81477 0.554822
    outer loop
      vertex -7.63602 -28 6.02346
      vertex -7.79722 -27.0143 4.62483
      vertex -7.99473 -27.0143 4.68474
    endloop
  endfacet
  facet normal 0.0568257 0.814812 0.576933
    outer loop
      vertex -8.76334 -27.8565 6.01216
      vertex -8.84215 -28 6.22259
      vertex -8.43716 -28 6.1827
    endloop
  endfacet
  facet normal 0.0566896 0.814843 0.576903
    outer loop
      vertex -8.84215 -28 6.22259
      vertex -8.76334 -27.8565 6.01216
      vertex -8.84837 -27.9324 6.12772
    endloop
  endfacet
  facet normal 0.0568446 0.814827 0.57691
    outer loop
      vertex -8.43716 -28 6.1827
      vertex -8.63138 -27.7196 5.8058
      vertex -8.76334 -27.8565 6.01216
    endloop
  endfacet
  facet normal 0.0564066 0.814743 0.577072
    outer loop
      vertex -8.63138 -27.7196 5.8058
      vertex -8.43716 -28 6.1827
      vertex -8.54937 -27.6189 5.65561
    endloop
  endfacet
  facet normal 0.0156762 0.814451 0.58002
    outer loop
      vertex -8.84215 -28 6.22259
      vertex -8.85562 -27.9392 6.13758
      vertex -8.84326 -28 6.22262
    endloop
  endfacet
  facet normal 0.0233004 0.8149 0.579133
    outer loop
      vertex -8.85562 -27.9392 6.13758
      vertex -8.84215 -28 6.22259
      vertex -8.84837 -27.9324 6.12772
    endloop
  endfacet
  facet normal 0.273314 0.814768 0.511324
    outer loop
      vertex -6.13203 -28 5.40048
      vertex -7.00702 -27.0143 4.29752
      vertex -6.49093 -28 5.59232
    endloop
  endfacet
  facet normal 0.273327 0.81477 0.511315
    outer loop
      vertex -6.13203 -28 5.40048
      vertex -6.825 -27.0143 4.20022
      vertex -7.00702 -27.0143 4.29752
    endloop
  endfacet
  facet normal 0.368063 0.814956 0.447635
    outer loop
      vertex -5.3429 -27.8565 4.59535
      vertex -5.13922 -28 4.68913
      vertex -5.21566 -27.9246 4.61471
    endloop
  endfacet
  facet normal 0.367756 0.814832 0.448111
    outer loop
      vertex -5.13922 -28 4.68913
      vertex -5.3429 -27.8565 4.59535
      vertex -5.4538 -28 4.9473
    endloop
  endfacet
  facet normal 0.368018 0.814699 0.448139
    outer loop
      vertex -5.58212 -27.7195 4.54274
      vertex -5.4538 -28 4.9473
      vertex -5.3429 -27.8565 4.59535
    endloop
  endfacet
  facet normal 0.367545 0.814794 0.448355
    outer loop
      vertex -5.80949 -27.5802 4.47598
      vertex -5.4538 -28 4.9473
      vertex -5.58212 -27.7195 4.54274
    endloop
  endfacet
  facet normal 0.365132 0.814848 0.450223
    outer loop
      vertex -5.4538 -28 4.9473
      vertex -5.80949 -27.5802 4.47598
      vertex -5.81788 -27.5747 4.47283
    endloop
  endfacet
  facet normal 0.306153 0.814793 0.492324
    outer loop
      vertex -6.48845 -27.1002 4.13296
      vertex -6.13108 -28 5.39989
      vertex -5.7855 -28 5.18499
    endloop
  endfacet
  facet normal 0.306437 0.814752 0.492215
    outer loop
      vertex -6.13108 -28 5.39989
      vertex -6.48845 -27.1002 4.13296
      vertex -6.73075 -27.0143 4.14162
    endloop
  endfacet
  facet normal 0.306418 0.814686 0.492336
    outer loop
      vertex -6.57181 -27.0313 4.07083
      vertex -6.73075 -27.0143 4.14162
      vertex -6.48845 -27.1002 4.13296
    endloop
  endfacet
  facet normal 0.306765 0.813983 0.493283
    outer loop
      vertex -6.73075 -27.0143 4.14162
      vertex -6.57181 -27.0313 4.07083
      vertex -6.58873 -27.0143 4.0533
    endloop
  endfacet
  facet normal 0.333306 0.815051 0.473919
    outer loop
      vertex -6.30572 -27.2454 4.25309
      vertex -5.7855 -28 5.18499
      vertex -5.78459 -28 5.18435
    endloop
  endfacet
  facet normal 0.338595 0.814732 0.470708
    outer loop
      vertex -6.40744 -27.1686 4.19333
      vertex -5.7855 -28 5.18499
      vertex -6.30572 -27.2454 4.25309
    endloop
  endfacet
  facet normal 0.335885 0.814824 0.472485
    outer loop
      vertex -5.7855 -28 5.18499
      vertex -6.40744 -27.1686 4.19333
      vertex -6.48845 -27.1002 4.13296
    endloop
  endfacet
  facet normal 0.422997 0.81497 0.396103
    outer loop
      vertex -4.83976 -28 4.40866
      vertex -4.61659 -27.9936 4.15717
      vertex -4.85281 -27.9858 4.39338
    endloop
  endfacet
  facet normal 0.421942 0.815959 0.395192
    outer loop
      vertex -4.56157 -28 4.11164
      vertex -4.61659 -27.9936 4.15717
      vertex -4.83976 -28 4.40866
    endloop
  endfacet
  facet normal 0.422865 0.814864 0.396462
    outer loop
      vertex -4.61659 -27.9936 4.15717
      vertex -4.56157 -28 4.11164
      vertex -4.63306 -27.9324 4.04895
    endloop
  endfacet
  facet normal -0.335896 0.814896 0.472354
    outer loop
      vertex -12.7145 -28 5.18499
      vertex -12.1943 -27.2454 4.25309
      vertex -12.7154 -28 5.18435
    endloop
  endfacet
  facet normal -0.338684 0.814723 0.470658
    outer loop
      vertex -12.7145 -28 5.18499
      vertex -12.0926 -27.1686 4.19333
      vertex -12.1943 -27.2454 4.25309
    endloop
  endfacet
  facet normal -0.335941 0.814817 0.472458
    outer loop
      vertex -12.0926 -27.1686 4.19333
      vertex -12.7145 -28 5.18499
      vertex -12.0116 -27.1002 4.13296
    endloop
  endfacet
  facet normal -0.273313 0.814769 0.511323
    outer loop
      vertex -11.493 -27.0143 4.29752
      vertex -12.368 -28 5.40048
      vertex -12.0091 -28 5.59232
    endloop
  endfacet
  facet normal -0.273348 0.814773 0.511299
    outer loop
      vertex -11.675 -27.0143 4.20022
      vertex -12.368 -28 5.40048
      vertex -11.493 -27.0143 4.29752
    endloop
  endfacet
  facet normal -0.423504 0.814469 0.396591
    outer loop
      vertex -13.8834 -27.9936 4.15717
      vertex -13.6602 -28 4.40866
      vertex -13.6472 -27.9858 4.39338
    endloop
  endfacet
  facet normal -0.422428 0.815479 0.395662
    outer loop
      vertex -13.8834 -27.9936 4.15717
      vertex -13.9384 -28 4.11164
      vertex -13.6602 -28 4.40866
    endloop
  endfacet
  facet normal -0.422927 0.814887 0.396348
    outer loop
      vertex -13.9384 -28 4.11164
      vertex -13.8834 -27.9936 4.15717
      vertex -13.8669 -27.9324 4.04895
    endloop
  endfacet
  facet normal -0.471257 0.814811 0.33764
    outer loop
      vertex -13.7228 -27.5747 3.43212
      vertex -14.4343 -28 3.46541
      vertex -14.1973 -28 3.7962
    endloop
  endfacet
  facet normal -0.471189 0.814723 0.337946
    outer loop
      vertex -13.6454 -27.4445 3.22615
      vertex -14.4343 -28 3.46541
      vertex -13.7228 -27.5747 3.43212
    endloop
  endfacet
  facet normal -0.471405 0.814809 0.337436
    outer loop
      vertex -13.5512 -27.3072 3.02621
      vertex -14.4343 -28 3.46541
      vertex -13.6454 -27.4445 3.22615
    endloop
  endfacet
  facet normal -0.471081 0.814759 0.33801
    outer loop
      vertex -14.4343 -28 3.46541
      vertex -13.5512 -27.3072 3.02621
      vertex -13.5031 -27.2454 2.94428
    endloop
  endfacet
  facet normal -0.442171 0.813638 0.377463
    outer loop
      vertex -13.6453 -27.9857 4.39529
      vertex -13.6602 -28 4.40866
      vertex -13.6595 -28 4.40948
    endloop
  endfacet
  facet normal -0.432831 0.813722 0.387961
    outer loop
      vertex -13.6602 -28 4.40866
      vertex -13.6453 -27.9857 4.39529
      vertex -13.6472 -27.9858 4.39338
    endloop
  endfacet
  facet normal -0.511306 0.814776 0.273322
    outer loop
      vertex -13.5475 -27.0143 2.24298
      vertex -14.6505 -28 3.11797
      vertex -13.4502 -27.0143 2.425
    endloop
  endfacet
  facet normal -0.511344 0.814771 0.273268
    outer loop
      vertex -14.6505 -28 3.11797
      vertex -13.5475 -27.0143 2.24298
      vertex -14.8423 -28 2.75907
    endloop
  endfacet
  facet normal -0.528069 0.814778 0.239332
    outer loop
      vertex -13.6456 -27.0143 2.04401
      vertex -15.0113 -28 2.38639
      vertex -14.8433 -28 2.75707
    endloop
  endfacet
  facet normal -0.528073 0.814779 0.239318
    outer loop
      vertex -15.0113 -28 2.38639
      vertex -13.6456 -27.0143 2.04401
      vertex -13.7308 -27.0143 1.85601
    endloop
  endfacet
  facet normal -0.542611 0.81478 0.204223
    outer loop
      vertex -13.8035 -27.0143 1.66285
      vertex -15.0113 -28 2.38639
      vertex -13.7308 -27.0143 1.85601
    endloop
  endfacet
  facet normal -0.542641 0.814775 0.204165
    outer loop
      vertex -15.0113 -28 2.38639
      vertex -13.8035 -27.0143 1.66285
      vertex -15.1546 -28 2.00552
    endloop
  endfacet
  facet normal -0.577059 0.81475 0.0564434
    outer loop
      vertex -15.0558 -27.7196 0.618622
      vertex -15.4327 -28 0.812844
      vertex -14.9056 -27.6189 0.700631
    endloop
  endfacet
  facet normal -0.576873 0.814847 0.0569429
    outer loop
      vertex -15.2622 -27.8565 0.486664
      vertex -15.4327 -28 0.812844
      vertex -15.0558 -27.7196 0.618622
    endloop
  endfacet
  facet normal -0.576994 0.814768 0.0568453
    outer loop
      vertex -15.2622 -27.8565 0.486664
      vertex -15.4726 -28 0.407849
      vertex -15.4327 -28 0.812844
    endloop
  endfacet
  facet normal -0.576828 0.814937 0.0560945
    outer loop
      vertex -15.4726 -28 0.407849
      vertex -15.2622 -27.8565 0.486664
      vertex -15.3777 -27.9324 0.401631
    endloop
  endfacet
  facet normal -0.578856 0.815016 0.0259949
    outer loop
      vertex -15.3876 -27.9392 0.394377
      vertex -15.4726 -28 0.407849
      vertex -15.3777 -27.9324 0.401631
    endloop
  endfacet
  facet normal -0.581781 0.813345 0
    outer loop
      vertex -15.4726 -28 0.407849
      vertex -15.3876 -27.9392 0.394377
      vertex -15.4726 -28 0.406735
    endloop
  endfacet
  facet normal -0.571263 0.814047 0.104819
    outer loop
      vertex -13.9347 -27.0143 1.25527
      vertex -15.2737 -28 1.61289
      vertex -15.2735 -28 1.61398
    endloop
  endfacet
  facet normal -0.564633 0.814775 0.13165
    outer loop
      vertex -13.9347 -27.0143 1.25527
      vertex -13.9599 -27.0143 1.14719
      vertex -15.2737 -28 1.61289
    endloop
  endfacet
  facet normal 0.395192 0.815959 0.421942
    outer loop
      vertex -4.84134 -28 4.41024
      vertex -5.09283 -27.9936 4.63341
      vertex -5.13836 -28 4.68843
    endloop
  endfacet
  facet normal 0.396103 0.81497 0.422997
    outer loop
      vertex -5.09283 -27.9936 4.63341
      vertex -4.84134 -28 4.41024
      vertex -4.85662 -27.9858 4.39719
    endloop
  endfacet
  facet normal 0.396462 0.814864 0.422865
    outer loop
      vertex -5.13836 -28 4.68843
      vertex -5.09283 -27.9936 4.63341
      vertex -5.20105 -27.9324 4.61694
    endloop
  endfacet
  facet normal 0.447635 0.814956 0.368063
    outer loop
      vertex -4.56087 -28 4.11078
      vertex -4.65465 -27.8565 3.9071
      vertex -4.63529 -27.9246 4.03434
    endloop
  endfacet
  facet normal 0.448111 0.814832 0.367756
    outer loop
      vertex -4.3027 -28 3.7962
      vertex -4.65465 -27.8565 3.9071
      vertex -4.56087 -28 4.11078
    endloop
  endfacet
  facet normal 0.448139 0.814699 0.368018
    outer loop
      vertex -4.3027 -28 3.7962
      vertex -4.70726 -27.7195 3.66788
      vertex -4.65465 -27.8565 3.9071
    endloop
  endfacet
  facet normal 0.448355 0.814794 0.367545
    outer loop
      vertex -4.3027 -28 3.7962
      vertex -4.77402 -27.5802 3.44051
      vertex -4.70726 -27.7195 3.66788
    endloop
  endfacet
  facet normal 0.450223 0.814848 0.365132
    outer loop
      vertex -4.77402 -27.5802 3.44051
      vertex -4.3027 -28 3.7962
      vertex -4.77717 -27.5747 3.43212
    endloop
  endfacet
  facet normal 0.129623 0.814736 0.565158
    outer loop
      vertex -7.99473 -27.0143 4.68474
      vertex -7.63711 -28 6.02371
      vertex -7.63602 -28 6.02346
    endloop
  endfacet
  facet normal 0.131652 0.814769 0.56464
    outer loop
      vertex -7.63711 -28 6.02371
      vertex -7.99473 -27.0143 4.68474
      vertex -8.10281 -27.0143 4.70994
    endloop
  endfacet
  facet normal 0.0186674 0.814615 0.579702
    outer loop
      vertex -8.84326 -28 6.22262
      vertex -8.85562 -27.9392 6.13758
      vertex -8.91324 -27.9936 6.21588
    endloop
  endfacet
  facet normal 0.0189306 0.81577 0.578066
    outer loop
      vertex -8.91324 -27.9936 6.21588
      vertex -9.25 -28 6.23594
      vertex -8.84326 -28 6.22262
    endloop
  endfacet
  facet normal 0.0190986 0.814133 0.580364
    outer loop
      vertex -9.25 -28 6.23594
      vertex -8.91324 -27.9936 6.21588
      vertex -9.25 -27.9857 6.21588
    endloop
  endfacet
  facet normal 0.239291 0.814768 0.528103
    outer loop
      vertex -7.20599 -27.0143 4.39564
      vertex -6.86361 -28 5.76126
      vertex -6.49293 -28 5.5933
    endloop
  endfacet
  facet normal 0.239253 0.814771 0.528115
    outer loop
      vertex -6.86361 -28 5.76126
      vertex -7.20599 -27.0143 4.39564
      vertex -7.39399 -27.0143 4.48081
    endloop
  endfacet
  facet normal 0.337695 0.814801 0.471235
    outer loop
      vertex -5.81788 -27.5747 4.47283
      vertex -5.78459 -28 5.18435
      vertex -5.4538 -28 4.9473
    endloop
  endfacet
  facet normal 0.337891 0.814744 0.471192
    outer loop
      vertex -6.02385 -27.4445 4.3954
      vertex -5.78459 -28 5.18435
      vertex -5.81788 -27.5747 4.47283
    endloop
  endfacet
  facet normal 0.337559 0.814801 0.471332
    outer loop
      vertex -6.22379 -27.3072 4.30124
      vertex -5.78459 -28 5.18435
      vertex -6.02385 -27.4445 4.3954
    endloop
  endfacet
  facet normal 0.337623 0.814795 0.471296
    outer loop
      vertex -5.78459 -28 5.18435
      vertex -6.22379 -27.3072 4.30124
      vertex -6.30572 -27.2454 4.25309
    endloop
  endfacet
  facet normal 0.271738 0.814795 0.512121
    outer loop
      vertex -6.49093 -28 5.59232
      vertex -7.1049 -27.0143 4.34983
      vertex -6.49191 -28 5.59284
    endloop
  endfacet
  facet normal 0.273276 0.81477 0.511341
    outer loop
      vertex -7.1049 -27.0143 4.34983
      vertex -6.49093 -28 5.59232
      vertex -7.00702 -27.0143 4.29752
    endloop
  endfacet
  facet normal 0.305883 0.814774 0.492523
    outer loop
      vertex -6.13108 -28 5.39989
      vertex -6.825 -27.0143 4.20022
      vertex -6.13203 -28 5.40048
    endloop
  endfacet
  facet normal 0.306134 0.81477 0.492374
    outer loop
      vertex -6.825 -27.0143 4.20022
      vertex -6.13108 -28 5.39989
      vertex -6.73075 -27.0143 4.14162
    endloop
  endfacet
  facet normal -0.1683 0.81477 0.55482
    outer loop
      vertex -10.7028 -27.0143 4.62483
      vertex -10.864 -28 6.02346
      vertex -10.5053 -27.0143 4.68474
    endloop
  endfacet
  facet normal -0.168325 0.814767 0.554816
    outer loop
      vertex -10.864 -28 6.02346
      vertex -10.7028 -27.0143 4.62483
      vertex -11.2534 -28 5.90532
    endloop
  endfacet
  facet normal -0.318091 0.814479 0.485224
    outer loop
      vertex -11.675 -27.0143 4.20022
      vertex -12.3689 -28 5.39989
      vertex -12.368 -28 5.40048
    endloop
  endfacet
  facet normal -0.306254 0.814766 0.492306
    outer loop
      vertex -12.3689 -28 5.39989
      vertex -11.675 -27.0143 4.20022
      vertex -11.7692 -27.0143 4.14162
    endloop
  endfacet
  facet normal -0.367731 0.814846 0.448108
    outer loop
      vertex -13.1571 -27.8565 4.59535
      vertex -13.3608 -28 4.68913
      vertex -13.0462 -28 4.9473
    endloop
  endfacet
  facet normal -0.368309 0.815078 0.447209
    outer loop
      vertex -13.3608 -28 4.68913
      vertex -13.1571 -27.8565 4.59535
      vertex -13.2843 -27.9246 4.61471
    endloop
  endfacet
  facet normal -0.368041 0.814687 0.448141
    outer loop
      vertex -13.0462 -28 4.9473
      vertex -12.9179 -27.7195 4.54274
      vertex -13.1571 -27.8565 4.59535
    endloop
  endfacet
  facet normal -0.367487 0.814798 0.448394
    outer loop
      vertex -13.0462 -28 4.9473
      vertex -12.6905 -27.5802 4.47598
      vertex -12.9179 -27.7195 4.54274
    endloop
  endfacet
  facet normal -0.364537 0.814863 0.450678
    outer loop
      vertex -12.6905 -27.5802 4.47598
      vertex -13.0462 -28 4.9473
      vertex -12.6821 -27.5747 4.47283
    endloop
  endfacet
  facet normal -0.388238 0.814505 0.431106
    outer loop
      vertex -13.6453 -27.9857 4.39529
      vertex -13.6587 -28 4.41024
      vertex -13.6434 -27.9858 4.39719
    endloop
  endfacet
  facet normal -0.399693 0.814391 0.420729
    outer loop
      vertex -13.6587 -28 4.41024
      vertex -13.6453 -27.9857 4.39529
      vertex -13.6595 -28 4.40948
    endloop
  endfacet
  facet normal -0.337684 0.814806 0.471233
    outer loop
      vertex -12.7154 -28 5.18435
      vertex -12.6821 -27.5747 4.47283
      vertex -13.0462 -28 4.9473
    endloop
  endfacet
  facet normal -0.337997 0.814716 0.471165
    outer loop
      vertex -12.7154 -28 5.18435
      vertex -12.4762 -27.4445 4.3954
      vertex -12.6821 -27.5747 4.47283
    endloop
  endfacet
  facet normal -0.337431 0.814812 0.471404
    outer loop
      vertex -12.7154 -28 5.18435
      vertex -12.2762 -27.3072 4.30124
      vertex -12.4762 -27.4445 4.3954
    endloop
  endfacet
  facet normal -0.337792 0.81478 0.4712
    outer loop
      vertex -12.2762 -27.3072 4.30124
      vertex -12.7154 -28 5.18435
      vertex -12.1943 -27.2454 4.25309
    endloop
  endfacet
  facet normal -0.447506 0.814929 0.368279
    outer loop
      vertex -13.8454 -27.8565 3.9071
      vertex -13.9391 -28 4.11078
      vertex -13.8647 -27.9246 4.03434
    endloop
  endfacet
  facet normal -0.448173 0.814756 0.36785
    outer loop
      vertex -13.8454 -27.8565 3.9071
      vertex -14.1973 -28 3.7962
      vertex -13.9391 -28 4.11078
    endloop
  endfacet
  facet normal -0.448175 0.814747 0.367868
    outer loop
      vertex -13.7927 -27.7195 3.66788
      vertex -14.1973 -28 3.7962
      vertex -13.8454 -27.8565 3.9071
    endloop
  endfacet
  facet normal -0.448259 0.814783 0.367685
    outer loop
      vertex -13.726 -27.5802 3.44051
      vertex -14.1973 -28 3.7962
      vertex -13.7927 -27.7195 3.66788
    endloop
  endfacet
  facet normal -0.453128 0.81491 0.361382
    outer loop
      vertex -14.1973 -28 3.7962
      vertex -13.726 -27.5802 3.44051
      vertex -13.7228 -27.5747 3.43212
    endloop
  endfacet
  facet normal -0.492368 0.814775 0.30613
    outer loop
      vertex -13.4502 -27.0143 2.425
      vertex -14.6499 -28 3.11892
      vertex -13.3916 -27.0143 2.51925
    endloop
  endfacet
  facet normal -0.490277 0.814706 0.309648
    outer loop
      vertex -14.6499 -28 3.11892
      vertex -13.4502 -27.0143 2.425
      vertex -14.6505 -28 3.11797
    endloop
  endfacet
  facet normal -0.51136 0.814773 0.273234
    outer loop
      vertex -13.5998 -27.0143 2.1451
      vertex -14.8423 -28 2.75907
      vertex -13.5475 -27.0143 2.24298
    endloop
  endfacet
  facet normal -0.516301 0.814889 0.263419
    outer loop
      vertex -14.8423 -28 2.75907
      vertex -13.5998 -27.0143 2.1451
      vertex -14.8428 -28 2.75809
    endloop
  endfacet
  facet normal -0.57985 0.814502 0.0189759
    outer loop
      vertex -15.4659 -27.9936 0.336761
      vertex -15.4726 -28 0.406735
      vertex -15.3876 -27.9392 0.394377
    endloop
  endfacet
  facet normal -0.581517 0.81331 0.0190793
    outer loop
      vertex -15.4859 -28 0
      vertex -15.4659 -27.9936 0.336761
      vertex -15.4659 -27.9857 0
    endloop
  endfacet
  facet normal -0.579928 0.814447 0.0189633
    outer loop
      vertex -15.4659 -27.9936 0.336761
      vertex -15.4859 -28 0
      vertex -15.4726 -28 0.406735
    endloop
  endfacet
  facet normal -0.56509 0.814428 0.131834
    outer loop
      vertex -13.9599 -27.0143 1.14719
      vertex -13.9979 -27.0143 0.984308
      vertex -14.0223 -27.0313 0.984741
    endloop
  endfacet
  facet normal -0.564657 0.814771 0.131572
    outer loop
      vertex -14.1252 -27.1002 0.969729
      vertex -15.2737 -28 1.61289
      vertex -13.9599 -27.0143 1.14719
    endloop
  endfacet
  facet normal -0.564723 0.81471 0.131664
    outer loop
      vertex -14.1252 -27.1002 0.969729
      vertex -13.9599 -27.0143 1.14719
      vertex -14.0223 -27.0313 0.984741
    endloop
  endfacet
  facet normal -0.564627 0.814781 0.13164
    outer loop
      vertex -15.2737 -28 1.61289
      vertex -14.1252 -27.1002 0.969729
      vertex -15.3661 -28 1.21657
    endloop
  endfacet
  facet normal -0.572271 0.814759 0.0931351
    outer loop
      vertex -14.2251 -27.1687 0.955139
      vertex -15.3661 -28 1.21657
      vertex -14.1252 -27.1002 0.969729
    endloop
  endfacet
  facet normal -0.57192 0.81481 0.0948269
    outer loop
      vertex -14.4313 -27.3072 0.901581
      vertex -15.3661 -28 1.21657
      vertex -14.2251 -27.1687 0.955139
    endloop
  endfacet
  facet normal -0.571934 0.814806 0.0947782
    outer loop
      vertex -14.6393 -27.4445 0.826782
      vertex -15.3661 -28 1.21657
      vertex -14.4313 -27.3072 0.901581
    endloop
  endfacet
  facet normal -0.571941 0.814803 0.0947613
    outer loop
      vertex -14.7442 -27.5126 0.779205
      vertex -15.3661 -28 1.21657
      vertex -14.6393 -27.4445 0.826782
    endloop
  endfacet
  facet normal -0.572092 0.814731 0.094466
    outer loop
      vertex -15.3661 -28 1.21657
      vertex -14.7442 -27.5126 0.779205
      vertex -15.4324 -28 0.815053
    endloop
  endfacet
  facet normal 0.572018 0.814792 0.0943866
    outer loop
      vertex -3.13388 -28 1.21657
      vertex -4.27486 -27.1687 0.955139
      vertex -4.37484 -27.1002 0.969729
    endloop
  endfacet
  facet normal 0.57197 0.814799 0.0946192
    outer loop
      vertex -3.13388 -28 1.21657
      vertex -4.0687 -27.3072 0.901581
      vertex -4.27486 -27.1687 0.955139
    endloop
  endfacet
  facet normal 0.571964 0.814801 0.0946417
    outer loop
      vertex -3.13388 -28 1.21657
      vertex -3.86073 -27.4445 0.826782
      vertex -4.0687 -27.3072 0.901581
    endloop
  endfacet
  facet normal 0.572066 0.814752 0.0944474
    outer loop
      vertex -3.75584 -27.5126 0.779205
      vertex -3.13388 -28 1.21657
      vertex -3.06759 -28 0.815053
    endloop
  endfacet
  facet normal 0.571953 0.814805 0.0946667
    outer loop
      vertex -3.13388 -28 1.21657
      vertex -3.75584 -27.5126 0.779205
      vertex -3.86073 -27.4445 0.826782
    endloop
  endfacet
  facet normal 0.564607 0.814793 0.131649
    outer loop
      vertex -4.37484 -27.1002 0.969729
      vertex -3.22629 -28 1.61289
      vertex -3.13388 -28 1.21657
    endloop
  endfacet
  facet normal 0.564723 0.814755 0.131387
    outer loop
      vertex -3.22629 -28 1.61289
      vertex -4.37484 -27.1002 0.969729
      vertex -4.54006 -27.0143 1.14719
    endloop
  endfacet
  facet normal 0.564833 0.814654 0.131538
    outer loop
      vertex -4.54006 -27.0143 1.14719
      vertex -4.37484 -27.1002 0.969729
      vertex -4.47771 -27.0313 0.984741
    endloop
  endfacet
  facet normal 0.565555 0.814099 0.131873
    outer loop
      vertex -4.54006 -27.0143 1.14719
      vertex -4.47771 -27.0313 0.984741
      vertex -4.50208 -27.0143 0.984308
    endloop
  endfacet
  facet normal 0.572117 0.814811 0.0936192
    outer loop
      vertex -3.66035 -27.5747 0.735892
      vertex -3.06759 -28 0.815053
      vertex -3.06741 -28 0.813953
    endloop
  endfacet
  facet normal 0.572177 0.814817 0.0932055
    outer loop
      vertex -3.06759 -28 0.815053
      vertex -3.66035 -27.5747 0.735892
      vertex -3.75584 -27.5126 0.779205
    endloop
  endfacet
  facet normal 0.57693 0.814787 0.0572248
    outer loop
      vertex -3.59439 -27.6189 0.700631
      vertex -3.06741 -28 0.813953
      vertex -3.0673 -28 0.812844
    endloop
  endfacet
  facet normal 0.576536 0.814847 0.0602522
    outer loop
      vertex -3.06741 -28 0.813953
      vertex -3.65219 -27.5802 0.732193
      vertex -3.66035 -27.5747 0.735892
    endloop
  endfacet
  facet normal 0.576897 0.814797 0.057411
    outer loop
      vertex -3.06741 -28 0.813953
      vertex -3.59439 -27.6189 0.700631
      vertex -3.65219 -27.5802 0.732193
    endloop
  endfacet
  facet normal 0.471235 0.814801 0.337695
    outer loop
      vertex -4.06565 -28 3.46541
      vertex -4.77717 -27.5747 3.43212
      vertex -4.3027 -28 3.7962
    endloop
  endfacet
  facet normal 0.471192 0.814744 0.337891
    outer loop
      vertex -4.06565 -28 3.46541
      vertex -4.8546 -27.4445 3.22615
      vertex -4.77717 -27.5747 3.43212
    endloop
  endfacet
  facet normal 0.471332 0.814801 0.337559
    outer loop
      vertex -4.06565 -28 3.46541
      vertex -4.94876 -27.3072 3.02621
      vertex -4.8546 -27.4445 3.22615
    endloop
  endfacet
  facet normal 0.471296 0.814795 0.337623
    outer loop
      vertex -4.94876 -27.3072 3.02621
      vertex -4.06565 -28 3.46541
      vertex -4.99691 -27.2454 2.94428
    endloop
  endfacet
  facet normal 0.512121 0.814795 0.271738
    outer loop
      vertex -4.90017 -27.0143 2.1451
      vertex -3.65768 -28 2.75907
      vertex -3.65716 -28 2.75809
    endloop
  endfacet
  facet normal 0.511341 0.81477 0.273276
    outer loop
      vertex -3.65768 -28 2.75907
      vertex -4.90017 -27.0143 2.1451
      vertex -4.95248 -27.0143 2.24298
    endloop
  endfacet
  facet normal 0.394671 0.814189 0.425829
    outer loop
      vertex -4.85471 -27.9857 4.39529
      vertex -4.84134 -28 4.41024
      vertex -4.84052 -28 4.40948
    endloop
  endfacet
  facet normal 0.387442 0.814232 0.432336
    outer loop
      vertex -4.84134 -28 4.41024
      vertex -4.85471 -27.9857 4.39529
      vertex -4.85662 -27.9858 4.39719
    endloop
  endfacet
  facet normal 0.449592 0.814831 0.365947
    outer loop
      vertex -4.56087 -28 4.11078
      vertex -4.63306 -27.9324 4.04895
      vertex -4.56157 -28 4.11164
    endloop
  endfacet
  facet normal 0.449151 0.814839 0.366471
    outer loop
      vertex -4.63306 -27.9324 4.04895
      vertex -4.56087 -28 4.11078
      vertex -4.63529 -27.9246 4.03434
    endloop
  endfacet
  facet normal 0.542855 0.81478 0.203571
    outer loop
      vertex -4.65739 -27.0143 1.55898
      vertex -3.34539 -28 2.00552
      vertex -3.345 -28 2.00448
    endloop
  endfacet
  facet normal 0.54263 0.81477 0.204211
    outer loop
      vertex -3.34539 -28 2.00552
      vertex -4.65739 -27.0143 1.55898
      vertex -4.69648 -27.0143 1.66285
    endloop
  endfacet
  facet normal 0.554818 0.814768 0.168313
    outer loop
      vertex -3.22654 -28 1.61398
      vertex -4.62517 -27.0143 1.45278
      vertex -3.34468 -28 2.00341
    endloop
  endfacet
  facet normal 0.554822 0.81477 0.168292
    outer loop
      vertex -4.62517 -27.0143 1.45278
      vertex -3.22654 -28 1.61398
      vertex -4.56526 -27.0143 1.25527
    endloop
  endfacet
  facet normal 0.542624 0.814769 0.20423
    outer loop
      vertex -4.69648 -27.0143 1.66285
      vertex -3.48874 -28 2.38639
      vertex -3.34539 -28 2.00552
    endloop
  endfacet
  facet normal 0.542613 0.814771 0.204252
    outer loop
      vertex -3.48874 -28 2.38639
      vertex -4.69648 -27.0143 1.66285
      vertex -4.76919 -27.0143 1.85601
    endloop
  endfacet
  facet normal 0.528103 0.814768 0.239291
    outer loop
      vertex -3.48874 -28 2.38639
      vertex -4.85436 -27.0143 2.04401
      vertex -3.6567 -28 2.75707
    endloop
  endfacet
  facet normal 0.528115 0.814771 0.239253
    outer loop
      vertex -4.85436 -27.0143 2.04401
      vertex -3.48874 -28 2.38639
      vertex -4.76919 -27.0143 1.85601
    endloop
  endfacet
  facet normal 0.0944468 0.814751 0.572067
    outer loop
      vertex -8.03343 -28 6.11612
      vertex -8.47079 -27.5126 5.49416
      vertex -8.43495 -28 6.18241
    endloop
  endfacet
  facet normal 0.094673 0.814806 0.571951
    outer loop
      vertex -8.03343 -28 6.11612
      vertex -8.42322 -27.4445 5.38927
      vertex -8.47079 -27.5126 5.49416
    endloop
  endfacet
  facet normal 0.0946409 0.814801 0.571964
    outer loop
      vertex -8.03343 -28 6.11612
      vertex -8.34842 -27.3072 5.1813
      vertex -8.42322 -27.4445 5.38927
    endloop
  endfacet
  facet normal 0.0946175 0.814799 0.57197
    outer loop
      vertex -8.03343 -28 6.11612
      vertex -8.29486 -27.1687 4.97514
      vertex -8.34842 -27.3072 5.1813
    endloop
  endfacet
  facet normal 0.0943868 0.814792 0.572018
    outer loop
      vertex -8.29486 -27.1687 4.97514
      vertex -8.03343 -28 6.11612
      vertex -8.28027 -27.1002 4.87516
    endloop
  endfacet
  facet normal 0.131649 0.814793 0.564607
    outer loop
      vertex -7.63711 -28 6.02371
      vertex -8.28027 -27.1002 4.87516
      vertex -8.03343 -28 6.11612
    endloop
  endfacet
  facet normal 0.131388 0.814755 0.564723
    outer loop
      vertex -8.10281 -27.0143 4.70994
      vertex -8.28027 -27.1002 4.87516
      vertex -7.63711 -28 6.02371
    endloop
  endfacet
  facet normal 0.131536 0.814656 0.564831
    outer loop
      vertex -8.28027 -27.1002 4.87516
      vertex -8.10281 -27.0143 4.70994
      vertex -8.26526 -27.0313 4.77229
    endloop
  endfacet
  facet normal 0.131877 0.814091 0.565566
    outer loop
      vertex -8.26526 -27.0313 4.77229
      vertex -8.10281 -27.0143 4.70994
      vertex -8.26569 -27.0143 4.74792
    endloop
  endfacet
  facet normal 0.0571741 0.814784 0.576939
    outer loop
      vertex -8.43605 -28 6.18259
      vertex -8.54937 -27.6189 5.65561
      vertex -8.43716 -28 6.1827
    endloop
  endfacet
  facet normal 0.0574139 0.814797 0.576897
    outer loop
      vertex -8.43605 -28 6.18259
      vertex -8.51781 -27.5802 5.59781
      vertex -8.54937 -27.6189 5.65561
    endloop
  endfacet
  facet normal 0.0602398 0.814847 0.576537
    outer loop
      vertex -8.51781 -27.5802 5.59781
      vertex -8.43605 -28 6.18259
      vertex -8.51411 -27.5747 5.58965
    endloop
  endfacet
  facet normal 0.238364 0.814753 0.528546
    outer loop
      vertex -7.1049 -27.0143 4.34983
      vertex -6.49293 -28 5.5933
      vertex -6.49191 -28 5.59284
    endloop
  endfacet
  facet normal 0.239311 0.814769 0.528092
    outer loop
      vertex -6.49293 -28 5.5933
      vertex -7.1049 -27.0143 4.34983
      vertex -7.20599 -27.0143 4.39564
    endloop
  endfacet
  facet normal -0.0936184 0.814815 0.572112
    outer loop
      vertex -9.98589 -27.5747 5.58965
      vertex -10.0651 -28 6.18241
      vertex -10.064 -28 6.18259
    endloop
  endfacet
  facet normal -0.0931978 0.814821 0.572173
    outer loop
      vertex -10.0651 -28 6.18241
      vertex -9.98589 -27.5747 5.58965
      vertex -10.0292 -27.5126 5.49416
    endloop
  endfacet
  facet normal -0.131629 0.814768 0.564648
    outer loop
      vertex -10.5053 -27.0143 4.68474
      vertex -10.8629 -28 6.02371
      vertex -10.3972 -27.0143 4.70994
    endloop
  endfacet
  facet normal -0.12851 0.814715 0.565442
    outer loop
      vertex -10.8629 -28 6.02371
      vertex -10.5053 -27.0143 4.68474
      vertex -10.864 -28 6.02346
    endloop
  endfacet
  facet normal -0.204215 0.814772 0.542626
    outer loop
      vertex -10.9128 -27.0143 4.55352
      vertex -11.6364 -28 5.76126
      vertex -11.2555 -28 5.90461
    endloop
  endfacet
  facet normal -0.204215 0.814772 0.542626
    outer loop
      vertex -11.6364 -28 5.76126
      vertex -10.9128 -27.0143 4.55352
      vertex -11.106 -27.0143 4.48081
    endloop
  endfacet
  facet normal -0.239252 0.814773 0.528113
    outer loop
      vertex -11.294 -27.0143 4.39564
      vertex -11.6364 -28 5.76126
      vertex -11.106 -27.0143 4.48081
    endloop
  endfacet
  facet normal -0.239278 0.814771 0.528105
    outer loop
      vertex -11.6364 -28 5.76126
      vertex -11.294 -27.0143 4.39564
      vertex -12.0071 -28 5.5933
    endloop
  endfacet
  facet normal -0.26743 0.814854 0.514289
    outer loop
      vertex -11.3951 -27.0143 4.34983
      vertex -12.0091 -28 5.59232
      vertex -12.0081 -28 5.59284
    endloop
  endfacet
  facet normal -0.27323 0.814774 0.51136
    outer loop
      vertex -12.0091 -28 5.59232
      vertex -11.3951 -27.0143 4.34983
      vertex -11.493 -27.0143 4.29752
    endloop
  endfacet
  facet normal -0.396146 0.81489 0.423111
    outer loop
      vertex -13.3616 -28 4.68843
      vertex -13.2989 -27.9324 4.61694
      vertex -13.4072 -27.9936 4.63341
    endloop
  endfacet
  facet normal -0.396254 0.814797 0.423189
    outer loop
      vertex -13.4072 -27.9936 4.63341
      vertex -13.6587 -28 4.41024
      vertex -13.3616 -28 4.68843
    endloop
  endfacet
  facet normal -0.395923 0.815157 0.422806
    outer loop
      vertex -13.6587 -28 4.41024
      vertex -13.4072 -27.9936 4.63341
      vertex -13.6434 -27.9858 4.39719
    endloop
  endfacet
  facet normal -0.306317 0.814762 0.492273
    outer loop
      vertex -12.0116 -27.1002 4.13296
      vertex -12.3689 -28 5.39989
      vertex -11.7692 -27.0143 4.14162
    endloop
  endfacet
  facet normal -0.306145 0.814787 0.492339
    outer loop
      vertex -12.3689 -28 5.39989
      vertex -12.0116 -27.1002 4.13296
      vertex -12.7145 -28 5.18499
    endloop
  endfacet
  facet normal -0.306307 0.814728 0.492335
    outer loop
      vertex -11.7692 -27.0143 4.14162
      vertex -11.9282 -27.0313 4.07083
      vertex -12.0116 -27.1002 4.13296
    endloop
  endfacet
  facet normal -0.306741 0.813846 0.493523
    outer loop
      vertex -11.9282 -27.0313 4.07083
      vertex -11.7692 -27.0143 4.14162
      vertex -11.9113 -27.0143 4.0533
    endloop
  endfacet
  facet normal -0.542614 0.814769 0.204257
    outer loop
      vertex -13.8426 -27.0143 1.55898
      vertex -15.1546 -28 2.00552
      vertex -13.8035 -27.0143 1.66285
    endloop
  endfacet
  facet normal -0.541231 0.8147 0.208166
    outer loop
      vertex -15.1546 -28 2.00552
      vertex -13.8426 -27.0143 1.55898
      vertex -15.155 -28 2.00448
    endloop
  endfacet
  facet normal -0.52042 0.814913 0.255108
    outer loop
      vertex -13.5998 -27.0143 2.1451
      vertex -14.8433 -28 2.75707
      vertex -14.8428 -28 2.75809
    endloop
  endfacet
  facet normal -0.528106 0.814774 0.239265
    outer loop
      vertex -14.8433 -28 2.75707
      vertex -13.5998 -27.0143 2.1451
      vertex -13.6456 -27.0143 2.04401
    endloop
  endfacet
  facet normal 0.473919 0.815051 0.333306
    outer loop
      vertex -4.06501 -28 3.4645
      vertex -4.99691 -27.2454 2.94428
      vertex -4.06565 -28 3.46541
    endloop
  endfacet
  facet normal 0.470708 0.814732 0.338595
    outer loop
      vertex -4.06501 -28 3.4645
      vertex -5.05667 -27.1686 2.84256
      vertex -4.99691 -27.2454 2.94428
    endloop
  endfacet
  facet normal 0.472485 0.814824 0.335885
    outer loop
      vertex -5.05667 -27.1686 2.84256
      vertex -4.06501 -28 3.4645
      vertex -5.11704 -27.1002 2.76155
    endloop
  endfacet
  facet normal 0.511324 0.814768 0.273314
    outer loop
      vertex -4.95248 -27.0143 2.24298
      vertex -3.84952 -28 3.11797
      vertex -3.65768 -28 2.75907
    endloop
  endfacet
  facet normal 0.511315 0.81477 0.273327
    outer loop
      vertex -3.84952 -28 3.11797
      vertex -4.95248 -27.0143 2.24298
      vertex -5.04978 -27.0143 2.425
    endloop
  endfacet
  facet normal 0.365947 0.814831 0.449592
    outer loop
      vertex -5.20105 -27.9324 4.61694
      vertex -5.13922 -28 4.68913
      vertex -5.13836 -28 4.68843
    endloop
  endfacet
  facet normal 0.366471 0.814839 0.449151
    outer loop
      vertex -5.13922 -28 4.68913
      vertex -5.20105 -27.9324 4.61694
      vertex -5.21566 -27.9246 4.61471
    endloop
  endfacet
  facet normal 0.425829 0.814189 0.394671
    outer loop
      vertex -4.83976 -28 4.40866
      vertex -4.85471 -27.9857 4.39529
      vertex -4.84052 -28 4.40948
    endloop
  endfacet
  facet normal 0.432336 0.814232 0.387442
    outer loop
      vertex -4.85471 -27.9857 4.39529
      vertex -4.83976 -28 4.40866
      vertex -4.85281 -27.9858 4.39338
    endloop
  endfacet
  facet normal 0.555526 0.814732 0.166139
    outer loop
      vertex -3.34468 -28 2.00341
      vertex -4.65739 -27.0143 1.55898
      vertex -3.345 -28 2.00448
    endloop
  endfacet
  facet normal 0.554814 0.814769 0.168325
    outer loop
      vertex -4.65739 -27.0143 1.55898
      vertex -3.34468 -28 2.00341
      vertex -4.62517 -27.0143 1.45278
    endloop
  endfacet
  facet normal 0.0936192 0.814811 0.572117
    outer loop
      vertex -8.43495 -28 6.18241
      vertex -8.51411 -27.5747 5.58965
      vertex -8.43605 -28 6.18259
    endloop
  endfacet
  facet normal 0.0931942 0.814817 0.572178
    outer loop
      vertex -8.51411 -27.5747 5.58965
      vertex -8.43495 -28 6.18241
      vertex -8.47079 -27.5126 5.49416
    endloop
  endfacet
  facet normal -0.0566896 0.814843 0.576903
    outer loop
      vertex -9.73666 -27.8565 6.01216
      vertex -9.65785 -28 6.22259
      vertex -9.65163 -27.9324 6.12772
    endloop
  endfacet
  facet normal -0.0568315 0.814811 0.576934
    outer loop
      vertex -9.65785 -28 6.22259
      vertex -9.73666 -27.8565 6.01216
      vertex -10.0628 -28 6.1827
    endloop
  endfacet
  facet normal -0.0568497 0.814826 0.576912
    outer loop
      vertex -9.86862 -27.7196 5.8058
      vertex -10.0628 -28 6.1827
      vertex -9.73666 -27.8565 6.01216
    endloop
  endfacet
  facet normal -0.0564121 0.814741 0.577074
    outer loop
      vertex -10.0628 -28 6.1827
      vertex -9.86862 -27.7196 5.8058
      vertex -9.95063 -27.6189 5.65561
    endloop
  endfacet
  facet normal -0.0156762 0.814451 0.58002
    outer loop
      vertex -9.64438 -27.9392 6.13758
      vertex -9.65785 -28 6.22259
      vertex -9.65674 -28 6.22262
    endloop
  endfacet
  facet normal -0.0233004 0.8149 0.579133
    outer loop
      vertex -9.65785 -28 6.22259
      vertex -9.64438 -27.9392 6.13758
      vertex -9.65163 -27.9324 6.12772
    endloop
  endfacet
  facet normal -0.0944506 0.814755 0.572061
    outer loop
      vertex -10.0292 -27.5126 5.49416
      vertex -10.4666 -28 6.11612
      vertex -10.0651 -28 6.18241
    endloop
  endfacet
  facet normal -0.0946438 0.814802 0.571962
    outer loop
      vertex -10.0768 -27.4445 5.38927
      vertex -10.4666 -28 6.11612
      vertex -10.0292 -27.5126 5.49416
    endloop
  endfacet
  facet normal -0.0946394 0.814801 0.571963
    outer loop
      vertex -10.1516 -27.3072 5.1813
      vertex -10.4666 -28 6.11612
      vertex -10.0768 -27.4445 5.38927
    endloop
  endfacet
  facet normal -0.0946625 0.814803 0.571957
    outer loop
      vertex -10.2051 -27.1687 4.97514
      vertex -10.4666 -28 6.11612
      vertex -10.1516 -27.3072 5.1813
    endloop
  endfacet
  facet normal -0.0943464 0.814794 0.572023
    outer loop
      vertex -10.4666 -28 6.11612
      vertex -10.2051 -27.1687 4.97514
      vertex -10.2197 -27.1002 4.87516
    endloop
  endfacet
  facet normal -0.131655 0.814796 0.564601
    outer loop
      vertex -10.2197 -27.1002 4.87516
      vertex -10.8629 -28 6.02371
      vertex -10.4666 -28 6.11612
    endloop
  endfacet
  facet normal -0.13149 0.81467 0.564821
    outer loop
      vertex -10.3972 -27.0143 4.70994
      vertex -10.2197 -27.1002 4.87516
      vertex -10.2347 -27.0313 4.77229
    endloop
  endfacet
  facet normal -0.131886 0.814014 0.565674
    outer loop
      vertex -10.3972 -27.0143 4.70994
      vertex -10.2347 -27.0313 4.77229
      vertex -10.2343 -27.0143 4.74792
    endloop
  endfacet
  facet normal -0.131366 0.814753 0.56473
    outer loop
      vertex -10.2197 -27.1002 4.87516
      vertex -10.3972 -27.0143 4.70994
      vertex -10.8629 -28 6.02371
    endloop
  endfacet
  facet normal -0.168325 0.814767 0.554816
    outer loop
      vertex -10.809 -27.0143 4.59261
      vertex -11.2534 -28 5.90532
      vertex -10.7028 -27.0143 4.62483
    endloop
  endfacet
  facet normal -0.161998 0.814649 0.556869
    outer loop
      vertex -11.2534 -28 5.90532
      vertex -10.809 -27.0143 4.59261
      vertex -11.2545 -28 5.905
    endloop
  endfacet
  facet normal -0.381546 0.815034 0.436052
    outer loop
      vertex -13.3608 -28 4.68913
      vertex -13.2989 -27.9324 4.61694
      vertex -13.3616 -28 4.68843
    endloop
  endfacet
  facet normal -0.366883 0.814974 0.448569
    outer loop
      vertex -13.2989 -27.9324 4.61694
      vertex -13.3608 -28 4.68913
      vertex -13.2843 -27.9246 4.61471
    endloop
  endfacet
  facet normal 0.492523 0.814774 0.305883
    outer loop
      vertex -5.04978 -27.0143 2.425
      vertex -3.85011 -28 3.11892
      vertex -3.84952 -28 3.11797
    endloop
  endfacet
  facet normal 0.492374 0.81477 0.306134
    outer loop
      vertex -3.85011 -28 3.11892
      vertex -5.04978 -27.0143 2.425
      vertex -5.10838 -27.0143 2.51925
    endloop
  endfacet
  facet normal 0.492324 0.814793 0.306153
    outer loop
      vertex -3.85011 -28 3.11892
      vertex -5.11704 -27.1002 2.76155
      vertex -4.06501 -28 3.4645
    endloop
  endfacet
  facet normal 0.492215 0.814752 0.306437
    outer loop
      vertex -5.10838 -27.0143 2.51925
      vertex -5.11704 -27.1002 2.76155
      vertex -3.85011 -28 3.11892
    endloop
  endfacet
  facet normal 0.492336 0.814686 0.306418
    outer loop
      vertex -5.11704 -27.1002 2.76155
      vertex -5.10838 -27.0143 2.51925
      vertex -5.17917 -27.0313 2.67819
    endloop
  endfacet
  facet normal 0.493283 0.813983 0.306765
    outer loop
      vertex -5.17917 -27.0313 2.67819
      vertex -5.10838 -27.0143 2.51925
      vertex -5.1967 -27.0143 2.66127
    endloop
  endfacet
  facet normal -0.0529533 0.81455 0.577672
    outer loop
      vertex -9.95063 -27.6189 5.65561
      vertex -10.064 -28 6.18259
      vertex -10.0628 -28 6.1827
    endloop
  endfacet
  facet normal -0.0574069 0.814799 0.576894
    outer loop
      vertex -9.98219 -27.5802 5.59781
      vertex -10.064 -28 6.18259
      vertex -9.95063 -27.6189 5.65561
    endloop
  endfacet
  facet normal -0.0602312 0.814849 0.576535
    outer loop
      vertex -10.064 -28 6.18259
      vertex -9.98219 -27.5802 5.59781
      vertex -9.98589 -27.5747 5.58965
    endloop
  endfacet
  facet normal 0.579702 -0.814615 0.018669
    outer loop
      vertex -3.03412 -46.0064 0.336761
      vertex -3.02738 -46 0.406735
      vertex -3.11242 -46.0608 0.394377
    endloop
  endfacet
  facet normal 0.580364 -0.814133 0.0190986
    outer loop
      vertex -3.01406 -46 0
      vertex -3.03412 -46.0064 0.336761
      vertex -3.03412 -46.0143 0
    endloop
  endfacet
  facet normal 0.578073 -0.815765 0.0189311
    outer loop
      vertex -3.03412 -46.0064 0.336761
      vertex -3.01406 -46 0
      vertex -3.02738 -46 0.406735
    endloop
  endfacet
  facet normal -0.0944506 -0.814755 0.572061
    outer loop
      vertex -10.4666 -46 6.11612
      vertex -10.0292 -46.4874 5.49416
      vertex -10.0651 -46 6.18241
    endloop
  endfacet
  facet normal -0.0946438 -0.814802 0.571962
    outer loop
      vertex -10.4666 -46 6.11612
      vertex -10.0768 -46.5555 5.38927
      vertex -10.0292 -46.4874 5.49416
    endloop
  endfacet
  facet normal -0.0946394 -0.814801 0.571963
    outer loop
      vertex -10.4666 -46 6.11612
      vertex -10.1516 -46.6928 5.1813
      vertex -10.0768 -46.5555 5.38927
    endloop
  endfacet
  facet normal -0.0946625 -0.814803 0.571957
    outer loop
      vertex -10.4666 -46 6.11612
      vertex -10.2051 -46.8313 4.97514
      vertex -10.1516 -46.6928 5.1813
    endloop
  endfacet
  facet normal -0.0943464 -0.814794 0.572023
    outer loop
      vertex -10.2051 -46.8313 4.97514
      vertex -10.4666 -46 6.11612
      vertex -10.2197 -46.8998 4.87516
    endloop
  endfacet
  facet normal 0.422997 -0.81497 0.396103
    outer loop
      vertex -4.61659 -46.0064 4.15717
      vertex -4.83976 -46 4.40866
      vertex -4.85281 -46.0142 4.39338
    endloop
  endfacet
  facet normal 0.421942 -0.815959 0.395192
    outer loop
      vertex -4.61659 -46.0064 4.15717
      vertex -4.56157 -46 4.11164
      vertex -4.83976 -46 4.40866
    endloop
  endfacet
  facet normal 0.422865 -0.814864 0.396462
    outer loop
      vertex -4.56157 -46 4.11164
      vertex -4.61659 -46.0064 4.15717
      vertex -4.63306 -46.0676 4.04895
    endloop
  endfacet
  facet normal 0.563907 -0.81481 0.13451
    outer loop
      vertex -4.56526 -46.9857 1.25527
      vertex -3.22629 -46 1.61289
      vertex -3.22655 -46 1.61398
    endloop
  endfacet
  facet normal 0.56464 -0.814769 0.131652
    outer loop
      vertex -4.56526 -46.9857 1.25527
      vertex -4.54006 -46.9857 1.14719
      vertex -3.22629 -46 1.61289
    endloop
  endfacet
  facet normal 0.20423 -0.814769 0.542624
    outer loop
      vertex -7.58715 -46.9857 4.55352
      vertex -6.86361 -46 5.76126
      vertex -7.24448 -46 5.90461
    endloop
  endfacet
  facet normal 0.204252 -0.814771 0.542613
    outer loop
      vertex -6.86361 -46 5.76126
      vertex -7.58715 -46.9857 4.55352
      vertex -7.39399 -46.9857 4.48081
    endloop
  endfacet
  facet normal 0.239311 -0.814769 0.528092
    outer loop
      vertex -7.1049 -46.9857 4.34983
      vertex -6.49293 -46 5.5933
      vertex -7.20599 -46.9857 4.39564
    endloop
  endfacet
  facet normal 0.238364 -0.814753 0.528546
    outer loop
      vertex -6.49293 -46 5.5933
      vertex -7.1049 -46.9857 4.34983
      vertex -6.49191 -46 5.59284
    endloop
  endfacet
  facet normal -0.492331 -0.814787 0.306157
    outer loop
      vertex -14.6499 -46 3.11892
      vertex -13.383 -46.8998 2.76155
      vertex -14.435 -46 3.4645
    endloop
  endfacet
  facet normal -0.492268 -0.814764 0.306321
    outer loop
      vertex -13.3916 -46.9857 2.51925
      vertex -13.383 -46.8998 2.76155
      vertex -14.6499 -46 3.11892
    endloop
  endfacet
  facet normal -0.492074 -0.814869 0.306352
    outer loop
      vertex -13.383 -46.8998 2.76155
      vertex -13.3916 -46.9857 2.51925
      vertex -13.3208 -46.9687 2.67819
    endloop
  endfacet
  facet normal -0.493671 -0.813683 0.306937
    outer loop
      vertex -13.3208 -46.9687 2.67819
      vertex -13.3916 -46.9857 2.51925
      vertex -13.3033 -46.9857 2.66127
    endloop
  endfacet
  facet normal -0.577059 -0.81475 0.0564434
    outer loop
      vertex -15.4327 -46 0.812844
      vertex -15.0558 -46.2804 0.618622
      vertex -14.9056 -46.3811 0.700631
    endloop
  endfacet
  facet normal -0.576873 -0.814847 0.0569429
    outer loop
      vertex -15.4327 -46 0.812844
      vertex -15.2622 -46.1435 0.486664
      vertex -15.0558 -46.2804 0.618622
    endloop
  endfacet
  facet normal -0.576994 -0.814768 0.0568453
    outer loop
      vertex -15.4726 -46 0.407849
      vertex -15.2622 -46.1435 0.486664
      vertex -15.4327 -46 0.812844
    endloop
  endfacet
  facet normal -0.576828 -0.814937 0.0560945
    outer loop
      vertex -15.2622 -46.1435 0.486664
      vertex -15.4726 -46 0.407849
      vertex -15.3777 -46.0676 0.401631
    endloop
  endfacet
  facet normal 0.42089 -0.814105 0.400105
    outer loop
      vertex -4.85471 -46.0143 4.39529
      vertex -4.83976 -46 4.40866
      vertex -4.84053 -46 4.40947
    endloop
  endfacet
  facet normal 0.432336 -0.814232 0.387442
    outer loop
      vertex -4.83976 -46 4.40866
      vertex -4.85471 -46.0143 4.39529
      vertex -4.85281 -46.0142 4.39338
    endloop
  endfacet
  facet normal 0.492324 -0.814793 0.306153
    outer loop
      vertex -5.11704 -46.8998 2.76155
      vertex -3.85011 -46 3.11892
      vertex -4.06501 -46 3.4645
    endloop
  endfacet
  facet normal 0.492336 -0.814686 0.306418
    outer loop
      vertex -5.10838 -46.9857 2.51925
      vertex -5.11704 -46.8998 2.76155
      vertex -5.17917 -46.9687 2.67819
    endloop
  endfacet
  facet normal 0.493283 -0.813983 0.306765
    outer loop
      vertex -5.10838 -46.9857 2.51925
      vertex -5.17917 -46.9687 2.67819
      vertex -5.1967 -46.9857 2.66127
    endloop
  endfacet
  facet normal 0.492215 -0.814752 0.306437
    outer loop
      vertex -5.11704 -46.8998 2.76155
      vertex -5.10838 -46.9857 2.51925
      vertex -3.85011 -46 3.11892
    endloop
  endfacet
  facet normal 0.572018 -0.814792 0.0943866
    outer loop
      vertex -4.27486 -46.8313 0.955139
      vertex -3.13388 -46 1.21657
      vertex -4.37484 -46.8998 0.969729
    endloop
  endfacet
  facet normal 0.57197 -0.814799 0.0946192
    outer loop
      vertex -4.0687 -46.6928 0.901581
      vertex -3.13388 -46 1.21657
      vertex -4.27486 -46.8313 0.955139
    endloop
  endfacet
  facet normal 0.571964 -0.814801 0.0946417
    outer loop
      vertex -3.86073 -46.5555 0.826782
      vertex -3.13388 -46 1.21657
      vertex -4.0687 -46.6928 0.901581
    endloop
  endfacet
  facet normal 0.571953 -0.814805 0.0946667
    outer loop
      vertex -3.75584 -46.4874 0.779205
      vertex -3.13388 -46 1.21657
      vertex -3.86073 -46.5555 0.826782
    endloop
  endfacet
  facet normal 0.572066 -0.814752 0.0944474
    outer loop
      vertex -3.13388 -46 1.21657
      vertex -3.75584 -46.4874 0.779205
      vertex -3.06759 -46 0.815053
    endloop
  endfacet
  facet normal 0.579134 -0.8149 0.0232892
    outer loop
      vertex -3.11242 -46.0608 0.394377
      vertex -3.02741 -46 0.407849
      vertex -3.12228 -46.0676 0.401631
    endloop
  endfacet
  facet normal 0.580026 -0.814448 0.0156201
    outer loop
      vertex -3.02741 -46 0.407849
      vertex -3.11242 -46.0608 0.394377
      vertex -3.02738 -46 0.406735
    endloop
  endfacet
  facet normal 0.0944468 -0.814751 0.572067
    outer loop
      vertex -8.47079 -46.4874 5.49416
      vertex -8.03343 -46 6.11612
      vertex -8.43495 -46 6.18241
    endloop
  endfacet
  facet normal 0.094673 -0.814806 0.571951
    outer loop
      vertex -8.42322 -46.5555 5.38927
      vertex -8.03343 -46 6.11612
      vertex -8.47079 -46.4874 5.49416
    endloop
  endfacet
  facet normal 0.0946409 -0.814801 0.571964
    outer loop
      vertex -8.34842 -46.6928 5.1813
      vertex -8.03343 -46 6.11612
      vertex -8.42322 -46.5555 5.38927
    endloop
  endfacet
  facet normal 0.0946175 -0.814799 0.57197
    outer loop
      vertex -8.29486 -46.8313 4.97514
      vertex -8.03343 -46 6.11612
      vertex -8.34842 -46.6928 5.1813
    endloop
  endfacet
  facet normal 0.0943868 -0.814792 0.572018
    outer loop
      vertex -8.03343 -46 6.11612
      vertex -8.29486 -46.8313 4.97514
      vertex -8.28027 -46.8998 4.87516
    endloop
  endfacet
  facet normal 0.239253 -0.814771 0.528115
    outer loop
      vertex -7.20599 -46.9857 4.39564
      vertex -6.86361 -46 5.76126
      vertex -7.39399 -46.9857 4.48081
    endloop
  endfacet
  facet normal 0.239291 -0.814768 0.528103
    outer loop
      vertex -6.86361 -46 5.76126
      vertex -7.20599 -46.9857 4.39564
      vertex -6.49293 -46 5.5933
    endloop
  endfacet
  facet normal -0.447506 -0.814929 0.368279
    outer loop
      vertex -13.9391 -46 4.11078
      vertex -13.8454 -46.1435 3.9071
      vertex -13.8647 -46.0754 4.03434
    endloop
  endfacet
  facet normal -0.448173 -0.814756 0.36785
    outer loop
      vertex -14.1973 -46 3.7962
      vertex -13.8454 -46.1435 3.9071
      vertex -13.9391 -46 4.11078
    endloop
  endfacet
  facet normal -0.448175 -0.814747 0.367868
    outer loop
      vertex -14.1973 -46 3.7962
      vertex -13.7927 -46.2805 3.66788
      vertex -13.8454 -46.1435 3.9071
    endloop
  endfacet
  facet normal -0.448259 -0.814783 0.367685
    outer loop
      vertex -14.1973 -46 3.7962
      vertex -13.726 -46.4198 3.44051
      vertex -13.7927 -46.2805 3.66788
    endloop
  endfacet
  facet normal -0.453128 -0.81491 0.361382
    outer loop
      vertex -13.726 -46.4198 3.44051
      vertex -14.1973 -46 3.7962
      vertex -13.7228 -46.4253 3.43212
    endloop
  endfacet
  facet normal -0.528069 -0.814778 0.239332
    outer loop
      vertex -15.0113 -46 2.38639
      vertex -13.6456 -46.9857 2.04401
      vertex -14.8433 -46 2.75707
    endloop
  endfacet
  facet normal -0.528073 -0.814779 0.239318
    outer loop
      vertex -13.6456 -46.9857 2.04401
      vertex -15.0113 -46 2.38639
      vertex -13.7308 -46.9857 1.85601
    endloop
  endfacet
  facet normal -0.542641 -0.814775 0.204165
    outer loop
      vertex -13.8035 -46.9857 1.66285
      vertex -15.0113 -46 2.38639
      vertex -15.1546 -46 2.00552
    endloop
  endfacet
  facet normal -0.542611 -0.81478 0.204223
    outer loop
      vertex -15.0113 -46 2.38639
      vertex -13.8035 -46.9857 1.66285
      vertex -13.7308 -46.9857 1.85601
    endloop
  endfacet
  facet normal -0.581781 -0.813345 0
    outer loop
      vertex -15.3876 -46.0608 0.394377
      vertex -15.4726 -46 0.407849
      vertex -15.4726 -46 0.406735
    endloop
  endfacet
  facet normal -0.578856 -0.815016 0.0259949
    outer loop
      vertex -15.4726 -46 0.407849
      vertex -15.3876 -46.0608 0.394377
      vertex -15.3777 -46.0676 0.401631
    endloop
  endfacet
  facet normal 0.492374 -0.81477 0.306134
    outer loop
      vertex -5.04978 -46.9857 2.425
      vertex -3.85011 -46 3.11892
      vertex -5.10838 -46.9857 2.51925
    endloop
  endfacet
  facet normal 0.492523 -0.814774 0.305883
    outer loop
      vertex -3.85011 -46 3.11892
      vertex -5.04978 -46.9857 2.425
      vertex -3.84952 -46 3.11797
    endloop
  endfacet
  facet normal 0.396462 -0.814864 0.422865
    outer loop
      vertex -5.13836 -46 4.68843
      vertex -5.20105 -46.0676 4.61694
      vertex -5.09283 -46.0064 4.63341
    endloop
  endfacet
  facet normal 0.395192 -0.815959 0.421942
    outer loop
      vertex -5.09283 -46.0064 4.63341
      vertex -4.84134 -46 4.41024
      vertex -5.13836 -46 4.68843
    endloop
  endfacet
  facet normal 0.396103 -0.81497 0.422997
    outer loop
      vertex -4.84134 -46 4.41024
      vertex -5.09283 -46.0064 4.63341
      vertex -4.85662 -46.0142 4.39719
    endloop
  endfacet
  facet normal 0.367756 -0.814832 0.448111
    outer loop
      vertex -5.3429 -46.1435 4.59535
      vertex -5.13922 -46 4.68913
      vertex -5.4538 -46 4.9473
    endloop
  endfacet
  facet normal 0.368063 -0.814956 0.447635
    outer loop
      vertex -5.13922 -46 4.68913
      vertex -5.3429 -46.1435 4.59535
      vertex -5.21566 -46.0754 4.61471
    endloop
  endfacet
  facet normal 0.368018 -0.814699 0.448139
    outer loop
      vertex -5.4538 -46 4.9473
      vertex -5.58212 -46.2805 4.54274
      vertex -5.3429 -46.1435 4.59535
    endloop
  endfacet
  facet normal 0.367545 -0.814794 0.448355
    outer loop
      vertex -5.4538 -46 4.9473
      vertex -5.80949 -46.4198 4.47598
      vertex -5.58212 -46.2805 4.54274
    endloop
  endfacet
  facet normal 0.365132 -0.814848 0.450223
    outer loop
      vertex -5.80949 -46.4198 4.47598
      vertex -5.4538 -46 4.9473
      vertex -5.81788 -46.4253 4.47283
    endloop
  endfacet
  facet normal 0.554823 -0.814768 0.1683
    outer loop
      vertex -4.62517 -46.9857 1.45278
      vertex -3.22655 -46 1.61398
      vertex -3.34468 -46 2.00341
    endloop
  endfacet
  facet normal 0.554824 -0.814768 0.168293
    outer loop
      vertex -3.22655 -46 1.61398
      vertex -4.62517 -46.9857 1.45278
      vertex -4.56526 -46.9857 1.25527
    endloop
  endfacet
  facet normal -0.0529533 -0.81455 0.577672
    outer loop
      vertex -10.064 -46 6.18259
      vertex -9.95063 -46.3811 5.65561
      vertex -10.0628 -46 6.1827
    endloop
  endfacet
  facet normal -0.0574069 -0.814799 0.576894
    outer loop
      vertex -10.064 -46 6.18259
      vertex -9.98219 -46.4198 5.59781
      vertex -9.95063 -46.3811 5.65561
    endloop
  endfacet
  facet normal -0.0602312 -0.814849 0.576535
    outer loop
      vertex -9.98219 -46.4198 5.59781
      vertex -10.064 -46 6.18259
      vertex -9.98589 -46.4253 5.58965
    endloop
  endfacet
  facet normal 0.168293 -0.814768 0.554824
    outer loop
      vertex -7.79722 -46.9857 4.62483
      vertex -7.63602 -46 6.02345
      vertex -7.99473 -46.9857 4.68474
    endloop
  endfacet
  facet normal 0.1683 -0.814768 0.554823
    outer loop
      vertex -7.63602 -46 6.02345
      vertex -7.79722 -46.9857 4.62483
      vertex -7.24659 -46 5.90532
    endloop
  endfacet
  facet normal 0.0936192 -0.814811 0.572117
    outer loop
      vertex -8.51411 -46.4253 5.58965
      vertex -8.43495 -46 6.18241
      vertex -8.43605 -46 6.18259
    endloop
  endfacet
  facet normal 0.0931942 -0.814817 0.572178
    outer loop
      vertex -8.43495 -46 6.18241
      vertex -8.51411 -46.4253 5.58965
      vertex -8.47079 -46.4874 5.49416
    endloop
  endfacet
  facet normal -0.306145 -0.814787 0.492339
    outer loop
      vertex -12.0116 -46.8998 4.13296
      vertex -12.3689 -46 5.39989
      vertex -12.7145 -46 5.18499
    endloop
  endfacet
  facet normal -0.306317 -0.814762 0.492273
    outer loop
      vertex -12.3689 -46 5.39989
      vertex -12.0116 -46.8998 4.13296
      vertex -11.7692 -46.9857 4.14162
    endloop
  endfacet
  facet normal -0.306307 -0.814728 0.492335
    outer loop
      vertex -11.9282 -46.9687 4.07083
      vertex -11.7692 -46.9857 4.14162
      vertex -12.0116 -46.8998 4.13296
    endloop
  endfacet
  facet normal -0.306741 -0.813846 0.493523
    outer loop
      vertex -11.7692 -46.9857 4.14162
      vertex -11.9282 -46.9687 4.07083
      vertex -11.9113 -46.9857 4.0533
    endloop
  endfacet
  facet normal -0.402488 -0.814333 0.418169
    outer loop
      vertex -13.6453 -46.0143 4.39529
      vertex -13.6587 -46 4.41024
      vertex -13.6595 -46 4.40947
    endloop
  endfacet
  facet normal -0.388238 -0.814505 0.431106
    outer loop
      vertex -13.6587 -46 4.41024
      vertex -13.6453 -46.0143 4.39529
      vertex -13.6434 -46.0142 4.39719
    endloop
  endfacet
  facet normal -0.396254 -0.814797 0.423189
    outer loop
      vertex -13.6587 -46 4.41024
      vertex -13.4072 -46.0064 4.63341
      vertex -13.3616 -46 4.68843
    endloop
  endfacet
  facet normal -0.395923 -0.815157 0.422806
    outer loop
      vertex -13.4072 -46.0064 4.63341
      vertex -13.6587 -46 4.41024
      vertex -13.6434 -46.0142 4.39719
    endloop
  endfacet
  facet normal -0.396146 -0.81489 0.423111
    outer loop
      vertex -13.3616 -46 4.68843
      vertex -13.4072 -46.0064 4.63341
      vertex -13.2989 -46.0676 4.61694
    endloop
  endfacet
  facet normal -0.210726 -0.814644 0.540324
    outer loop
      vertex -11.2555 -46 5.90461
      vertex -10.809 -46.9857 4.59261
      vertex -11.2545 -46 5.905
    endloop
  endfacet
  facet normal -0.204334 -0.814765 0.542591
    outer loop
      vertex -10.809 -46.9857 4.59261
      vertex -11.2555 -46 5.90461
      vertex -10.9128 -46.9857 4.55352
    endloop
  endfacet
  facet normal -0.471257 -0.814811 0.33764
    outer loop
      vertex -14.4343 -46 3.46541
      vertex -13.7228 -46.4253 3.43212
      vertex -14.1973 -46 3.7962
    endloop
  endfacet
  facet normal -0.471189 -0.814723 0.337946
    outer loop
      vertex -14.4343 -46 3.46541
      vertex -13.6454 -46.5555 3.22615
      vertex -13.7228 -46.4253 3.43212
    endloop
  endfacet
  facet normal -0.471405 -0.814809 0.337436
    outer loop
      vertex -14.4343 -46 3.46541
      vertex -13.5512 -46.6928 3.02621
      vertex -13.6454 -46.5555 3.22615
    endloop
  endfacet
  facet normal -0.471081 -0.814759 0.33801
    outer loop
      vertex -13.5512 -46.6928 3.02621
      vertex -14.4343 -46 3.46541
      vertex -13.5031 -46.7546 2.94428
    endloop
  endfacet
  facet normal -0.46088 -0.813575 0.354523
    outer loop
      vertex -14.435 -46 3.4645
      vertex -13.5031 -46.7546 2.94428
      vertex -14.4343 -46 3.46541
    endloop
  endfacet
  facet normal -0.470871 -0.814749 0.338327
    outer loop
      vertex -14.435 -46 3.4645
      vertex -13.4433 -46.8314 2.84256
      vertex -13.5031 -46.7546 2.94428
    endloop
  endfacet
  facet normal -0.471958 -0.814806 0.33667
    outer loop
      vertex -13.4433 -46.8314 2.84256
      vertex -14.435 -46 3.4645
      vertex -13.383 -46.8998 2.76155
    endloop
  endfacet
  facet normal -0.490277 -0.814706 0.309648
    outer loop
      vertex -13.4502 -46.9857 2.425
      vertex -14.6499 -46 3.11892
      vertex -14.6505 -46 3.11797
    endloop
  endfacet
  facet normal -0.492368 -0.814775 0.30613
    outer loop
      vertex -14.6499 -46 3.11892
      vertex -13.4502 -46.9857 2.425
      vertex -13.3916 -46.9857 2.51925
    endloop
  endfacet
  facet normal -0.511344 -0.814771 0.273268
    outer loop
      vertex -13.5475 -46.9857 2.24298
      vertex -14.6505 -46 3.11797
      vertex -14.8423 -46 2.75907
    endloop
  endfacet
  facet normal -0.511306 -0.814776 0.273322
    outer loop
      vertex -14.6505 -46 3.11797
      vertex -13.5475 -46.9857 2.24298
      vertex -13.4502 -46.9857 2.425
    endloop
  endfacet
  facet normal -0.57985 -0.814502 0.0189759
    outer loop
      vertex -15.4726 -46 0.406735
      vertex -15.4659 -46.0064 0.336761
      vertex -15.3876 -46.0608 0.394377
    endloop
  endfacet
  facet normal -0.579928 -0.814447 0.0189633
    outer loop
      vertex -15.4859 -46 0
      vertex -15.4659 -46.0064 0.336761
      vertex -15.4726 -46 0.406735
    endloop
  endfacet
  facet normal -0.581517 -0.81331 0.0190793
    outer loop
      vertex -15.4659 -46.0064 0.336761
      vertex -15.4859 -46 0
      vertex -15.4659 -46.0143 0
    endloop
  endfacet
  facet normal -0.570669 -0.814599 0.103758
    outer loop
      vertex -14.8397 -46.4253 0.735892
      vertex -15.4324 -46 0.815053
      vertex -15.4326 -46 0.813953
    endloop
  endfacet
  facet normal -0.572187 -0.814787 0.0934028
    outer loop
      vertex -15.4324 -46 0.815053
      vertex -14.8397 -46.4253 0.735892
      vertex -14.7442 -46.4874 0.779205
    endloop
  endfacet
  facet normal -0.554786 -0.814775 0.168389
    outer loop
      vertex -15.2735 -46 1.61398
      vertex -13.8748 -46.9857 1.45278
      vertex -15.1553 -46 2.00341
    endloop
  endfacet
  facet normal -0.554809 -0.814786 0.16826
    outer loop
      vertex -13.8748 -46.9857 1.45278
      vertex -15.2735 -46 1.61398
      vertex -13.9347 -46.9857 1.25527
    endloop
  endfacet
  facet normal 0.449592 -0.814831 0.365947
    outer loop
      vertex -4.63306 -46.0676 4.04895
      vertex -4.56087 -46 4.11078
      vertex -4.56157 -46 4.11164
    endloop
  endfacet
  facet normal 0.449151 -0.814839 0.366471
    outer loop
      vertex -4.56087 -46 4.11078
      vertex -4.63306 -46.0676 4.04895
      vertex -4.63529 -46.0754 4.03434
    endloop
  endfacet
  facet normal 0.511341 -0.81477 0.273276
    outer loop
      vertex -4.90017 -46.9857 2.1451
      vertex -3.65768 -46 2.75907
      vertex -4.95248 -46.9857 2.24298
    endloop
  endfacet
  facet normal 0.512121 -0.814795 0.271738
    outer loop
      vertex -3.65768 -46 2.75907
      vertex -4.90017 -46.9857 2.1451
      vertex -3.65716 -46 2.75809
    endloop
  endfacet
  facet normal 0.511315 -0.81477 0.273327
    outer loop
      vertex -4.95248 -46.9857 2.24298
      vertex -3.84952 -46 3.11797
      vertex -5.04978 -46.9857 2.425
    endloop
  endfacet
  facet normal 0.511324 -0.814768 0.273314
    outer loop
      vertex -3.84952 -46 3.11797
      vertex -4.95248 -46.9857 2.24298
      vertex -3.65768 -46 2.75907
    endloop
  endfacet
  facet normal 0.337686 -0.8148 0.471242
    outer loop
      vertex -5.78459 -46 5.18434
      vertex -5.81788 -46.4253 4.47283
      vertex -5.4538 -46 4.9473
    endloop
  endfacet
  facet normal 0.337887 -0.814742 0.471197
    outer loop
      vertex -5.78459 -46 5.18434
      vertex -6.02385 -46.5555 4.3954
      vertex -5.81788 -46.4253 4.47283
    endloop
  endfacet
  facet normal 0.337555 -0.814799 0.471338
    outer loop
      vertex -5.78459 -46 5.18434
      vertex -6.22379 -46.6928 4.30124
      vertex -6.02385 -46.5555 4.3954
    endloop
  endfacet
  facet normal 0.337618 -0.814793 0.471302
    outer loop
      vertex -6.22379 -46.6928 4.30124
      vertex -5.78459 -46 5.18434
      vertex -6.30572 -46.7546 4.25309
    endloop
  endfacet
  facet normal 0.33694 -0.814835 0.471716
    outer loop
      vertex -5.7855 -46 5.18499
      vertex -6.30572 -46.7546 4.25309
      vertex -5.78459 -46 5.18434
    endloop
  endfacet
  facet normal 0.338595 -0.814732 0.470708
    outer loop
      vertex -5.7855 -46 5.18499
      vertex -6.40744 -46.8314 4.19333
      vertex -6.30572 -46.7546 4.25309
    endloop
  endfacet
  facet normal 0.335885 -0.814824 0.472485
    outer loop
      vertex -6.40744 -46.8314 4.19333
      vertex -5.7855 -46 5.18499
      vertex -6.48845 -46.8998 4.13296
    endloop
  endfacet
  facet normal 0.273314 -0.814768 0.511324
    outer loop
      vertex -7.00702 -46.9857 4.29752
      vertex -6.13203 -46 5.40048
      vertex -6.49093 -46 5.59232
    endloop
  endfacet
  facet normal 0.273327 -0.81477 0.511315
    outer loop
      vertex -6.825 -46.9857 4.20022
      vertex -6.13203 -46 5.40048
      vertex -7.00702 -46.9857 4.29752
    endloop
  endfacet
  facet normal 0.305883 -0.814774 0.492523
    outer loop
      vertex -6.825 -46.9857 4.20022
      vertex -6.13108 -46 5.39989
      vertex -6.13203 -46 5.40048
    endloop
  endfacet
  facet normal 0.306134 -0.81477 0.492374
    outer loop
      vertex -6.13108 -46 5.39989
      vertex -6.825 -46.9857 4.20022
      vertex -6.73075 -46.9857 4.14162
    endloop
  endfacet
  facet normal 0.577072 -0.814743 0.0564067
    outer loop
      vertex -3.4442 -46.2804 0.618622
      vertex -3.0673 -46 0.812844
      vertex -3.59439 -46.3811 0.700631
    endloop
  endfacet
  facet normal 0.576909 -0.814828 0.0568448
    outer loop
      vertex -3.23784 -46.1435 0.486664
      vertex -3.0673 -46 0.812844
      vertex -3.4442 -46.2804 0.618622
    endloop
  endfacet
  facet normal 0.576934 -0.814812 0.0568251
    outer loop
      vertex -3.23784 -46.1435 0.486664
      vertex -3.02741 -46 0.407849
      vertex -3.0673 -46 0.812844
    endloop
  endfacet
  facet normal 0.576904 -0.814843 0.0566892
    outer loop
      vertex -3.02741 -46 0.407849
      vertex -3.23784 -46.1435 0.486664
      vertex -3.12228 -46.0676 0.401631
    endloop
  endfacet
  facet normal 0.565555 -0.814099 0.131873
    outer loop
      vertex -4.54006 -46.9857 1.14719
      vertex -4.50208 -46.9857 0.984308
      vertex -4.47771 -46.9687 0.984741
    endloop
  endfacet
  facet normal 0.564723 -0.814755 0.131387
    outer loop
      vertex -4.37484 -46.8998 0.969729
      vertex -3.22629 -46 1.61289
      vertex -4.54006 -46.9857 1.14719
    endloop
  endfacet
  facet normal 0.564833 -0.814654 0.131538
    outer loop
      vertex -4.37484 -46.8998 0.969729
      vertex -4.54006 -46.9857 1.14719
      vertex -4.47771 -46.9687 0.984741
    endloop
  endfacet
  facet normal 0.564607 -0.814793 0.131649
    outer loop
      vertex -3.22629 -46 1.61289
      vertex -4.37484 -46.8998 0.969729
      vertex -3.13388 -46 1.21657
    endloop
  endfacet
  facet normal 0.54263 -0.81477 0.204211
    outer loop
      vertex -4.65739 -46.9857 1.55898
      vertex -3.34539 -46 2.00552
      vertex -4.69648 -46.9857 1.66285
    endloop
  endfacet
  facet normal 0.542855 -0.81478 0.203571
    outer loop
      vertex -3.34539 -46 2.00552
      vertex -4.65739 -46.9857 1.55898
      vertex -3.345 -46 2.00448
    endloop
  endfacet
  facet normal 0.528103 -0.814768 0.239291
    outer loop
      vertex -4.85436 -46.9857 2.04401
      vertex -3.48874 -46 2.38639
      vertex -3.6567 -46 2.75707
    endloop
  endfacet
  facet normal 0.528115 -0.814771 0.239253
    outer loop
      vertex -3.48874 -46 2.38639
      vertex -4.85436 -46.9857 2.04401
      vertex -4.76919 -46.9857 1.85601
    endloop
  endfacet
  facet normal 0.542613 -0.814771 0.204252
    outer loop
      vertex -4.69648 -46.9857 1.66285
      vertex -3.48874 -46 2.38639
      vertex -4.76919 -46.9857 1.85601
    endloop
  endfacet
  facet normal 0.542624 -0.814769 0.20423
    outer loop
      vertex -3.48874 -46 2.38639
      vertex -4.69648 -46.9857 1.66285
      vertex -3.34539 -46 2.00552
    endloop
  endfacet
  facet normal -0.0155367 -0.814443 0.580036
    outer loop
      vertex -9.65785 -46 6.22259
      vertex -9.64438 -46.0608 6.13758
      vertex -9.65673 -46 6.22262
    endloop
  endfacet
  facet normal -0.0233004 -0.8149 0.579133
    outer loop
      vertex -9.64438 -46.0608 6.13758
      vertex -9.65785 -46 6.22259
      vertex -9.65163 -46.0676 6.12772
    endloop
  endfacet
  facet normal 0.0190986 -0.814133 0.580364
    outer loop
      vertex -8.91324 -46.0064 6.21588
      vertex -9.25 -46 6.23594
      vertex -9.25 -46.0143 6.21588
    endloop
  endfacet
  facet normal 0.0189315 -0.815762 0.578078
    outer loop
      vertex -9.25 -46 6.23594
      vertex -8.91324 -46.0064 6.21588
      vertex -8.84327 -46 6.22262
    endloop
  endfacet
  facet normal 0.0186699 -0.814614 0.579703
    outer loop
      vertex -8.84327 -46 6.22262
      vertex -8.91324 -46.0064 6.21588
      vertex -8.85562 -46.0608 6.13758
    endloop
  endfacet
  facet normal -0.0186699 -0.814614 0.579703
    outer loop
      vertex -9.65673 -46 6.22262
      vertex -9.64438 -46.0608 6.13758
      vertex -9.58676 -46.0064 6.21588
    endloop
  endfacet
  facet normal -0.0189315 -0.815762 0.578078
    outer loop
      vertex -9.58676 -46.0064 6.21588
      vertex -9.25 -46 6.23594
      vertex -9.65673 -46 6.22262
    endloop
  endfacet
  facet normal -0.0190986 -0.814133 0.580364
    outer loop
      vertex -9.25 -46 6.23594
      vertex -9.58676 -46.0064 6.21588
      vertex -9.25 -46.0143 6.21588
    endloop
  endfacet
  facet normal 0.131649 -0.814793 0.564607
    outer loop
      vertex -8.28027 -46.8998 4.87516
      vertex -7.63711 -46 6.02371
      vertex -8.03343 -46 6.11612
    endloop
  endfacet
  facet normal 0.131536 -0.814656 0.564831
    outer loop
      vertex -8.10281 -46.9857 4.70994
      vertex -8.28027 -46.8998 4.87516
      vertex -8.26526 -46.9687 4.77229
    endloop
  endfacet
  facet normal 0.131877 -0.814091 0.565566
    outer loop
      vertex -8.10281 -46.9857 4.70994
      vertex -8.26526 -46.9687 4.77229
      vertex -8.26569 -46.9857 4.74792
    endloop
  endfacet
  facet normal 0.131388 -0.814755 0.564723
    outer loop
      vertex -8.28027 -46.8998 4.87516
      vertex -8.10281 -46.9857 4.70994
      vertex -7.63711 -46 6.02371
    endloop
  endfacet
  facet normal 0.131652 -0.814769 0.56464
    outer loop
      vertex -7.99473 -46.9857 4.68474
      vertex -7.63711 -46 6.02371
      vertex -8.10281 -46.9857 4.70994
    endloop
  endfacet
  facet normal 0.13451 -0.81481 0.563907
    outer loop
      vertex -7.63711 -46 6.02371
      vertex -7.99473 -46.9857 4.68474
      vertex -7.63602 -46 6.02345
    endloop
  endfacet
  facet normal 0.203571 -0.81478 0.542855
    outer loop
      vertex -7.69102 -46.9857 4.59261
      vertex -7.24448 -46 5.90461
      vertex -7.24552 -46 5.905
    endloop
  endfacet
  facet normal 0.204211 -0.81477 0.54263
    outer loop
      vertex -7.24448 -46 5.90461
      vertex -7.69102 -46.9857 4.59261
      vertex -7.58715 -46.9857 4.55352
    endloop
  endfacet
  facet normal 0.0155367 -0.814443 0.580036
    outer loop
      vertex -8.85562 -46.0608 6.13758
      vertex -8.84215 -46 6.22259
      vertex -8.84327 -46 6.22262
    endloop
  endfacet
  facet normal 0.0233004 -0.8149 0.579133
    outer loop
      vertex -8.84215 -46 6.22259
      vertex -8.85562 -46.0608 6.13758
      vertex -8.84837 -46.0676 6.12772
    endloop
  endfacet
  facet normal 0.0566896 -0.814843 0.576903
    outer loop
      vertex -8.76334 -46.1435 6.01216
      vertex -8.84215 -46 6.22259
      vertex -8.84837 -46.0676 6.12772
    endloop
  endfacet
  facet normal 0.0568257 -0.814812 0.576933
    outer loop
      vertex -8.84215 -46 6.22259
      vertex -8.76334 -46.1435 6.01216
      vertex -8.43716 -46 6.1827
    endloop
  endfacet
  facet normal 0.0568446 -0.814827 0.57691
    outer loop
      vertex -8.63138 -46.2804 5.8058
      vertex -8.43716 -46 6.1827
      vertex -8.76334 -46.1435 6.01216
    endloop
  endfacet
  facet normal 0.0564066 -0.814743 0.577072
    outer loop
      vertex -8.43716 -46 6.1827
      vertex -8.63138 -46.2804 5.8058
      vertex -8.54937 -46.3811 5.65561
    endloop
  endfacet
  facet normal 0.0571741 -0.814784 0.576939
    outer loop
      vertex -8.54937 -46.3811 5.65561
      vertex -8.43605 -46 6.18259
      vertex -8.43716 -46 6.1827
    endloop
  endfacet
  facet normal 0.0574139 -0.814797 0.576897
    outer loop
      vertex -8.51781 -46.4198 5.59781
      vertex -8.43605 -46 6.18259
      vertex -8.54937 -46.3811 5.65561
    endloop
  endfacet
  facet normal 0.0602398 -0.814847 0.576537
    outer loop
      vertex -8.43605 -46 6.18259
      vertex -8.51781 -46.4198 5.59781
      vertex -8.51411 -46.4253 5.58965
    endloop
  endfacet
  facet normal -0.339542 -0.814668 0.470135
    outer loop
      vertex -12.1943 -46.7546 4.25309
      vertex -12.7145 -46 5.18499
      vertex -12.7154 -46 5.18434
    endloop
  endfacet
  facet normal -0.338684 -0.814723 0.470658
    outer loop
      vertex -12.0926 -46.8314 4.19333
      vertex -12.7145 -46 5.18499
      vertex -12.1943 -46.7546 4.25309
    endloop
  endfacet
  facet normal -0.335941 -0.814817 0.472458
    outer loop
      vertex -12.7145 -46 5.18499
      vertex -12.0926 -46.8314 4.19333
      vertex -12.0116 -46.8998 4.13296
    endloop
  endfacet
  facet normal -0.204215 -0.814772 0.542626
    outer loop
      vertex -11.6364 -46 5.76126
      vertex -10.9128 -46.9857 4.55352
      vertex -11.2555 -46 5.90461
    endloop
  endfacet
  facet normal -0.204215 -0.814772 0.542626
    outer loop
      vertex -10.9128 -46.9857 4.55352
      vertex -11.6364 -46 5.76126
      vertex -11.106 -46.9857 4.48081
    endloop
  endfacet
  facet normal -0.239278 -0.814771 0.528105
    outer loop
      vertex -11.294 -46.9857 4.39564
      vertex -11.6364 -46 5.76126
      vertex -12.0071 -46 5.5933
    endloop
  endfacet
  facet normal -0.239252 -0.814773 0.528113
    outer loop
      vertex -11.6364 -46 5.76126
      vertex -11.294 -46.9857 4.39564
      vertex -11.106 -46.9857 4.48081
    endloop
  endfacet
  facet normal -0.131655 -0.814796 0.564601
    outer loop
      vertex -10.8629 -46 6.02371
      vertex -10.2197 -46.8998 4.87516
      vertex -10.4666 -46 6.11612
    endloop
  endfacet
  facet normal -0.131366 -0.814753 0.56473
    outer loop
      vertex -10.3972 -46.9857 4.70994
      vertex -10.2197 -46.8998 4.87516
      vertex -10.8629 -46 6.02371
    endloop
  endfacet
  facet normal -0.13149 -0.81467 0.564821
    outer loop
      vertex -10.2197 -46.8998 4.87516
      vertex -10.3972 -46.9857 4.70994
      vertex -10.2347 -46.9687 4.77229
    endloop
  endfacet
  facet normal -0.131886 -0.814014 0.565674
    outer loop
      vertex -10.2347 -46.9687 4.77229
      vertex -10.3972 -46.9857 4.70994
      vertex -10.2343 -46.9857 4.74792
    endloop
  endfacet
  facet normal -0.449568 -0.814853 0.365927
    outer loop
      vertex -13.9391 -46 4.11078
      vertex -13.8669 -46.0676 4.04895
      vertex -13.9384 -46 4.11164
    endloop
  endfacet
  facet normal -0.448194 -0.814877 0.367557
    outer loop
      vertex -13.8669 -46.0676 4.04895
      vertex -13.9391 -46 4.11078
      vertex -13.8647 -46.0754 4.03434
    endloop
  endfacet
  facet normal -0.52042 -0.814913 0.255108
    outer loop
      vertex -14.8433 -46 2.75707
      vertex -13.5998 -46.9857 2.1451
      vertex -14.8428 -46 2.75809
    endloop
  endfacet
  facet normal -0.528106 -0.814774 0.239265
    outer loop
      vertex -13.5998 -46.9857 2.1451
      vertex -14.8433 -46 2.75707
      vertex -13.6456 -46.9857 2.04401
    endloop
  endfacet
  facet normal -0.577808 -0.814508 0.0521017
    outer loop
      vertex -14.9056 -46.3811 0.700631
      vertex -15.4326 -46 0.813953
      vertex -15.4327 -46 0.812844
    endloop
  endfacet
  facet normal -0.577429 -0.814716 0.0530508
    outer loop
      vertex -15.4326 -46 0.813953
      vertex -14.8478 -46.4198 0.732193
      vertex -14.8397 -46.4253 0.735892
    endloop
  endfacet
  facet normal -0.576887 -0.814806 0.0573828
    outer loop
      vertex -15.4326 -46 0.813953
      vertex -14.9056 -46.3811 0.700631
      vertex -14.8478 -46.4198 0.732193
    endloop
  endfacet
  facet normal -0.572271 -0.814759 0.0931351
    outer loop
      vertex -15.3661 -46 1.21657
      vertex -14.2251 -46.8313 0.955139
      vertex -14.1252 -46.8998 0.969729
    endloop
  endfacet
  facet normal -0.57192 -0.81481 0.0948269
    outer loop
      vertex -15.3661 -46 1.21657
      vertex -14.4313 -46.6928 0.901581
      vertex -14.2251 -46.8313 0.955139
    endloop
  endfacet
  facet normal -0.571934 -0.814806 0.0947782
    outer loop
      vertex -15.3661 -46 1.21657
      vertex -14.6393 -46.5555 0.826782
      vertex -14.4313 -46.6928 0.901581
    endloop
  endfacet
  facet normal -0.572092 -0.814731 0.094466
    outer loop
      vertex -14.7442 -46.4874 0.779205
      vertex -15.3661 -46 1.21657
      vertex -15.4324 -46 0.815053
    endloop
  endfacet
  facet normal -0.571941 -0.814803 0.0947613
    outer loop
      vertex -15.3661 -46 1.21657
      vertex -14.7442 -46.4874 0.779205
      vertex -14.6393 -46.5555 0.826782
    endloop
  endfacet
  facet normal -0.541231 -0.8147 0.208166
    outer loop
      vertex -13.8426 -46.9857 1.55898
      vertex -15.1546 -46 2.00552
      vertex -15.155 -46 2.00448
    endloop
  endfacet
  facet normal -0.542614 -0.814769 0.204257
    outer loop
      vertex -15.1546 -46 2.00552
      vertex -13.8426 -46.9857 1.55898
      vertex -13.8035 -46.9857 1.66285
    endloop
  endfacet
  facet normal -0.558595 -0.81452 0.156615
    outer loop
      vertex -15.1553 -46 2.00341
      vertex -13.8426 -46.9857 1.55898
      vertex -15.155 -46 2.00448
    endloop
  endfacet
  facet normal -0.554847 -0.814766 0.16823
    outer loop
      vertex -13.8426 -46.9857 1.55898
      vertex -15.1553 -46 2.00341
      vertex -13.8748 -46.9857 1.45278
    endloop
  endfacet
  facet normal -0.564627 -0.814781 0.13164
    outer loop
      vertex -14.1252 -46.8998 0.969729
      vertex -15.2737 -46 1.61289
      vertex -15.3661 -46 1.21657
    endloop
  endfacet
  facet normal -0.564657 -0.814771 0.131572
    outer loop
      vertex -15.2737 -46 1.61289
      vertex -14.1252 -46.8998 0.969729
      vertex -13.9599 -46.9857 1.14719
    endloop
  endfacet
  facet normal -0.564723 -0.81471 0.131664
    outer loop
      vertex -13.9599 -46.9857 1.14719
      vertex -14.1252 -46.8998 0.969729
      vertex -14.0223 -46.9687 0.984741
    endloop
  endfacet
  facet normal -0.56509 -0.814428 0.131834
    outer loop
      vertex -13.9599 -46.9857 1.14719
      vertex -14.0223 -46.9687 0.984741
      vertex -13.9979 -46.9857 0.984308
    endloop
  endfacet
  facet normal -0.571263 -0.814047 0.104819
    outer loop
      vertex -15.2737 -46 1.61289
      vertex -13.9347 -46.9857 1.25527
      vertex -15.2735 -46 1.61398
    endloop
  endfacet
  facet normal -0.564633 -0.814775 0.13165
    outer loop
      vertex -13.9599 -46.9857 1.14719
      vertex -13.9347 -46.9857 1.25527
      vertex -15.2737 -46 1.61289
    endloop
  endfacet
  facet normal 0.387442 -0.814232 0.432336
    outer loop
      vertex -4.85471 -46.0143 4.39529
      vertex -4.84134 -46 4.41024
      vertex -4.85662 -46.0142 4.39719
    endloop
  endfacet
  facet normal 0.400105 -0.814105 0.42089
    outer loop
      vertex -4.84134 -46 4.41024
      vertex -4.85471 -46.0143 4.39529
      vertex -4.84053 -46 4.40947
    endloop
  endfacet
  facet normal 0.471716 -0.814835 0.33694
    outer loop
      vertex -4.99691 -46.7546 2.94428
      vertex -4.06501 -46 3.4645
      vertex -4.06566 -46 3.46541
    endloop
  endfacet
  facet normal 0.470708 -0.814732 0.338595
    outer loop
      vertex -5.05667 -46.8314 2.84256
      vertex -4.06501 -46 3.4645
      vertex -4.99691 -46.7546 2.94428
    endloop
  endfacet
  facet normal 0.472485 -0.814824 0.335885
    outer loop
      vertex -4.06501 -46 3.4645
      vertex -5.05667 -46.8314 2.84256
      vertex -5.11704 -46.8998 2.76155
    endloop
  endfacet
  facet normal 0.528546 -0.814753 0.238364
    outer loop
      vertex -4.90017 -46.9857 2.1451
      vertex -3.6567 -46 2.75707
      vertex -3.65716 -46 2.75809
    endloop
  endfacet
  facet normal 0.528092 -0.814769 0.239311
    outer loop
      vertex -3.6567 -46 2.75707
      vertex -4.90017 -46.9857 2.1451
      vertex -4.85436 -46.9857 2.04401
    endloop
  endfacet
  facet normal 0.365947 -0.814831 0.449592
    outer loop
      vertex -5.13922 -46 4.68913
      vertex -5.20105 -46.0676 4.61694
      vertex -5.13836 -46 4.68843
    endloop
  endfacet
  facet normal 0.366471 -0.814839 0.449151
    outer loop
      vertex -5.20105 -46.0676 4.61694
      vertex -5.13922 -46 4.68913
      vertex -5.21566 -46.0754 4.61471
    endloop
  endfacet
  facet normal 0.271738 -0.814795 0.512121
    outer loop
      vertex -7.1049 -46.9857 4.34983
      vertex -6.49093 -46 5.59232
      vertex -6.49191 -46 5.59284
    endloop
  endfacet
  facet normal 0.273276 -0.81477 0.511341
    outer loop
      vertex -6.49093 -46 5.59232
      vertex -7.1049 -46.9857 4.34983
      vertex -7.00702 -46.9857 4.29752
    endloop
  endfacet
  facet normal 0.306437 -0.814752 0.492215
    outer loop
      vertex -6.48845 -46.8998 4.13296
      vertex -6.13108 -46 5.39989
      vertex -6.73075 -46.9857 4.14162
    endloop
  endfacet
  facet normal 0.306153 -0.814793 0.492324
    outer loop
      vertex -6.13108 -46 5.39989
      vertex -6.48845 -46.8998 4.13296
      vertex -5.7855 -46 5.18499
    endloop
  endfacet
  facet normal 0.306418 -0.814686 0.492336
    outer loop
      vertex -6.73075 -46.9857 4.14162
      vertex -6.57181 -46.9687 4.07083
      vertex -6.48845 -46.8998 4.13296
    endloop
  endfacet
  facet normal 0.306765 -0.813983 0.493283
    outer loop
      vertex -6.57181 -46.9687 4.07083
      vertex -6.73075 -46.9857 4.14162
      vertex -6.58873 -46.9857 4.0533
    endloop
  endfacet
  facet normal 0.576536 -0.814847 0.0602522
    outer loop
      vertex -3.65219 -46.4198 0.732193
      vertex -3.06741 -46 0.813953
      vertex -3.66035 -46.4253 0.735892
    endloop
  endfacet
  facet normal 0.576897 -0.814797 0.057411
    outer loop
      vertex -3.59439 -46.3811 0.700631
      vertex -3.06741 -46 0.813953
      vertex -3.65219 -46.4198 0.732193
    endloop
  endfacet
  facet normal 0.57693 -0.814787 0.0572248
    outer loop
      vertex -3.06741 -46 0.813953
      vertex -3.59439 -46.3811 0.700631
      vertex -3.0673 -46 0.812844
    endloop
  endfacet
  facet normal 0.572177 -0.814817 0.0932055
    outer loop
      vertex -3.66035 -46.4253 0.735892
      vertex -3.06759 -46 0.815053
      vertex -3.75584 -46.4874 0.779205
    endloop
  endfacet
  facet normal 0.572117 -0.814811 0.0936192
    outer loop
      vertex -3.06759 -46 0.815053
      vertex -3.66035 -46.4253 0.735892
      vertex -3.06741 -46 0.813953
    endloop
  endfacet
  facet normal 0.555526 -0.814732 0.166139
    outer loop
      vertex -4.65739 -46.9857 1.55898
      vertex -3.34468 -46 2.00341
      vertex -3.345 -46 2.00448
    endloop
  endfacet
  facet normal 0.554814 -0.814769 0.168325
    outer loop
      vertex -3.34468 -46 2.00341
      vertex -4.65739 -46.9857 1.55898
      vertex -4.62517 -46.9857 1.45278
    endloop
  endfacet
  facet normal -0.0936184 -0.814815 0.572112
    outer loop
      vertex -10.0651 -46 6.18241
      vertex -9.98589 -46.4253 5.58965
      vertex -10.064 -46 6.18259
    endloop
  endfacet
  facet normal -0.0931978 -0.814821 0.572173
    outer loop
      vertex -9.98589 -46.4253 5.58965
      vertex -10.0651 -46 6.18241
      vertex -10.0292 -46.4874 5.49416
    endloop
  endfacet
  facet normal -0.0568315 -0.814811 0.576934
    outer loop
      vertex -9.73666 -46.1435 6.01216
      vertex -9.65785 -46 6.22259
      vertex -10.0628 -46 6.1827
    endloop
  endfacet
  facet normal -0.0566896 -0.814843 0.576903
    outer loop
      vertex -9.65785 -46 6.22259
      vertex -9.73666 -46.1435 6.01216
      vertex -9.65163 -46.0676 6.12772
    endloop
  endfacet
  facet normal -0.0568497 -0.814826 0.576912
    outer loop
      vertex -10.0628 -46 6.1827
      vertex -9.86862 -46.2804 5.8058
      vertex -9.73666 -46.1435 6.01216
    endloop
  endfacet
  facet normal -0.0564121 -0.814741 0.577074
    outer loop
      vertex -9.86862 -46.2804 5.8058
      vertex -10.0628 -46 6.1827
      vertex -9.95063 -46.3811 5.65561
    endloop
  endfacet
  facet normal 0.168325 -0.814769 0.554814
    outer loop
      vertex -7.69102 -46.9857 4.59261
      vertex -7.24659 -46 5.90532
      vertex -7.79722 -46.9857 4.62483
    endloop
  endfacet
  facet normal 0.166139 -0.814732 0.555526
    outer loop
      vertex -7.24659 -46 5.90532
      vertex -7.69102 -46.9857 4.59261
      vertex -7.24552 -46 5.905
    endloop
  endfacet
  facet normal -0.368309 -0.815078 0.447209
    outer loop
      vertex -13.1571 -46.1435 4.59535
      vertex -13.3608 -46 4.68913
      vertex -13.2843 -46.0754 4.61471
    endloop
  endfacet
  facet normal -0.367731 -0.814846 0.448108
    outer loop
      vertex -13.3608 -46 4.68913
      vertex -13.1571 -46.1435 4.59535
      vertex -13.0462 -46 4.9473
    endloop
  endfacet
  facet normal -0.368041 -0.814687 0.448141
    outer loop
      vertex -12.9179 -46.2805 4.54274
      vertex -13.0462 -46 4.9473
      vertex -13.1571 -46.1435 4.59535
    endloop
  endfacet
  facet normal -0.367487 -0.814798 0.448394
    outer loop
      vertex -12.6905 -46.4198 4.47598
      vertex -13.0462 -46 4.9473
      vertex -12.9179 -46.2805 4.54274
    endloop
  endfacet
  facet normal -0.364537 -0.814863 0.450678
    outer loop
      vertex -13.0462 -46 4.9473
      vertex -12.6905 -46.4198 4.47598
      vertex -12.6821 -46.4253 4.47283
    endloop
  endfacet
  facet normal -0.337675 -0.814806 0.47124
    outer loop
      vertex -12.6821 -46.4253 4.47283
      vertex -12.7154 -46 5.18434
      vertex -13.0462 -46 4.9473
    endloop
  endfacet
  facet normal -0.337994 -0.814714 0.47117
    outer loop
      vertex -12.4762 -46.5555 4.3954
      vertex -12.7154 -46 5.18434
      vertex -12.6821 -46.4253 4.47283
    endloop
  endfacet
  facet normal -0.337427 -0.81481 0.47141
    outer loop
      vertex -12.2762 -46.6928 4.30124
      vertex -12.7154 -46 5.18434
      vertex -12.4762 -46.5555 4.3954
    endloop
  endfacet
  facet normal -0.337786 -0.814779 0.471207
    outer loop
      vertex -12.7154 -46 5.18434
      vertex -12.2762 -46.6928 4.30124
      vertex -12.1943 -46.7546 4.25309
    endloop
  endfacet
  facet normal -0.381546 -0.815034 0.436052
    outer loop
      vertex -13.2989 -46.0676 4.61694
      vertex -13.3608 -46 4.68913
      vertex -13.3616 -46 4.68843
    endloop
  endfacet
  facet normal -0.366883 -0.814974 0.448569
    outer loop
      vertex -13.3608 -46 4.68913
      vertex -13.2989 -46.0676 4.61694
      vertex -13.2843 -46.0754 4.61471
    endloop
  endfacet
  facet normal -0.318091 -0.814479 0.485224
    outer loop
      vertex -12.3689 -46 5.39989
      vertex -11.675 -46.9857 4.20022
      vertex -12.368 -46 5.40048
    endloop
  endfacet
  facet normal -0.306254 -0.814766 0.492306
    outer loop
      vertex -11.675 -46.9857 4.20022
      vertex -12.3689 -46 5.39989
      vertex -11.7692 -46.9857 4.14162
    endloop
  endfacet
  facet normal -0.273313 -0.814769 0.511323
    outer loop
      vertex -12.368 -46 5.40048
      vertex -11.493 -46.9857 4.29752
      vertex -12.0091 -46 5.59232
    endloop
  endfacet
  facet normal -0.273348 -0.814773 0.511299
    outer loop
      vertex -12.368 -46 5.40048
      vertex -11.675 -46.9857 4.20022
      vertex -11.493 -46.9857 4.29752
    endloop
  endfacet
  facet normal -0.133358 -0.814794 0.564205
    outer loop
      vertex -10.5053 -46.9857 4.68474
      vertex -10.8629 -46 6.02371
      vertex -10.864 -46 6.02345
    endloop
  endfacet
  facet normal -0.131629 -0.814768 0.564648
    outer loop
      vertex -10.8629 -46 6.02371
      vertex -10.5053 -46.9857 4.68474
      vertex -10.3972 -46.9857 4.70994
    endloop
  endfacet
  facet normal -0.168313 -0.814767 0.554821
    outer loop
      vertex -10.7028 -46.9857 4.62483
      vertex -10.864 -46 6.02345
      vertex -11.2534 -46 5.90532
    endloop
  endfacet
  facet normal -0.168301 -0.814768 0.554823
    outer loop
      vertex -10.864 -46 6.02345
      vertex -10.7028 -46.9857 4.62483
      vertex -10.5053 -46.9857 4.68474
    endloop
  endfacet
  facet normal -0.242268 -0.814817 0.526669
    outer loop
      vertex -11.3951 -46.9857 4.34983
      vertex -12.0071 -46 5.5933
      vertex -12.0081 -46 5.59284
    endloop
  endfacet
  facet normal -0.23929 -0.814771 0.528099
    outer loop
      vertex -12.0071 -46 5.5933
      vertex -11.3951 -46.9857 4.34983
      vertex -11.294 -46.9857 4.39564
    endloop
  endfacet
  facet normal -0.26743 -0.814854 0.514289
    outer loop
      vertex -12.0091 -46 5.59232
      vertex -11.3951 -46.9857 4.34983
      vertex -12.0081 -46 5.59284
    endloop
  endfacet
  facet normal -0.27323 -0.814774 0.51136
    outer loop
      vertex -11.3951 -46.9857 4.34983
      vertex -12.0091 -46 5.59232
      vertex -11.493 -46.9857 4.29752
    endloop
  endfacet
  facet normal -0.439835 -0.813674 0.380104
    outer loop
      vertex -13.6602 -46 4.40866
      vertex -13.6453 -46.0143 4.39529
      vertex -13.6595 -46 4.40947
    endloop
  endfacet
  facet normal -0.432831 -0.813722 0.387961
    outer loop
      vertex -13.6453 -46.0143 4.39529
      vertex -13.6602 -46 4.40866
      vertex -13.6472 -46.0142 4.39338
    endloop
  endfacet
  facet normal -0.423504 -0.814469 0.396591
    outer loop
      vertex -13.6602 -46 4.40866
      vertex -13.8834 -46.0064 4.15717
      vertex -13.6472 -46.0142 4.39338
    endloop
  endfacet
  facet normal -0.422428 -0.815479 0.395662
    outer loop
      vertex -13.9384 -46 4.11164
      vertex -13.8834 -46.0064 4.15717
      vertex -13.6602 -46 4.40866
    endloop
  endfacet
  facet normal -0.422927 -0.814887 0.396348
    outer loop
      vertex -13.8834 -46.0064 4.15717
      vertex -13.9384 -46 4.11164
      vertex -13.8669 -46.0676 4.04895
    endloop
  endfacet
  facet normal -0.516301 -0.814889 0.263419
    outer loop
      vertex -13.5998 -46.9857 2.1451
      vertex -14.8423 -46 2.75907
      vertex -14.8428 -46 2.75809
    endloop
  endfacet
  facet normal -0.51136 -0.814773 0.273234
    outer loop
      vertex -14.8423 -46 2.75907
      vertex -13.5998 -46.9857 2.1451
      vertex -13.5475 -46.9857 2.24298
    endloop
  endfacet
  facet normal 0.471242 -0.8148 0.337686
    outer loop
      vertex -4.77717 -46.4253 3.43212
      vertex -4.06566 -46 3.46541
      vertex -4.3027 -46 3.7962
    endloop
  endfacet
  facet normal 0.471197 -0.814742 0.337887
    outer loop
      vertex -4.8546 -46.5555 3.22615
      vertex -4.06566 -46 3.46541
      vertex -4.77717 -46.4253 3.43212
    endloop
  endfacet
  facet normal 0.471338 -0.814799 0.337555
    outer loop
      vertex -4.94876 -46.6928 3.02621
      vertex -4.06566 -46 3.46541
      vertex -4.8546 -46.5555 3.22615
    endloop
  endfacet
  facet normal 0.471302 -0.814793 0.337618
    outer loop
      vertex -4.06566 -46 3.46541
      vertex -4.94876 -46.6928 3.02621
      vertex -4.99691 -46.7546 2.94428
    endloop
  endfacet
  facet normal 0.447635 -0.814956 0.368063
    outer loop
      vertex -4.65465 -46.1435 3.9071
      vertex -4.56087 -46 4.11078
      vertex -4.63529 -46.0754 4.03434
    endloop
  endfacet
  facet normal 0.448111 -0.814832 0.367756
    outer loop
      vertex -4.65465 -46.1435 3.9071
      vertex -4.3027 -46 3.7962
      vertex -4.56087 -46 4.11078
    endloop
  endfacet
  facet normal 0.448139 -0.814699 0.368018
    outer loop
      vertex -4.70726 -46.2805 3.66788
      vertex -4.3027 -46 3.7962
      vertex -4.65465 -46.1435 3.9071
    endloop
  endfacet
  facet normal 0.448355 -0.814794 0.367545
    outer loop
      vertex -4.77402 -46.4198 3.44051
      vertex -4.3027 -46 3.7962
      vertex -4.70726 -46.2805 3.66788
    endloop
  endfacet
  facet normal 0.450223 -0.814848 0.365132
    outer loop
      vertex -4.3027 -46 3.7962
      vertex -4.77402 -46.4198 3.44051
      vertex -4.77717 -46.4253 3.43212
    endloop
  endfacet
  facet normal -0.161998 -0.814649 0.556869
    outer loop
      vertex -10.809 -46.9857 4.59261
      vertex -11.2534 -46 5.90532
      vertex -11.2545 -46 5.905
    endloop
  endfacet
  facet normal -0.168325 -0.814767 0.554816
    outer loop
      vertex -11.2534 -46 5.90532
      vertex -10.809 -46.9857 4.59261
      vertex -10.7028 -46.9857 4.62483
    endloop
  endfacet
  facet normal 0.986644 -0 0.162891
    outer loop
      vertex -3.12009 -46 1.21931
      vertex -3.05347 -28 0.815788
      vertex -3.12009 -28 1.21931
    endloop
  endfacet
  facet normal 0.986644 0 0.162891
    outer loop
      vertex -3.05347 -28 0.815788
      vertex -3.12009 -46 1.21931
      vertex -3.05347 -46 0.815788
    endloop
  endfacet
  facet normal 0.999465 -0 0.0327149
    outer loop
      vertex -3.01338 -46 0.408769
      vertex -3 -28 0
      vertex -3.01338 -28 0.408769
    endloop
  endfacet
  facet normal 0.999465 0 0.0327149
    outer loop
      vertex -3 -28 0
      vertex -3.01338 -46 0.408769
      vertex -3 -46 0
    endloop
  endfacet
  facet normal 0.72987 -0 0.683586
    outer loop
      vertex -4.83058 -46 4.41942
      vertex -4.551 -28 4.12091
      vertex -4.83058 -28 4.41942
    endloop
  endfacet
  facet normal 0.72987 0 0.683586
    outer loop
      vertex -4.551 -28 4.12091
      vertex -4.83058 -46 4.41942
      vertex -4.551 -46 4.12091
    endloop
  endfacet
  facet normal -0.683598 0 0.729859
    outer loop
      vertex -13.6694 -28 4.41942
      vertex -13.3709 -46 4.699
      vertex -13.3709 -28 4.699
    endloop
  endfacet
  facet normal -0.683598 0 0.729859
    outer loop
      vertex -13.3709 -46 4.699
      vertex -13.6694 -28 4.41942
      vertex -13.6694 -46 4.41942
    endloop
  endfacet
  facet normal -0.352216 0 0.935919
    outer loop
      vertex -11.6418 -28 5.77425
      vertex -11.259 -46 5.91831
      vertex -11.259 -28 5.91831
    endloop
  endfacet
  facet normal -0.352216 0 0.935919
    outer loop
      vertex -11.259 -46 5.91831
      vertex -11.6418 -28 5.77425
      vertex -11.6418 -46 5.77425
    endloop
  endfacet
  facet normal 0.956936 -0 0.290299
    outer loop
      vertex -3.33169 -46 2.009
      vertex -3.21296 -28 1.61762
      vertex -3.33169 -28 2.009
    endloop
  endfacet
  facet normal 0.956936 0 0.290299
    outer loop
      vertex -3.21296 -28 1.61762
      vertex -3.33169 -46 2.009
      vertex -3.21296 -46 1.61762
    endloop
  endfacet
  facet normal 0.412725 0 0.910856
    outer loop
      vertex -6.85823 -28 5.77425
      vertex -6.4857 -46 5.60545
      vertex -6.4857 -28 5.60545
    endloop
  endfacet
  facet normal 0.412725 0 0.910856
    outer loop
      vertex -6.4857 -46 5.60545
      vertex -6.85823 -28 5.77425
      vertex -6.85823 -46 5.77425
    endloop
  endfacet
  facet normal -0.849171 0 0.528119
    outer loop
      vertex -14.6627 -46 3.125
      vertex -14.4467 -28 3.47231
      vertex -14.6627 -28 3.125
    endloop
  endfacet
  facet normal -0.849171 0 0.528119
    outer loop
      vertex -14.4467 -28 3.47231
      vertex -14.6627 -46 3.125
      vertex -14.4467 -46 3.47231
    endloop
  endfacet
  facet normal -0.77296 0 0.634455
    outer loop
      vertex -14.2085 -46 3.80476
      vertex -13.949 -28 4.12091
      vertex -14.2085 -28 3.80476
    endloop
  endfacet
  facet normal -0.77296 0 0.634455
    outer loop
      vertex -13.949 -28 4.12091
      vertex -14.2085 -46 3.80476
      vertex -13.949 -46 4.12091
    endloop
  endfacet
  facet normal 0.995184 -0 0.0980223
    outer loop
      vertex -3.05347 -46 0.815788
      vertex -3.01338 -28 0.408769
      vertex -3.05347 -28 0.815788
    endloop
  endfacet
  facet normal 0.995184 0 0.0980223
    outer loop
      vertex -3.01338 -28 0.408769
      vertex -3.05347 -46 0.815788
      vertex -3.01338 -46 0.408769
    endloop
  endfacet
  facet normal 0.88193 -0 0.471381
    outer loop
      vertex -3.83734 -46 3.125
      vertex -3.64455 -28 2.7643
      vertex -3.83734 -28 3.125
    endloop
  endfacet
  facet normal 0.88193 0 0.471381
    outer loop
      vertex -3.64455 -28 2.7643
      vertex -3.83734 -46 3.125
      vertex -3.64455 -46 2.7643
    endloop
  endfacet
  facet normal 0.849193 -0 0.528083
    outer loop
      vertex -4.05332 -46 3.47231
      vertex -3.83734 -28 3.125
      vertex -4.05332 -28 3.47231
    endloop
  endfacet
  facet normal 0.849193 0 0.528083
    outer loop
      vertex -3.83734 -28 3.125
      vertex -4.05332 -46 3.47231
      vertex -3.83734 -46 3.125
    endloop
  endfacet
  facet normal 0.290299 0 0.956936
    outer loop
      vertex -7.63238 -28 6.03704
      vertex -7.241 -46 5.91831
      vertex -7.241 -28 5.91831
    endloop
  endfacet
  facet normal 0.290299 0 0.956936
    outer loop
      vertex -7.241 -46 5.91831
      vertex -7.63238 -28 6.03704
      vertex -7.63238 -46 6.03704
    endloop
  endfacet
  facet normal 0.162892 0 0.986644
    outer loop
      vertex -8.43421 -28 6.19653
      vertex -8.03069 -46 6.12991
      vertex -8.03069 -28 6.12991
    endloop
  endfacet
  facet normal 0.162892 0 0.986644
    outer loop
      vertex -8.03069 -46 6.12991
      vertex -8.43421 -28 6.19653
      vertex -8.43421 -46 6.19653
    endloop
  endfacet
  facet normal 0.683586 0 0.72987
    outer loop
      vertex -5.12909 -28 4.699
      vertex -4.83058 -46 4.41942
      vertex -4.83058 -28 4.41942
    endloop
  endfacet
  facet normal 0.683586 0 0.72987
    outer loop
      vertex -4.83058 -46 4.41942
      vertex -5.12909 -28 4.699
      vertex -5.12909 -46 4.699
    endloop
  endfacet
  facet normal 0.634397 0 0.773008
    outer loop
      vertex -5.44524 -28 4.95846
      vertex -5.12909 -46 4.699
      vertex -5.12909 -28 4.699
    endloop
  endfacet
  facet normal 0.634397 0 0.773008
    outer loop
      vertex -5.12909 -46 4.699
      vertex -5.44524 -28 4.95846
      vertex -5.44524 -46 4.95846
    endloop
  endfacet
  facet normal -0.729846 0 0.683612
    outer loop
      vertex -13.949 -46 4.12091
      vertex -13.6694 -28 4.41942
      vertex -13.949 -28 4.12091
    endloop
  endfacet
  facet normal -0.729846 0 0.683612
    outer loop
      vertex -13.6694 -28 4.41942
      vertex -13.949 -46 4.12091
      vertex -13.6694 -46 4.41942
    endloop
  endfacet
  facet normal -0.910948 0 0.412522
    outer loop
      vertex -15.0242 -46 2.39177
      vertex -14.8555 -28 2.7643
      vertex -15.0242 -28 2.39177
    endloop
  endfacet
  facet normal -0.910948 0 0.412522
    outer loop
      vertex -14.8555 -28 2.7643
      vertex -15.0242 -46 2.39177
      vertex -14.8555 -46 2.7643
    endloop
  endfacet
  facet normal -0.881919 0 0.4714
    outer loop
      vertex -14.8555 -46 2.7643
      vertex -14.6627 -28 3.125
      vertex -14.8555 -28 2.7643
    endloop
  endfacet
  facet normal -0.881919 0 0.4714
    outer loop
      vertex -14.6627 -28 3.125
      vertex -14.8555 -46 2.7643
      vertex -14.6627 -46 3.125
    endloop
  endfacet
  facet normal -0.935877 0 0.352326
    outer loop
      vertex -15.1683 -46 2.009
      vertex -15.0242 -28 2.39177
      vertex -15.1683 -28 2.009
    endloop
  endfacet
  facet normal -0.935877 0 0.352326
    outer loop
      vertex -15.0242 -28 2.39177
      vertex -15.1683 -46 2.009
      vertex -15.0242 -46 2.39177
    endloop
  endfacet
  facet normal -0.956957 0 0.290231
    outer loop
      vertex -15.287 -46 1.61762
      vertex -15.1683 -28 2.009
      vertex -15.287 -28 1.61762
    endloop
  endfacet
  facet normal -0.956957 0 0.290231
    outer loop
      vertex -15.1683 -28 2.009
      vertex -15.287 -46 1.61762
      vertex -15.1683 -46 2.009
    endloop
  endfacet
  facet normal -0.986652 0 0.162844
    outer loop
      vertex -15.4465 -46 0.815788
      vertex -15.3799 -28 1.21931
      vertex -15.4465 -28 0.815788
    endloop
  endfacet
  facet normal -0.986652 0 0.162844
    outer loop
      vertex -15.3799 -28 1.21931
      vertex -15.4465 -46 0.815788
      vertex -15.3799 -46 1.21931
    endloop
  endfacet
  facet normal -0.412753 0 0.910843
    outer loop
      vertex -12.0143 -28 5.60545
      vertex -11.6418 -46 5.77425
      vertex -11.6418 -28 5.77425
    endloop
  endfacet
  facet normal -0.412753 0 0.910843
    outer loop
      vertex -11.6418 -46 5.77425
      vertex -12.0143 -28 5.60545
      vertex -12.0143 -46 5.60545
    endloop
  endfacet
  facet normal -0.471381 0 0.88193
    outer loop
      vertex -12.375 -28 5.41266
      vertex -12.0143 -46 5.60545
      vertex -12.0143 -28 5.60545
    endloop
  endfacet
  facet normal -0.471381 0 0.88193
    outer loop
      vertex -12.0143 -46 5.60545
      vertex -12.375 -28 5.41266
      vertex -12.375 -46 5.41266
    endloop
  endfacet
  facet normal -0.1629 0 0.986643
    outer loop
      vertex -10.4693 -28 6.12991
      vertex -10.0658 -46 6.19653
      vertex -10.0658 -28 6.19653
    endloop
  endfacet
  facet normal -0.1629 0 0.986643
    outer loop
      vertex -10.0658 -46 6.19653
      vertex -10.4693 -28 6.12991
      vertex -10.4693 -46 6.12991
    endloop
  endfacet
  facet normal 0 1 -0
    outer loop
      vertex -8.84326 -28 6.22262
      vertex -9.25 -28 6.25
      vertex -8.84123 -28 6.23662
    endloop
  endfacet
  facet normal 0 1 0
    outer loop
      vertex -9.65674 -28 6.22262
      vertex -9.25 -28 6.25
      vertex -9.25 -28 6.23594
    endloop
  endfacet
  facet normal 0 1 0
    outer loop
      vertex -9.25 -28 6.25
      vertex -8.84326 -28 6.22262
      vertex -9.25 -28 6.23594
    endloop
  endfacet
  facet normal 0 1 0
    outer loop
      vertex -8.84123 -28 6.23662
      vertex -8.84215 -28 6.22259
      vertex -8.84326 -28 6.22262
    endloop
  endfacet
  facet normal 0 1 -0
    outer loop
      vertex -8.43716 -28 6.1827
      vertex -8.84123 -28 6.23662
      vertex -8.43421 -28 6.19653
    endloop
  endfacet
  facet normal 0 1 0
    outer loop
      vertex -8.84123 -28 6.23662
      vertex -8.43716 -28 6.1827
      vertex -8.84215 -28 6.22259
    endloop
  endfacet
  facet normal 0 1 0
    outer loop
      vertex -8.43421 -28 6.19653
      vertex -8.43605 -28 6.18259
      vertex -8.43716 -28 6.1827
    endloop
  endfacet
  facet normal 0 1 0
    outer loop
      vertex -8.43421 -28 6.19653
      vertex -8.43495 -28 6.18241
      vertex -8.43605 -28 6.18259
    endloop
  endfacet
  facet normal 0 1 0
    outer loop
      vertex -8.03069 -28 6.12991
      vertex -8.43495 -28 6.18241
      vertex -8.43421 -28 6.19653
    endloop
  endfacet
  facet normal 0 1 0
    outer loop
      vertex -8.03069 -28 6.12991
      vertex -8.03343 -28 6.11612
      vertex -8.43495 -28 6.18241
    endloop
  endfacet
  facet normal 0 1 -0
    outer loop
      vertex -7.63711 -28 6.02371
      vertex -8.03069 -28 6.12991
      vertex -7.63238 -28 6.03704
    endloop
  endfacet
  facet normal 0 1 0
    outer loop
      vertex -8.03069 -28 6.12991
      vertex -7.63711 -28 6.02371
      vertex -8.03343 -28 6.11612
    endloop
  endfacet
  facet normal 0 1 0
    outer loop
      vertex -7.63238 -28 6.03704
      vertex -7.63602 -28 6.02346
      vertex -7.63711 -28 6.02371
    endloop
  endfacet
  facet normal 0 1 -0
    outer loop
      vertex -7.24659 -28 5.90532
      vertex -7.63238 -28 6.03704
      vertex -7.241 -28 5.91831
    endloop
  endfacet
  facet normal 0 1 0
    outer loop
      vertex -7.63238 -28 6.03704
      vertex -7.24659 -28 5.90532
      vertex -7.63602 -28 6.02346
    endloop
  endfacet
  facet normal 0 1 0
    outer loop
      vertex -7.241 -28 5.91831
      vertex -7.24552 -28 5.905
      vertex -7.24659 -28 5.90532
    endloop
  endfacet
  facet normal 0 1 0
    outer loop
      vertex -7.241 -28 5.91831
      vertex -7.24448 -28 5.90461
      vertex -7.24552 -28 5.905
    endloop
  endfacet
  facet normal 0 1 0
    outer loop
      vertex -6.85823 -28 5.77425
      vertex -7.24448 -28 5.90461
      vertex -7.241 -28 5.91831
    endloop
  endfacet
  facet normal 0 1 0
    outer loop
      vertex -6.85823 -28 5.77425
      vertex -6.86361 -28 5.76126
      vertex -7.24448 -28 5.90461
    endloop
  endfacet
  facet normal 0 1 -0
    outer loop
      vertex -6.49293 -28 5.5933
      vertex -6.85823 -28 5.77425
      vertex -6.4857 -28 5.60545
    endloop
  endfacet
  facet normal 0 1 0
    outer loop
      vertex -6.85823 -28 5.77425
      vertex -6.49293 -28 5.5933
      vertex -6.86361 -28 5.76126
    endloop
  endfacet
  facet normal 0 1 0
    outer loop
      vertex -6.4857 -28 5.60545
      vertex -6.49191 -28 5.59284
      vertex -6.49293 -28 5.5933
    endloop
  endfacet
  facet normal 0 1 0
    outer loop
      vertex -6.4857 -28 5.60545
      vertex -6.49093 -28 5.59232
      vertex -6.49191 -28 5.59284
    endloop
  endfacet
  facet normal 0 1 0
    outer loop
      vertex -6.125 -28 5.41266
      vertex -6.49093 -28 5.59232
      vertex -6.4857 -28 5.60545
    endloop
  endfacet
  facet normal 0 1 0
    outer loop
      vertex -6.125 -28 5.41266
      vertex -6.13203 -28 5.40048
      vertex -6.49093 -28 5.59232
    endloop
  endfacet
  facet normal 0 1 0
    outer loop
      vertex -6.125 -28 5.41266
      vertex -6.13108 -28 5.39989
      vertex -6.13203 -28 5.40048
    endloop
  endfacet
  facet normal 0 1 0
    outer loop
      vertex -5.77769 -28 5.19668
      vertex -6.13108 -28 5.39989
      vertex -6.125 -28 5.41266
    endloop
  endfacet
  facet normal 0 1 0
    outer loop
      vertex -5.77769 -28 5.19668
      vertex -5.7855 -28 5.18499
      vertex -6.13108 -28 5.39989
    endloop
  endfacet
  facet normal 0 1 0
    outer loop
      vertex -5.77769 -28 5.19668
      vertex -5.78459 -28 5.18435
      vertex -5.7855 -28 5.18499
    endloop
  endfacet
  facet normal 0 1 0
    outer loop
      vertex -5.44524 -28 4.95846
      vertex -5.78459 -28 5.18435
      vertex -5.77769 -28 5.19668
    endloop
  endfacet
  facet normal 0 1 0
    outer loop
      vertex -5.44524 -28 4.95846
      vertex -5.4538 -28 4.9473
      vertex -5.78459 -28 5.18435
    endloop
  endfacet
  facet normal 0 1 -0
    outer loop
      vertex -5.13922 -28 4.68913
      vertex -5.44524 -28 4.95846
      vertex -5.12909 -28 4.699
    endloop
  endfacet
  facet normal 0 1 0
    outer loop
      vertex -5.44524 -28 4.95846
      vertex -5.13922 -28 4.68913
      vertex -5.4538 -28 4.9473
    endloop
  endfacet
  facet normal 0 1 0
    outer loop
      vertex -5.12909 -28 4.699
      vertex -5.13836 -28 4.68843
      vertex -5.13922 -28 4.68913
    endloop
  endfacet
  facet normal 0 1 -0
    outer loop
      vertex -4.84134 -28 4.41024
      vertex -5.12909 -28 4.699
      vertex -4.83058 -28 4.41942
    endloop
  endfacet
  facet normal 0 1 0
    outer loop
      vertex -5.12909 -28 4.699
      vertex -4.84134 -28 4.41024
      vertex -5.13836 -28 4.68843
    endloop
  endfacet
  facet normal 0 1 0
    outer loop
      vertex -4.83058 -28 4.41942
      vertex -4.84052 -28 4.40948
      vertex -4.84134 -28 4.41024
    endloop
  endfacet
  facet normal 0 1 0
    outer loop
      vertex -4.83058 -28 4.41942
      vertex -4.83976 -28 4.40866
      vertex -4.84052 -28 4.40948
    endloop
  endfacet
  facet normal 0 1 0
    outer loop
      vertex -4.551 -28 4.12091
      vertex -4.83976 -28 4.40866
      vertex -4.83058 -28 4.41942
    endloop
  endfacet
  facet normal 0 1 0
    outer loop
      vertex -4.551 -28 4.12091
      vertex -4.56157 -28 4.11164
      vertex -4.83976 -28 4.40866
    endloop
  endfacet
  facet normal 0 1 0
    outer loop
      vertex -4.551 -28 4.12091
      vertex -4.56087 -28 4.11078
      vertex -4.56157 -28 4.11164
    endloop
  endfacet
  facet normal 0 1 0
    outer loop
      vertex -4.29154 -28 3.80476
      vertex -4.56087 -28 4.11078
      vertex -4.551 -28 4.12091
    endloop
  endfacet
  facet normal 0 1 0
    outer loop
      vertex -4.29154 -28 3.80476
      vertex -4.3027 -28 3.7962
      vertex -4.56087 -28 4.11078
    endloop
  endfacet
  facet normal 0 1 -0
    outer loop
      vertex -4.06565 -28 3.46541
      vertex -4.29154 -28 3.80476
      vertex -4.05332 -28 3.47231
    endloop
  endfacet
  facet normal 0 1 0
    outer loop
      vertex -4.29154 -28 3.80476
      vertex -4.06565 -28 3.46541
      vertex -4.3027 -28 3.7962
    endloop
  endfacet
  facet normal 0 1 0
    outer loop
      vertex -4.05332 -28 3.47231
      vertex -4.06501 -28 3.4645
      vertex -4.06565 -28 3.46541
    endloop
  endfacet
  facet normal 0 1 -0
    outer loop
      vertex -3.85011 -28 3.11892
      vertex -4.05332 -28 3.47231
      vertex -3.83734 -28 3.125
    endloop
  endfacet
  facet normal 0 1 0
    outer loop
      vertex -4.05332 -28 3.47231
      vertex -3.85011 -28 3.11892
      vertex -4.06501 -28 3.4645
    endloop
  endfacet
  facet normal 0 1 0
    outer loop
      vertex -3.83734 -28 3.125
      vertex -3.84952 -28 3.11797
      vertex -3.85011 -28 3.11892
    endloop
  endfacet
  facet normal 0 1 -0
    outer loop
      vertex -3.65768 -28 2.75907
      vertex -3.83734 -28 3.125
      vertex -3.64455 -28 2.7643
    endloop
  endfacet
  facet normal 0 1 0
    outer loop
      vertex -3.83734 -28 3.125
      vertex -3.65768 -28 2.75907
      vertex -3.84952 -28 3.11797
    endloop
  endfacet
  facet normal 0 1 0
    outer loop
      vertex -3.64455 -28 2.7643
      vertex -3.65716 -28 2.75809
      vertex -3.65768 -28 2.75907
    endloop
  endfacet
  facet normal 0 1 0
    outer loop
      vertex -3.64455 -28 2.7643
      vertex -3.6567 -28 2.75707
      vertex -3.65716 -28 2.75809
    endloop
  endfacet
  facet normal 0 1 0
    outer loop
      vertex -3.47575 -28 2.39177
      vertex -3.6567 -28 2.75707
      vertex -3.64455 -28 2.7643
    endloop
  endfacet
  facet normal 0 1 0
    outer loop
      vertex -3.47575 -28 2.39177
      vertex -3.48874 -28 2.38639
      vertex -3.6567 -28 2.75707
    endloop
  endfacet
  facet normal 0 1 -0
    outer loop
      vertex -3.34539 -28 2.00552
      vertex -3.47575 -28 2.39177
      vertex -3.33169 -28 2.009
    endloop
  endfacet
  facet normal 0 1 0
    outer loop
      vertex -3.47575 -28 2.39177
      vertex -3.34539 -28 2.00552
      vertex -3.48874 -28 2.38639
    endloop
  endfacet
  facet normal 0 1 0
    outer loop
      vertex -3.33169 -28 2.009
      vertex -3.345 -28 2.00448
      vertex -3.34539 -28 2.00552
    endloop
  endfacet
  facet normal 0 1 0
    outer loop
      vertex -3.33169 -28 2.009
      vertex -3.34468 -28 2.00341
      vertex -3.345 -28 2.00448
    endloop
  endfacet
  facet normal 0 1 0
    outer loop
      vertex -3.21296 -28 1.61762
      vertex -3.34468 -28 2.00341
      vertex -3.33169 -28 2.009
    endloop
  endfacet
  facet normal 0 1 0
    outer loop
      vertex -3.21296 -28 1.61762
      vertex -3.22654 -28 1.61398
      vertex -3.34468 -28 2.00341
    endloop
  endfacet
  facet normal 0 1 0
    outer loop
      vertex -3.21296 -28 1.61762
      vertex -3.22629 -28 1.61289
      vertex -3.22654 -28 1.61398
    endloop
  endfacet
  facet normal 0 1 0
    outer loop
      vertex -3.12009 -28 1.21931
      vertex -3.22629 -28 1.61289
      vertex -3.21296 -28 1.61762
    endloop
  endfacet
  facet normal 0 1 0
    outer loop
      vertex -3.12009 -28 1.21931
      vertex -3.13388 -28 1.21657
      vertex -3.22629 -28 1.61289
    endloop
  endfacet
  facet normal 0 1 -0
    outer loop
      vertex -3.06759 -28 0.815053
      vertex -3.12009 -28 1.21931
      vertex -3.05347 -28 0.815788
    endloop
  endfacet
  facet normal 0 1 0
    outer loop
      vertex -3.12009 -28 1.21931
      vertex -3.06759 -28 0.815053
      vertex -3.13388 -28 1.21657
    endloop
  endfacet
  facet normal 0 1 0
    outer loop
      vertex -3.05347 -28 0.815788
      vertex -3.06741 -28 0.813953
      vertex -3.06759 -28 0.815053
    endloop
  endfacet
  facet normal 0 1 0
    outer loop
      vertex -3.05347 -28 0.815788
      vertex -3.0673 -28 0.812844
      vertex -3.06741 -28 0.813953
    endloop
  endfacet
  facet normal 0 1 0
    outer loop
      vertex -3.01338 -28 0.408769
      vertex -3.0673 -28 0.812844
      vertex -3.05347 -28 0.815788
    endloop
  endfacet
  facet normal 0 1 0
    outer loop
      vertex -3.01338 -28 0.408769
      vertex -3.02741 -28 0.407849
      vertex -3.0673 -28 0.812844
    endloop
  endfacet
  facet normal 0 1 0
    outer loop
      vertex -3.01338 -28 0.408769
      vertex -3.02738 -28 0.406735
      vertex -3.02741 -28 0.407849
    endloop
  endfacet
  facet normal 0 1 0
    outer loop
      vertex -3 -28 0
      vertex -3.02738 -28 0.406735
      vertex -3.01338 -28 0.408769
    endloop
  endfacet
  facet normal 0 1 0
    outer loop
      vertex -3.02738 -28 0.406735
      vertex -3 -28 0
      vertex -3.01406 -28 0
    endloop
  endfacet
  facet normal 0 1 0
    outer loop
      vertex -9.25 -28 6.25
      vertex -9.65674 -28 6.22262
      vertex -9.65877 -28 6.23662
    endloop
  endfacet
  facet normal 0 1 -0
    outer loop
      vertex -9.65785 -28 6.22259
      vertex -9.65877 -28 6.23662
      vertex -9.65674 -28 6.22262
    endloop
  endfacet
  facet normal 0 1 0
    outer loop
      vertex -10.0628 -28 6.1827
      vertex -9.65877 -28 6.23662
      vertex -9.65785 -28 6.22259
    endloop
  endfacet
  facet normal 0 1 0
    outer loop
      vertex -9.65877 -28 6.23662
      vertex -10.0628 -28 6.1827
      vertex -10.0658 -28 6.19653
    endloop
  endfacet
  facet normal 0 1 -0
    outer loop
      vertex -10.064 -28 6.18259
      vertex -10.0658 -28 6.19653
      vertex -10.0628 -28 6.1827
    endloop
  endfacet
  facet normal 0 1 -0
    outer loop
      vertex -10.0651 -28 6.18241
      vertex -10.0658 -28 6.19653
      vertex -10.064 -28 6.18259
    endloop
  endfacet
  facet normal 0 1 0
    outer loop
      vertex -10.0651 -28 6.18241
      vertex -10.4693 -28 6.12991
      vertex -10.0658 -28 6.19653
    endloop
  endfacet
  facet normal 0 1 -0
    outer loop
      vertex -10.4666 -28 6.11612
      vertex -10.4693 -28 6.12991
      vertex -10.0651 -28 6.18241
    endloop
  endfacet
  facet normal 0 1 0
    outer loop
      vertex -10.8629 -28 6.02371
      vertex -10.4693 -28 6.12991
      vertex -10.4666 -28 6.11612
    endloop
  endfacet
  facet normal 0 1 0
    outer loop
      vertex -10.4693 -28 6.12991
      vertex -10.8629 -28 6.02371
      vertex -10.8676 -28 6.03704
    endloop
  endfacet
  facet normal 0 1 -0
    outer loop
      vertex -10.864 -28 6.02346
      vertex -10.8676 -28 6.03704
      vertex -10.8629 -28 6.02371
    endloop
  endfacet
  facet normal 0 1 0
    outer loop
      vertex -11.2534 -28 5.90532
      vertex -10.8676 -28 6.03704
      vertex -10.864 -28 6.02346
    endloop
  endfacet
  facet normal 0 1 0
    outer loop
      vertex -10.8676 -28 6.03704
      vertex -11.2534 -28 5.90532
      vertex -11.259 -28 5.91831
    endloop
  endfacet
  facet normal 0 1 -0
    outer loop
      vertex -11.2545 -28 5.905
      vertex -11.259 -28 5.91831
      vertex -11.2534 -28 5.90532
    endloop
  endfacet
  facet normal 0 1 -0
    outer loop
      vertex -11.2555 -28 5.90461
      vertex -11.259 -28 5.91831
      vertex -11.2545 -28 5.905
    endloop
  endfacet
  facet normal 0 1 0
    outer loop
      vertex -11.2555 -28 5.90461
      vertex -11.6418 -28 5.77425
      vertex -11.259 -28 5.91831
    endloop
  endfacet
  facet normal 0 1 -0
    outer loop
      vertex -11.6364 -28 5.76126
      vertex -11.6418 -28 5.77425
      vertex -11.2555 -28 5.90461
    endloop
  endfacet
  facet normal 0 1 0
    outer loop
      vertex -12.0071 -28 5.5933
      vertex -11.6418 -28 5.77425
      vertex -11.6364 -28 5.76126
    endloop
  endfacet
  facet normal 0 1 0
    outer loop
      vertex -11.6418 -28 5.77425
      vertex -12.0071 -28 5.5933
      vertex -12.0143 -28 5.60545
    endloop
  endfacet
  facet normal 0 1 -0
    outer loop
      vertex -12.0081 -28 5.59284
      vertex -12.0143 -28 5.60545
      vertex -12.0071 -28 5.5933
    endloop
  endfacet
  facet normal 0 1 -0
    outer loop
      vertex -12.0091 -28 5.59232
      vertex -12.0143 -28 5.60545
      vertex -12.0081 -28 5.59284
    endloop
  endfacet
  facet normal 0 1 0
    outer loop
      vertex -12.0091 -28 5.59232
      vertex -12.375 -28 5.41266
      vertex -12.0143 -28 5.60545
    endloop
  endfacet
  facet normal 0 1 -0
    outer loop
      vertex -12.368 -28 5.40048
      vertex -12.375 -28 5.41266
      vertex -12.0091 -28 5.59232
    endloop
  endfacet
  facet normal 0 1 -0
    outer loop
      vertex -12.3689 -28 5.39989
      vertex -12.375 -28 5.41266
      vertex -12.368 -28 5.40048
    endloop
  endfacet
  facet normal 0 1 0
    outer loop
      vertex -12.3689 -28 5.39989
      vertex -12.7223 -28 5.19668
      vertex -12.375 -28 5.41266
    endloop
  endfacet
  facet normal 0 1 -0
    outer loop
      vertex -12.7145 -28 5.18499
      vertex -12.7223 -28 5.19668
      vertex -12.3689 -28 5.39989
    endloop
  endfacet
  facet normal 0 1 -0
    outer loop
      vertex -12.7154 -28 5.18435
      vertex -12.7223 -28 5.19668
      vertex -12.7145 -28 5.18499
    endloop
  endfacet
  facet normal 0 1 0
    outer loop
      vertex -12.7154 -28 5.18435
      vertex -13.0548 -28 4.95846
      vertex -12.7223 -28 5.19668
    endloop
  endfacet
  facet normal 0 1 -0
    outer loop
      vertex -13.0462 -28 4.9473
      vertex -13.0548 -28 4.95846
      vertex -12.7154 -28 5.18435
    endloop
  endfacet
  facet normal 0 1 0
    outer loop
      vertex -13.3608 -28 4.68913
      vertex -13.0548 -28 4.95846
      vertex -13.0462 -28 4.9473
    endloop
  endfacet
  facet normal 0 1 0
    outer loop
      vertex -13.0548 -28 4.95846
      vertex -13.3608 -28 4.68913
      vertex -13.3709 -28 4.699
    endloop
  endfacet
  facet normal 0 1 -0
    outer loop
      vertex -13.3616 -28 4.68843
      vertex -13.3709 -28 4.699
      vertex -13.3608 -28 4.68913
    endloop
  endfacet
  facet normal 0 1 0
    outer loop
      vertex -13.6587 -28 4.41024
      vertex -13.3709 -28 4.699
      vertex -13.3616 -28 4.68843
    endloop
  endfacet
  facet normal 0 1 0
    outer loop
      vertex -13.3709 -28 4.699
      vertex -13.6587 -28 4.41024
      vertex -13.6694 -28 4.41942
    endloop
  endfacet
  facet normal 0 1 -0
    outer loop
      vertex -13.6595 -28 4.40948
      vertex -13.6694 -28 4.41942
      vertex -13.6587 -28 4.41024
    endloop
  endfacet
  facet normal 0 1 -0
    outer loop
      vertex -13.6602 -28 4.40866
      vertex -13.6694 -28 4.41942
      vertex -13.6595 -28 4.40948
    endloop
  endfacet
  facet normal 0 1 0
    outer loop
      vertex -13.6602 -28 4.40866
      vertex -13.949 -28 4.12091
      vertex -13.6694 -28 4.41942
    endloop
  endfacet
  facet normal 0 1 -0
    outer loop
      vertex -13.9384 -28 4.11164
      vertex -13.949 -28 4.12091
      vertex -13.6602 -28 4.40866
    endloop
  endfacet
  facet normal 0 1 -0
    outer loop
      vertex -13.9391 -28 4.11078
      vertex -13.949 -28 4.12091
      vertex -13.9384 -28 4.11164
    endloop
  endfacet
  facet normal 0 1 0
    outer loop
      vertex -13.9391 -28 4.11078
      vertex -14.2085 -28 3.80476
      vertex -13.949 -28 4.12091
    endloop
  endfacet
  facet normal 0 1 -0
    outer loop
      vertex -14.1973 -28 3.7962
      vertex -14.2085 -28 3.80476
      vertex -13.9391 -28 4.11078
    endloop
  endfacet
  facet normal 0 1 0
    outer loop
      vertex -14.4343 -28 3.46541
      vertex -14.2085 -28 3.80476
      vertex -14.1973 -28 3.7962
    endloop
  endfacet
  facet normal 0 1 0
    outer loop
      vertex -14.2085 -28 3.80476
      vertex -14.4343 -28 3.46541
      vertex -14.4467 -28 3.47231
    endloop
  endfacet
  facet normal 0 1 -0
    outer loop
      vertex -14.435 -28 3.4645
      vertex -14.4467 -28 3.47231
      vertex -14.4343 -28 3.46541
    endloop
  endfacet
  facet normal 0 1 0
    outer loop
      vertex -14.6499 -28 3.11892
      vertex -14.4467 -28 3.47231
      vertex -14.435 -28 3.4645
    endloop
  endfacet
  facet normal 0 1 0
    outer loop
      vertex -14.4467 -28 3.47231
      vertex -14.6499 -28 3.11892
      vertex -14.6627 -28 3.125
    endloop
  endfacet
  facet normal 0 1 -0
    outer loop
      vertex -14.6505 -28 3.11797
      vertex -14.6627 -28 3.125
      vertex -14.6499 -28 3.11892
    endloop
  endfacet
  facet normal 0 1 0
    outer loop
      vertex -14.8423 -28 2.75907
      vertex -14.6627 -28 3.125
      vertex -14.6505 -28 3.11797
    endloop
  endfacet
  facet normal 0 1 0
    outer loop
      vertex -14.6627 -28 3.125
      vertex -14.8423 -28 2.75907
      vertex -14.8555 -28 2.7643
    endloop
  endfacet
  facet normal 0 1 -0
    outer loop
      vertex -14.8428 -28 2.75809
      vertex -14.8555 -28 2.7643
      vertex -14.8423 -28 2.75907
    endloop
  endfacet
  facet normal 0 1 -0
    outer loop
      vertex -14.8433 -28 2.75707
      vertex -14.8555 -28 2.7643
      vertex -14.8428 -28 2.75809
    endloop
  endfacet
  facet normal 0 1 0
    outer loop
      vertex -14.8433 -28 2.75707
      vertex -15.0242 -28 2.39177
      vertex -14.8555 -28 2.7643
    endloop
  endfacet
  facet normal 0 1 -0
    outer loop
      vertex -15.0113 -28 2.38639
      vertex -15.0242 -28 2.39177
      vertex -14.8433 -28 2.75707
    endloop
  endfacet
  facet normal 0 1 0
    outer loop
      vertex -15.1546 -28 2.00552
      vertex -15.0242 -28 2.39177
      vertex -15.0113 -28 2.38639
    endloop
  endfacet
  facet normal 0 1 0
    outer loop
      vertex -15.0242 -28 2.39177
      vertex -15.1546 -28 2.00552
      vertex -15.1683 -28 2.009
    endloop
  endfacet
  facet normal 0 1 -0
    outer loop
      vertex -15.155 -28 2.00448
      vertex -15.1683 -28 2.009
      vertex -15.1546 -28 2.00552
    endloop
  endfacet
  facet normal 0 1 -0
    outer loop
      vertex -15.1553 -28 2.00341
      vertex -15.1683 -28 2.009
      vertex -15.155 -28 2.00448
    endloop
  endfacet
  facet normal 0 1 0
    outer loop
      vertex -15.1553 -28 2.00341
      vertex -15.287 -28 1.61762
      vertex -15.1683 -28 2.009
    endloop
  endfacet
  facet normal 0 1 -0
    outer loop
      vertex -15.2735 -28 1.61398
      vertex -15.287 -28 1.61762
      vertex -15.1553 -28 2.00341
    endloop
  endfacet
  facet normal 0 1 -0
    outer loop
      vertex -15.2737 -28 1.61289
      vertex -15.287 -28 1.61762
      vertex -15.2735 -28 1.61398
    endloop
  endfacet
  facet normal 0 1 0
    outer loop
      vertex -15.2737 -28 1.61289
      vertex -15.3799 -28 1.21931
      vertex -15.287 -28 1.61762
    endloop
  endfacet
  facet normal 0 1 -0
    outer loop
      vertex -15.3661 -28 1.21657
      vertex -15.3799 -28 1.21931
      vertex -15.2737 -28 1.61289
    endloop
  endfacet
  facet normal 0 1 0
    outer loop
      vertex -15.4324 -28 0.815053
      vertex -15.3799 -28 1.21931
      vertex -15.3661 -28 1.21657
    endloop
  endfacet
  facet normal 0 1 0
    outer loop
      vertex -15.3799 -28 1.21931
      vertex -15.4324 -28 0.815053
      vertex -15.4465 -28 0.815788
    endloop
  endfacet
  facet normal 0 1 -0
    outer loop
      vertex -15.4326 -28 0.813953
      vertex -15.4465 -28 0.815788
      vertex -15.4324 -28 0.815053
    endloop
  endfacet
  facet normal 0 1 -0
    outer loop
      vertex -15.4327 -28 0.812844
      vertex -15.4465 -28 0.815788
      vertex -15.4326 -28 0.813953
    endloop
  endfacet
  facet normal 0 1 0
    outer loop
      vertex -15.4327 -28 0.812844
      vertex -15.4866 -28 0.408769
      vertex -15.4465 -28 0.815788
    endloop
  endfacet
  facet normal 0 1 -0
    outer loop
      vertex -15.4726 -28 0.407849
      vertex -15.4866 -28 0.408769
      vertex -15.4327 -28 0.812844
    endloop
  endfacet
  facet normal 0 1 -0
    outer loop
      vertex -15.4726 -28 0.406735
      vertex -15.4866 -28 0.408769
      vertex -15.4726 -28 0.407849
    endloop
  endfacet
  facet normal 0 1 0
    outer loop
      vertex -15.5 -28 0
      vertex -15.4726 -28 0.406735
      vertex -15.4859 -28 0
    endloop
  endfacet
  facet normal 0 1 0
    outer loop
      vertex -15.4726 -28 0.406735
      vertex -15.5 -28 0
      vertex -15.4866 -28 0.408769
    endloop
  endfacet
  facet normal 0.910856 -0 0.412725
    outer loop
      vertex -3.64455 -46 2.7643
      vertex -3.47575 -28 2.39177
      vertex -3.64455 -28 2.7643
    endloop
  endfacet
  facet normal 0.910856 0 0.412725
    outer loop
      vertex -3.47575 -28 2.39177
      vertex -3.64455 -46 2.7643
      vertex -3.47575 -46 2.39177
    endloop
  endfacet
  facet normal 0.935909 -0 0.352241
    outer loop
      vertex -3.47575 -46 2.39177
      vertex -3.33169 -28 2.009
      vertex -3.47575 -28 2.39177
    endloop
  endfacet
  facet normal 0.935909 0 0.352241
    outer loop
      vertex -3.33169 -28 2.009
      vertex -3.47575 -46 2.39177
      vertex -3.33169 -46 2.009
    endloop
  endfacet
  facet normal 0.812859 -0 0.582461
    outer loop
      vertex -4.29154 -46 3.80476
      vertex -4.05332 -28 3.47231
      vertex -4.29154 -28 3.80476
    endloop
  endfacet
  facet normal 0.812859 0 0.582461
    outer loop
      vertex -4.05332 -28 3.47231
      vertex -4.29154 -46 3.80476
      vertex -4.05332 -46 3.47231
    endloop
  endfacet
  facet normal 0.773008 -0 0.634397
    outer loop
      vertex -4.551 -46 4.12091
      vertex -4.29154 -28 3.80476
      vertex -4.551 -28 4.12091
    endloop
  endfacet
  facet normal 0.773008 0 0.634397
    outer loop
      vertex -4.29154 -28 3.80476
      vertex -4.551 -46 4.12091
      vertex -4.29154 -46 3.80476
    endloop
  endfacet
  facet normal 0.0327148 0 0.999465
    outer loop
      vertex -9.25 -28 6.25
      vertex -8.84123 -46 6.23662
      vertex -8.84123 -28 6.23662
    endloop
  endfacet
  facet normal 0.0327148 0 0.999465
    outer loop
      vertex -8.84123 -46 6.23662
      vertex -9.25 -28 6.25
      vertex -9.25 -46 6.25
    endloop
  endfacet
  facet normal 0.0980221 0 0.995184
    outer loop
      vertex -8.84123 -28 6.23662
      vertex -8.43421 -46 6.19653
      vertex -8.43421 -28 6.19653
    endloop
  endfacet
  facet normal 0.0980221 0 0.995184
    outer loop
      vertex -8.43421 -46 6.19653
      vertex -8.84123 -28 6.23662
      vertex -8.84123 -46 6.23662
    endloop
  endfacet
  facet normal 0.352241 0 0.935909
    outer loop
      vertex -7.241 -28 5.91831
      vertex -6.85823 -46 5.77425
      vertex -6.85823 -28 5.77425
    endloop
  endfacet
  facet normal 0.352241 0 0.935909
    outer loop
      vertex -6.85823 -46 5.77425
      vertex -7.241 -28 5.91831
      vertex -7.241 -46 5.91831
    endloop
  endfacet
  facet normal 0.22707 0 0.973879
    outer loop
      vertex -8.03069 -28 6.12991
      vertex -7.63238 -46 6.03704
      vertex -7.63238 -28 6.03704
    endloop
  endfacet
  facet normal 0.22707 0 0.973879
    outer loop
      vertex -7.63238 -46 6.03704
      vertex -8.03069 -28 6.12991
      vertex -8.03069 -46 6.12991
    endloop
  endfacet
  facet normal 0.528083 0 0.849193
    outer loop
      vertex -6.125 -28 5.41266
      vertex -5.77769 -46 5.19668
      vertex -5.77769 -28 5.19668
    endloop
  endfacet
  facet normal 0.528083 0 0.849193
    outer loop
      vertex -5.77769 -46 5.19668
      vertex -6.125 -28 5.41266
      vertex -6.125 -46 5.41266
    endloop
  endfacet
  facet normal 0.471381 0 0.88193
    outer loop
      vertex -6.4857 -28 5.60545
      vertex -6.125 -46 5.41266
      vertex -6.125 -28 5.41266
    endloop
  endfacet
  facet normal 0.471381 0 0.88193
    outer loop
      vertex -6.125 -46 5.41266
      vertex -6.4857 -28 5.60545
      vertex -6.4857 -46 5.60545
    endloop
  endfacet
  facet normal 0.582461 0 0.812859
    outer loop
      vertex -5.77769 -28 5.19668
      vertex -5.44524 -46 4.95846
      vertex -5.44524 -28 4.95846
    endloop
  endfacet
  facet normal 0.582461 0 0.812859
    outer loop
      vertex -5.44524 -46 4.95846
      vertex -5.77769 -28 5.19668
      vertex -5.77769 -46 5.19668
    endloop
  endfacet
  facet normal -0.999463 0 0.0327638
    outer loop
      vertex -15.5 -46 0
      vertex -15.4866 -28 0.408769
      vertex -15.5 -28 0
    endloop
  endfacet
  facet normal -0.999463 0 0.0327638
    outer loop
      vertex -15.4866 -28 0.408769
      vertex -15.5 -46 0
      vertex -15.4866 -46 0.408769
    endloop
  endfacet
  facet normal -0.995182 0 0.0980465
    outer loop
      vertex -15.4866 -46 0.408769
      vertex -15.4465 -28 0.815788
      vertex -15.4866 -28 0.408769
    endloop
  endfacet
  facet normal -0.995182 0 0.0980465
    outer loop
      vertex -15.4465 -28 0.815788
      vertex -15.4866 -46 0.408769
      vertex -15.4465 -46 0.815788
    endloop
  endfacet
  facet normal -0.973862 0 0.227139
    outer loop
      vertex -15.3799 -46 1.21931
      vertex -15.287 -28 1.61762
      vertex -15.3799 -28 1.21931
    endloop
  endfacet
  facet normal -0.973862 0 0.227139
    outer loop
      vertex -15.287 -28 1.61762
      vertex -15.3799 -46 1.21931
      vertex -15.287 -46 1.61762
    endloop
  endfacet
  facet normal -0.582403 0 0.8129
    outer loop
      vertex -13.0548 -28 4.95846
      vertex -12.7223 -46 5.19668
      vertex -12.7223 -28 5.19668
    endloop
  endfacet
  facet normal -0.582403 0 0.8129
    outer loop
      vertex -12.7223 -46 5.19668
      vertex -13.0548 -28 4.95846
      vertex -13.0548 -46 4.95846
    endloop
  endfacet
  facet normal -0.528094 0 0.849186
    outer loop
      vertex -12.7223 -28 5.19668
      vertex -12.375 -46 5.41266
      vertex -12.375 -28 5.41266
    endloop
  endfacet
  facet normal -0.528094 0 0.849186
    outer loop
      vertex -12.375 -46 5.41266
      vertex -12.7223 -28 5.19668
      vertex -12.7223 -46 5.19668
    endloop
  endfacet
  facet normal -0.634457 0 0.772958
    outer loop
      vertex -13.3709 -28 4.699
      vertex -13.0548 -46 4.95846
      vertex -13.0548 -28 4.95846
    endloop
  endfacet
  facet normal -0.634457 0 0.772958
    outer loop
      vertex -13.0548 -46 4.95846
      vertex -13.3709 -28 4.699
      vertex -13.3709 -46 4.699
    endloop
  endfacet
  facet normal -0.227075 0 0.973877
    outer loop
      vertex -10.8676 -28 6.03704
      vertex -10.4693 -46 6.12991
      vertex -10.4693 -28 6.12991
    endloop
  endfacet
  facet normal -0.227075 0 0.973877
    outer loop
      vertex -10.4693 -46 6.12991
      vertex -10.8676 -28 6.03704
      vertex -10.8676 -46 6.03704
    endloop
  endfacet
  facet normal -0.290285 0 0.95694
    outer loop
      vertex -11.259 -28 5.91831
      vertex -10.8676 -46 6.03704
      vertex -10.8676 -28 6.03704
    endloop
  endfacet
  facet normal -0.290285 0 0.95694
    outer loop
      vertex -10.8676 -46 6.03704
      vertex -11.259 -28 5.91831
      vertex -11.259 -46 5.91831
    endloop
  endfacet
  facet normal -0.0327148 0 0.999465
    outer loop
      vertex -9.65877 -28 6.23662
      vertex -9.25 -46 6.25
      vertex -9.25 -28 6.25
    endloop
  endfacet
  facet normal -0.0327148 0 0.999465
    outer loop
      vertex -9.25 -46 6.25
      vertex -9.65877 -28 6.23662
      vertex -9.65877 -46 6.23662
    endloop
  endfacet
  facet normal -0.0980197 0 0.995184
    outer loop
      vertex -10.0658 -28 6.19653
      vertex -9.65877 -46 6.23662
      vertex -9.65877 -28 6.23662
    endloop
  endfacet
  facet normal -0.0980197 0 0.995184
    outer loop
      vertex -9.65877 -46 6.23662
      vertex -10.0658 -28 6.19653
      vertex -10.0658 -46 6.19653
    endloop
  endfacet
  facet normal 0.973879 -0 0.22707
    outer loop
      vertex -3.21296 -46 1.61762
      vertex -3.12009 -28 1.21931
      vertex -3.21296 -28 1.61762
    endloop
  endfacet
  facet normal 0.973879 0 0.22707
    outer loop
      vertex -3.12009 -28 1.21931
      vertex -3.21296 -46 1.61762
      vertex -3.12009 -46 1.21931
    endloop
  endfacet
  facet normal -0.812882 0 0.582429
    outer loop
      vertex -14.4467 -46 3.47231
      vertex -14.2085 -28 3.80476
      vertex -14.4467 -28 3.47231
    endloop
  endfacet
  facet normal -0.812882 0 0.582429
    outer loop
      vertex -14.2085 -28 3.80476
      vertex -14.4467 -46 3.47231
      vertex -14.2085 -46 3.80476
    endloop
  endfacet
  facet normal 0 -1 0
    outer loop
      vertex -9.65673 -46 6.22262
      vertex -9.25 -46 6.25
      vertex -9.65877 -46 6.23662
    endloop
  endfacet
  facet normal 0 -1 0
    outer loop
      vertex -8.84327 -46 6.22262
      vertex -9.25 -46 6.25
      vertex -9.25 -46 6.23594
    endloop
  endfacet
  facet normal 0 -1 -0
    outer loop
      vertex -9.25 -46 6.25
      vertex -9.65673 -46 6.22262
      vertex -9.25 -46 6.23594
    endloop
  endfacet
  facet normal 0 -1 0
    outer loop
      vertex -9.65877 -46 6.23662
      vertex -9.65785 -46 6.22259
      vertex -9.65673 -46 6.22262
    endloop
  endfacet
  facet normal 0 -1 0
    outer loop
      vertex -10.0628 -46 6.1827
      vertex -9.65877 -46 6.23662
      vertex -10.0658 -46 6.19653
    endloop
  endfacet
  facet normal 0 -1 -0
    outer loop
      vertex -9.65877 -46 6.23662
      vertex -10.0628 -46 6.1827
      vertex -9.65785 -46 6.22259
    endloop
  endfacet
  facet normal 0 -1 0
    outer loop
      vertex -10.0658 -46 6.19653
      vertex -10.064 -46 6.18259
      vertex -10.0628 -46 6.1827
    endloop
  endfacet
  facet normal 0 -1 0
    outer loop
      vertex -10.0658 -46 6.19653
      vertex -10.0651 -46 6.18241
      vertex -10.064 -46 6.18259
    endloop
  endfacet
  facet normal 0 -1 0
    outer loop
      vertex -10.4693 -46 6.12991
      vertex -10.0651 -46 6.18241
      vertex -10.0658 -46 6.19653
    endloop
  endfacet
  facet normal 0 -1 0
    outer loop
      vertex -10.4693 -46 6.12991
      vertex -10.4666 -46 6.11612
      vertex -10.0651 -46 6.18241
    endloop
  endfacet
  facet normal 0 -1 0
    outer loop
      vertex -10.8629 -46 6.02371
      vertex -10.4693 -46 6.12991
      vertex -10.8676 -46 6.03704
    endloop
  endfacet
  facet normal 0 -1 -0
    outer loop
      vertex -10.4693 -46 6.12991
      vertex -10.8629 -46 6.02371
      vertex -10.4666 -46 6.11612
    endloop
  endfacet
  facet normal 0 -1 0
    outer loop
      vertex -10.8676 -46 6.03704
      vertex -10.864 -46 6.02345
      vertex -10.8629 -46 6.02371
    endloop
  endfacet
  facet normal 0 -1 0
    outer loop
      vertex -11.2534 -46 5.90532
      vertex -10.8676 -46 6.03704
      vertex -11.259 -46 5.91831
    endloop
  endfacet
  facet normal 0 -1 -0
    outer loop
      vertex -10.8676 -46 6.03704
      vertex -11.2534 -46 5.90532
      vertex -10.864 -46 6.02345
    endloop
  endfacet
  facet normal 0 -1 0
    outer loop
      vertex -11.259 -46 5.91831
      vertex -11.2545 -46 5.905
      vertex -11.2534 -46 5.90532
    endloop
  endfacet
  facet normal 0 -1 0
    outer loop
      vertex -11.259 -46 5.91831
      vertex -11.2555 -46 5.90461
      vertex -11.2545 -46 5.905
    endloop
  endfacet
  facet normal 0 -1 0
    outer loop
      vertex -11.6418 -46 5.77425
      vertex -11.2555 -46 5.90461
      vertex -11.259 -46 5.91831
    endloop
  endfacet
  facet normal 0 -1 0
    outer loop
      vertex -11.6418 -46 5.77425
      vertex -11.6364 -46 5.76126
      vertex -11.2555 -46 5.90461
    endloop
  endfacet
  facet normal 0 -1 0
    outer loop
      vertex -12.0071 -46 5.5933
      vertex -11.6418 -46 5.77425
      vertex -12.0143 -46 5.60545
    endloop
  endfacet
  facet normal 0 -1 -0
    outer loop
      vertex -11.6418 -46 5.77425
      vertex -12.0071 -46 5.5933
      vertex -11.6364 -46 5.76126
    endloop
  endfacet
  facet normal 0 -1 0
    outer loop
      vertex -12.0143 -46 5.60545
      vertex -12.0081 -46 5.59284
      vertex -12.0071 -46 5.5933
    endloop
  endfacet
  facet normal 0 -1 0
    outer loop
      vertex -12.0143 -46 5.60545
      vertex -12.0091 -46 5.59232
      vertex -12.0081 -46 5.59284
    endloop
  endfacet
  facet normal 0 -1 0
    outer loop
      vertex -12.375 -46 5.41266
      vertex -12.0091 -46 5.59232
      vertex -12.0143 -46 5.60545
    endloop
  endfacet
  facet normal 0 -1 0
    outer loop
      vertex -12.375 -46 5.41266
      vertex -12.368 -46 5.40048
      vertex -12.0091 -46 5.59232
    endloop
  endfacet
  facet normal 0 -1 0
    outer loop
      vertex -12.375 -46 5.41266
      vertex -12.3689 -46 5.39989
      vertex -12.368 -46 5.40048
    endloop
  endfacet
  facet normal 0 -1 0
    outer loop
      vertex -12.7223 -46 5.19668
      vertex -12.3689 -46 5.39989
      vertex -12.375 -46 5.41266
    endloop
  endfacet
  facet normal 0 -1 0
    outer loop
      vertex -12.7223 -46 5.19668
      vertex -12.7145 -46 5.18499
      vertex -12.3689 -46 5.39989
    endloop
  endfacet
  facet normal 0 -1 0
    outer loop
      vertex -12.7223 -46 5.19668
      vertex -12.7154 -46 5.18434
      vertex -12.7145 -46 5.18499
    endloop
  endfacet
  facet normal 0 -1 0
    outer loop
      vertex -13.0548 -46 4.95846
      vertex -12.7154 -46 5.18434
      vertex -12.7223 -46 5.19668
    endloop
  endfacet
  facet normal 0 -1 0
    outer loop
      vertex -13.0548 -46 4.95846
      vertex -13.0462 -46 4.9473
      vertex -12.7154 -46 5.18434
    endloop
  endfacet
  facet normal 0 -1 0
    outer loop
      vertex -13.3608 -46 4.68913
      vertex -13.0548 -46 4.95846
      vertex -13.3709 -46 4.699
    endloop
  endfacet
  facet normal 0 -1 -0
    outer loop
      vertex -13.0548 -46 4.95846
      vertex -13.3608 -46 4.68913
      vertex -13.0462 -46 4.9473
    endloop
  endfacet
  facet normal 0 -1 0
    outer loop
      vertex -13.3709 -46 4.699
      vertex -13.3616 -46 4.68843
      vertex -13.3608 -46 4.68913
    endloop
  endfacet
  facet normal 0 -1 0
    outer loop
      vertex -13.6587 -46 4.41024
      vertex -13.3709 -46 4.699
      vertex -13.6694 -46 4.41942
    endloop
  endfacet
  facet normal 0 -1 -0
    outer loop
      vertex -13.3709 -46 4.699
      vertex -13.6587 -46 4.41024
      vertex -13.3616 -46 4.68843
    endloop
  endfacet
  facet normal 0 -1 0
    outer loop
      vertex -13.6694 -46 4.41942
      vertex -13.6595 -46 4.40947
      vertex -13.6587 -46 4.41024
    endloop
  endfacet
  facet normal 0 -1 0
    outer loop
      vertex -13.6694 -46 4.41942
      vertex -13.6602 -46 4.40866
      vertex -13.6595 -46 4.40947
    endloop
  endfacet
  facet normal 0 -1 0
    outer loop
      vertex -13.949 -46 4.12091
      vertex -13.6602 -46 4.40866
      vertex -13.6694 -46 4.41942
    endloop
  endfacet
  facet normal 0 -1 0
    outer loop
      vertex -13.949 -46 4.12091
      vertex -13.9384 -46 4.11164
      vertex -13.6602 -46 4.40866
    endloop
  endfacet
  facet normal 0 -1 0
    outer loop
      vertex -13.949 -46 4.12091
      vertex -13.9391 -46 4.11078
      vertex -13.9384 -46 4.11164
    endloop
  endfacet
  facet normal 0 -1 0
    outer loop
      vertex -14.2085 -46 3.80476
      vertex -13.9391 -46 4.11078
      vertex -13.949 -46 4.12091
    endloop
  endfacet
  facet normal 0 -1 0
    outer loop
      vertex -14.2085 -46 3.80476
      vertex -14.1973 -46 3.7962
      vertex -13.9391 -46 4.11078
    endloop
  endfacet
  facet normal 0 -1 0
    outer loop
      vertex -14.4343 -46 3.46541
      vertex -14.2085 -46 3.80476
      vertex -14.4467 -46 3.47231
    endloop
  endfacet
  facet normal 0 -1 -0
    outer loop
      vertex -14.2085 -46 3.80476
      vertex -14.4343 -46 3.46541
      vertex -14.1973 -46 3.7962
    endloop
  endfacet
  facet normal 0 -1 0
    outer loop
      vertex -14.4467 -46 3.47231
      vertex -14.435 -46 3.4645
      vertex -14.4343 -46 3.46541
    endloop
  endfacet
  facet normal 0 -1 0
    outer loop
      vertex -14.6499 -46 3.11892
      vertex -14.4467 -46 3.47231
      vertex -14.6627 -46 3.125
    endloop
  endfacet
  facet normal 0 -1 -0
    outer loop
      vertex -14.4467 -46 3.47231
      vertex -14.6499 -46 3.11892
      vertex -14.435 -46 3.4645
    endloop
  endfacet
  facet normal 0 -1 0
    outer loop
      vertex -14.6627 -46 3.125
      vertex -14.6505 -46 3.11797
      vertex -14.6499 -46 3.11892
    endloop
  endfacet
  facet normal 0 -1 0
    outer loop
      vertex -14.8423 -46 2.75907
      vertex -14.6627 -46 3.125
      vertex -14.8555 -46 2.7643
    endloop
  endfacet
  facet normal 0 -1 -0
    outer loop
      vertex -14.6627 -46 3.125
      vertex -14.8423 -46 2.75907
      vertex -14.6505 -46 3.11797
    endloop
  endfacet
  facet normal 0 -1 0
    outer loop
      vertex -14.8555 -46 2.7643
      vertex -14.8428 -46 2.75809
      vertex -14.8423 -46 2.75907
    endloop
  endfacet
  facet normal 0 -1 0
    outer loop
      vertex -14.8555 -46 2.7643
      vertex -14.8433 -46 2.75707
      vertex -14.8428 -46 2.75809
    endloop
  endfacet
  facet normal 0 -1 0
    outer loop
      vertex -15.0242 -46 2.39177
      vertex -14.8433 -46 2.75707
      vertex -14.8555 -46 2.7643
    endloop
  endfacet
  facet normal 0 -1 0
    outer loop
      vertex -15.0242 -46 2.39177
      vertex -15.0113 -46 2.38639
      vertex -14.8433 -46 2.75707
    endloop
  endfacet
  facet normal 0 -1 0
    outer loop
      vertex -15.1546 -46 2.00552
      vertex -15.0242 -46 2.39177
      vertex -15.1683 -46 2.009
    endloop
  endfacet
  facet normal 0 -1 -0
    outer loop
      vertex -15.0242 -46 2.39177
      vertex -15.1546 -46 2.00552
      vertex -15.0113 -46 2.38639
    endloop
  endfacet
  facet normal 0 -1 0
    outer loop
      vertex -15.1683 -46 2.009
      vertex -15.155 -46 2.00448
      vertex -15.1546 -46 2.00552
    endloop
  endfacet
  facet normal 0 -1 0
    outer loop
      vertex -15.1683 -46 2.009
      vertex -15.1553 -46 2.00341
      vertex -15.155 -46 2.00448
    endloop
  endfacet
  facet normal 0 -1 0
    outer loop
      vertex -15.287 -46 1.61762
      vertex -15.1553 -46 2.00341
      vertex -15.1683 -46 2.009
    endloop
  endfacet
  facet normal 0 -1 0
    outer loop
      vertex -15.287 -46 1.61762
      vertex -15.2735 -46 1.61398
      vertex -15.1553 -46 2.00341
    endloop
  endfacet
  facet normal 0 -1 0
    outer loop
      vertex -15.287 -46 1.61762
      vertex -15.2737 -46 1.61289
      vertex -15.2735 -46 1.61398
    endloop
  endfacet
  facet normal 0 -1 0
    outer loop
      vertex -15.3799 -46 1.21931
      vertex -15.2737 -46 1.61289
      vertex -15.287 -46 1.61762
    endloop
  endfacet
  facet normal 0 -1 0
    outer loop
      vertex -15.3799 -46 1.21931
      vertex -15.3661 -46 1.21657
      vertex -15.2737 -46 1.61289
    endloop
  endfacet
  facet normal 0 -1 0
    outer loop
      vertex -15.4324 -46 0.815053
      vertex -15.3799 -46 1.21931
      vertex -15.4465 -46 0.815788
    endloop
  endfacet
  facet normal 0 -1 -0
    outer loop
      vertex -15.3799 -46 1.21931
      vertex -15.4324 -46 0.815053
      vertex -15.3661 -46 1.21657
    endloop
  endfacet
  facet normal 0 -1 0
    outer loop
      vertex -15.4465 -46 0.815788
      vertex -15.4326 -46 0.813953
      vertex -15.4324 -46 0.815053
    endloop
  endfacet
  facet normal 0 -1 0
    outer loop
      vertex -15.4465 -46 0.815788
      vertex -15.4327 -46 0.812844
      vertex -15.4326 -46 0.813953
    endloop
  endfacet
  facet normal 0 -1 0
    outer loop
      vertex -15.4866 -46 0.408769
      vertex -15.4327 -46 0.812844
      vertex -15.4465 -46 0.815788
    endloop
  endfacet
  facet normal 0 -1 0
    outer loop
      vertex -15.4866 -46 0.408769
      vertex -15.4726 -46 0.407849
      vertex -15.4327 -46 0.812844
    endloop
  endfacet
  facet normal 0 -1 0
    outer loop
      vertex -15.4866 -46 0.408769
      vertex -15.4726 -46 0.406735
      vertex -15.4726 -46 0.407849
    endloop
  endfacet
  facet normal 0 -1 0
    outer loop
      vertex -15.5 -46 0
      vertex -15.4726 -46 0.406735
      vertex -15.4866 -46 0.408769
    endloop
  endfacet
  facet normal 0 -1 0
    outer loop
      vertex -15.4726 -46 0.406735
      vertex -15.5 -46 0
      vertex -15.4859 -46 0
    endloop
  endfacet
  facet normal 0 -1 0
    outer loop
      vertex -9.25 -46 6.25
      vertex -8.84327 -46 6.22262
      vertex -8.84123 -46 6.23662
    endloop
  endfacet
  facet normal 0 -1 0
    outer loop
      vertex -8.84215 -46 6.22259
      vertex -8.84123 -46 6.23662
      vertex -8.84327 -46 6.22262
    endloop
  endfacet
  facet normal 0 -1 0
    outer loop
      vertex -8.43716 -46 6.1827
      vertex -8.84123 -46 6.23662
      vertex -8.84215 -46 6.22259
    endloop
  endfacet
  facet normal 0 -1 0
    outer loop
      vertex -8.84123 -46 6.23662
      vertex -8.43716 -46 6.1827
      vertex -8.43421 -46 6.19653
    endloop
  endfacet
  facet normal 0 -1 0
    outer loop
      vertex -8.43605 -46 6.18259
      vertex -8.43421 -46 6.19653
      vertex -8.43716 -46 6.1827
    endloop
  endfacet
  facet normal 0 -1 0
    outer loop
      vertex -8.43495 -46 6.18241
      vertex -8.43421 -46 6.19653
      vertex -8.43605 -46 6.18259
    endloop
  endfacet
  facet normal 0 -1 0
    outer loop
      vertex -8.43495 -46 6.18241
      vertex -8.03069 -46 6.12991
      vertex -8.43421 -46 6.19653
    endloop
  endfacet
  facet normal 0 -1 0
    outer loop
      vertex -8.03343 -46 6.11612
      vertex -8.03069 -46 6.12991
      vertex -8.43495 -46 6.18241
    endloop
  endfacet
  facet normal 0 -1 0
    outer loop
      vertex -7.63711 -46 6.02371
      vertex -8.03069 -46 6.12991
      vertex -8.03343 -46 6.11612
    endloop
  endfacet
  facet normal 0 -1 0
    outer loop
      vertex -8.03069 -46 6.12991
      vertex -7.63711 -46 6.02371
      vertex -7.63238 -46 6.03704
    endloop
  endfacet
  facet normal 0 -1 0
    outer loop
      vertex -7.63602 -46 6.02345
      vertex -7.63238 -46 6.03704
      vertex -7.63711 -46 6.02371
    endloop
  endfacet
  facet normal 0 -1 0
    outer loop
      vertex -7.24659 -46 5.90532
      vertex -7.63238 -46 6.03704
      vertex -7.63602 -46 6.02345
    endloop
  endfacet
  facet normal 0 -1 0
    outer loop
      vertex -7.63238 -46 6.03704
      vertex -7.24659 -46 5.90532
      vertex -7.241 -46 5.91831
    endloop
  endfacet
  facet normal 0 -1 0
    outer loop
      vertex -7.24552 -46 5.905
      vertex -7.241 -46 5.91831
      vertex -7.24659 -46 5.90532
    endloop
  endfacet
  facet normal 0 -1 0
    outer loop
      vertex -7.24448 -46 5.90461
      vertex -7.241 -46 5.91831
      vertex -7.24552 -46 5.905
    endloop
  endfacet
  facet normal 0 -1 0
    outer loop
      vertex -7.24448 -46 5.90461
      vertex -6.85823 -46 5.77425
      vertex -7.241 -46 5.91831
    endloop
  endfacet
  facet normal 0 -1 0
    outer loop
      vertex -6.86361 -46 5.76126
      vertex -6.85823 -46 5.77425
      vertex -7.24448 -46 5.90461
    endloop
  endfacet
  facet normal 0 -1 0
    outer loop
      vertex -6.49293 -46 5.5933
      vertex -6.85823 -46 5.77425
      vertex -6.86361 -46 5.76126
    endloop
  endfacet
  facet normal 0 -1 0
    outer loop
      vertex -6.85823 -46 5.77425
      vertex -6.49293 -46 5.5933
      vertex -6.4857 -46 5.60545
    endloop
  endfacet
  facet normal 0 -1 0
    outer loop
      vertex -6.49191 -46 5.59284
      vertex -6.4857 -46 5.60545
      vertex -6.49293 -46 5.5933
    endloop
  endfacet
  facet normal 0 -1 0
    outer loop
      vertex -6.49093 -46 5.59232
      vertex -6.4857 -46 5.60545
      vertex -6.49191 -46 5.59284
    endloop
  endfacet
  facet normal 0 -1 0
    outer loop
      vertex -6.49093 -46 5.59232
      vertex -6.125 -46 5.41266
      vertex -6.4857 -46 5.60545
    endloop
  endfacet
  facet normal 0 -1 0
    outer loop
      vertex -6.13203 -46 5.40048
      vertex -6.125 -46 5.41266
      vertex -6.49093 -46 5.59232
    endloop
  endfacet
  facet normal 0 -1 0
    outer loop
      vertex -6.13108 -46 5.39989
      vertex -6.125 -46 5.41266
      vertex -6.13203 -46 5.40048
    endloop
  endfacet
  facet normal 0 -1 0
    outer loop
      vertex -6.13108 -46 5.39989
      vertex -5.77769 -46 5.19668
      vertex -6.125 -46 5.41266
    endloop
  endfacet
  facet normal 0 -1 0
    outer loop
      vertex -5.7855 -46 5.18499
      vertex -5.77769 -46 5.19668
      vertex -6.13108 -46 5.39989
    endloop
  endfacet
  facet normal 0 -1 0
    outer loop
      vertex -5.78459 -46 5.18434
      vertex -5.77769 -46 5.19668
      vertex -5.7855 -46 5.18499
    endloop
  endfacet
  facet normal 0 -1 0
    outer loop
      vertex -5.78459 -46 5.18434
      vertex -5.44524 -46 4.95846
      vertex -5.77769 -46 5.19668
    endloop
  endfacet
  facet normal 0 -1 0
    outer loop
      vertex -5.4538 -46 4.9473
      vertex -5.44524 -46 4.95846
      vertex -5.78459 -46 5.18434
    endloop
  endfacet
  facet normal 0 -1 0
    outer loop
      vertex -5.13922 -46 4.68913
      vertex -5.44524 -46 4.95846
      vertex -5.4538 -46 4.9473
    endloop
  endfacet
  facet normal 0 -1 0
    outer loop
      vertex -5.44524 -46 4.95846
      vertex -5.13922 -46 4.68913
      vertex -5.12909 -46 4.699
    endloop
  endfacet
  facet normal 0 -1 0
    outer loop
      vertex -5.13836 -46 4.68843
      vertex -5.12909 -46 4.699
      vertex -5.13922 -46 4.68913
    endloop
  endfacet
  facet normal 0 -1 0
    outer loop
      vertex -4.84134 -46 4.41024
      vertex -5.12909 -46 4.699
      vertex -5.13836 -46 4.68843
    endloop
  endfacet
  facet normal 0 -1 0
    outer loop
      vertex -5.12909 -46 4.699
      vertex -4.84134 -46 4.41024
      vertex -4.83058 -46 4.41942
    endloop
  endfacet
  facet normal 0 -1 0
    outer loop
      vertex -4.84053 -46 4.40947
      vertex -4.83058 -46 4.41942
      vertex -4.84134 -46 4.41024
    endloop
  endfacet
  facet normal 0 -1 0
    outer loop
      vertex -4.83976 -46 4.40866
      vertex -4.83058 -46 4.41942
      vertex -4.84053 -46 4.40947
    endloop
  endfacet
  facet normal 0 -1 0
    outer loop
      vertex -4.83976 -46 4.40866
      vertex -4.551 -46 4.12091
      vertex -4.83058 -46 4.41942
    endloop
  endfacet
  facet normal 0 -1 0
    outer loop
      vertex -4.56157 -46 4.11164
      vertex -4.551 -46 4.12091
      vertex -4.83976 -46 4.40866
    endloop
  endfacet
  facet normal 0 -1 0
    outer loop
      vertex -4.56087 -46 4.11078
      vertex -4.551 -46 4.12091
      vertex -4.56157 -46 4.11164
    endloop
  endfacet
  facet normal 0 -1 0
    outer loop
      vertex -4.56087 -46 4.11078
      vertex -4.29154 -46 3.80476
      vertex -4.551 -46 4.12091
    endloop
  endfacet
  facet normal 0 -1 0
    outer loop
      vertex -4.3027 -46 3.7962
      vertex -4.29154 -46 3.80476
      vertex -4.56087 -46 4.11078
    endloop
  endfacet
  facet normal 0 -1 0
    outer loop
      vertex -4.06566 -46 3.46541
      vertex -4.29154 -46 3.80476
      vertex -4.3027 -46 3.7962
    endloop
  endfacet
  facet normal 0 -1 0
    outer loop
      vertex -4.29154 -46 3.80476
      vertex -4.06566 -46 3.46541
      vertex -4.05332 -46 3.47231
    endloop
  endfacet
  facet normal 0 -1 0
    outer loop
      vertex -4.06501 -46 3.4645
      vertex -4.05332 -46 3.47231
      vertex -4.06566 -46 3.46541
    endloop
  endfacet
  facet normal 0 -1 0
    outer loop
      vertex -3.85011 -46 3.11892
      vertex -4.05332 -46 3.47231
      vertex -4.06501 -46 3.4645
    endloop
  endfacet
  facet normal 0 -1 0
    outer loop
      vertex -4.05332 -46 3.47231
      vertex -3.85011 -46 3.11892
      vertex -3.83734 -46 3.125
    endloop
  endfacet
  facet normal 0 -1 0
    outer loop
      vertex -3.84952 -46 3.11797
      vertex -3.83734 -46 3.125
      vertex -3.85011 -46 3.11892
    endloop
  endfacet
  facet normal 0 -1 0
    outer loop
      vertex -3.65768 -46 2.75907
      vertex -3.83734 -46 3.125
      vertex -3.84952 -46 3.11797
    endloop
  endfacet
  facet normal 0 -1 0
    outer loop
      vertex -3.83734 -46 3.125
      vertex -3.65768 -46 2.75907
      vertex -3.64455 -46 2.7643
    endloop
  endfacet
  facet normal 0 -1 0
    outer loop
      vertex -3.65716 -46 2.75809
      vertex -3.64455 -46 2.7643
      vertex -3.65768 -46 2.75907
    endloop
  endfacet
  facet normal 0 -1 0
    outer loop
      vertex -3.6567 -46 2.75707
      vertex -3.64455 -46 2.7643
      vertex -3.65716 -46 2.75809
    endloop
  endfacet
  facet normal 0 -1 0
    outer loop
      vertex -3.6567 -46 2.75707
      vertex -3.47575 -46 2.39177
      vertex -3.64455 -46 2.7643
    endloop
  endfacet
  facet normal 0 -1 0
    outer loop
      vertex -3.48874 -46 2.38639
      vertex -3.47575 -46 2.39177
      vertex -3.6567 -46 2.75707
    endloop
  endfacet
  facet normal 0 -1 0
    outer loop
      vertex -3.34539 -46 2.00552
      vertex -3.47575 -46 2.39177
      vertex -3.48874 -46 2.38639
    endloop
  endfacet
  facet normal 0 -1 0
    outer loop
      vertex -3.47575 -46 2.39177
      vertex -3.34539 -46 2.00552
      vertex -3.33169 -46 2.009
    endloop
  endfacet
  facet normal 0 -1 0
    outer loop
      vertex -3.345 -46 2.00448
      vertex -3.33169 -46 2.009
      vertex -3.34539 -46 2.00552
    endloop
  endfacet
  facet normal 0 -1 0
    outer loop
      vertex -3.34468 -46 2.00341
      vertex -3.33169 -46 2.009
      vertex -3.345 -46 2.00448
    endloop
  endfacet
  facet normal 0 -1 0
    outer loop
      vertex -3.34468 -46 2.00341
      vertex -3.21296 -46 1.61762
      vertex -3.33169 -46 2.009
    endloop
  endfacet
  facet normal 0 -1 0
    outer loop
      vertex -3.22655 -46 1.61398
      vertex -3.21296 -46 1.61762
      vertex -3.34468 -46 2.00341
    endloop
  endfacet
  facet normal 0 -1 0
    outer loop
      vertex -3.22629 -46 1.61289
      vertex -3.21296 -46 1.61762
      vertex -3.22655 -46 1.61398
    endloop
  endfacet
  facet normal 0 -1 0
    outer loop
      vertex -3.22629 -46 1.61289
      vertex -3.12009 -46 1.21931
      vertex -3.21296 -46 1.61762
    endloop
  endfacet
  facet normal 0 -1 0
    outer loop
      vertex -3.13388 -46 1.21657
      vertex -3.12009 -46 1.21931
      vertex -3.22629 -46 1.61289
    endloop
  endfacet
  facet normal 0 -1 0
    outer loop
      vertex -3.06759 -46 0.815053
      vertex -3.12009 -46 1.21931
      vertex -3.13388 -46 1.21657
    endloop
  endfacet
  facet normal 0 -1 0
    outer loop
      vertex -3.12009 -46 1.21931
      vertex -3.06759 -46 0.815053
      vertex -3.05347 -46 0.815788
    endloop
  endfacet
  facet normal 0 -1 0
    outer loop
      vertex -3.06741 -46 0.813953
      vertex -3.05347 -46 0.815788
      vertex -3.06759 -46 0.815053
    endloop
  endfacet
  facet normal 0 -1 0
    outer loop
      vertex -3.0673 -46 0.812844
      vertex -3.05347 -46 0.815788
      vertex -3.06741 -46 0.813953
    endloop
  endfacet
  facet normal 0 -1 0
    outer loop
      vertex -3.0673 -46 0.812844
      vertex -3.01338 -46 0.408769
      vertex -3.05347 -46 0.815788
    endloop
  endfacet
  facet normal 0 -1 0
    outer loop
      vertex -3.02741 -46 0.407849
      vertex -3.01338 -46 0.408769
      vertex -3.0673 -46 0.812844
    endloop
  endfacet
  facet normal 0 -1 0
    outer loop
      vertex -3.02738 -46 0.406735
      vertex -3.01338 -46 0.408769
      vertex -3.02741 -46 0.407849
    endloop
  endfacet
  facet normal 0 -1 0
    outer loop
      vertex -3 -46 0
      vertex -3.02738 -46 0.406735
      vertex -3.01406 -46 0
    endloop
  endfacet
  facet normal 0 -1 0
    outer loop
      vertex -3.02738 -46 0.406735
      vertex -3 -46 0
      vertex -3.01338 -46 0.408769
    endloop
  endfacet
  facet normal -0.91083 0 0.412781
    outer loop
      vertex -13.6456 -27.0143 2.04401
      vertex -13.7308 -18 1.85601
      vertex -13.7308 -27.0143 1.85601
    endloop
  endfacet
  facet normal -0.910846 -8.62631e-07 0.412746
    outer loop
      vertex -13.7308 -18 1.85601
      vertex -13.6456 -27.0143 2.04401
      vertex -13.5998 -18 2.1451
    endloop
  endfacet
  facet normal -0.910875 0 0.412682
    outer loop
      vertex -13.5998 -18 2.1451
      vertex -13.6456 -27.0143 2.04401
      vertex -13.5998 -27.0143 2.1451
    endloop
  endfacet
  facet normal 0.973878 0 0.22707
    outer loop
      vertex -4.54006 -27.0143 1.14719
      vertex -4.56526 -18 1.25527
      vertex -4.56526 -27.0143 1.25527
    endloop
  endfacet
  facet normal 0.973877 -1.00476e-07 0.227078
    outer loop
      vertex -4.56526 -18 1.25527
      vertex -4.54006 -27.0143 1.14719
      vertex -4.50208 -18 0.984308
    endloop
  endfacet
  facet normal 0.973875 0 0.227083
    outer loop
      vertex -4.50208 -18 0.984308
      vertex -4.54006 -27.0143 1.14719
      vertex -4.50208 -27.0143 0.984308
    endloop
  endfacet
  facet normal 0.956929 0 0.290322
    outer loop
      vertex -4.62517 -27.0143 1.45278
      vertex -4.65739 -18 1.55898
      vertex -4.65739 -27.0143 1.55898
    endloop
  endfacet
  facet normal 0.95694 4.64955e-07 0.290286
    outer loop
      vertex -4.65739 -18 1.55898
      vertex -4.62517 -27.0143 1.45278
      vertex -4.56526 -18 1.25527
    endloop
  endfacet
  facet normal 0.956946 -0 0.290267
    outer loop
      vertex -4.56526 -27.0143 1.25527
      vertex -4.56526 -18 1.25527
      vertex -4.62517 -27.0143 1.45278
    endloop
  endfacet
  facet normal 0.528095 0 0.849185
    outer loop
      vertex -6.58873 -18 4.0533
      vertex -6.73075 -27.0143 4.14162
      vertex -6.58873 -27.0143 4.0533
    endloop
  endfacet
  facet normal 0.528062 7.12918e-07 0.849206
    outer loop
      vertex -6.825 -18 4.20022
      vertex -6.73075 -27.0143 4.14162
      vertex -6.58873 -18 4.0533
    endloop
  endfacet
  facet normal 0.528013 0 0.849236
    outer loop
      vertex -6.73075 -27.0143 4.14162
      vertex -6.825 -18 4.20022
      vertex -6.825 -27.0143 4.20022
    endloop
  endfacet
  facet normal -0.29028 0 0.956942
    outer loop
      vertex -10.5053 -18 4.68474
      vertex -10.7028 -27.0143 4.62483
      vertex -10.5053 -27.0143 4.68474
    endloop
  endfacet
  facet normal -0.290295 3.52344e-07 0.956937
    outer loop
      vertex -10.809 -18 4.59261
      vertex -10.7028 -27.0143 4.62483
      vertex -10.5053 -18 4.68474
    endloop
  endfacet
  facet normal -0.290322 0 0.956929
    outer loop
      vertex -10.7028 -27.0143 4.62483
      vertex -10.809 -18 4.59261
      vertex -10.809 -27.0143 4.59261
    endloop
  endfacet
  facet normal 0.910841 0 0.412757
    outer loop
      vertex -4.85436 -27.0143 2.04401
      vertex -4.90017 -18 2.1451
      vertex -4.90017 -27.0143 2.1451
    endloop
  endfacet
  facet normal 0.91087 8.54509e-07 0.412694
    outer loop
      vertex -4.90017 -18 2.1451
      vertex -4.85436 -27.0143 2.04401
      vertex -4.76919 -18 1.85601
    endloop
  endfacet
  facet normal 0.910885 -0 0.41266
    outer loop
      vertex -4.76919 -27.0143 1.85601
      vertex -4.76919 -18 1.85601
      vertex -4.85436 -27.0143 2.04401
    endloop
  endfacet
  facet normal 0.849185 0 0.528095
    outer loop
      vertex -5.10838 -27.0143 2.51925
      vertex -5.1967 -18 2.66127
      vertex -5.1967 -27.0143 2.66127
    endloop
  endfacet
  facet normal 0.849206 7.12918e-07 0.528062
    outer loop
      vertex -5.1967 -18 2.66127
      vertex -5.10838 -27.0143 2.51925
      vertex -5.04978 -18 2.425
    endloop
  endfacet
  facet normal 0.849236 -0 0.528013
    outer loop
      vertex -5.04978 -27.0143 2.425
      vertex -5.04978 -18 2.425
      vertex -5.10838 -27.0143 2.51925
    endloop
  endfacet
  facet normal 0.412757 0 0.910841
    outer loop
      vertex -7.1049 -18 4.34983
      vertex -7.20599 -27.0143 4.39564
      vertex -7.1049 -27.0143 4.34983
    endloop
  endfacet
  facet normal 0.412694 8.54509e-07 0.91087
    outer loop
      vertex -7.39399 -18 4.48081
      vertex -7.20599 -27.0143 4.39564
      vertex -7.1049 -18 4.34983
    endloop
  endfacet
  facet normal 0.41266 0 0.910885
    outer loop
      vertex -7.20599 -27.0143 4.39564
      vertex -7.39399 -18 4.48081
      vertex -7.39399 -27.0143 4.48081
    endloop
  endfacet
  facet normal 0.22707 0 0.973878
    outer loop
      vertex -7.99473 -18 4.68474
      vertex -8.10281 -27.0143 4.70994
      vertex -7.99473 -27.0143 4.68474
    endloop
  endfacet
  facet normal 0.22708 -1.20573e-07 0.973876
    outer loop
      vertex -8.26569 -18 4.74792
      vertex -8.10281 -27.0143 4.70994
      vertex -7.99473 -18 4.68474
    endloop
  endfacet
  facet normal 0.227086 0 0.973875
    outer loop
      vertex -8.10281 -27.0143 4.70994
      vertex -8.26569 -18 4.74792
      vertex -8.26569 -27.0143 4.74792
    endloop
  endfacet
  facet normal -0.973849 0 0.227197
    outer loop
      vertex -13.9599 -27.0143 1.14719
      vertex -13.9979 -18 0.984308
      vertex -13.9979 -27.0143 0.984308
    endloop
  endfacet
  facet normal -0.973861 -9.62325e-07 0.227146
    outer loop
      vertex -13.9979 -18 0.984308
      vertex -13.9599 -27.0143 1.14719
      vertex -13.9347 -18 1.25527
    endloop
  endfacet
  facet normal -0.973878 0 0.22707
    outer loop
      vertex -13.9347 -18 1.25527
      vertex -13.9599 -27.0143 1.14719
      vertex -13.9347 -27.0143 1.25527
    endloop
  endfacet
  facet normal -0.881988 0 0.471271
    outer loop
      vertex -13.5475 -27.0143 2.24298
      vertex -13.5998 -18 2.1451
      vertex -13.5998 -27.0143 2.1451
    endloop
  endfacet
  facet normal -0.881934 1.42544e-06 0.471373
    outer loop
      vertex -13.5998 -18 2.1451
      vertex -13.5475 -27.0143 2.24298
      vertex -13.4502 -18 2.425
    endloop
  endfacet
  facet normal -0.881905 0 0.471428
    outer loop
      vertex -13.4502 -18 2.425
      vertex -13.5475 -27.0143 2.24298
      vertex -13.4502 -27.0143 2.425
    endloop
  endfacet
  facet normal -0.22706 0 0.973881
    outer loop
      vertex -10.2343 -18 4.74792
      vertex -10.3972 -27.0143 4.70994
      vertex -10.2343 -27.0143 4.74792
    endloop
  endfacet
  facet normal -0.227048 -2.22454e-07 0.973884
    outer loop
      vertex -10.5053 -18 4.68474
      vertex -10.3972 -27.0143 4.70994
      vertex -10.2343 -18 4.74792
    endloop
  endfacet
  facet normal -0.22703 0 0.973888
    outer loop
      vertex -10.3972 -27.0143 4.70994
      vertex -10.5053 -18 4.68474
      vertex -10.5053 -27.0143 4.68474
    endloop
  endfacet
  facet normal -0.41266 0 0.910885
    outer loop
      vertex -11.106 -18 4.48081
      vertex -11.294 -27.0143 4.39564
      vertex -11.106 -27.0143 4.48081
    endloop
  endfacet
  facet normal -0.412682 5.56794e-07 0.910875
    outer loop
      vertex -11.3951 -18 4.34983
      vertex -11.294 -27.0143 4.39564
      vertex -11.106 -18 4.48081
    endloop
  endfacet
  facet normal -0.412723 0 0.910856
    outer loop
      vertex -11.294 -27.0143 4.39564
      vertex -11.3951 -18 4.34983
      vertex -11.3951 -27.0143 4.34983
    endloop
  endfacet
  facet normal 0.93589 0 0.352291
    outer loop
      vertex -4.69648 -27.0143 1.66285
      vertex -4.76919 -18 1.85601
      vertex -4.76919 -27.0143 1.85601
    endloop
  endfacet
  facet normal 0.9359 6.16344e-07 0.352266
    outer loop
      vertex -4.76919 -18 1.85601
      vertex -4.69648 -27.0143 1.66285
      vertex -4.65739 -18 1.55898
    endloop
  endfacet
  facet normal 0.935918 0 0.352219
    outer loop
      vertex -4.65739 -18 1.55898
      vertex -4.69648 -27.0143 1.66285
      vertex -4.65739 -27.0143 1.55898
    endloop
  endfacet
  facet normal 0.881905 0 0.471428
    outer loop
      vertex -4.95248 -27.0143 2.24298
      vertex -5.04978 -18 2.425
      vertex -5.04978 -27.0143 2.425
    endloop
  endfacet
  facet normal 0.881921 7.89187e-07 0.471398
    outer loop
      vertex -5.04978 -18 2.425
      vertex -4.95248 -27.0143 2.24298
      vertex -4.90017 -18 2.1451
    endloop
  endfacet
  facet normal 0.881951 0 0.471341
    outer loop
      vertex -4.90017 -18 2.1451
      vertex -4.95248 -27.0143 2.24298
      vertex -4.90017 -27.0143 2.1451
    endloop
  endfacet
  facet normal 0.471428 0 0.881905
    outer loop
      vertex -6.825 -18 4.20022
      vertex -7.00702 -27.0143 4.29752
      vertex -6.825 -27.0143 4.20022
    endloop
  endfacet
  facet normal 0.471398 7.89187e-07 0.881921
    outer loop
      vertex -7.1049 -18 4.34983
      vertex -7.00702 -27.0143 4.29752
      vertex -6.825 -18 4.20022
    endloop
  endfacet
  facet normal 0.471341 0 0.881951
    outer loop
      vertex -7.00702 -27.0143 4.29752
      vertex -7.1049 -18 4.34983
      vertex -7.1049 -27.0143 4.34983
    endloop
  endfacet
  facet normal 0.290322 0 0.956929
    outer loop
      vertex -7.69102 -18 4.59261
      vertex -7.79722 -27.0143 4.62483
      vertex -7.69102 -27.0143 4.59261
    endloop
  endfacet
  facet normal 0.290286 4.64955e-07 0.95694
    outer loop
      vertex -7.99473 -18 4.68474
      vertex -7.79722 -27.0143 4.62483
      vertex -7.69102 -18 4.59261
    endloop
  endfacet
  facet normal 0.290267 0 0.956946
    outer loop
      vertex -7.79722 -27.0143 4.62483
      vertex -7.99473 -18 4.68474
      vertex -7.99473 -27.0143 4.68474
    endloop
  endfacet
  facet normal -0.935888 0 0.352298
    outer loop
      vertex -13.8035 -27.0143 1.66285
      vertex -13.8426 -18 1.55898
      vertex -13.8426 -27.0143 1.55898
    endloop
  endfacet
  facet normal -0.9359 -4.21895e-07 0.352266
    outer loop
      vertex -13.8426 -18 1.55898
      vertex -13.8035 -27.0143 1.66285
      vertex -13.7308 -18 1.85601
    endloop
  endfacet
  facet normal -0.935906 0 0.352249
    outer loop
      vertex -13.7308 -18 1.85601
      vertex -13.8035 -27.0143 1.66285
      vertex -13.7308 -27.0143 1.85601
    endloop
  endfacet
  facet normal -0.956959 0 0.290223
    outer loop
      vertex -13.8748 -27.0143 1.45278
      vertex -13.9347 -18 1.25527
      vertex -13.9347 -27.0143 1.25527
    endloop
  endfacet
  facet normal -0.956966 -5.44594e-07 0.2902
    outer loop
      vertex -13.9347 -18 1.25527
      vertex -13.8748 -27.0143 1.45278
      vertex -13.8426 -18 1.55898
    endloop
  endfacet
  facet normal -0.956979 0 0.290157
    outer loop
      vertex -13.8426 -27.0143 1.55898
      vertex -13.8426 -18 1.55898
      vertex -13.8748 -27.0143 1.45278
    endloop
  endfacet
  facet normal -0.849236 0 0.528013
    outer loop
      vertex -13.3916 -27.0143 2.51925
      vertex -13.4502 -18 2.425
      vertex -13.4502 -27.0143 2.425
    endloop
  endfacet
  facet normal -0.849238 -3.86777e-08 0.52801
    outer loop
      vertex -13.4502 -18 2.425
      vertex -13.3916 -27.0143 2.51925
      vertex -13.3033 -18 2.66127
    endloop
  endfacet
  facet normal -0.849239 0 0.528009
    outer loop
      vertex -13.3033 -18 2.66127
      vertex -13.3916 -27.0143 2.51925
      vertex -13.3033 -27.0143 2.66127
    endloop
  endfacet
  facet normal -0.352427 0 0.935839
    outer loop
      vertex -10.809 -18 4.59261
      vertex -10.9128 -27.0143 4.55352
      vertex -10.809 -27.0143 4.59261
    endloop
  endfacet
  facet normal -0.352297 -1.7094e-06 0.935888
    outer loop
      vertex -11.106 -18 4.48081
      vertex -10.9128 -27.0143 4.55352
      vertex -10.809 -18 4.59261
    endloop
  endfacet
  facet normal -0.352227 0 0.935914
    outer loop
      vertex -10.9128 -27.0143 4.55352
      vertex -11.106 -18 4.48081
      vertex -11.106 -27.0143 4.48081
    endloop
  endfacet
  facet normal -0.471266 0 0.881991
    outer loop
      vertex -11.3951 -18 4.34983
      vertex -11.493 -27.0143 4.29752
      vertex -11.3951 -27.0143 4.34983
    endloop
  endfacet
  facet normal -0.471398 1.83508e-06 0.881921
    outer loop
      vertex -11.675 -18 4.20022
      vertex -11.493 -27.0143 4.29752
      vertex -11.3951 -18 4.34983
    endloop
  endfacet
  facet normal -0.471468 0 0.881883
    outer loop
      vertex -11.493 -27.0143 4.29752
      vertex -11.675 -18 4.20022
      vertex -11.675 -27.0143 4.20022
    endloop
  endfacet
  facet normal -0.528215 0 0.849111
    outer loop
      vertex -11.675 -18 4.20022
      vertex -11.7692 -27.0143 4.14162
      vertex -11.675 -27.0143 4.20022
    endloop
  endfacet
  facet normal -0.528014 -2.9168e-06 0.849236
    outer loop
      vertex -11.9113 -18 4.0533
      vertex -11.7692 -27.0143 4.14162
      vertex -11.675 -18 4.20022
    endloop
  endfacet
  facet normal -0.527881 0 0.849319
    outer loop
      vertex -11.7692 -27.0143 4.14162
      vertex -11.9113 -18 4.0533
      vertex -11.9113 -27.0143 4.0533
    endloop
  endfacet
  facet normal 0 1 0
    outer loop
      vertex -10.2312 -18 4.57562
      vertex -10.5053 -18 4.68474
      vertex -10.2343 -18 4.74792
    endloop
  endfacet
  facet normal 0 1 0
    outer loop
      vertex -10.5053 -18 4.68474
      vertex -10.2312 -18 4.57562
      vertex -10.809 -18 4.59261
    endloop
  endfacet
  facet normal 0 1 0
    outer loop
      vertex -10.1361 -18 3.30708
      vertex -10.809 -18 4.59261
      vertex -10.2312 -18 4.57562
    endloop
  endfacet
  facet normal 0 1 0
    outer loop
      vertex -10.809 -18 4.59261
      vertex -10.5602 -18 3.16313
      vertex -11.106 -18 4.48081
    endloop
  endfacet
  facet normal 0 1 0
    outer loop
      vertex -11.106 -18 4.48081
      vertex -10.5602 -18 3.16313
      vertex -11.3951 -18 4.34983
    endloop
  endfacet
  facet normal 0 1 -0
    outer loop
      vertex -10.9619 -18 2.96504
      vertex -11.3951 -18 4.34983
      vertex -10.5602 -18 3.16313
    endloop
  endfacet
  facet normal 0 1 0
    outer loop
      vertex -11.675 -18 4.20022
      vertex -11.7916 -18 3.92929
      vertex -11.9113 -18 4.0533
    endloop
  endfacet
  facet normal 0 1 -0
    outer loop
      vertex -10.1361 -18 3.30708
      vertex -10.2312 -18 4.57562
      vertex -9.96645 -18 3.34084
    endloop
  endfacet
  facet normal 0 1 0
    outer loop
      vertex -10.809 -18 4.59261
      vertex -10.1361 -18 3.30708
      vertex -10.5602 -18 3.16313
    endloop
  endfacet
  facet normal 0 1 0
    outer loop
      vertex -11.3951 -18 4.34983
      vertex -11.7916 -18 3.92929
      vertex -11.675 -18 4.20022
    endloop
  endfacet
  facet normal 0 1 0
    outer loop
      vertex -11.3951 -18 4.34983
      vertex -10.9619 -18 2.96504
      vertex -11.7916 -18 3.92929
    endloop
  endfacet
  facet normal 0 1 0
    outer loop
      vertex -11.7916 -18 3.92929
      vertex -10.9619 -18 2.96504
      vertex -11.1057 -18 2.86893
    endloop
  endfacet
  facet normal 0 1 0
    outer loop
      vertex -5.04978 -18 2.425
      vertex -5.32071 -18 2.5416
      vertex -5.1967 -18 2.66127
    endloop
  endfacet
  facet normal 0 1 0
    outer loop
      vertex -4.90017 -18 2.1451
      vertex -5.32071 -18 2.5416
      vertex -5.04978 -18 2.425
    endloop
  endfacet
  facet normal 0 1 0
    outer loop
      vertex -6.08687 -18 1.31021
      vertex -4.90017 -18 2.1451
      vertex -4.76919 -18 1.85601
    endloop
  endfacet
  facet normal -0 1 0
    outer loop
      vertex -6.28496 -18 1.71187
      vertex -4.90017 -18 2.1451
      vertex -6.08687 -18 1.31021
    endloop
  endfacet
  facet normal 0 1 0
    outer loop
      vertex -5.32071 -18 2.5416
      vertex -6.28496 -18 1.71187
      vertex -6.38107 -18 1.85571
    endloop
  endfacet
  facet normal 0 1 0
    outer loop
      vertex -6.08687 -18 1.31021
      vertex -4.76919 -18 1.85601
      vertex -4.65739 -18 1.55898
    endloop
  endfacet
  facet normal 0 1 0
    outer loop
      vertex -4.90017 -18 2.1451
      vertex -6.28496 -18 1.71187
      vertex -5.32071 -18 2.5416
    endloop
  endfacet
  facet normal 0 1 0
    outer loop
      vertex -4.67438 -18 0.981247
      vertex -4.65739 -18 1.55898
      vertex -4.56526 -18 1.25527
    endloop
  endfacet
  facet normal 0 1 0
    outer loop
      vertex -4.67438 -18 0.981247
      vertex -4.56526 -18 1.25527
      vertex -4.50208 -18 0.984308
    endloop
  endfacet
  facet normal 0 1 0
    outer loop
      vertex -5.94292 -18 0.886124
      vertex -4.65739 -18 1.55898
      vertex -4.67438 -18 0.981247
    endloop
  endfacet
  facet normal 0 1 0
    outer loop
      vertex -4.65739 -18 1.55898
      vertex -5.94292 -18 0.886124
      vertex -6.08687 -18 1.31021
    endloop
  endfacet
  facet normal -0 1 0
    outer loop
      vertex -5.94292 -18 0.886124
      vertex -4.67438 -18 0.981247
      vertex -5.90916 -18 0.716446
    endloop
  endfacet
  facet normal 0 1 0
    outer loop
      vertex -8.26875 -18 4.57562
      vertex -7.99473 -18 4.68474
      vertex -7.69102 -18 4.59261
    endloop
  endfacet
  facet normal 0 1 0
    outer loop
      vertex -7.99473 -18 4.68474
      vertex -8.26875 -18 4.57562
      vertex -8.26569 -18 4.74792
    endloop
  endfacet
  facet normal 0 1 0
    outer loop
      vertex -7.93979 -18 3.16313
      vertex -7.69102 -18 4.59261
      vertex -7.39399 -18 4.48081
    endloop
  endfacet
  facet normal 0 1 0
    outer loop
      vertex -7.93979 -18 3.16313
      vertex -7.39399 -18 4.48081
      vertex -7.1049 -18 4.34983
    endloop
  endfacet
  facet normal 0 1 0
    outer loop
      vertex -6.7084 -18 3.92929
      vertex -7.1049 -18 4.34983
      vertex -6.825 -18 4.20022
    endloop
  endfacet
  facet normal 0 1 -0
    outer loop
      vertex -6.7084 -18 3.92929
      vertex -6.825 -18 4.20022
      vertex -6.58873 -18 4.0533
    endloop
  endfacet
  facet normal 0 1 0
    outer loop
      vertex -7.53813 -18 2.96504
      vertex -7.1049 -18 4.34983
      vertex -6.7084 -18 3.92929
    endloop
  endfacet
  facet normal -0 1 0
    outer loop
      vertex -8.36388 -18 3.30708
      vertex -7.69102 -18 4.59261
      vertex -7.93979 -18 3.16313
    endloop
  endfacet
  facet normal 0 1 0
    outer loop
      vertex -8.26875 -18 4.57562
      vertex -8.36388 -18 3.30708
      vertex -8.53355 -18 3.34084
    endloop
  endfacet
  facet normal 0 1 0
    outer loop
      vertex -7.69102 -18 4.59261
      vertex -8.36388 -18 3.30708
      vertex -8.26875 -18 4.57562
    endloop
  endfacet
  facet normal 0 1 0
    outer loop
      vertex -7.1049 -18 4.34983
      vertex -7.53813 -18 2.96504
      vertex -7.93979 -18 3.16313
    endloop
  endfacet
  facet normal -0 1 0
    outer loop
      vertex -7.53813 -18 2.96504
      vertex -6.7084 -18 3.92929
      vertex -7.39429 -18 2.86893
    endloop
  endfacet
  facet normal 0 1 0
    outer loop
      vertex -13.1793 -18 2.5416
      vertex -13.4502 -18 2.425
      vertex -13.3033 -18 2.66127
    endloop
  endfacet
  facet normal 0 1 0
    outer loop
      vertex -13.1793 -18 2.5416
      vertex -13.5998 -18 2.1451
      vertex -13.4502 -18 2.425
    endloop
  endfacet
  facet normal 0 1 0
    outer loop
      vertex -12.215 -18 1.71187
      vertex -13.5998 -18 2.1451
      vertex -13.1793 -18 2.5416
    endloop
  endfacet
  facet normal 0 1 -0
    outer loop
      vertex -12.215 -18 1.71187
      vertex -13.1793 -18 2.5416
      vertex -12.1189 -18 1.85571
    endloop
  endfacet
  facet normal 0 1 0
    outer loop
      vertex -13.5998 -18 2.1451
      vertex -12.215 -18 1.71187
      vertex -12.4131 -18 1.31021
    endloop
  endfacet
  facet normal 0 1 0
    outer loop
      vertex -13.5998 -18 2.1451
      vertex -12.4131 -18 1.31021
      vertex -13.7308 -18 1.85601
    endloop
  endfacet
  facet normal 0 1 0
    outer loop
      vertex -13.7308 -18 1.85601
      vertex -12.4131 -18 1.31021
      vertex -13.8426 -18 1.55898
    endloop
  endfacet
  facet normal 0 1 -0
    outer loop
      vertex -12.5571 -18 0.886124
      vertex -13.8426 -18 1.55898
      vertex -12.4131 -18 1.31021
    endloop
  endfacet
  facet normal 0 1 0
    outer loop
      vertex -13.8426 -18 1.55898
      vertex -13.8256 -18 0.981247
      vertex -13.9347 -18 1.25527
    endloop
  endfacet
  facet normal 0 1 0
    outer loop
      vertex -13.9347 -18 1.25527
      vertex -13.8256 -18 0.981247
      vertex -13.9979 -18 0.984308
    endloop
  endfacet
  facet normal 0 1 0
    outer loop
      vertex -13.8426 -18 1.55898
      vertex -12.5571 -18 0.886124
      vertex -13.8256 -18 0.981247
    endloop
  endfacet
  facet normal 0 1 0
    outer loop
      vertex -13.8256 -18 0.981247
      vertex -12.5571 -18 0.886124
      vertex -12.5908 -18 0.716446
    endloop
  endfacet
  facet normal 0.352291 0 0.93589
    outer loop
      vertex -7.39399 -18 4.48081
      vertex -7.58715 -27.0143 4.55352
      vertex -7.39399 -27.0143 4.48081
    endloop
  endfacet
  facet normal 0.352266 6.16344e-07 0.9359
    outer loop
      vertex -7.69102 -18 4.59261
      vertex -7.58715 -27.0143 4.55352
      vertex -7.39399 -18 4.48081
    endloop
  endfacet
  facet normal 0.352219 0 0.935918
    outer loop
      vertex -7.58715 -27.0143 4.55352
      vertex -7.69102 -18 4.59261
      vertex -7.69102 -27.0143 4.59261
    endloop
  endfacet
  facet normal -0.352427 0 0.935839
    outer loop
      vertex -10.9128 -46.9857 4.55352
      vertex -10.809 -58 4.59261
      vertex -10.809 -46.9857 4.59261
    endloop
  endfacet
  facet normal -0.352227 2.15071e-06 0.935914
    outer loop
      vertex -11.106 -46.9857 4.48081
      vertex -10.809 -58 4.59261
      vertex -10.9128 -46.9857 4.55352
    endloop
  endfacet
  facet normal -0.352297 0 0.935888
    outer loop
      vertex -10.809 -58 4.59261
      vertex -11.106 -46.9857 4.48081
      vertex -11.106 -58 4.48081
    endloop
  endfacet
  facet normal 0.910841 -0 0.412757
    outer loop
      vertex -4.90017 -58 2.1451
      vertex -4.85436 -46.9857 2.04401
      vertex -4.90017 -46.9857 2.1451
    endloop
  endfacet
  facet normal 0.910885 -1.07541e-06 0.41266
    outer loop
      vertex -4.85436 -46.9857 2.04401
      vertex -4.90017 -58 2.1451
      vertex -4.76919 -46.9857 1.85601
    endloop
  endfacet
  facet normal 0.91087 -0 0.412694
    outer loop
      vertex -4.76919 -58 1.85601
      vertex -4.76919 -46.9857 1.85601
      vertex -4.90017 -58 2.1451
    endloop
  endfacet
  facet normal 0.412757 0 0.910841
    outer loop
      vertex -7.20599 -46.9857 4.39564
      vertex -7.1049 -58 4.34983
      vertex -7.1049 -46.9857 4.34983
    endloop
  endfacet
  facet normal 0.41266 -1.07541e-06 0.910885
    outer loop
      vertex -7.39399 -46.9857 4.48081
      vertex -7.1049 -58 4.34983
      vertex -7.20599 -46.9857 4.39564
    endloop
  endfacet
  facet normal 0.412694 0 0.91087
    outer loop
      vertex -7.1049 -58 4.34983
      vertex -7.39399 -46.9857 4.48081
      vertex -7.39399 -58 4.48081
    endloop
  endfacet
  facet normal -0.91083 0 0.412781
    outer loop
      vertex -13.7308 -46.9857 1.85601
      vertex -13.7308 -58 1.85601
      vertex -13.6456 -46.9857 2.04401
    endloop
  endfacet
  facet normal -0.910846 7.05993e-07 0.412746
    outer loop
      vertex -13.5998 -58 2.1451
      vertex -13.6456 -46.9857 2.04401
      vertex -13.7308 -58 1.85601
    endloop
  endfacet
  facet normal -0.910875 0 0.412682
    outer loop
      vertex -13.6456 -46.9857 2.04401
      vertex -13.5998 -58 2.1451
      vertex -13.5998 -46.9857 2.1451
    endloop
  endfacet
  facet normal 0.973878 -0 0.22707
    outer loop
      vertex -4.56526 -58 1.25527
      vertex -4.54006 -46.9857 1.14719
      vertex -4.56526 -46.9857 1.25527
    endloop
  endfacet
  facet normal 0.973875 1.36796e-07 0.227083
    outer loop
      vertex -4.54006 -46.9857 1.14719
      vertex -4.56526 -58 1.25527
      vertex -4.50208 -46.9857 0.984308
    endloop
  endfacet
  facet normal 0.973877 0 0.227078
    outer loop
      vertex -4.50208 -46.9857 0.984308
      vertex -4.56526 -58 1.25527
      vertex -4.50208 -58 0.984308
    endloop
  endfacet
  facet normal 0.849185 -0 0.528095
    outer loop
      vertex -5.1967 -58 2.66127
      vertex -5.10838 -46.9857 2.51925
      vertex -5.1967 -46.9857 2.66127
    endloop
  endfacet
  facet normal 0.849206 -5.83465e-07 0.528062
    outer loop
      vertex -5.04978 -58 2.425
      vertex -5.10838 -46.9857 2.51925
      vertex -5.1967 -58 2.66127
    endloop
  endfacet
  facet normal 0.849236 0 0.528013
    outer loop
      vertex -5.10838 -46.9857 2.51925
      vertex -5.04978 -58 2.425
      vertex -5.04978 -46.9857 2.425
    endloop
  endfacet
  facet normal 0.22707 0 0.973878
    outer loop
      vertex -8.10281 -46.9857 4.70994
      vertex -7.99473 -58 4.68474
      vertex -7.99473 -46.9857 4.68474
    endloop
  endfacet
  facet normal 0.227086 1.64157e-07 0.973875
    outer loop
      vertex -8.26569 -46.9857 4.74792
      vertex -7.99473 -58 4.68474
      vertex -8.10281 -46.9857 4.70994
    endloop
  endfacet
  facet normal 0.22708 0 0.973876
    outer loop
      vertex -7.99473 -58 4.68474
      vertex -8.26569 -46.9857 4.74792
      vertex -8.26569 -58 4.74792
    endloop
  endfacet
  facet normal -0.973849 0 0.227197
    outer loop
      vertex -13.9979 -58 0.984308
      vertex -13.9599 -46.9857 1.14719
      vertex -13.9979 -46.9857 0.984308
    endloop
  endfacet
  facet normal -0.973861 7.87584e-07 0.227146
    outer loop
      vertex -13.9347 -58 1.25527
      vertex -13.9599 -46.9857 1.14719
      vertex -13.9979 -58 0.984308
    endloop
  endfacet
  facet normal -0.973878 0 0.22707
    outer loop
      vertex -13.9599 -46.9857 1.14719
      vertex -13.9347 -58 1.25527
      vertex -13.9347 -46.9857 1.25527
    endloop
  endfacet
  facet normal -0.528215 0 0.849111
    outer loop
      vertex -11.7692 -46.9857 4.14162
      vertex -11.675 -58 4.20022
      vertex -11.675 -46.9857 4.20022
    endloop
  endfacet
  facet normal -0.527881 3.97003e-06 0.849319
    outer loop
      vertex -11.9113 -46.9857 4.0533
      vertex -11.675 -58 4.20022
      vertex -11.7692 -46.9857 4.14162
    endloop
  endfacet
  facet normal -0.528014 0 0.849236
    outer loop
      vertex -11.675 -58 4.20022
      vertex -11.9113 -46.9857 4.0533
      vertex -11.9113 -58 4.0533
    endloop
  endfacet
  facet normal -0.41266 0 0.910885
    outer loop
      vertex -11.294 -46.9857 4.39564
      vertex -11.106 -58 4.48081
      vertex -11.106 -46.9857 4.48081
    endloop
  endfacet
  facet normal -0.412723 0 0.910856
    outer loop
      vertex -11.3951 -58 4.34983
      vertex -11.294 -46.9857 4.39564
      vertex -11.3951 -46.9857 4.34983
    endloop
  endfacet
  facet normal -0.412682 -4.5569e-07 0.910875
    outer loop
      vertex -11.294 -46.9857 4.39564
      vertex -11.3951 -58 4.34983
      vertex -11.106 -58 4.48081
    endloop
  endfacet
  facet normal -0.22706 0 0.973881
    outer loop
      vertex -10.3972 -46.9857 4.70994
      vertex -10.2343 -58 4.74792
      vertex -10.2343 -46.9857 4.74792
    endloop
  endfacet
  facet normal -0.22703 0 0.973888
    outer loop
      vertex -10.5053 -58 4.68474
      vertex -10.3972 -46.9857 4.70994
      vertex -10.5053 -46.9857 4.68474
    endloop
  endfacet
  facet normal -0.227048 1.8206e-07 0.973884
    outer loop
      vertex -10.3972 -46.9857 4.70994
      vertex -10.5053 -58 4.68474
      vertex -10.2343 -58 4.74792
    endloop
  endfacet
  facet normal 0.93589 -0 0.352291
    outer loop
      vertex -4.76919 -58 1.85601
      vertex -4.69648 -46.9857 1.66285
      vertex -4.76919 -46.9857 1.85601
    endloop
  endfacet
  facet normal 0.9359 -5.04427e-07 0.352266
    outer loop
      vertex -4.65739 -58 1.55898
      vertex -4.69648 -46.9857 1.66285
      vertex -4.76919 -58 1.85601
    endloop
  endfacet
  facet normal 0.935918 0 0.352219
    outer loop
      vertex -4.69648 -46.9857 1.66285
      vertex -4.65739 -58 1.55898
      vertex -4.65739 -46.9857 1.55898
    endloop
  endfacet
  facet normal 0.956929 -0 0.290322
    outer loop
      vertex -4.65739 -58 1.55898
      vertex -4.62517 -46.9857 1.45278
      vertex -4.65739 -46.9857 1.55898
    endloop
  endfacet
  facet normal 0.956946 -5.85138e-07 0.290267
    outer loop
      vertex -4.62517 -46.9857 1.45278
      vertex -4.65739 -58 1.55898
      vertex -4.56526 -46.9857 1.25527
    endloop
  endfacet
  facet normal 0.95694 -0 0.290286
    outer loop
      vertex -4.56526 -58 1.25527
      vertex -4.56526 -46.9857 1.25527
      vertex -4.65739 -58 1.55898
    endloop
  endfacet
  facet normal 0.881905 -0 0.471428
    outer loop
      vertex -5.04978 -58 2.425
      vertex -4.95248 -46.9857 2.24298
      vertex -5.04978 -46.9857 2.425
    endloop
  endfacet
  facet normal 0.881921 -6.45885e-07 0.471398
    outer loop
      vertex -4.90017 -58 2.1451
      vertex -4.95248 -46.9857 2.24298
      vertex -5.04978 -58 2.425
    endloop
  endfacet
  facet normal 0.881951 0 0.471341
    outer loop
      vertex -4.95248 -46.9857 2.24298
      vertex -4.90017 -58 2.1451
      vertex -4.90017 -46.9857 2.1451
    endloop
  endfacet
  facet normal 0.290322 0 0.956929
    outer loop
      vertex -7.79722 -46.9857 4.62483
      vertex -7.69102 -58 4.59261
      vertex -7.69102 -46.9857 4.59261
    endloop
  endfacet
  facet normal 0.290267 -5.85138e-07 0.956946
    outer loop
      vertex -7.99473 -46.9857 4.68474
      vertex -7.69102 -58 4.59261
      vertex -7.79722 -46.9857 4.62483
    endloop
  endfacet
  facet normal 0.290286 0 0.95694
    outer loop
      vertex -7.69102 -58 4.59261
      vertex -7.99473 -46.9857 4.68474
      vertex -7.99473 -58 4.68474
    endloop
  endfacet
  facet normal 0.352291 0 0.93589
    outer loop
      vertex -7.58715 -46.9857 4.55352
      vertex -7.39399 -58 4.48081
      vertex -7.39399 -46.9857 4.48081
    endloop
  endfacet
  facet normal 0.352219 -0 0.935918
    outer loop
      vertex -7.69102 -58 4.59261
      vertex -7.58715 -46.9857 4.55352
      vertex -7.69102 -46.9857 4.59261
    endloop
  endfacet
  facet normal 0.352266 -5.04427e-07 0.9359
    outer loop
      vertex -7.58715 -46.9857 4.55352
      vertex -7.69102 -58 4.59261
      vertex -7.39399 -58 4.48081
    endloop
  endfacet
  facet normal 0.528095 0 0.849185
    outer loop
      vertex -6.73075 -46.9857 4.14162
      vertex -6.58873 -58 4.0533
      vertex -6.58873 -46.9857 4.0533
    endloop
  endfacet
  facet normal 0.528013 -0 0.849236
    outer loop
      vertex -6.825 -58 4.20022
      vertex -6.73075 -46.9857 4.14162
      vertex -6.825 -46.9857 4.20022
    endloop
  endfacet
  facet normal 0.528062 -5.83465e-07 0.849206
    outer loop
      vertex -6.73075 -46.9857 4.14162
      vertex -6.825 -58 4.20022
      vertex -6.58873 -58 4.0533
    endloop
  endfacet
  facet normal 0.471428 0 0.881905
    outer loop
      vertex -7.00702 -46.9857 4.29752
      vertex -6.825 -58 4.20022
      vertex -6.825 -46.9857 4.20022
    endloop
  endfacet
  facet normal 0.471341 -0 0.881951
    outer loop
      vertex -7.1049 -58 4.34983
      vertex -7.00702 -46.9857 4.29752
      vertex -7.1049 -46.9857 4.34983
    endloop
  endfacet
  facet normal 0.471398 -6.45885e-07 0.881921
    outer loop
      vertex -7.00702 -46.9857 4.29752
      vertex -7.1049 -58 4.34983
      vertex -6.825 -58 4.20022
    endloop
  endfacet
  facet normal -0.881988 0 0.471271
    outer loop
      vertex -13.5998 -58 2.1451
      vertex -13.5475 -46.9857 2.24298
      vertex -13.5998 -46.9857 2.1451
    endloop
  endfacet
  facet normal -0.881905 -1.79388e-06 0.471428
    outer loop
      vertex -13.5475 -46.9857 2.24298
      vertex -13.5998 -58 2.1451
      vertex -13.4502 -46.9857 2.425
    endloop
  endfacet
  facet normal -0.881934 0 0.471373
    outer loop
      vertex -13.4502 -46.9857 2.425
      vertex -13.5998 -58 2.1451
      vertex -13.4502 -58 2.425
    endloop
  endfacet
  facet normal -0.849236 0 0.528013
    outer loop
      vertex -13.4502 -58 2.425
      vertex -13.3916 -46.9857 2.51925
      vertex -13.4502 -46.9857 2.425
    endloop
  endfacet
  facet normal -0.849239 5.26617e-08 0.528009
    outer loop
      vertex -13.3916 -46.9857 2.51925
      vertex -13.4502 -58 2.425
      vertex -13.3033 -46.9857 2.66127
    endloop
  endfacet
  facet normal -0.849238 0 0.52801
    outer loop
      vertex -13.3033 -46.9857 2.66127
      vertex -13.4502 -58 2.425
      vertex -13.3033 -58 2.66127
    endloop
  endfacet
  facet normal -0.956959 0 0.290223
    outer loop
      vertex -13.9347 -46.9857 1.25527
      vertex -13.9347 -58 1.25527
      vertex -13.8748 -46.9857 1.45278
    endloop
  endfacet
  facet normal -0.956966 4.45706e-07 0.2902
    outer loop
      vertex -13.8426 -58 1.55898
      vertex -13.8748 -46.9857 1.45278
      vertex -13.9347 -58 1.25527
    endloop
  endfacet
  facet normal -0.956979 0 0.290157
    outer loop
      vertex -13.8748 -46.9857 1.45278
      vertex -13.8426 -58 1.55898
      vertex -13.8426 -46.9857 1.55898
    endloop
  endfacet
  facet normal -0.935888 0 0.352298
    outer loop
      vertex -13.8426 -58 1.55898
      vertex -13.8035 -46.9857 1.66285
      vertex -13.8426 -46.9857 1.55898
    endloop
  endfacet
  facet normal -0.935906 5.30965e-07 0.352249
    outer loop
      vertex -13.8035 -46.9857 1.66285
      vertex -13.8426 -58 1.55898
      vertex -13.7308 -46.9857 1.85601
    endloop
  endfacet
  facet normal -0.9359 0 0.352266
    outer loop
      vertex -13.7308 -46.9857 1.85601
      vertex -13.8426 -58 1.55898
      vertex -13.7308 -58 1.85601
    endloop
  endfacet
  facet normal 0 -1 0
    outer loop
      vertex -8.26875 -58 4.57562
      vertex -7.99473 -58 4.68474
      vertex -8.26569 -58 4.74792
    endloop
  endfacet
  facet normal 0 -1 -0
    outer loop
      vertex -7.99473 -58 4.68474
      vertex -8.26875 -58 4.57562
      vertex -7.69102 -58 4.59261
    endloop
  endfacet
  facet normal 0 -1 0
    outer loop
      vertex -8.36388 -58 3.30708
      vertex -7.69102 -58 4.59261
      vertex -8.26875 -58 4.57562
    endloop
  endfacet
  facet normal 0 -1 -0
    outer loop
      vertex -7.69102 -58 4.59261
      vertex -7.93979 -58 3.16313
      vertex -7.39399 -58 4.48081
    endloop
  endfacet
  facet normal 0 -1 -0
    outer loop
      vertex -7.39399 -58 4.48081
      vertex -7.93979 -58 3.16313
      vertex -7.1049 -58 4.34983
    endloop
  endfacet
  facet normal 0 -1 0
    outer loop
      vertex -7.53813 -58 2.96504
      vertex -7.1049 -58 4.34983
      vertex -7.93979 -58 3.16313
    endloop
  endfacet
  facet normal 0 -1 0
    outer loop
      vertex -6.825 -58 4.20022
      vertex -6.7084 -58 3.92929
      vertex -6.58873 -58 4.0533
    endloop
  endfacet
  facet normal 0 -1 0
    outer loop
      vertex -8.36388 -58 3.30708
      vertex -8.26875 -58 4.57562
      vertex -8.53355 -58 3.34084
    endloop
  endfacet
  facet normal 0 -1 0
    outer loop
      vertex -7.69102 -58 4.59261
      vertex -8.36388 -58 3.30708
      vertex -7.93979 -58 3.16313
    endloop
  endfacet
  facet normal 0 -1 0
    outer loop
      vertex -7.1049 -58 4.34983
      vertex -6.7084 -58 3.92929
      vertex -6.825 -58 4.20022
    endloop
  endfacet
  facet normal 0 -1 -0
    outer loop
      vertex -7.1049 -58 4.34983
      vertex -7.53813 -58 2.96504
      vertex -6.7084 -58 3.92929
    endloop
  endfacet
  facet normal 0 -1 0
    outer loop
      vertex -6.7084 -58 3.92929
      vertex -7.53813 -58 2.96504
      vertex -7.39429 -58 2.86893
    endloop
  endfacet
  facet normal 0 -1 0
    outer loop
      vertex -13.4502 -58 2.425
      vertex -13.1793 -58 2.5416
      vertex -13.3033 -58 2.66127
    endloop
  endfacet
  facet normal 0 -1 0
    outer loop
      vertex -13.5998 -58 2.1451
      vertex -13.1793 -58 2.5416
      vertex -13.4502 -58 2.425
    endloop
  endfacet
  facet normal 0 -1 0
    outer loop
      vertex -12.4131 -58 1.31021
      vertex -13.5998 -58 2.1451
      vertex -13.7308 -58 1.85601
    endloop
  endfacet
  facet normal -0 -1 0
    outer loop
      vertex -12.215 -58 1.71187
      vertex -13.5998 -58 2.1451
      vertex -12.4131 -58 1.31021
    endloop
  endfacet
  facet normal 0 -1 0
    outer loop
      vertex -13.1793 -58 2.5416
      vertex -12.215 -58 1.71187
      vertex -12.1189 -58 1.85571
    endloop
  endfacet
  facet normal 0 -1 0
    outer loop
      vertex -12.4131 -58 1.31021
      vertex -13.7308 -58 1.85601
      vertex -13.8426 -58 1.55898
    endloop
  endfacet
  facet normal 0 -1 0
    outer loop
      vertex -13.5998 -58 2.1451
      vertex -12.215 -58 1.71187
      vertex -13.1793 -58 2.5416
    endloop
  endfacet
  facet normal 0 -1 0
    outer loop
      vertex -13.8256 -58 0.981247
      vertex -13.8426 -58 1.55898
      vertex -13.9347 -58 1.25527
    endloop
  endfacet
  facet normal 0 -1 0
    outer loop
      vertex -13.8256 -58 0.981247
      vertex -13.9347 -58 1.25527
      vertex -13.9979 -58 0.984308
    endloop
  endfacet
  facet normal 0 -1 0
    outer loop
      vertex -12.5571 -58 0.886124
      vertex -13.8426 -58 1.55898
      vertex -13.8256 -58 0.981247
    endloop
  endfacet
  facet normal 0 -1 0
    outer loop
      vertex -13.8426 -58 1.55898
      vertex -12.5571 -58 0.886124
      vertex -12.4131 -58 1.31021
    endloop
  endfacet
  facet normal -0 -1 0
    outer loop
      vertex -12.5571 -58 0.886124
      vertex -13.8256 -58 0.981247
      vertex -12.5908 -58 0.716446
    endloop
  endfacet
  facet normal 0 -1 0
    outer loop
      vertex -10.2312 -58 4.57562
      vertex -10.5053 -58 4.68474
      vertex -10.809 -58 4.59261
    endloop
  endfacet
  facet normal 0 -1 0
    outer loop
      vertex -10.5053 -58 4.68474
      vertex -10.2312 -58 4.57562
      vertex -10.2343 -58 4.74792
    endloop
  endfacet
  facet normal 0 -1 0
    outer loop
      vertex -10.5602 -58 3.16313
      vertex -10.809 -58 4.59261
      vertex -11.106 -58 4.48081
    endloop
  endfacet
  facet normal 0 -1 0
    outer loop
      vertex -10.5602 -58 3.16313
      vertex -11.106 -58 4.48081
      vertex -11.3951 -58 4.34983
    endloop
  endfacet
  facet normal 0 -1 0
    outer loop
      vertex -11.7916 -58 3.92929
      vertex -11.3951 -58 4.34983
      vertex -11.675 -58 4.20022
    endloop
  endfacet
  facet normal 0 -1 0
    outer loop
      vertex -11.7916 -58 3.92929
      vertex -11.675 -58 4.20022
      vertex -11.9113 -58 4.0533
    endloop
  endfacet
  facet normal 0 -1 0
    outer loop
      vertex -10.9619 -58 2.96504
      vertex -11.3951 -58 4.34983
      vertex -11.7916 -58 3.92929
    endloop
  endfacet
  facet normal -0 -1 0
    outer loop
      vertex -10.1361 -58 3.30708
      vertex -10.809 -58 4.59261
      vertex -10.5602 -58 3.16313
    endloop
  endfacet
  facet normal 0 -1 0
    outer loop
      vertex -10.2312 -58 4.57562
      vertex -10.1361 -58 3.30708
      vertex -9.96645 -58 3.34084
    endloop
  endfacet
  facet normal 0 -1 0
    outer loop
      vertex -10.809 -58 4.59261
      vertex -10.1361 -58 3.30708
      vertex -10.2312 -58 4.57562
    endloop
  endfacet
  facet normal 0 -1 0
    outer loop
      vertex -11.3951 -58 4.34983
      vertex -10.9619 -58 2.96504
      vertex -10.5602 -58 3.16313
    endloop
  endfacet
  facet normal -0 -1 0
    outer loop
      vertex -10.9619 -58 2.96504
      vertex -11.7916 -58 3.92929
      vertex -11.1057 -58 2.86893
    endloop
  endfacet
  facet normal 0 -1 0
    outer loop
      vertex -5.32071 -58 2.5416
      vertex -5.04978 -58 2.425
      vertex -5.1967 -58 2.66127
    endloop
  endfacet
  facet normal 0 -1 0
    outer loop
      vertex -5.32071 -58 2.5416
      vertex -4.90017 -58 2.1451
      vertex -5.04978 -58 2.425
    endloop
  endfacet
  facet normal 0 -1 0
    outer loop
      vertex -6.28496 -58 1.71187
      vertex -4.90017 -58 2.1451
      vertex -5.32071 -58 2.5416
    endloop
  endfacet
  facet normal 0 -1 0
    outer loop
      vertex -6.28496 -58 1.71187
      vertex -5.32071 -58 2.5416
      vertex -6.38107 -58 1.85571
    endloop
  endfacet
  facet normal 0 -1 0
    outer loop
      vertex -4.90017 -58 2.1451
      vertex -6.28496 -58 1.71187
      vertex -6.08687 -58 1.31021
    endloop
  endfacet
  facet normal 0 -1 -0
    outer loop
      vertex -4.90017 -58 2.1451
      vertex -6.08687 -58 1.31021
      vertex -4.76919 -58 1.85601
    endloop
  endfacet
  facet normal 0 -1 -0
    outer loop
      vertex -4.76919 -58 1.85601
      vertex -6.08687 -58 1.31021
      vertex -4.65739 -58 1.55898
    endloop
  endfacet
  facet normal 0 -1 0
    outer loop
      vertex -5.94292 -58 0.886124
      vertex -4.65739 -58 1.55898
      vertex -6.08687 -58 1.31021
    endloop
  endfacet
  facet normal 0 -1 -0
    outer loop
      vertex -4.65739 -58 1.55898
      vertex -4.67438 -58 0.981247
      vertex -4.56526 -58 1.25527
    endloop
  endfacet
  facet normal 0 -1 -0
    outer loop
      vertex -4.56526 -58 1.25527
      vertex -4.67438 -58 0.981247
      vertex -4.50208 -58 0.984308
    endloop
  endfacet
  facet normal 0 -1 0
    outer loop
      vertex -4.65739 -58 1.55898
      vertex -5.94292 -58 0.886124
      vertex -4.67438 -58 0.981247
    endloop
  endfacet
  facet normal 0 -1 0
    outer loop
      vertex -4.67438 -58 0.981247
      vertex -5.94292 -58 0.886124
      vertex -5.90916 -58 0.716446
    endloop
  endfacet
  facet normal -0.471266 0 0.881991
    outer loop
      vertex -11.493 -46.9857 4.29752
      vertex -11.3951 -58 4.34983
      vertex -11.3951 -46.9857 4.34983
    endloop
  endfacet
  facet normal -0.471468 -2.30963e-06 0.881883
    outer loop
      vertex -11.675 -46.9857 4.20022
      vertex -11.3951 -58 4.34983
      vertex -11.493 -46.9857 4.29752
    endloop
  endfacet
  facet normal -0.471398 0 0.881921
    outer loop
      vertex -11.3951 -58 4.34983
      vertex -11.675 -46.9857 4.20022
      vertex -11.675 -58 4.20022
    endloop
  endfacet
  facet normal -0.29028 0 0.956942
    outer loop
      vertex -10.7028 -46.9857 4.62483
      vertex -10.5053 -58 4.68474
      vertex -10.5053 -46.9857 4.68474
    endloop
  endfacet
  facet normal -0.290322 0 0.956929
    outer loop
      vertex -10.809 -58 4.59261
      vertex -10.7028 -46.9857 4.62483
      vertex -10.809 -46.9857 4.59261
    endloop
  endfacet
  facet normal -0.290295 -2.88365e-07 0.956937
    outer loop
      vertex -10.7028 -46.9857 4.62483
      vertex -10.809 -58 4.59261
      vertex -10.5053 -58 4.68474
    endloop
  endfacet
  facet normal 0 1 0
    outer loop
      vertex -4.27486 0 0.955139
      vertex -4.67438 0 0.981247
      vertex -4.47771 0 0.984741
    endloop
  endfacet
  facet normal 0 1 0
    outer loop
      vertex -4.0687 0 0.901581
      vertex -4.67438 0 0.981247
      vertex -4.27486 0 0.955139
    endloop
  endfacet
  facet normal 0 1 0
    outer loop
      vertex -3.03412 0 0
      vertex -4.0687 0 0.901581
      vertex -3.86073 0 0.826782
    endloop
  endfacet
  facet normal 0 1 0
    outer loop
      vertex -3.03412 0 0
      vertex -3.86073 0 0.826782
      vertex -3.65219 0 0.732193
    endloop
  endfacet
  facet normal 0 1 0
    outer loop
      vertex -4.0687 0 0.901581
      vertex -3.03412 0 0
      vertex -4.67438 0 0.981247
    endloop
  endfacet
  facet normal 0 1 0
    outer loop
      vertex -4.67438 0 0.981247
      vertex -3.03412 0 0
      vertex -5.90916 0 0.716446
    endloop
  endfacet
  facet normal 0 1 0
    outer loop
      vertex -3.03412 0 0
      vertex -3.65219 0 0.732193
      vertex -3.4442 0 0.618622
    endloop
  endfacet
  facet normal 0 1 0
    outer loop
      vertex -4.65465 0 3.9071
      vertex -5.3429 0 4.59535
      vertex -5.09283 0 4.63341
    endloop
  endfacet
  facet normal 0 1 0
    outer loop
      vertex -5.3429 0 4.59535
      vertex -4.65465 0 3.9071
      vertex -5.58212 0 4.54274
    endloop
  endfacet
  facet normal 0 1 -0
    outer loop
      vertex -4.70726 0 3.66788
      vertex -5.58212 0 4.54274
      vertex -4.65465 0 3.9071
    endloop
  endfacet
  facet normal 0 1 -0
    outer loop
      vertex -4.77402 0 3.44051
      vertex -5.80949 0 4.47598
      vertex -4.70726 0 3.66788
    endloop
  endfacet
  facet normal 0 1 0
    outer loop
      vertex -5.80949 0 4.47598
      vertex -4.77402 0 3.44051
      vertex -6.02385 0 4.3954
    endloop
  endfacet
  facet normal 0 1 -0
    outer loop
      vertex -4.65465 0 3.9071
      vertex -5.09283 0 4.63341
      vertex -4.61659 0 4.15717
    endloop
  endfacet
  facet normal 0 1 0
    outer loop
      vertex -5.58212 0 4.54274
      vertex -4.70726 0 3.66788
      vertex -5.80949 0 4.47598
    endloop
  endfacet
  facet normal 0 1 -0
    outer loop
      vertex -4.8546 0 3.22615
      vertex -6.02385 0 4.3954
      vertex -4.77402 0 3.44051
    endloop
  endfacet
  facet normal 0 1 0
    outer loop
      vertex -6.02385 0 4.3954
      vertex -4.8546 0 3.22615
      vertex -6.22379 0 4.30124
    endloop
  endfacet
  facet normal 0 1 -0
    outer loop
      vertex -4.94876 0 3.02621
      vertex -6.22379 0 4.30124
      vertex -4.8546 0 3.22615
    endloop
  endfacet
  facet normal 0 1 0
    outer loop
      vertex -6.22379 0 4.30124
      vertex -4.94876 0 3.02621
      vertex -6.40744 0 4.19333
    endloop
  endfacet
  facet normal 0 1 -0
    outer loop
      vertex -5.05667 0 2.84256
      vertex -6.40744 0 4.19333
      vertex -4.94876 0 3.02621
    endloop
  endfacet
  facet normal 0 1 0
    outer loop
      vertex -6.40744 0 4.19333
      vertex -5.05667 0 2.84256
      vertex -6.57181 0 4.07083
    endloop
  endfacet
  facet normal 0 1 -0
    outer loop
      vertex -5.17917 0 2.67819
      vertex -6.57181 0 4.07083
      vertex -5.05667 0 2.84256
    endloop
  endfacet
  facet normal 0 1 0
    outer loop
      vertex -6.7084 0 3.92929
      vertex -5.32071 0 2.5416
      vertex -7.39429 0 2.86893
    endloop
  endfacet
  facet normal 0 1 0
    outer loop
      vertex -6.57181 0 4.07083
      vertex -5.17917 0 2.67819
      vertex -6.7084 0 3.92929
    endloop
  endfacet
  facet normal 0 1 0
    outer loop
      vertex -8.76334 0 6.01216
      vertex -9.58676 0 6.21588
      vertex -8.91324 0 6.21588
    endloop
  endfacet
  facet normal 0 1 0
    outer loop
      vertex -8.76334 0 6.01216
      vertex -9.73666 0 6.01216
      vertex -9.58676 0 6.21588
    endloop
  endfacet
  facet normal 0 1 0
    outer loop
      vertex -8.63138 0 5.8058
      vertex -9.73666 0 6.01216
      vertex -8.76334 0 6.01216
    endloop
  endfacet
  facet normal 0 1 0
    outer loop
      vertex -8.63138 0 5.8058
      vertex -9.86862 0 5.8058
      vertex -9.73666 0 6.01216
    endloop
  endfacet
  facet normal 0 1 0
    outer loop
      vertex -8.51781 0 5.59781
      vertex -9.86862 0 5.8058
      vertex -8.63138 0 5.8058
    endloop
  endfacet
  facet normal 0 1 0
    outer loop
      vertex -8.51781 0 5.59781
      vertex -9.98219 0 5.59781
      vertex -9.86862 0 5.8058
    endloop
  endfacet
  facet normal 0 1 0
    outer loop
      vertex -8.42322 0 5.38927
      vertex -9.98219 0 5.59781
      vertex -8.51781 0 5.59781
    endloop
  endfacet
  facet normal 0 1 0
    outer loop
      vertex -8.42322 0 5.38927
      vertex -10.0768 0 5.38927
      vertex -9.98219 0 5.59781
    endloop
  endfacet
  facet normal 0 1 0
    outer loop
      vertex -8.34842 0 5.1813
      vertex -10.0768 0 5.38927
      vertex -8.42322 0 5.38927
    endloop
  endfacet
  facet normal 0 1 0
    outer loop
      vertex -8.34842 0 5.1813
      vertex -10.1516 0 5.1813
      vertex -10.0768 0 5.38927
    endloop
  endfacet
  facet normal 0 1 0
    outer loop
      vertex -8.29486 0 4.97514
      vertex -10.1516 0 5.1813
      vertex -8.34842 0 5.1813
    endloop
  endfacet
  facet normal 0 1 0
    outer loop
      vertex -8.29486 0 4.97514
      vertex -10.2051 0 4.97514
      vertex -10.1516 0 5.1813
    endloop
  endfacet
  facet normal 0 1 0
    outer loop
      vertex -8.26526 0 4.77229
      vertex -10.2051 0 4.97514
      vertex -8.29486 0 4.97514
    endloop
  endfacet
  facet normal 0 1 0
    outer loop
      vertex -8.26526 0 4.77229
      vertex -10.2347 0 4.77229
      vertex -10.2051 0 4.97514
    endloop
  endfacet
  facet normal 0 1 -0
    outer loop
      vertex -8.26875 0 4.57562
      vertex -10.2347 0 4.77229
      vertex -8.26526 0 4.77229
    endloop
  endfacet
  facet normal 0 1 0
    outer loop
      vertex -8.26875 0 4.57562
      vertex -10.2312 0 4.57562
      vertex -10.2347 0 4.77229
    endloop
  endfacet
  facet normal 0 1 -0
    outer loop
      vertex -8.53355 0 3.34084
      vertex -10.2312 0 4.57562
      vertex -8.26875 0 4.57562
    endloop
  endfacet
  facet normal 0 1 0
    outer loop
      vertex -8.53355 0 3.34084
      vertex -9.96645 0 3.34084
      vertex -10.2312 0 4.57562
    endloop
  endfacet
  facet normal 0 1 0
    outer loop
      vertex -7.93979 0 3.16313
      vertex -8.53355 0 3.34084
      vertex -8.36388 0 3.30708
    endloop
  endfacet
  facet normal 0 1 0
    outer loop
      vertex -7.39429 0 2.86893
      vertex -8.53355 0 3.34084
      vertex -7.93979 0 3.16313
    endloop
  endfacet
  facet normal 0 1 0
    outer loop
      vertex -8.53355 0 3.34084
      vertex -7.39429 0 2.86893
      vertex -9.96645 0 3.34084
    endloop
  endfacet
  facet normal 0 1 0
    outer loop
      vertex -9.96645 0 3.34084
      vertex -10.5602 0 3.16313
      vertex -10.1361 0 3.30708
    endloop
  endfacet
  facet normal 0 1 0
    outer loop
      vertex -7.39429 0 2.86893
      vertex -7.93979 0 3.16313
      vertex -7.53813 0 2.96504
    endloop
  endfacet
  facet normal 0 1 0
    outer loop
      vertex -11.1057 0 2.86893
      vertex -9.96645 0 3.34084
      vertex -7.39429 0 2.86893
    endloop
  endfacet
  facet normal 0 1 0
    outer loop
      vertex -9.96645 0 3.34084
      vertex -11.1057 0 2.86893
      vertex -10.5602 0 3.16313
    endloop
  endfacet
  facet normal 0 1 0
    outer loop
      vertex -10.5602 0 3.16313
      vertex -11.1057 0 2.86893
      vertex -10.9619 0 2.96504
    endloop
  endfacet
  facet normal 0 1 0
    outer loop
      vertex -13.8454 0 3.9071
      vertex -13.1571 0 4.59535
      vertex -12.9179 0 4.54274
    endloop
  endfacet
  facet normal 0 1 0
    outer loop
      vertex -13.7927 0 3.66788
      vertex -12.9179 0 4.54274
      vertex -12.6905 0 4.47598
    endloop
  endfacet
  facet normal 0 1 0
    outer loop
      vertex -13.726 0 3.44051
      vertex -12.6905 0 4.47598
      vertex -12.4762 0 4.3954
    endloop
  endfacet
  facet normal 0 1 0
    outer loop
      vertex -13.6454 0 3.22615
      vertex -12.4762 0 4.3954
      vertex -12.2762 0 4.30124
    endloop
  endfacet
  facet normal 0 1 0
    outer loop
      vertex -13.5512 0 3.02621
      vertex -12.2762 0 4.30124
      vertex -12.0926 0 4.19333
    endloop
  endfacet
  facet normal 0 1 0
    outer loop
      vertex -12.9179 0 4.54274
      vertex -13.7927 0 3.66788
      vertex -13.8454 0 3.9071
    endloop
  endfacet
  facet normal 0 1 0
    outer loop
      vertex -13.4433 0 2.84256
      vertex -12.0926 0 4.19333
      vertex -11.9282 0 4.07083
    endloop
  endfacet
  facet normal 0 1 0
    outer loop
      vertex -13.3208 0 2.67819
      vertex -11.9282 0 4.07083
      vertex -11.7916 0 3.92929
    endloop
  endfacet
  facet normal 0 1 0
    outer loop
      vertex -13.4072 0 4.63341
      vertex -13.8454 0 3.9071
      vertex -13.8834 0 4.15717
    endloop
  endfacet
  facet normal 0 1 0
    outer loop
      vertex -13.1571 0 4.59535
      vertex -13.8454 0 3.9071
      vertex -13.4072 0 4.63341
    endloop
  endfacet
  facet normal 0 1 0
    outer loop
      vertex -12.6905 0 4.47598
      vertex -13.726 0 3.44051
      vertex -13.7927 0 3.66788
    endloop
  endfacet
  facet normal 0 1 0
    outer loop
      vertex -12.4762 0 4.3954
      vertex -13.6454 0 3.22615
      vertex -13.726 0 3.44051
    endloop
  endfacet
  facet normal 0 1 0
    outer loop
      vertex -12.2762 0 4.30124
      vertex -13.5512 0 3.02621
      vertex -13.6454 0 3.22615
    endloop
  endfacet
  facet normal 0 1 0
    outer loop
      vertex -13.1793 0 2.5416
      vertex -11.7916 0 3.92929
      vertex -11.1057 0 2.86893
    endloop
  endfacet
  facet normal 0 1 0
    outer loop
      vertex -12.0926 0 4.19333
      vertex -13.4433 0 2.84256
      vertex -13.5512 0 3.02621
    endloop
  endfacet
  facet normal 0 1 0
    outer loop
      vertex -7.39429 0 2.86893
      vertex -6.38107 0 1.85571
      vertex -11.1057 0 2.86893
    endloop
  endfacet
  facet normal 0 1 0
    outer loop
      vertex -6.7084 0 3.92929
      vertex -5.17917 0 2.67819
      vertex -5.32071 0 2.5416
    endloop
  endfacet
  facet normal 0 1 0
    outer loop
      vertex -12.1189 0 1.85571
      vertex -11.1057 0 2.86893
      vertex -6.38107 0 1.85571
    endloop
  endfacet
  facet normal 0 1 0
    outer loop
      vertex -7.39429 0 2.86893
      vertex -5.32071 0 2.5416
      vertex -6.38107 0 1.85571
    endloop
  endfacet
  facet normal -0 1 0
    outer loop
      vertex -13.1793 0 2.5416
      vertex -11.1057 0 2.86893
      vertex -12.1189 0 1.85571
    endloop
  endfacet
  facet normal -0 1 0
    outer loop
      vertex -13.3208 0 2.67819
      vertex -11.7916 0 3.92929
      vertex -13.1793 0 2.5416
    endloop
  endfacet
  facet normal 0 1 0
    outer loop
      vertex -11.9282 0 4.07083
      vertex -13.3208 0 2.67819
      vertex -13.4433 0 2.84256
    endloop
  endfacet
  facet normal 0 1 0
    outer loop
      vertex -6.08687 0 1.31021
      vertex -6.38107 0 1.85571
      vertex -6.28496 0 1.71187
    endloop
  endfacet
  facet normal 0 1 0
    outer loop
      vertex -6.38107 0 1.85571
      vertex -5.90916 0 0.716446
      vertex -12.1189 0 1.85571
    endloop
  endfacet
  facet normal 0 1 0
    outer loop
      vertex -6.38107 0 1.85571
      vertex -6.08687 0 1.31021
      vertex -5.90916 0 0.716446
    endloop
  endfacet
  facet normal 0 1 0
    outer loop
      vertex -12.5908 0 0.716446
      vertex -12.1189 0 1.85571
      vertex -5.90916 0 0.716446
    endloop
  endfacet
  facet normal 0 1 0
    outer loop
      vertex -5.90916 0 0.716446
      vertex -6.08687 0 1.31021
      vertex -5.94292 0 0.886124
    endloop
  endfacet
  facet normal -0 1 0
    outer loop
      vertex -12.4131 0 1.31021
      vertex -12.1189 0 1.85571
      vertex -12.5908 0 0.716446
    endloop
  endfacet
  facet normal 0 1 0
    outer loop
      vertex -12.1189 0 1.85571
      vertex -12.4131 0 1.31021
      vertex -12.215 0 1.71187
    endloop
  endfacet
  facet normal 0 1 0
    outer loop
      vertex -12.4131 0 1.31021
      vertex -12.5908 0 0.716446
      vertex -12.5571 0 0.886124
    endloop
  endfacet
  facet normal 0 1 0
    outer loop
      vertex -13.8256 0 0.981247
      vertex -14.2251 0 0.955139
      vertex -14.0223 0 0.984741
    endloop
  endfacet
  facet normal 0 1 0
    outer loop
      vertex -13.8256 0 0.981247
      vertex -14.4313 0 0.901581
      vertex -14.2251 0 0.955139
    endloop
  endfacet
  facet normal 0 1 0
    outer loop
      vertex -15.4659 0 0
      vertex -14.4313 0 0.901581
      vertex -13.8256 0 0.981247
    endloop
  endfacet
  facet normal 0 1 0
    outer loop
      vertex -14.4313 0 0.901581
      vertex -15.4659 0 0
      vertex -14.6393 0 0.826782
    endloop
  endfacet
  facet normal 0 1 0
    outer loop
      vertex -15.4659 0 0
      vertex -13.8256 0 0.981247
      vertex -12.5908 0 0.716446
    endloop
  endfacet
  facet normal 0 1 0
    outer loop
      vertex -5.90916 0 0.716446
      vertex -3.03412 0 0
      vertex -12.5908 0 0.716446
    endloop
  endfacet
  facet normal 0 1 0
    outer loop
      vertex -15.4659 0 0
      vertex -12.5908 0 0.716446
      vertex -3.03412 0 0
    endloop
  endfacet
  facet normal 0 1 0
    outer loop
      vertex -3.03412 0 0
      vertex -3.4442 0 0.618622
      vertex -3.23784 0 0.486664
    endloop
  endfacet
  facet normal 0 1 0
    outer loop
      vertex -14.6393 0 0.826782
      vertex -15.4659 0 0
      vertex -14.8478 0 0.732193
    endloop
  endfacet
  facet normal 0 1 -0
    outer loop
      vertex -3.03412 0 0
      vertex -3.23784 0 0.486664
      vertex -3.03412 0 0.336761
    endloop
  endfacet
  facet normal 0 1 0
    outer loop
      vertex -14.8478 0 0.732193
      vertex -15.4659 0 0
      vertex -15.0558 0 0.618622
    endloop
  endfacet
  facet normal 0 1 0
    outer loop
      vertex -15.0558 0 0.618622
      vertex -15.4659 0 0
      vertex -15.2622 0 0.486664
    endloop
  endfacet
  facet normal 0 1 0
    outer loop
      vertex -15.2622 0 0.486664
      vertex -15.4659 0 0
      vertex -15.4659 0 0.336761
    endloop
  endfacet
  facet normal 0 -1 0
    outer loop
      vertex -14.2251 -83 0.955139
      vertex -13.8256 -83 0.981247
      vertex -14.0223 -83 0.984741
    endloop
  endfacet
  facet normal 0 -1 0
    outer loop
      vertex -14.4313 -83 0.901581
      vertex -13.8256 -83 0.981247
      vertex -14.2251 -83 0.955139
    endloop
  endfacet
  facet normal 0 -1 0
    outer loop
      vertex -15.4659 -83 0
      vertex -14.4313 -83 0.901581
      vertex -14.6393 -83 0.826782
    endloop
  endfacet
  facet normal 0 -1 0
    outer loop
      vertex -15.4659 -83 0
      vertex -14.6393 -83 0.826782
      vertex -14.8478 -83 0.732193
    endloop
  endfacet
  facet normal 0 -1 -0
    outer loop
      vertex -14.4313 -83 0.901581
      vertex -15.4659 -83 0
      vertex -13.8256 -83 0.981247
    endloop
  endfacet
  facet normal 0 -1 -0
    outer loop
      vertex -13.8256 -83 0.981247
      vertex -15.4659 -83 0
      vertex -12.5908 -83 0.716446
    endloop
  endfacet
  facet normal 0 -1 0
    outer loop
      vertex -15.4659 -83 0
      vertex -14.8478 -83 0.732193
      vertex -15.0558 -83 0.618622
    endloop
  endfacet
  facet normal 0 -1 0
    outer loop
      vertex -13.8454 -83 3.9071
      vertex -13.1571 -83 4.59535
      vertex -13.4072 -83 4.63341
    endloop
  endfacet
  facet normal 0 -1 -0
    outer loop
      vertex -13.1571 -83 4.59535
      vertex -13.8454 -83 3.9071
      vertex -12.9179 -83 4.54274
    endloop
  endfacet
  facet normal 0 -1 0
    outer loop
      vertex -13.7927 -83 3.66788
      vertex -12.9179 -83 4.54274
      vertex -13.8454 -83 3.9071
    endloop
  endfacet
  facet normal 0 -1 0
    outer loop
      vertex -13.726 -83 3.44051
      vertex -12.6905 -83 4.47598
      vertex -13.7927 -83 3.66788
    endloop
  endfacet
  facet normal 0 -1 -0
    outer loop
      vertex -12.6905 -83 4.47598
      vertex -13.726 -83 3.44051
      vertex -12.4762 -83 4.3954
    endloop
  endfacet
  facet normal 0 -1 0
    outer loop
      vertex -13.8454 -83 3.9071
      vertex -13.4072 -83 4.63341
      vertex -13.8834 -83 4.15717
    endloop
  endfacet
  facet normal 0 -1 -0
    outer loop
      vertex -12.9179 -83 4.54274
      vertex -13.7927 -83 3.66788
      vertex -12.6905 -83 4.47598
    endloop
  endfacet
  facet normal 0 -1 0
    outer loop
      vertex -13.6454 -83 3.22615
      vertex -12.4762 -83 4.3954
      vertex -13.726 -83 3.44051
    endloop
  endfacet
  facet normal 0 -1 -0
    outer loop
      vertex -12.4762 -83 4.3954
      vertex -13.6454 -83 3.22615
      vertex -12.2762 -83 4.30124
    endloop
  endfacet
  facet normal 0 -1 0
    outer loop
      vertex -13.5512 -83 3.02621
      vertex -12.2762 -83 4.30124
      vertex -13.6454 -83 3.22615
    endloop
  endfacet
  facet normal 0 -1 -0
    outer loop
      vertex -12.2762 -83 4.30124
      vertex -13.5512 -83 3.02621
      vertex -12.0926 -83 4.19333
    endloop
  endfacet
  facet normal 0 -1 0
    outer loop
      vertex -13.4433 -83 2.84256
      vertex -12.0926 -83 4.19333
      vertex -13.5512 -83 3.02621
    endloop
  endfacet
  facet normal 0 -1 -0
    outer loop
      vertex -12.0926 -83 4.19333
      vertex -13.4433 -83 2.84256
      vertex -11.9282 -83 4.07083
    endloop
  endfacet
  facet normal 0 -1 0
    outer loop
      vertex -13.3208 -83 2.67819
      vertex -11.9282 -83 4.07083
      vertex -13.4433 -83 2.84256
    endloop
  endfacet
  facet normal 0 -1 -0
    outer loop
      vertex -11.7916 -83 3.92929
      vertex -13.1793 -83 2.5416
      vertex -11.1057 -83 2.86893
    endloop
  endfacet
  facet normal 0 -1 -0
    outer loop
      vertex -11.9282 -83 4.07083
      vertex -13.3208 -83 2.67819
      vertex -11.7916 -83 3.92929
    endloop
  endfacet
  facet normal 0 -1 0
    outer loop
      vertex -9.73666 -83 6.01216
      vertex -8.91324 -83 6.21588
      vertex -9.58676 -83 6.21588
    endloop
  endfacet
  facet normal 0 -1 0
    outer loop
      vertex -9.73666 -83 6.01216
      vertex -8.76334 -83 6.01216
      vertex -8.91324 -83 6.21588
    endloop
  endfacet
  facet normal 0 -1 0
    outer loop
      vertex -9.86862 -83 5.8058
      vertex -8.76334 -83 6.01216
      vertex -9.73666 -83 6.01216
    endloop
  endfacet
  facet normal 0 -1 0
    outer loop
      vertex -9.86862 -83 5.8058
      vertex -8.63138 -83 5.8058
      vertex -8.76334 -83 6.01216
    endloop
  endfacet
  facet normal 0 -1 0
    outer loop
      vertex -9.98219 -83 5.59781
      vertex -8.63138 -83 5.8058
      vertex -9.86862 -83 5.8058
    endloop
  endfacet
  facet normal 0 -1 0
    outer loop
      vertex -9.98219 -83 5.59781
      vertex -8.51781 -83 5.59781
      vertex -8.63138 -83 5.8058
    endloop
  endfacet
  facet normal 0 -1 0
    outer loop
      vertex -10.0768 -83 5.38927
      vertex -8.51781 -83 5.59781
      vertex -9.98219 -83 5.59781
    endloop
  endfacet
  facet normal 0 -1 0
    outer loop
      vertex -10.0768 -83 5.38927
      vertex -8.42322 -83 5.38927
      vertex -8.51781 -83 5.59781
    endloop
  endfacet
  facet normal 0 -1 0
    outer loop
      vertex -10.1516 -83 5.1813
      vertex -8.42322 -83 5.38927
      vertex -10.0768 -83 5.38927
    endloop
  endfacet
  facet normal 0 -1 0
    outer loop
      vertex -10.1516 -83 5.1813
      vertex -8.34842 -83 5.1813
      vertex -8.42322 -83 5.38927
    endloop
  endfacet
  facet normal 0 -1 0
    outer loop
      vertex -10.2051 -83 4.97514
      vertex -8.34842 -83 5.1813
      vertex -10.1516 -83 5.1813
    endloop
  endfacet
  facet normal 0 -1 0
    outer loop
      vertex -10.2051 -83 4.97514
      vertex -8.29486 -83 4.97514
      vertex -8.34842 -83 5.1813
    endloop
  endfacet
  facet normal 0 -1 0
    outer loop
      vertex -10.2347 -83 4.77229
      vertex -8.29486 -83 4.97514
      vertex -10.2051 -83 4.97514
    endloop
  endfacet
  facet normal 0 -1 0
    outer loop
      vertex -10.2347 -83 4.77229
      vertex -8.26526 -83 4.77229
      vertex -8.29486 -83 4.97514
    endloop
  endfacet
  facet normal 0 -1 0
    outer loop
      vertex -10.2312 -83 4.57562
      vertex -8.26526 -83 4.77229
      vertex -10.2347 -83 4.77229
    endloop
  endfacet
  facet normal 0 -1 0
    outer loop
      vertex -10.2312 -83 4.57562
      vertex -8.26875 -83 4.57562
      vertex -8.26526 -83 4.77229
    endloop
  endfacet
  facet normal 0 -1 0
    outer loop
      vertex -9.96645 -83 3.34084
      vertex -8.26875 -83 4.57562
      vertex -10.2312 -83 4.57562
    endloop
  endfacet
  facet normal 0 -1 0
    outer loop
      vertex -9.96645 -83 3.34084
      vertex -8.53355 -83 3.34084
      vertex -8.26875 -83 4.57562
    endloop
  endfacet
  facet normal 0 -1 0
    outer loop
      vertex -10.5602 -83 3.16313
      vertex -9.96645 -83 3.34084
      vertex -10.1361 -83 3.30708
    endloop
  endfacet
  facet normal 0 -1 0
    outer loop
      vertex -11.1057 -83 2.86893
      vertex -9.96645 -83 3.34084
      vertex -10.5602 -83 3.16313
    endloop
  endfacet
  facet normal 0 -1 -0
    outer loop
      vertex -9.96645 -83 3.34084
      vertex -11.1057 -83 2.86893
      vertex -8.53355 -83 3.34084
    endloop
  endfacet
  facet normal 0 -1 0
    outer loop
      vertex -8.53355 -83 3.34084
      vertex -7.93979 -83 3.16313
      vertex -8.36388 -83 3.30708
    endloop
  endfacet
  facet normal 0 -1 0
    outer loop
      vertex -11.1057 -83 2.86893
      vertex -10.5602 -83 3.16313
      vertex -10.9619 -83 2.96504
    endloop
  endfacet
  facet normal 0 -1 0
    outer loop
      vertex -7.39429 -83 2.86893
      vertex -8.53355 -83 3.34084
      vertex -11.1057 -83 2.86893
    endloop
  endfacet
  facet normal 0 -1 0
    outer loop
      vertex -8.53355 -83 3.34084
      vertex -7.39429 -83 2.86893
      vertex -7.93979 -83 3.16313
    endloop
  endfacet
  facet normal 0 -1 0
    outer loop
      vertex -7.93979 -83 3.16313
      vertex -7.39429 -83 2.86893
      vertex -7.53813 -83 2.96504
    endloop
  endfacet
  facet normal 0 -1 0
    outer loop
      vertex -4.65465 -83 3.9071
      vertex -5.3429 -83 4.59535
      vertex -5.58212 -83 4.54274
    endloop
  endfacet
  facet normal 0 -1 0
    outer loop
      vertex -4.70726 -83 3.66788
      vertex -5.58212 -83 4.54274
      vertex -5.80949 -83 4.47598
    endloop
  endfacet
  facet normal 0 -1 0
    outer loop
      vertex -4.77402 -83 3.44051
      vertex -5.80949 -83 4.47598
      vertex -6.02385 -83 4.3954
    endloop
  endfacet
  facet normal 0 -1 0
    outer loop
      vertex -4.8546 -83 3.22615
      vertex -6.02385 -83 4.3954
      vertex -6.22379 -83 4.30124
    endloop
  endfacet
  facet normal 0 -1 0
    outer loop
      vertex -4.94876 -83 3.02621
      vertex -6.22379 -83 4.30124
      vertex -6.40744 -83 4.19333
    endloop
  endfacet
  facet normal 0 -1 0
    outer loop
      vertex -5.58212 -83 4.54274
      vertex -4.70726 -83 3.66788
      vertex -4.65465 -83 3.9071
    endloop
  endfacet
  facet normal 0 -1 0
    outer loop
      vertex -5.05667 -83 2.84256
      vertex -6.40744 -83 4.19333
      vertex -6.57181 -83 4.07083
    endloop
  endfacet
  facet normal 0 -1 0
    outer loop
      vertex -5.17917 -83 2.67819
      vertex -6.57181 -83 4.07083
      vertex -6.7084 -83 3.92929
    endloop
  endfacet
  facet normal 0 -1 0
    outer loop
      vertex -5.09283 -83 4.63341
      vertex -4.65465 -83 3.9071
      vertex -4.61659 -83 4.15717
    endloop
  endfacet
  facet normal 0 -1 0
    outer loop
      vertex -5.3429 -83 4.59535
      vertex -4.65465 -83 3.9071
      vertex -5.09283 -83 4.63341
    endloop
  endfacet
  facet normal 0 -1 0
    outer loop
      vertex -5.80949 -83 4.47598
      vertex -4.77402 -83 3.44051
      vertex -4.70726 -83 3.66788
    endloop
  endfacet
  facet normal 0 -1 0
    outer loop
      vertex -6.02385 -83 4.3954
      vertex -4.8546 -83 3.22615
      vertex -4.77402 -83 3.44051
    endloop
  endfacet
  facet normal 0 -1 0
    outer loop
      vertex -6.22379 -83 4.30124
      vertex -4.94876 -83 3.02621
      vertex -4.8546 -83 3.22615
    endloop
  endfacet
  facet normal 0 -1 0
    outer loop
      vertex -5.32071 -83 2.5416
      vertex -6.7084 -83 3.92929
      vertex -7.39429 -83 2.86893
    endloop
  endfacet
  facet normal 0 -1 0
    outer loop
      vertex -6.40744 -83 4.19333
      vertex -5.05667 -83 2.84256
      vertex -4.94876 -83 3.02621
    endloop
  endfacet
  facet normal 0 -1 -0
    outer loop
      vertex -11.1057 -83 2.86893
      vertex -12.1189 -83 1.85571
      vertex -7.39429 -83 2.86893
    endloop
  endfacet
  facet normal 0 -1 0
    outer loop
      vertex -11.7916 -83 3.92929
      vertex -13.3208 -83 2.67819
      vertex -13.1793 -83 2.5416
    endloop
  endfacet
  facet normal 0 -1 0
    outer loop
      vertex -6.38107 -83 1.85571
      vertex -7.39429 -83 2.86893
      vertex -12.1189 -83 1.85571
    endloop
  endfacet
  facet normal 0 -1 0
    outer loop
      vertex -11.1057 -83 2.86893
      vertex -13.1793 -83 2.5416
      vertex -12.1189 -83 1.85571
    endloop
  endfacet
  facet normal -0 -1 0
    outer loop
      vertex -5.32071 -83 2.5416
      vertex -7.39429 -83 2.86893
      vertex -6.38107 -83 1.85571
    endloop
  endfacet
  facet normal -0 -1 0
    outer loop
      vertex -5.17917 -83 2.67819
      vertex -6.7084 -83 3.92929
      vertex -5.32071 -83 2.5416
    endloop
  endfacet
  facet normal 0 -1 0
    outer loop
      vertex -6.57181 -83 4.07083
      vertex -5.17917 -83 2.67819
      vertex -5.05667 -83 2.84256
    endloop
  endfacet
  facet normal 0 -1 0
    outer loop
      vertex -12.4131 -83 1.31021
      vertex -12.1189 -83 1.85571
      vertex -12.215 -83 1.71187
    endloop
  endfacet
  facet normal 0 -1 -0
    outer loop
      vertex -12.1189 -83 1.85571
      vertex -12.5908 -83 0.716446
      vertex -6.38107 -83 1.85571
    endloop
  endfacet
  facet normal 0 -1 0
    outer loop
      vertex -12.1189 -83 1.85571
      vertex -12.4131 -83 1.31021
      vertex -12.5908 -83 0.716446
    endloop
  endfacet
  facet normal 0 -1 0
    outer loop
      vertex -5.90916 -83 0.716446
      vertex -6.38107 -83 1.85571
      vertex -12.5908 -83 0.716446
    endloop
  endfacet
  facet normal 0 -1 0
    outer loop
      vertex -12.5908 -83 0.716446
      vertex -12.4131 -83 1.31021
      vertex -12.5571 -83 0.886124
    endloop
  endfacet
  facet normal -0 -1 -0
    outer loop
      vertex -6.08687 -83 1.31021
      vertex -6.38107 -83 1.85571
      vertex -5.90916 -83 0.716446
    endloop
  endfacet
  facet normal 0 -1 0
    outer loop
      vertex -6.38107 -83 1.85571
      vertex -6.08687 -83 1.31021
      vertex -6.28496 -83 1.71187
    endloop
  endfacet
  facet normal 0 -1 0
    outer loop
      vertex -6.08687 -83 1.31021
      vertex -5.90916 -83 0.716446
      vertex -5.94292 -83 0.886124
    endloop
  endfacet
  facet normal 0 -1 0
    outer loop
      vertex -4.67438 -83 0.981247
      vertex -4.27486 -83 0.955139
      vertex -4.47771 -83 0.984741
    endloop
  endfacet
  facet normal 0 -1 0
    outer loop
      vertex -4.67438 -83 0.981247
      vertex -4.0687 -83 0.901581
      vertex -4.27486 -83 0.955139
    endloop
  endfacet
  facet normal 0 -1 0
    outer loop
      vertex -3.03412 -83 0
      vertex -4.0687 -83 0.901581
      vertex -4.67438 -83 0.981247
    endloop
  endfacet
  facet normal 0 -1 0
    outer loop
      vertex -4.0687 -83 0.901581
      vertex -3.03412 -83 0
      vertex -3.86073 -83 0.826782
    endloop
  endfacet
  facet normal 0 -1 0
    outer loop
      vertex -3.03412 -83 0
      vertex -4.67438 -83 0.981247
      vertex -5.90916 -83 0.716446
    endloop
  endfacet
  facet normal 0 -1 -0
    outer loop
      vertex -12.5908 -83 0.716446
      vertex -15.4659 -83 0
      vertex -5.90916 -83 0.716446
    endloop
  endfacet
  facet normal 0 -1 0
    outer loop
      vertex -3.03412 -83 0
      vertex -5.90916 -83 0.716446
      vertex -15.4659 -83 0
    endloop
  endfacet
  facet normal 0 -1 0
    outer loop
      vertex -15.4659 -83 0
      vertex -15.0558 -83 0.618622
      vertex -15.2622 -83 0.486664
    endloop
  endfacet
  facet normal 0 -1 0
    outer loop
      vertex -3.86073 -83 0.826782
      vertex -3.03412 -83 0
      vertex -3.65219 -83 0.732193
    endloop
  endfacet
  facet normal 0 -1 0
    outer loop
      vertex -15.4659 -83 0
      vertex -15.2622 -83 0.486664
      vertex -15.4659 -83 0.336761
    endloop
  endfacet
  facet normal 0 -1 0
    outer loop
      vertex -3.65219 -83 0.732193
      vertex -3.03412 -83 0
      vertex -3.4442 -83 0.618622
    endloop
  endfacet
  facet normal 0 -1 0
    outer loop
      vertex -3.4442 -83 0.618622
      vertex -3.03412 -83 0
      vertex -3.23784 -83 0.486664
    endloop
  endfacet
  facet normal 0 -1 0
    outer loop
      vertex -3.23784 -83 0.486664
      vertex -3.03412 -83 0
      vertex -3.03412 -83 0.336761
    endloop
  endfacet
  facet normal 1 0 0
    outer loop
      vertex -3.03412 0 0.336761
      vertex -3.03412 -27.9857 0
      vertex -3.03412 0 0
    endloop
  endfacet
  facet normal 1 0 -0
    outer loop
      vertex -3.03412 -27.9857 0
      vertex -3.03412 0 0.336761
      vertex -3.03412 -27.9936 0.336761
    endloop
  endfacet
  facet normal 1 -0 0
    outer loop
      vertex -3.03412 -83 0.336761
      vertex -3.03412 -46.0143 0
      vertex -3.03412 -46.0064 0.336761
    endloop
  endfacet
  facet normal 1 0 0
    outer loop
      vertex -3.03412 -46.0143 0
      vertex -3.03412 -83 0.336761
      vertex -3.03412 -83 0
    endloop
  endfacet
  facet normal 0.592674 0 0.805442
    outer loop
      vertex -3.03412 0 0.336761
      vertex -3.11242 -27.9392 0.394377
      vertex -3.03412 -27.9936 0.336761
    endloop
  endfacet
  facet normal 0.592603 3.08058e-07 0.805495
    outer loop
      vertex -3.03412 0 0.336761
      vertex -3.12228 -27.9324 0.401631
      vertex -3.11242 -27.9392 0.394377
    endloop
  endfacet
  facet normal 0.59267 -0 0.805446
    outer loop
      vertex -3.23784 -27.8565 0.486664
      vertex -3.03412 0 0.336761
      vertex -3.23784 0 0.486664
    endloop
  endfacet
  facet normal 0.592673 -3.28895e-08 0.805443
    outer loop
      vertex -3.03412 0 0.336761
      vertex -3.23784 -27.8565 0.486664
      vertex -3.12228 -27.9324 0.401631
    endloop
  endfacet
  facet normal 0.592674 0 0.805442
    outer loop
      vertex -3.11242 -46.0608 0.394377
      vertex -3.03412 -83 0.336761
      vertex -3.03412 -46.0064 0.336761
    endloop
  endfacet
  facet normal 0.592603 -2.33111e-07 0.805495
    outer loop
      vertex -3.12228 -46.0676 0.401631
      vertex -3.03412 -83 0.336761
      vertex -3.11242 -46.0608 0.394377
    endloop
  endfacet
  facet normal 0.592673 2.48872e-08 0.805443
    outer loop
      vertex -3.23784 -46.1435 0.486664
      vertex -3.03412 -83 0.336761
      vertex -3.12228 -46.0676 0.401631
    endloop
  endfacet
  facet normal 0.59267 0 0.805446
    outer loop
      vertex -3.03412 -83 0.336761
      vertex -3.23784 -46.1435 0.486664
      vertex -3.23784 -83 0.486664
    endloop
  endfacet
  facet normal 0.538728 -0 0.84248
    outer loop
      vertex -3.4442 -27.7196 0.618622
      vertex -3.23784 0 0.486664
      vertex -3.4442 0 0.618622
    endloop
  endfacet
  facet normal 0.538728 0 0.84248
    outer loop
      vertex -3.23784 0 0.486664
      vertex -3.4442 -27.7196 0.618622
      vertex -3.23784 -27.8565 0.486664
    endloop
  endfacet
  facet normal 0.538728 0 0.84248
    outer loop
      vertex -3.4442 -46.2804 0.618622
      vertex -3.23784 -83 0.486664
      vertex -3.23784 -46.1435 0.486664
    endloop
  endfacet
  facet normal 0.538728 0 0.84248
    outer loop
      vertex -3.23784 -83 0.486664
      vertex -3.4442 -46.2804 0.618622
      vertex -3.4442 -83 0.618622
    endloop
  endfacet
  facet normal 0.479245 0 0.877681
    outer loop
      vertex -3.4442 0 0.618622
      vertex -3.59439 -27.6189 0.700631
      vertex -3.4442 -27.7196 0.618622
    endloop
  endfacet
  facet normal 0.479249 -0 0.877679
    outer loop
      vertex -3.65219 -27.5802 0.732193
      vertex -3.4442 0 0.618622
      vertex -3.65219 0 0.732193
    endloop
  endfacet
  facet normal 0.479258 -9.67302e-08 0.877674
    outer loop
      vertex -3.4442 0 0.618622
      vertex -3.65219 -27.5802 0.732193
      vertex -3.59439 -27.6189 0.700631
    endloop
  endfacet
  facet normal 0.479245 0 0.877681
    outer loop
      vertex -3.59439 -46.3811 0.700631
      vertex -3.4442 -83 0.618622
      vertex -3.4442 -46.2804 0.618622
    endloop
  endfacet
  facet normal 0.479258 7.30215e-08 0.877674
    outer loop
      vertex -3.65219 -46.4198 0.732193
      vertex -3.4442 -83 0.618622
      vertex -3.59439 -46.3811 0.700631
    endloop
  endfacet
  facet normal 0.479249 0 0.877679
    outer loop
      vertex -3.4442 -83 0.618622
      vertex -3.65219 -46.4198 0.732193
      vertex -3.65219 -83 0.732193
    endloop
  endfacet
  facet normal 0.412869 0 0.91079
    outer loop
      vertex -3.65219 0 0.732193
      vertex -3.66035 -27.5747 0.735892
      vertex -3.65219 -27.5802 0.732193
    endloop
  endfacet
  facet normal 0.413079 -7.48892e-08 0.910695
    outer loop
      vertex -3.65219 0 0.732193
      vertex -3.75584 -27.5126 0.779205
      vertex -3.66035 -27.5747 0.735892
    endloop
  endfacet
  facet normal 0.413072 -0 0.910698
    outer loop
      vertex -3.86073 -27.4445 0.826782
      vertex -3.65219 0 0.732193
      vertex -3.86073 0 0.826782
    endloop
  endfacet
  facet normal 0.413081 -8.41702e-08 0.910694
    outer loop
      vertex -3.65219 0 0.732193
      vertex -3.86073 -27.4445 0.826782
      vertex -3.75584 -27.5126 0.779205
    endloop
  endfacet
  facet normal 0.412869 0 0.91079
    outer loop
      vertex -3.66035 -46.4253 0.735892
      vertex -3.65219 -83 0.732193
      vertex -3.65219 -46.4198 0.732193
    endloop
  endfacet
  facet normal 0.413079 5.64637e-08 0.910695
    outer loop
      vertex -3.75584 -46.4874 0.779205
      vertex -3.65219 -83 0.732193
      vertex -3.66035 -46.4253 0.735892
    endloop
  endfacet
  facet normal 0.413081 6.34613e-08 0.910694
    outer loop
      vertex -3.86073 -46.5555 0.826782
      vertex -3.65219 -83 0.732193
      vertex -3.75584 -46.4874 0.779205
    endloop
  endfacet
  facet normal 0.413072 0 0.910698
    outer loop
      vertex -3.65219 -83 0.732193
      vertex -3.86073 -46.5555 0.826782
      vertex -3.86073 -83 0.826782
    endloop
  endfacet
  facet normal 0.338438 -0 0.940989
    outer loop
      vertex -4.0687 -27.3072 0.901581
      vertex -3.86073 0 0.826782
      vertex -4.0687 0 0.901581
    endloop
  endfacet
  facet normal 0.338438 0 0.940989
    outer loop
      vertex -3.86073 0 0.826782
      vertex -4.0687 -27.3072 0.901581
      vertex -3.86073 -27.4445 0.826782
    endloop
  endfacet
  facet normal 0.338438 0 0.940989
    outer loop
      vertex -4.0687 -46.6928 0.901581
      vertex -3.86073 -83 0.826782
      vertex -3.86073 -46.5555 0.826782
    endloop
  endfacet
  facet normal 0.338438 0 0.940989
    outer loop
      vertex -3.86073 -83 0.826782
      vertex -4.0687 -46.6928 0.901581
      vertex -4.0687 -83 0.901581
    endloop
  endfacet
  facet normal 0.251442 -0 0.967872
    outer loop
      vertex -4.27486 -27.1687 0.955139
      vertex -4.0687 0 0.901581
      vertex -4.27486 0 0.955139
    endloop
  endfacet
  facet normal 0.251442 0 0.967872
    outer loop
      vertex -4.0687 0 0.901581
      vertex -4.27486 -27.1687 0.955139
      vertex -4.0687 -27.3072 0.901581
    endloop
  endfacet
  facet normal 0.251442 0 0.967872
    outer loop
      vertex -4.27486 -46.8313 0.955139
      vertex -4.0687 -83 0.901581
      vertex -4.0687 -46.6928 0.901581
    endloop
  endfacet
  facet normal 0.251442 0 0.967872
    outer loop
      vertex -4.0687 -83 0.901581
      vertex -4.27486 -46.8313 0.955139
      vertex -4.27486 -83 0.955139
    endloop
  endfacet
  facet normal 0.1444 0 0.989519
    outer loop
      vertex -4.27486 0 0.955139
      vertex -4.37484 -27.1002 0.969729
      vertex -4.27486 -27.1687 0.955139
    endloop
  endfacet
  facet normal 0.144401 -0 0.989519
    outer loop
      vertex -4.47771 -27.0313 0.984741
      vertex -4.27486 0 0.955139
      vertex -4.47771 0 0.984741
    endloop
  endfacet
  facet normal 0.144402 -9.36874e-09 0.989519
    outer loop
      vertex -4.27486 0 0.955139
      vertex -4.47771 -27.0313 0.984741
      vertex -4.37484 -27.1002 0.969729
    endloop
  endfacet
  facet normal 0.1444 0 0.989519
    outer loop
      vertex -4.37484 -46.8998 0.969729
      vertex -4.27486 -83 0.955139
      vertex -4.27486 -46.8313 0.955139
    endloop
  endfacet
  facet normal 0.144402 7.03738e-09 0.989519
    outer loop
      vertex -4.47771 -46.9687 0.984741
      vertex -4.27486 -83 0.955139
      vertex -4.37484 -46.8998 0.969729
    endloop
  endfacet
  facet normal 0.144401 0 0.989519
    outer loop
      vertex -4.27486 -83 0.955139
      vertex -4.47771 -46.9687 0.984741
      vertex -4.47771 -83 0.984741
    endloop
  endfacet
  facet normal -0.0177649 0 0.999842
    outer loop
      vertex -4.47771 0 0.984741
      vertex -4.50208 -18 0.984308
      vertex -4.47771 -27.0313 0.984741
    endloop
  endfacet
  facet normal -0.017763 -2.63513e-09 0.999842
    outer loop
      vertex -4.67438 0 0.981247
      vertex -4.50208 -18 0.984308
      vertex -4.47771 0 0.984741
    endloop
  endfacet
  facet normal -0.0177627 0 0.999842
    outer loop
      vertex -4.50208 -18 0.984308
      vertex -4.67438 0 0.981247
      vertex -4.67438 -18 0.981247
    endloop
  endfacet
  facet normal -0.0177649 0 0.999842
    outer loop
      vertex -4.47771 -27.0313 0.984741
      vertex -4.50208 -18 0.984308
      vertex -4.50208 -27.0143 0.984308
    endloop
  endfacet
  facet normal -0.0177649 0 0.999842
    outer loop
      vertex -4.50208 -58 0.984308
      vertex -4.47771 -46.9687 0.984741
      vertex -4.50208 -46.9857 0.984308
    endloop
  endfacet
  facet normal -0.0177649 0 0.999842
    outer loop
      vertex -4.47771 -46.9687 0.984741
      vertex -4.50208 -58 0.984308
      vertex -4.47771 -83 0.984741
    endloop
  endfacet
  facet normal -0.0177627 2.16565e-09 0.999842
    outer loop
      vertex -4.67438 -58 0.981247
      vertex -4.47771 -83 0.984741
      vertex -4.50208 -58 0.984308
    endloop
  endfacet
  facet normal -0.017763 0 0.999842
    outer loop
      vertex -4.47771 -83 0.984741
      vertex -4.67438 -58 0.981247
      vertex -4.67438 -83 0.981247
    endloop
  endfacet
  facet normal -0.209685 0 0.977769
    outer loop
      vertex -5.90916 0 0.716446
      vertex -4.67438 -18 0.981247
      vertex -4.67438 0 0.981247
    endloop
  endfacet
  facet normal -0.209685 0 0.977769
    outer loop
      vertex -4.67438 -18 0.981247
      vertex -5.90916 0 0.716446
      vertex -5.90916 -18 0.716446
    endloop
  endfacet
  facet normal -0.209685 0 0.977769
    outer loop
      vertex -5.90916 -58 0.716446
      vertex -4.67438 -83 0.981247
      vertex -4.67438 -58 0.981247
    endloop
  endfacet
  facet normal -0.209685 0 0.977769
    outer loop
      vertex -4.67438 -83 0.981247
      vertex -5.90916 -58 0.716446
      vertex -5.90916 -83 0.716446
    endloop
  endfacet
  facet normal 0.980775 -0 0.19514
    outer loop
      vertex -5.94292 -18 0.886124
      vertex -5.90916 0 0.716446
      vertex -5.94292 0 0.886124
    endloop
  endfacet
  facet normal 0.980775 0 0.19514
    outer loop
      vertex -5.90916 0 0.716446
      vertex -5.94292 -18 0.886124
      vertex -5.90916 -18 0.716446
    endloop
  endfacet
  facet normal 0.980775 -0 0.19514
    outer loop
      vertex -5.94292 -83 0.886124
      vertex -5.90916 -58 0.716446
      vertex -5.94292 -58 0.886124
    endloop
  endfacet
  facet normal 0.980775 0 0.19514
    outer loop
      vertex -5.90916 -58 0.716446
      vertex -5.94292 -83 0.886124
      vertex -5.90916 -83 0.716446
    endloop
  endfacet
  facet normal 0.946935 -0 0.321424
    outer loop
      vertex -6.08687 -18 1.31021
      vertex -5.94292 0 0.886124
      vertex -6.08687 0 1.31021
    endloop
  endfacet
  facet normal 0.946935 0 0.321424
    outer loop
      vertex -5.94292 0 0.886124
      vertex -6.08687 -18 1.31021
      vertex -5.94292 -18 0.886124
    endloop
  endfacet
  facet normal 0.946935 -0 0.321424
    outer loop
      vertex -6.08687 -83 1.31021
      vertex -5.94292 -58 0.886124
      vertex -6.08687 -58 1.31021
    endloop
  endfacet
  facet normal 0.946935 0 0.321424
    outer loop
      vertex -5.94292 -58 0.886124
      vertex -6.08687 -83 1.31021
      vertex -5.94292 -83 0.886124
    endloop
  endfacet
  facet normal 0.896861 -0 0.442312
    outer loop
      vertex -6.28496 -18 1.71187
      vertex -6.08687 0 1.31021
      vertex -6.28496 0 1.71187
    endloop
  endfacet
  facet normal 0.896861 0 0.442312
    outer loop
      vertex -6.08687 0 1.31021
      vertex -6.28496 -18 1.71187
      vertex -6.08687 -18 1.31021
    endloop
  endfacet
  facet normal 0.896861 -0 0.442312
    outer loop
      vertex -6.28496 -83 1.71187
      vertex -6.08687 -58 1.31021
      vertex -6.28496 -58 1.71187
    endloop
  endfacet
  facet normal 0.896861 0 0.442312
    outer loop
      vertex -6.08687 -58 1.31021
      vertex -6.28496 -83 1.71187
      vertex -6.08687 -83 1.31021
    endloop
  endfacet
  facet normal 0.831472 -0 0.555567
    outer loop
      vertex -6.38107 -18 1.85571
      vertex -6.28496 0 1.71187
      vertex -6.38107 0 1.85571
    endloop
  endfacet
  facet normal 0.831472 0 0.555567
    outer loop
      vertex -6.28496 0 1.71187
      vertex -6.38107 -18 1.85571
      vertex -6.28496 -18 1.71187
    endloop
  endfacet
  facet normal 0.831472 -0 0.555567
    outer loop
      vertex -6.38107 -83 1.85571
      vertex -6.28496 -58 1.71187
      vertex -6.38107 -58 1.85571
    endloop
  endfacet
  facet normal 0.831472 0 0.555567
    outer loop
      vertex -6.28496 -58 1.71187
      vertex -6.38107 -83 1.85571
      vertex -6.28496 -83 1.71187
    endloop
  endfacet
  facet normal 0.543126 0 -0.839652
    outer loop
      vertex -6.38107 -18 1.85571
      vertex -5.32071 0 2.5416
      vertex -5.32071 -18 2.5416
    endloop
  endfacet
  facet normal 0.543126 0 -0.839652
    outer loop
      vertex -5.32071 0 2.5416
      vertex -6.38107 -18 1.85571
      vertex -6.38107 0 1.85571
    endloop
  endfacet
  facet normal 0.543126 0 -0.839652
    outer loop
      vertex -6.38107 -83 1.85571
      vertex -5.32071 -58 2.5416
      vertex -5.32071 -83 2.5416
    endloop
  endfacet
  facet normal 0.543126 0 -0.839652
    outer loop
      vertex -5.32071 -58 2.5416
      vertex -6.38107 -83 1.85571
      vertex -6.38107 -58 1.85571
    endloop
  endfacet
  facet normal 0.694477 0 -0.719515
    outer loop
      vertex -5.1967 -18 2.66127
      vertex -5.17917 -27.0313 2.67819
      vertex -5.1967 -27.0143 2.66127
    endloop
  endfacet
  facet normal 0.694477 0 -0.719515
    outer loop
      vertex -5.17917 -27.0313 2.67819
      vertex -5.1967 -18 2.66127
      vertex -5.17917 0 2.67819
    endloop
  endfacet
  facet normal 0.694403 1.39941e-07 -0.719586
    outer loop
      vertex -5.32071 -18 2.5416
      vertex -5.17917 0 2.67819
      vertex -5.1967 -18 2.66127
    endloop
  endfacet
  facet normal 0.694412 0 -0.719578
    outer loop
      vertex -5.17917 0 2.67819
      vertex -5.32071 -18 2.5416
      vertex -5.32071 0 2.5416
    endloop
  endfacet
  facet normal 0.694477 0 -0.719515
    outer loop
      vertex -5.17917 -83 2.67819
      vertex -5.1967 -58 2.66127
      vertex -5.17917 -46.9687 2.67819
    endloop
  endfacet
  facet normal 0.694412 -8.82771e-08 -0.719578
    outer loop
      vertex -5.32071 -83 2.5416
      vertex -5.1967 -58 2.66127
      vertex -5.17917 -83 2.67819
    endloop
  endfacet
  facet normal 0.694403 0 -0.719586
    outer loop
      vertex -5.1967 -58 2.66127
      vertex -5.32071 -83 2.5416
      vertex -5.32071 -58 2.5416
    endloop
  endfacet
  facet normal 0.694477 0 -0.719515
    outer loop
      vertex -5.17917 -46.9687 2.67819
      vertex -5.1967 -58 2.66127
      vertex -5.1967 -46.9857 2.66127
    endloop
  endfacet
  facet normal 0.801817 0 -0.59757
    outer loop
      vertex -5.05667 0 2.84256
      vertex -5.17917 -27.0313 2.67819
      vertex -5.17917 0 2.67819
    endloop
  endfacet
  facet normal 0.801797 2.50702e-07 -0.597596
    outer loop
      vertex -5.05667 0 2.84256
      vertex -5.11704 -27.1002 2.76155
      vertex -5.17917 -27.0313 2.67819
    endloop
  endfacet
  facet normal 0.801837 0 -0.597542
    outer loop
      vertex -5.11704 -27.1002 2.76155
      vertex -5.05667 0 2.84256
      vertex -5.05667 -27.1686 2.84256
    endloop
  endfacet
  facet normal 0.801837 0 -0.597542
    outer loop
      vertex -5.05667 -83 2.84256
      vertex -5.11704 -46.8998 2.76155
      vertex -5.05667 -46.8314 2.84256
    endloop
  endfacet
  facet normal 0.801797 -1.88316e-07 -0.597596
    outer loop
      vertex -5.05667 -83 2.84256
      vertex -5.17917 -46.9687 2.67819
      vertex -5.11704 -46.8998 2.76155
    endloop
  endfacet
  facet normal 0.801817 0 -0.59757
    outer loop
      vertex -5.17917 -46.9687 2.67819
      vertex -5.05667 -83 2.84256
      vertex -5.17917 -83 2.67819
    endloop
  endfacet
  facet normal 0.862179 0 -0.506604
    outer loop
      vertex -4.94876 0 3.02621
      vertex -5.05667 -27.1686 2.84256
      vertex -5.05667 0 2.84256
    endloop
  endfacet
  facet normal 0.862213 -5.21854e-07 -0.506546
    outer loop
      vertex -4.94876 0 3.02621
      vertex -4.99691 -27.2454 2.94428
      vertex -5.05667 -27.1686 2.84256
    endloop
  endfacet
  facet normal 0.862137 0 -0.506675
    outer loop
      vertex -4.99691 -27.2454 2.94428
      vertex -4.94876 0 3.02621
      vertex -4.94876 -27.3072 3.02621
    endloop
  endfacet
  facet normal 0.761823 0.216056 -0.610692
    outer loop
      vertex -4.94876 -46.6928 3.02621
      vertex -5.05667 -46.8314 2.84256
      vertex -4.99691 -46.7546 2.94428
    endloop
  endfacet
  facet normal 0.862179 0 -0.506604
    outer loop
      vertex -4.94876 -83 3.02621
      vertex -5.05667 -46.8314 2.84256
      vertex -4.94876 -46.6928 3.02621
    endloop
  endfacet
  facet normal 0.862179 0 -0.506604
    outer loop
      vertex -5.05667 -46.8314 2.84256
      vertex -4.94876 -83 3.02621
      vertex -5.05667 -83 2.84256
    endloop
  endfacet
  facet normal 0.904696 0 -0.426059
    outer loop
      vertex -4.8546 0 3.22615
      vertex -4.94876 -27.3072 3.02621
      vertex -4.94876 0 3.02621
    endloop
  endfacet
  facet normal 0.904696 0 -0.426059
    outer loop
      vertex -4.94876 -27.3072 3.02621
      vertex -4.8546 0 3.22615
      vertex -4.8546 -27.4445 3.22615
    endloop
  endfacet
  facet normal 0.904696 0 -0.426059
    outer loop
      vertex -4.8546 -83 3.22615
      vertex -4.94876 -46.6928 3.02621
      vertex -4.8546 -46.5555 3.22615
    endloop
  endfacet
  facet normal 0.904696 0 -0.426059
    outer loop
      vertex -4.94876 -46.6928 3.02621
      vertex -4.8546 -83 3.22615
      vertex -4.94876 -83 3.02621
    endloop
  endfacet
  facet normal 0.936049 0 -0.35187
    outer loop
      vertex -4.77402 0 3.44051
      vertex -4.8546 -27.4445 3.22615
      vertex -4.8546 0 3.22615
    endloop
  endfacet
  facet normal 0.936043 1.37128e-07 -0.351885
    outer loop
      vertex -4.77402 0 3.44051
      vertex -4.77717 -27.5747 3.43212
      vertex -4.8546 -27.4445 3.22615
    endloop
  endfacet
  facet normal 0.936192 0 -0.35149
    outer loop
      vertex -4.77717 -27.5747 3.43212
      vertex -4.77402 0 3.44051
      vertex -4.77402 -27.5802 3.44051
    endloop
  endfacet
  facet normal 0.936192 0 -0.35149
    outer loop
      vertex -4.77402 -83 3.44051
      vertex -4.77717 -46.4253 3.43212
      vertex -4.77402 -46.4198 3.44051
    endloop
  endfacet
  facet normal 0.936043 -1.03389e-07 -0.351885
    outer loop
      vertex -4.77402 -83 3.44051
      vertex -4.8546 -46.5555 3.22615
      vertex -4.77717 -46.4253 3.43212
    endloop
  endfacet
  facet normal 0.936049 0 -0.35187
    outer loop
      vertex -4.8546 -46.5555 3.22615
      vertex -4.77402 -83 3.44051
      vertex -4.8546 -83 3.22615
    endloop
  endfacet
  facet normal 0.959495 0 -0.281725
    outer loop
      vertex -4.70726 0 3.66788
      vertex -4.77402 -27.5802 3.44051
      vertex -4.77402 0 3.44051
    endloop
  endfacet
  facet normal 0.959495 0 -0.281725
    outer loop
      vertex -4.77402 -27.5802 3.44051
      vertex -4.70726 0 3.66788
      vertex -4.70726 -27.7195 3.66788
    endloop
  endfacet
  facet normal 0.959495 0 -0.281725
    outer loop
      vertex -4.70726 -83 3.66788
      vertex -4.77402 -46.4198 3.44051
      vertex -4.70726 -46.2805 3.66788
    endloop
  endfacet
  facet normal 0.959495 0 -0.281725
    outer loop
      vertex -4.77402 -46.4198 3.44051
      vertex -4.70726 -83 3.66788
      vertex -4.77402 -83 3.44051
    endloop
  endfacet
  facet normal 0.97666 0 -0.21479
    outer loop
      vertex -4.65465 0 3.9071
      vertex -4.70726 -27.7195 3.66788
      vertex -4.70726 0 3.66788
    endloop
  endfacet
  facet normal 0.97666 0 -0.21479
    outer loop
      vertex -4.70726 -27.7195 3.66788
      vertex -4.65465 0 3.9071
      vertex -4.65465 -27.8565 3.9071
    endloop
  endfacet
  facet normal 0.97666 0 -0.21479
    outer loop
      vertex -4.65465 -83 3.9071
      vertex -4.70726 -46.2805 3.66788
      vertex -4.65465 -46.1435 3.9071
    endloop
  endfacet
  facet normal 0.97666 0 -0.21479
    outer loop
      vertex -4.70726 -46.2805 3.66788
      vertex -4.65465 -83 3.9071
      vertex -4.70726 -83 3.66788
    endloop
  endfacet
  facet normal 0.988615 0 -0.150465
    outer loop
      vertex -4.61659 0 4.15717
      vertex -4.65465 -27.8565 3.9071
      vertex -4.65465 0 3.9071
    endloop
  endfacet
  facet normal 0.988622 -3.88399e-07 -0.150422
    outer loop
      vertex -4.61659 0 4.15717
      vertex -4.63529 -27.9246 4.03434
      vertex -4.65465 -27.8565 3.9071
    endloop
  endfacet
  facet normal 0.988551 1.70159e-06 -0.150887
    outer loop
      vertex -4.61659 0 4.15717
      vertex -4.63306 -27.9324 4.04895
      vertex -4.63529 -27.9246 4.03434
    endloop
  endfacet
  facet normal 0.988616 0 -0.150458
    outer loop
      vertex -4.63306 -27.9324 4.04895
      vertex -4.61659 0 4.15717
      vertex -4.61659 -27.9936 4.15717
    endloop
  endfacet
  facet normal 0.988616 0 -0.150458
    outer loop
      vertex -4.61659 -83 4.15717
      vertex -4.63306 -46.0676 4.04895
      vertex -4.61659 -46.0064 4.15717
    endloop
  endfacet
  facet normal 0.988551 -1.28758e-06 -0.150887
    outer loop
      vertex -4.61659 -83 4.15717
      vertex -4.63529 -46.0754 4.03434
      vertex -4.63306 -46.0676 4.04895
    endloop
  endfacet
  facet normal 0.988622 2.93899e-07 -0.150422
    outer loop
      vertex -4.61659 -83 4.15717
      vertex -4.65465 -46.1435 3.9071
      vertex -4.63529 -46.0754 4.03434
    endloop
  endfacet
  facet normal 0.988615 0 -0.150465
    outer loop
      vertex -4.65465 -46.1435 3.9071
      vertex -4.61659 -83 4.15717
      vertex -4.65465 -83 3.9071
    endloop
  endfacet
  facet normal 0.707107 2.28247e-17 0.707107
    outer loop
      vertex -5.09283 0 4.63341
      vertex -4.85471 -27.9857 4.39529
      vertex -4.61659 0 4.15717
    endloop
  endfacet
  facet normal 0.705249 -3.15685e-05 0.708959
    outer loop
      vertex -5.09283 0 4.63341
      vertex -4.85662 -27.9858 4.39719
      vertex -4.85471 -27.9857 4.39529
    endloop
  endfacet
  facet normal 0.707122 0 0.707092
    outer loop
      vertex -4.85662 -27.9858 4.39719
      vertex -5.09283 0 4.63341
      vertex -5.09283 -27.9936 4.63341
    endloop
  endfacet
  facet normal 0.708959 -3.15685e-05 0.705249
    outer loop
      vertex -4.85281 -27.9858 4.39338
      vertex -4.61659 0 4.15717
      vertex -4.85471 -27.9857 4.39529
    endloop
  endfacet
  facet normal 0.707092 0 0.707122
    outer loop
      vertex -4.61659 0 4.15717
      vertex -4.85281 -27.9858 4.39338
      vertex -4.61659 -27.9936 4.15717
    endloop
  endfacet
  facet normal 0.697526 0.188701 0.691266
    outer loop
      vertex -5.09283 -46.0064 4.63341
      vertex -4.85471 -46.0143 4.39529
      vertex -4.85662 -46.0142 4.39719
    endloop
  endfacet
  facet normal 0.707107 0 0.707107
    outer loop
      vertex -4.85471 -46.0143 4.39529
      vertex -5.09283 -46.0064 4.63341
      vertex -5.09283 -83 4.63341
    endloop
  endfacet
  facet normal 0.691266 0.188701 0.697526
    outer loop
      vertex -4.85471 -46.0143 4.39529
      vertex -4.61659 -46.0064 4.15717
      vertex -4.85281 -46.0142 4.39338
    endloop
  endfacet
  facet normal 0.707107 -1.72706e-17 0.707107
    outer loop
      vertex -4.61659 -83 4.15717
      vertex -4.85471 -46.0143 4.39529
      vertex -5.09283 -83 4.63341
    endloop
  endfacet
  facet normal 0.707107 0 0.707107
    outer loop
      vertex -4.85471 -46.0143 4.39529
      vertex -4.61659 -83 4.15717
      vertex -4.61659 -46.0064 4.15717
    endloop
  endfacet
  facet normal -0.150458 0 0.988616
    outer loop
      vertex -5.09283 0 4.63341
      vertex -5.20105 -27.9324 4.61694
      vertex -5.09283 -27.9936 4.63341
    endloop
  endfacet
  facet normal -0.150887 1.70159e-06 0.988551
    outer loop
      vertex -5.09283 0 4.63341
      vertex -5.21566 -27.9246 4.61471
      vertex -5.20105 -27.9324 4.61694
    endloop
  endfacet
  facet normal -0.150465 0 0.988615
    outer loop
      vertex -5.3429 -27.8565 4.59535
      vertex -5.09283 0 4.63341
      vertex -5.3429 0 4.59535
    endloop
  endfacet
  facet normal -0.150422 -3.88399e-07 0.988622
    outer loop
      vertex -5.09283 0 4.63341
      vertex -5.3429 -27.8565 4.59535
      vertex -5.21566 -27.9246 4.61471
    endloop
  endfacet
  facet normal -0.150458 0 0.988616
    outer loop
      vertex -5.20105 -46.0676 4.61694
      vertex -5.09283 -83 4.63341
      vertex -5.09283 -46.0064 4.63341
    endloop
  endfacet
  facet normal -0.150887 -1.28758e-06 0.988551
    outer loop
      vertex -5.21566 -46.0754 4.61471
      vertex -5.09283 -83 4.63341
      vertex -5.20105 -46.0676 4.61694
    endloop
  endfacet
  facet normal -0.150422 2.93899e-07 0.988622
    outer loop
      vertex -5.3429 -46.1435 4.59535
      vertex -5.09283 -83 4.63341
      vertex -5.21566 -46.0754 4.61471
    endloop
  endfacet
  facet normal -0.150465 0 0.988615
    outer loop
      vertex -5.09283 -83 4.63341
      vertex -5.3429 -46.1435 4.59535
      vertex -5.3429 -83 4.59535
    endloop
  endfacet
  facet normal -0.21479 0 0.97666
    outer loop
      vertex -5.58212 -27.7195 4.54274
      vertex -5.3429 0 4.59535
      vertex -5.58212 0 4.54274
    endloop
  endfacet
  facet normal -0.21479 0 0.97666
    outer loop
      vertex -5.3429 0 4.59535
      vertex -5.58212 -27.7195 4.54274
      vertex -5.3429 -27.8565 4.59535
    endloop
  endfacet
  facet normal -0.21479 0 0.97666
    outer loop
      vertex -5.58212 -46.2805 4.54274
      vertex -5.3429 -83 4.59535
      vertex -5.3429 -46.1435 4.59535
    endloop
  endfacet
  facet normal -0.21479 0 0.97666
    outer loop
      vertex -5.3429 -83 4.59535
      vertex -5.58212 -46.2805 4.54274
      vertex -5.58212 -83 4.54274
    endloop
  endfacet
  facet normal -0.281725 0 0.959495
    outer loop
      vertex -5.80949 -27.5802 4.47598
      vertex -5.58212 0 4.54274
      vertex -5.80949 0 4.47598
    endloop
  endfacet
  facet normal -0.281725 0 0.959495
    outer loop
      vertex -5.58212 0 4.54274
      vertex -5.80949 -27.5802 4.47598
      vertex -5.58212 -27.7195 4.54274
    endloop
  endfacet
  facet normal -0.281725 0 0.959495
    outer loop
      vertex -5.80949 -46.4198 4.47598
      vertex -5.58212 -83 4.54274
      vertex -5.58212 -46.2805 4.54274
    endloop
  endfacet
  facet normal -0.281725 0 0.959495
    outer loop
      vertex -5.58212 -83 4.54274
      vertex -5.80949 -46.4198 4.47598
      vertex -5.80949 -83 4.47598
    endloop
  endfacet
  facet normal -0.35149 0 0.936192
    outer loop
      vertex -5.80949 0 4.47598
      vertex -5.81788 -27.5747 4.47283
      vertex -5.80949 -27.5802 4.47598
    endloop
  endfacet
  facet normal -0.35187 0 0.936049
    outer loop
      vertex -6.02385 -27.4445 4.3954
      vertex -5.80949 0 4.47598
      vertex -6.02385 0 4.3954
    endloop
  endfacet
  facet normal -0.351885 1.37128e-07 0.936043
    outer loop
      vertex -5.80949 0 4.47598
      vertex -6.02385 -27.4445 4.3954
      vertex -5.81788 -27.5747 4.47283
    endloop
  endfacet
  facet normal -0.35149 0 0.936192
    outer loop
      vertex -5.81788 -46.4253 4.47283
      vertex -5.80949 -83 4.47598
      vertex -5.80949 -46.4198 4.47598
    endloop
  endfacet
  facet normal -0.351885 -1.03389e-07 0.936043
    outer loop
      vertex -6.02385 -46.5555 4.3954
      vertex -5.80949 -83 4.47598
      vertex -5.81788 -46.4253 4.47283
    endloop
  endfacet
  facet normal -0.35187 0 0.936049
    outer loop
      vertex -5.80949 -83 4.47598
      vertex -6.02385 -46.5555 4.3954
      vertex -6.02385 -83 4.3954
    endloop
  endfacet
  facet normal -0.426059 0 0.904696
    outer loop
      vertex -6.22379 -27.3072 4.30124
      vertex -6.02385 0 4.3954
      vertex -6.22379 0 4.30124
    endloop
  endfacet
  facet normal -0.426059 0 0.904696
    outer loop
      vertex -6.02385 0 4.3954
      vertex -6.22379 -27.3072 4.30124
      vertex -6.02385 -27.4445 4.3954
    endloop
  endfacet
  facet normal -0.426059 0 0.904696
    outer loop
      vertex -6.22379 -46.6928 4.30124
      vertex -6.02385 -83 4.3954
      vertex -6.02385 -46.5555 4.3954
    endloop
  endfacet
  facet normal -0.426059 0 0.904696
    outer loop
      vertex -6.02385 -83 4.3954
      vertex -6.22379 -46.6928 4.30124
      vertex -6.22379 -83 4.30124
    endloop
  endfacet
  facet normal -0.506675 0 0.862137
    outer loop
      vertex -6.22379 0 4.30124
      vertex -6.30572 -27.2454 4.25309
      vertex -6.22379 -27.3072 4.30124
    endloop
  endfacet
  facet normal -0.506604 0 0.862179
    outer loop
      vertex -6.40744 -27.1686 4.19333
      vertex -6.22379 0 4.30124
      vertex -6.40744 0 4.19333
    endloop
  endfacet
  facet normal -0.506546 -5.21854e-07 0.862213
    outer loop
      vertex -6.22379 0 4.30124
      vertex -6.40744 -27.1686 4.19333
      vertex -6.30572 -27.2454 4.25309
    endloop
  endfacet
  facet normal -0.506675 0 0.862137
    outer loop
      vertex -6.30572 -46.7546 4.25309
      vertex -6.22379 -83 4.30124
      vertex -6.22379 -46.6928 4.30124
    endloop
  endfacet
  facet normal -0.506546 3.92495e-07 0.862213
    outer loop
      vertex -6.40744 -46.8314 4.19333
      vertex -6.22379 -83 4.30124
      vertex -6.30572 -46.7546 4.25309
    endloop
  endfacet
  facet normal -0.506604 0 0.862179
    outer loop
      vertex -6.22379 -83 4.30124
      vertex -6.40744 -46.8314 4.19333
      vertex -6.40744 -83 4.19333
    endloop
  endfacet
  facet normal -0.597542 0 0.801837
    outer loop
      vertex -6.40744 0 4.19333
      vertex -6.48845 -27.1002 4.13296
      vertex -6.40744 -27.1686 4.19333
    endloop
  endfacet
  facet normal -0.59757 0 0.801817
    outer loop
      vertex -6.57181 -27.0313 4.07083
      vertex -6.40744 0 4.19333
      vertex -6.57181 0 4.07083
    endloop
  endfacet
  facet normal -0.597596 2.50702e-07 0.801797
    outer loop
      vertex -6.40744 0 4.19333
      vertex -6.57181 -27.0313 4.07083
      vertex -6.48845 -27.1002 4.13296
    endloop
  endfacet
  facet normal -0.597542 0 0.801837
    outer loop
      vertex -6.48845 -46.8998 4.13296
      vertex -6.40744 -83 4.19333
      vertex -6.40744 -46.8314 4.19333
    endloop
  endfacet
  facet normal -0.597596 -1.88316e-07 0.801797
    outer loop
      vertex -6.57181 -46.9687 4.07083
      vertex -6.40744 -83 4.19333
      vertex -6.48845 -46.8998 4.13296
    endloop
  endfacet
  facet normal -0.59757 0 0.801817
    outer loop
      vertex -6.40744 -83 4.19333
      vertex -6.57181 -46.9687 4.07083
      vertex -6.57181 -83 4.07083
    endloop
  endfacet
  facet normal -0.719578 0 0.694412
    outer loop
      vertex -6.7084 -18 3.92929
      vertex -6.57181 0 4.07083
      vertex -6.7084 0 3.92929
    endloop
  endfacet
  facet normal -0.719586 1.39941e-07 0.694403
    outer loop
      vertex -6.58873 -18 4.0533
      vertex -6.57181 0 4.07083
      vertex -6.7084 -18 3.92929
    endloop
  endfacet
  facet normal -0.719515 0 0.694477
    outer loop
      vertex -6.57181 -27.0313 4.07083
      vertex -6.58873 -18 4.0533
      vertex -6.58873 -27.0143 4.0533
    endloop
  endfacet
  facet normal -0.719515 0 0.694477
    outer loop
      vertex -6.58873 -18 4.0533
      vertex -6.57181 -27.0313 4.07083
      vertex -6.57181 0 4.07083
    endloop
  endfacet
  facet normal -0.719586 0 0.694403
    outer loop
      vertex -6.7084 -58 3.92929
      vertex -6.7084 -83 3.92929
      vertex -6.58873 -58 4.0533
    endloop
  endfacet
  facet normal -0.719515 0 0.694477
    outer loop
      vertex -6.58873 -58 4.0533
      vertex -6.57181 -46.9687 4.07083
      vertex -6.58873 -46.9857 4.0533
    endloop
  endfacet
  facet normal -0.719515 0 0.694477
    outer loop
      vertex -6.58873 -58 4.0533
      vertex -6.57181 -83 4.07083
      vertex -6.57181 -46.9687 4.07083
    endloop
  endfacet
  facet normal -0.719578 -8.82771e-08 0.694412
    outer loop
      vertex -6.57181 -83 4.07083
      vertex -6.58873 -58 4.0533
      vertex -6.7084 -83 3.92929
    endloop
  endfacet
  facet normal -0.839652 0 0.543126
    outer loop
      vertex -7.39429 -18 2.86893
      vertex -6.7084 0 3.92929
      vertex -7.39429 0 2.86893
    endloop
  endfacet
  facet normal -0.839652 0 0.543126
    outer loop
      vertex -6.7084 0 3.92929
      vertex -7.39429 -18 2.86893
      vertex -6.7084 -18 3.92929
    endloop
  endfacet
  facet normal -0.839652 0 0.543126
    outer loop
      vertex -7.39429 -83 2.86893
      vertex -6.7084 -58 3.92929
      vertex -7.39429 -58 2.86893
    endloop
  endfacet
  facet normal -0.839652 0 0.543126
    outer loop
      vertex -6.7084 -58 3.92929
      vertex -7.39429 -83 2.86893
      vertex -6.7084 -83 3.92929
    endloop
  endfacet
  facet normal 0.555567 0 0.831472
    outer loop
      vertex -7.53813 0 2.96504
      vertex -7.39429 -18 2.86893
      vertex -7.39429 0 2.86893
    endloop
  endfacet
  facet normal 0.555567 0 0.831472
    outer loop
      vertex -7.39429 -18 2.86893
      vertex -7.53813 0 2.96504
      vertex -7.53813 -18 2.96504
    endloop
  endfacet
  facet normal 0.555567 0 0.831472
    outer loop
      vertex -7.53813 -58 2.96504
      vertex -7.39429 -83 2.86893
      vertex -7.39429 -58 2.86893
    endloop
  endfacet
  facet normal 0.555567 0 0.831472
    outer loop
      vertex -7.39429 -83 2.86893
      vertex -7.53813 -58 2.96504
      vertex -7.53813 -83 2.96504
    endloop
  endfacet
  facet normal 0.442312 0 0.896861
    outer loop
      vertex -7.93979 0 3.16313
      vertex -7.53813 -18 2.96504
      vertex -7.53813 0 2.96504
    endloop
  endfacet
  facet normal 0.442312 0 0.896861
    outer loop
      vertex -7.53813 -18 2.96504
      vertex -7.93979 0 3.16313
      vertex -7.93979 -18 3.16313
    endloop
  endfacet
  facet normal 0.442312 0 0.896861
    outer loop
      vertex -7.93979 -58 3.16313
      vertex -7.53813 -83 2.96504
      vertex -7.53813 -58 2.96504
    endloop
  endfacet
  facet normal 0.442312 0 0.896861
    outer loop
      vertex -7.53813 -83 2.96504
      vertex -7.93979 -58 3.16313
      vertex -7.93979 -83 3.16313
    endloop
  endfacet
  facet normal 0.321421 0 0.946936
    outer loop
      vertex -8.36388 0 3.30708
      vertex -7.93979 -18 3.16313
      vertex -7.93979 0 3.16313
    endloop
  endfacet
  facet normal 0.321421 0 0.946936
    outer loop
      vertex -7.93979 -18 3.16313
      vertex -8.36388 0 3.30708
      vertex -8.36388 -18 3.30708
    endloop
  endfacet
  facet normal 0.321421 0 0.946936
    outer loop
      vertex -8.36388 -58 3.30708
      vertex -7.93979 -83 3.16313
      vertex -7.93979 -58 3.16313
    endloop
  endfacet
  facet normal 0.321421 0 0.946936
    outer loop
      vertex -7.93979 -83 3.16313
      vertex -8.36388 -58 3.30708
      vertex -8.36388 -83 3.30708
    endloop
  endfacet
  facet normal 0.195149 0 0.980774
    outer loop
      vertex -8.53355 0 3.34084
      vertex -8.36388 -18 3.30708
      vertex -8.36388 0 3.30708
    endloop
  endfacet
  facet normal 0.195149 0 0.980774
    outer loop
      vertex -8.36388 -18 3.30708
      vertex -8.53355 0 3.34084
      vertex -8.53355 -18 3.34084
    endloop
  endfacet
  facet normal 0.195149 0 0.980774
    outer loop
      vertex -8.53355 -58 3.34084
      vertex -8.36388 -83 3.30708
      vertex -8.36388 -58 3.30708
    endloop
  endfacet
  facet normal 0.195149 0 0.980774
    outer loop
      vertex -8.36388 -83 3.30708
      vertex -8.53355 -58 3.34084
      vertex -8.53355 -83 3.34084
    endloop
  endfacet
  facet normal 0.977769 0 -0.209684
    outer loop
      vertex -8.26875 -18 4.57562
      vertex -8.53355 0 3.34084
      vertex -8.26875 0 4.57562
    endloop
  endfacet
  facet normal 0.977769 0 -0.209684
    outer loop
      vertex -8.53355 0 3.34084
      vertex -8.26875 -18 4.57562
      vertex -8.53355 -18 3.34084
    endloop
  endfacet
  facet normal 0.977769 0 -0.209684
    outer loop
      vertex -8.26875 -83 4.57562
      vertex -8.53355 -58 3.34084
      vertex -8.26875 -58 4.57562
    endloop
  endfacet
  facet normal 0.977769 0 -0.209684
    outer loop
      vertex -8.53355 -58 3.34084
      vertex -8.26875 -83 4.57562
      vertex -8.53355 -83 3.34084
    endloop
  endfacet
  facet normal 0.999843 1.36473e-07 -0.0177427
    outer loop
      vertex -8.26526 0 4.77229
      vertex -8.26569 -18 4.74792
      vertex -8.26875 0 4.57562
    endloop
  endfacet
  facet normal 0.999844 0 -0.0176419
    outer loop
      vertex -8.26526 -27.0313 4.77229
      vertex -8.26569 -18 4.74792
      vertex -8.26526 0 4.77229
    endloop
  endfacet
  facet normal 0.999844 0 -0.0176419
    outer loop
      vertex -8.26569 -18 4.74792
      vertex -8.26526 -27.0313 4.77229
      vertex -8.26569 -27.0143 4.74792
    endloop
  endfacet
  facet normal 0.999842 0 -0.0177569
    outer loop
      vertex -8.26875 0 4.57562
      vertex -8.26569 -18 4.74792
      vertex -8.26875 -18 4.57562
    endloop
  endfacet
  facet normal 0.999844 0 -0.0176419
    outer loop
      vertex -8.26526 -46.9687 4.77229
      vertex -8.26569 -58 4.74792
      vertex -8.26569 -46.9857 4.74792
    endloop
  endfacet
  facet normal 0.999844 0 -0.0176419
    outer loop
      vertex -8.26526 -83 4.77229
      vertex -8.26569 -58 4.74792
      vertex -8.26526 -46.9687 4.77229
    endloop
  endfacet
  facet normal 0.999842 -1.12159e-07 -0.0177569
    outer loop
      vertex -8.26526 -83 4.77229
      vertex -8.26875 -58 4.57562
      vertex -8.26569 -58 4.74792
    endloop
  endfacet
  facet normal 0.999843 0 -0.0177427
    outer loop
      vertex -8.26875 -58 4.57562
      vertex -8.26526 -83 4.77229
      vertex -8.26875 -83 4.57562
    endloop
  endfacet
  facet normal 0.989521 0 0.144391
    outer loop
      vertex -8.29486 0 4.97514
      vertex -8.26526 -27.0313 4.77229
      vertex -8.26526 0 4.77229
    endloop
  endfacet
  facet normal 0.989522 6.14316e-08 0.144383
    outer loop
      vertex -8.29486 0 4.97514
      vertex -8.28027 -27.1002 4.87516
      vertex -8.26526 -27.0313 4.77229
    endloop
  endfacet
  facet normal 0.989519 0 0.1444
    outer loop
      vertex -8.28027 -27.1002 4.87516
      vertex -8.29486 0 4.97514
      vertex -8.29486 -27.1687 4.97514
    endloop
  endfacet
  facet normal 0.989519 -0 0.1444
    outer loop
      vertex -8.29486 -83 4.97514
      vertex -8.28027 -46.8998 4.87516
      vertex -8.29486 -46.8313 4.97514
    endloop
  endfacet
  facet normal 0.989522 -4.61447e-08 0.144383
    outer loop
      vertex -8.29486 -83 4.97514
      vertex -8.26526 -46.9687 4.77229
      vertex -8.28027 -46.8998 4.87516
    endloop
  endfacet
  facet normal 0.989521 0 0.144391
    outer loop
      vertex -8.26526 -46.9687 4.77229
      vertex -8.29486 -83 4.97514
      vertex -8.26526 -83 4.77229
    endloop
  endfacet
  facet normal 0.96787 0 0.251451
    outer loop
      vertex -8.34842 0 5.1813
      vertex -8.29486 -27.1687 4.97514
      vertex -8.29486 0 4.97514
    endloop
  endfacet
  facet normal 0.96787 0 0.251451
    outer loop
      vertex -8.29486 -27.1687 4.97514
      vertex -8.34842 0 5.1813
      vertex -8.34842 -27.3072 5.1813
    endloop
  endfacet
  facet normal 0.96787 -0 0.251451
    outer loop
      vertex -8.34842 -83 5.1813
      vertex -8.29486 -46.8313 4.97514
      vertex -8.34842 -46.6928 5.1813
    endloop
  endfacet
  facet normal 0.96787 0 0.251451
    outer loop
      vertex -8.29486 -46.8313 4.97514
      vertex -8.34842 -83 5.1813
      vertex -8.29486 -83 4.97514
    endloop
  endfacet
  facet normal 0.940987 0 0.338442
    outer loop
      vertex -8.42322 0 5.38927
      vertex -8.34842 -27.3072 5.1813
      vertex -8.34842 0 5.1813
    endloop
  endfacet
  facet normal 0.940987 0 0.338442
    outer loop
      vertex -8.34842 -27.3072 5.1813
      vertex -8.42322 0 5.38927
      vertex -8.42322 -27.4445 5.38927
    endloop
  endfacet
  facet normal 0.940987 -0 0.338442
    outer loop
      vertex -8.42322 -83 5.38927
      vertex -8.34842 -46.6928 5.1813
      vertex -8.42322 -46.5555 5.38927
    endloop
  endfacet
  facet normal 0.940987 0 0.338442
    outer loop
      vertex -8.34842 -46.6928 5.1813
      vertex -8.42322 -83 5.38927
      vertex -8.34842 -83 5.1813
    endloop
  endfacet
  facet normal 0.910697 0 0.413076
    outer loop
      vertex -8.51781 0 5.59781
      vertex -8.42322 -27.4445 5.38927
      vertex -8.42322 0 5.38927
    endloop
  endfacet
  facet normal 0.910717 4.08411e-07 0.413031
    outer loop
      vertex -8.51781 0 5.59781
      vertex -8.47079 -27.5126 5.49416
      vertex -8.42322 -27.4445 5.38927
    endloop
  endfacet
  facet normal 0.91067 -6.16193e-08 0.413135
    outer loop
      vertex -8.51781 0 5.59781
      vertex -8.51411 -27.5747 5.58965
      vertex -8.47079 -27.5126 5.49416
    endloop
  endfacet
  facet normal 0.910748 0 0.412962
    outer loop
      vertex -8.51411 -27.5747 5.58965
      vertex -8.51781 0 5.59781
      vertex -8.51781 -27.5802 5.59781
    endloop
  endfacet
  facet normal 0.910748 -0 0.412962
    outer loop
      vertex -8.51781 -83 5.59781
      vertex -8.51411 -46.4253 5.58965
      vertex -8.51781 -46.4198 5.59781
    endloop
  endfacet
  facet normal 0.91067 4.64587e-08 0.413135
    outer loop
      vertex -8.51781 -83 5.59781
      vertex -8.47079 -46.4874 5.49416
      vertex -8.51411 -46.4253 5.58965
    endloop
  endfacet
  facet normal 0.910717 -3.07927e-07 0.413031
    outer loop
      vertex -8.51781 -83 5.59781
      vertex -8.42322 -46.5555 5.38927
      vertex -8.47079 -46.4874 5.49416
    endloop
  endfacet
  facet normal 0.910697 0 0.413076
    outer loop
      vertex -8.42322 -46.5555 5.38927
      vertex -8.51781 -83 5.59781
      vertex -8.42322 -83 5.38927
    endloop
  endfacet
  facet normal 0.877681 0 0.479245
    outer loop
      vertex -8.63138 0 5.8058
      vertex -8.51781 -27.5802 5.59781
      vertex -8.51781 0 5.59781
    endloop
  endfacet
  facet normal 0.877687 9.94816e-08 0.479235
    outer loop
      vertex -8.63138 0 5.8058
      vertex -8.54937 -27.6189 5.65561
      vertex -8.51781 -27.5802 5.59781
    endloop
  endfacet
  facet normal 0.877679 0 0.479249
    outer loop
      vertex -8.54937 -27.6189 5.65561
      vertex -8.63138 0 5.8058
      vertex -8.63138 -27.7196 5.8058
    endloop
  endfacet
  facet normal 0.877679 -0 0.479249
    outer loop
      vertex -8.63138 -83 5.8058
      vertex -8.54937 -46.3811 5.65561
      vertex -8.63138 -46.2804 5.8058
    endloop
  endfacet
  facet normal 0.877687 -7.50985e-08 0.479235
    outer loop
      vertex -8.63138 -83 5.8058
      vertex -8.51781 -46.4198 5.59781
      vertex -8.54937 -46.3811 5.65561
    endloop
  endfacet
  facet normal 0.877681 0 0.479245
    outer loop
      vertex -8.51781 -46.4198 5.59781
      vertex -8.63138 -83 5.8058
      vertex -8.51781 -83 5.59781
    endloop
  endfacet
  facet normal 0.842476 0 0.538734
    outer loop
      vertex -8.76334 0 6.01216
      vertex -8.63138 -27.7196 5.8058
      vertex -8.63138 0 5.8058
    endloop
  endfacet
  facet normal 0.842476 0 0.538734
    outer loop
      vertex -8.63138 -27.7196 5.8058
      vertex -8.76334 0 6.01216
      vertex -8.76334 -27.8565 6.01216
    endloop
  endfacet
  facet normal 0.842476 -0 0.538734
    outer loop
      vertex -8.76334 -83 6.01216
      vertex -8.63138 -46.2804 5.8058
      vertex -8.76334 -46.1435 6.01216
    endloop
  endfacet
  facet normal 0.842476 0 0.538734
    outer loop
      vertex -8.63138 -46.2804 5.8058
      vertex -8.76334 -83 6.01216
      vertex -8.63138 -83 5.8058
    endloop
  endfacet
  facet normal 0.805451 0 0.592662
    outer loop
      vertex -8.91324 0 6.21588
      vertex -8.76334 -27.8565 6.01216
      vertex -8.76334 0 6.01216
    endloop
  endfacet
  facet normal 0.805453 3.29696e-08 0.592659
    outer loop
      vertex -8.91324 0 6.21588
      vertex -8.84837 -27.9324 6.12772
      vertex -8.76334 -27.8565 6.01216
    endloop
  endfacet
  facet normal 0.805651 1.33743e-06 0.592391
    outer loop
      vertex -8.91324 0 6.21588
      vertex -8.85562 -27.9392 6.13758
      vertex -8.84837 -27.9324 6.12772
    endloop
  endfacet
  facet normal 0.805423 0 0.592701
    outer loop
      vertex -8.85562 -27.9392 6.13758
      vertex -8.91324 0 6.21588
      vertex -8.91324 -27.9936 6.21588
    endloop
  endfacet
  facet normal -0.832539 -0.0967215 -0.545457
    outer loop
      vertex -8.91324 -46.0064 6.21588
      vertex -8.84837 -46.0676 6.12772
      vertex -8.85562 -46.0608 6.13758
    endloop
  endfacet
  facet normal 0.805448 -0 0.592666
    outer loop
      vertex -8.91324 -83 6.21588
      vertex -8.84837 -46.0676 6.12772
      vertex -8.91324 -46.0064 6.21588
    endloop
  endfacet
  facet normal 0.805453 -2.49478e-08 0.592659
    outer loop
      vertex -8.91324 -83 6.21588
      vertex -8.76334 -46.1435 6.01216
      vertex -8.84837 -46.0676 6.12772
    endloop
  endfacet
  facet normal 0.805451 0 0.592662
    outer loop
      vertex -8.76334 -46.1435 6.01216
      vertex -8.91324 -83 6.21588
      vertex -8.76334 -83 6.01216
    endloop
  endfacet
  facet normal 0 0 1
    outer loop
      vertex -8.91324 0 6.21588
      vertex -9.25 -27.9857 6.21588
      vertex -8.91324 -27.9936 6.21588
    endloop
  endfacet
  facet normal -0 0 1
    outer loop
      vertex -9.58676 0 6.21588
      vertex -9.25 -27.9857 6.21588
      vertex -8.91324 0 6.21588
    endloop
  endfacet
  facet normal 0 0 1
    outer loop
      vertex -9.25 -27.9857 6.21588
      vertex -9.58676 0 6.21588
      vertex -9.58676 -27.9936 6.21588
    endloop
  endfacet
  facet normal -0 0 1
    outer loop
      vertex -9.25 -46.0143 6.21588
      vertex -8.91324 -83 6.21588
      vertex -8.91324 -46.0064 6.21588
    endloop
  endfacet
  facet normal 0 0 1
    outer loop
      vertex -9.58676 -83 6.21588
      vertex -9.25 -46.0143 6.21588
      vertex -9.58676 -46.0064 6.21588
    endloop
  endfacet
  facet normal 0 0 1
    outer loop
      vertex -9.25 -46.0143 6.21588
      vertex -9.58676 -83 6.21588
      vertex -8.91324 -83 6.21588
    endloop
  endfacet
  facet normal -0.805451 0 0.592662
    outer loop
      vertex -9.73666 -27.8565 6.01216
      vertex -9.58676 0 6.21588
      vertex -9.73666 0 6.01216
    endloop
  endfacet
  facet normal -0.805453 3.29696e-08 0.592659
    outer loop
      vertex -9.65163 -27.9324 6.12772
      vertex -9.58676 0 6.21588
      vertex -9.73666 -27.8565 6.01216
    endloop
  endfacet
  facet normal -0.805651 1.33743e-06 0.592391
    outer loop
      vertex -9.64438 -27.9392 6.13758
      vertex -9.58676 0 6.21588
      vertex -9.65163 -27.9324 6.12772
    endloop
  endfacet
  facet normal -0.805423 0 0.592701
    outer loop
      vertex -9.58676 0 6.21588
      vertex -9.64438 -27.9392 6.13758
      vertex -9.58676 -27.9936 6.21588
    endloop
  endfacet
  facet normal 0.832539 -0.0967215 -0.545457
    outer loop
      vertex -9.65163 -46.0676 6.12772
      vertex -9.58676 -46.0064 6.21588
      vertex -9.64438 -46.0608 6.13758
    endloop
  endfacet
  facet normal -0.805451 0 0.592662
    outer loop
      vertex -9.58676 -83 6.21588
      vertex -9.73666 -46.1435 6.01216
      vertex -9.73666 -83 6.01216
    endloop
  endfacet
  facet normal -0.805453 -2.49478e-08 0.592659
    outer loop
      vertex -9.73666 -46.1435 6.01216
      vertex -9.58676 -83 6.21588
      vertex -9.65163 -46.0676 6.12772
    endloop
  endfacet
  facet normal -0.805448 0 0.592666
    outer loop
      vertex -9.65163 -46.0676 6.12772
      vertex -9.58676 -83 6.21588
      vertex -9.58676 -46.0064 6.21588
    endloop
  endfacet
  facet normal -0.842476 0 0.538734
    outer loop
      vertex -9.86862 -27.7196 5.8058
      vertex -9.73666 0 6.01216
      vertex -9.86862 0 5.8058
    endloop
  endfacet
  facet normal -0.842476 0 0.538734
    outer loop
      vertex -9.73666 0 6.01216
      vertex -9.86862 -27.7196 5.8058
      vertex -9.73666 -27.8565 6.01216
    endloop
  endfacet
  facet normal -0.842476 0 0.538734
    outer loop
      vertex -9.73666 -83 6.01216
      vertex -9.86862 -46.2804 5.8058
      vertex -9.86862 -83 5.8058
    endloop
  endfacet
  facet normal -0.842476 0 0.538734
    outer loop
      vertex -9.86862 -46.2804 5.8058
      vertex -9.73666 -83 6.01216
      vertex -9.73666 -46.1435 6.01216
    endloop
  endfacet
  facet normal -0.877681 0 0.479245
    outer loop
      vertex -9.98219 -27.5802 5.59781
      vertex -9.86862 0 5.8058
      vertex -9.98219 0 5.59781
    endloop
  endfacet
  facet normal -0.877687 9.94816e-08 0.479235
    outer loop
      vertex -9.95063 -27.6189 5.65561
      vertex -9.86862 0 5.8058
      vertex -9.98219 -27.5802 5.59781
    endloop
  endfacet
  facet normal -0.877679 0 0.479249
    outer loop
      vertex -9.86862 0 5.8058
      vertex -9.95063 -27.6189 5.65561
      vertex -9.86862 -27.7196 5.8058
    endloop
  endfacet
  facet normal -0.877681 0 0.479245
    outer loop
      vertex -9.86862 -83 5.8058
      vertex -9.98219 -46.4198 5.59781
      vertex -9.98219 -83 5.59781
    endloop
  endfacet
  facet normal -0.877687 -7.50985e-08 0.479235
    outer loop
      vertex -9.98219 -46.4198 5.59781
      vertex -9.86862 -83 5.8058
      vertex -9.95063 -46.3811 5.65561
    endloop
  endfacet
  facet normal -0.877679 0 0.479249
    outer loop
      vertex -9.95063 -46.3811 5.65561
      vertex -9.86862 -83 5.8058
      vertex -9.86862 -46.2804 5.8058
    endloop
  endfacet
  facet normal -0.910664 0 0.413148
    outer loop
      vertex -10.0768 -27.4445 5.38927
      vertex -9.98219 0 5.59781
      vertex -10.0768 0 5.38927
    endloop
  endfacet
  facet normal -0.910619 -9.00623e-07 0.413246
    outer loop
      vertex -10.0292 -27.5126 5.49416
      vertex -9.98219 0 5.59781
      vertex -10.0768 -27.4445 5.38927
    endloop
  endfacet
  facet normal -0.910706 -3.34043e-08 0.413055
    outer loop
      vertex -9.98589 -27.5747 5.58965
      vertex -9.98219 0 5.59781
      vertex -10.0292 -27.5126 5.49416
    endloop
  endfacet
  facet normal -0.910748 0 0.412962
    outer loop
      vertex -9.98219 0 5.59781
      vertex -9.98589 -27.5747 5.58965
      vertex -9.98219 -27.5802 5.59781
    endloop
  endfacet
  facet normal -0.910664 0 0.413148
    outer loop
      vertex -9.98219 -83 5.59781
      vertex -10.0768 -46.5555 5.38927
      vertex -10.0768 -83 5.38927
    endloop
  endfacet
  facet normal -0.910619 6.79037e-07 0.413247
    outer loop
      vertex -10.0768 -46.5555 5.38927
      vertex -9.98219 -83 5.59781
      vertex -10.0292 -46.4874 5.49416
    endloop
  endfacet
  facet normal -0.910706 2.51857e-08 0.413055
    outer loop
      vertex -10.0292 -46.4874 5.49416
      vertex -9.98219 -83 5.59781
      vertex -9.98589 -46.4253 5.58965
    endloop
  endfacet
  facet normal -0.910748 0 0.412962
    outer loop
      vertex -9.98589 -46.4253 5.58965
      vertex -9.98219 -83 5.59781
      vertex -9.98219 -46.4198 5.59781
    endloop
  endfacet
  facet normal -0.940987 0 0.338442
    outer loop
      vertex -10.1516 -27.3072 5.1813
      vertex -10.0768 0 5.38927
      vertex -10.1516 0 5.1813
    endloop
  endfacet
  facet normal -0.940987 0 0.338442
    outer loop
      vertex -10.0768 0 5.38927
      vertex -10.1516 -27.3072 5.1813
      vertex -10.0768 -27.4445 5.38927
    endloop
  endfacet
  facet normal -0.940987 0 0.338442
    outer loop
      vertex -10.0768 -83 5.38927
      vertex -10.1516 -46.6928 5.1813
      vertex -10.1516 -83 5.1813
    endloop
  endfacet
  facet normal -0.940987 0 0.338442
    outer loop
      vertex -10.1516 -46.6928 5.1813
      vertex -10.0768 -83 5.38927
      vertex -10.0768 -46.5555 5.38927
    endloop
  endfacet
  facet normal -0.967939 0 0.251187
    outer loop
      vertex -10.2051 -27.1687 4.97514
      vertex -10.1516 0 5.1813
      vertex -10.2051 0 4.97514
    endloop
  endfacet
  facet normal -0.967939 0 0.251187
    outer loop
      vertex -10.1516 0 5.1813
      vertex -10.2051 -27.1687 4.97514
      vertex -10.1516 -27.3072 5.1813
    endloop
  endfacet
  facet normal -0.967939 0 0.251187
    outer loop
      vertex -10.1516 -83 5.1813
      vertex -10.2051 -46.8313 4.97514
      vertex -10.2051 -83 4.97514
    endloop
  endfacet
  facet normal -0.967939 0 0.251187
    outer loop
      vertex -10.2051 -46.8313 4.97514
      vertex -10.1516 -83 5.1813
      vertex -10.1516 -46.6928 5.1813
    endloop
  endfacet
  facet normal -0.989521 0 0.144391
    outer loop
      vertex -10.2347 -27.0313 4.77229
      vertex -10.2051 0 4.97514
      vertex -10.2347 0 4.77229
    endloop
  endfacet
  facet normal -0.989535 7.79679e-07 0.14429
    outer loop
      vertex -10.2197 -27.1002 4.87516
      vertex -10.2051 0 4.97514
      vertex -10.2347 -27.0313 4.77229
    endloop
  endfacet
  facet normal -0.989505 0 0.144497
    outer loop
      vertex -10.2051 0 4.97514
      vertex -10.2197 -27.1002 4.87516
      vertex -10.2051 -27.1687 4.97514
    endloop
  endfacet
  facet normal -0.989521 0 0.144391
    outer loop
      vertex -10.2051 -83 4.97514
      vertex -10.2347 -46.9687 4.77229
      vertex -10.2347 -83 4.77229
    endloop
  endfacet
  facet normal -0.989536 -5.8566e-07 0.14429
    outer loop
      vertex -10.2347 -46.9687 4.77229
      vertex -10.2051 -83 4.97514
      vertex -10.2197 -46.8998 4.87516
    endloop
  endfacet
  facet normal -0.989505 0 0.144497
    outer loop
      vertex -10.2197 -46.8998 4.87516
      vertex -10.2051 -83 4.97514
      vertex -10.2051 -46.8313 4.97514
    endloop
  endfacet
  facet normal -0.999842 0 -0.0177935
    outer loop
      vertex -10.2312 -18 4.57562
      vertex -10.2347 0 4.77229
      vertex -10.2312 0 4.57562
    endloop
  endfacet
  facet normal -0.999838 2.13643e-06 -0.017989
    outer loop
      vertex -10.2343 -18 4.74792
      vertex -10.2347 0 4.77229
      vertex -10.2312 -18 4.57562
    endloop
  endfacet
  facet normal -0.999865 0 -0.0164114
    outer loop
      vertex -10.2347 -27.0313 4.77229
      vertex -10.2343 -18 4.74792
      vertex -10.2343 -27.0143 4.74792
    endloop
  endfacet
  facet normal -0.999865 0 -0.0164114
    outer loop
      vertex -10.2343 -18 4.74792
      vertex -10.2347 -27.0313 4.77229
      vertex -10.2347 0 4.77229
    endloop
  endfacet
  facet normal -0.999838 -0 -0.017989
    outer loop
      vertex -10.2312 -58 4.57562
      vertex -10.2312 -83 4.57562
      vertex -10.2343 -58 4.74792
    endloop
  endfacet
  facet normal -0.999865 0 -0.0164114
    outer loop
      vertex -10.2343 -58 4.74792
      vertex -10.2347 -46.9687 4.77229
      vertex -10.2343 -46.9857 4.74792
    endloop
  endfacet
  facet normal -0.999865 0 -0.0164114
    outer loop
      vertex -10.2343 -58 4.74792
      vertex -10.2347 -83 4.77229
      vertex -10.2347 -46.9687 4.77229
    endloop
  endfacet
  facet normal -0.999842 -1.34763e-06 -0.0177935
    outer loop
      vertex -10.2347 -83 4.77229
      vertex -10.2343 -58 4.74792
      vertex -10.2312 -83 4.57562
    endloop
  endfacet
  facet normal -0.977777 0 -0.209646
    outer loop
      vertex -9.96645 -18 3.34084
      vertex -10.2312 0 4.57562
      vertex -9.96645 0 3.34084
    endloop
  endfacet
  facet normal -0.977777 -0 -0.209646
    outer loop
      vertex -10.2312 0 4.57562
      vertex -9.96645 -18 3.34084
      vertex -10.2312 -18 4.57562
    endloop
  endfacet
  facet normal -0.977777 0 -0.209646
    outer loop
      vertex -9.96645 -83 3.34084
      vertex -10.2312 -58 4.57562
      vertex -9.96645 -58 3.34084
    endloop
  endfacet
  facet normal -0.977777 -0 -0.209646
    outer loop
      vertex -10.2312 -58 4.57562
      vertex -9.96645 -83 3.34084
      vertex -10.2312 -83 4.57562
    endloop
  endfacet
  facet normal -0.195171 0 0.980769
    outer loop
      vertex -10.1361 0 3.30708
      vertex -9.96645 -18 3.34084
      vertex -9.96645 0 3.34084
    endloop
  endfacet
  facet normal -0.195171 0 0.980769
    outer loop
      vertex -9.96645 -18 3.34084
      vertex -10.1361 0 3.30708
      vertex -10.1361 -18 3.30708
    endloop
  endfacet
  facet normal -0.195171 0 0.980769
    outer loop
      vertex -10.1361 -58 3.30708
      vertex -9.96645 -83 3.34084
      vertex -9.96645 -58 3.34084
    endloop
  endfacet
  facet normal -0.195171 0 0.980769
    outer loop
      vertex -9.96645 -83 3.34084
      vertex -10.1361 -58 3.30708
      vertex -10.1361 -83 3.30708
    endloop
  endfacet
  facet normal -0.321414 0 0.946939
    outer loop
      vertex -10.5602 0 3.16313
      vertex -10.1361 -18 3.30708
      vertex -10.1361 0 3.30708
    endloop
  endfacet
  facet normal -0.321414 0 0.946939
    outer loop
      vertex -10.1361 -18 3.30708
      vertex -10.5602 0 3.16313
      vertex -10.5602 -18 3.16313
    endloop
  endfacet
  facet normal -0.321414 0 0.946939
    outer loop
      vertex -10.5602 -58 3.16313
      vertex -10.1361 -83 3.30708
      vertex -10.1361 -58 3.30708
    endloop
  endfacet
  facet normal -0.321414 0 0.946939
    outer loop
      vertex -10.1361 -83 3.30708
      vertex -10.5602 -58 3.16313
      vertex -10.5602 -83 3.16313
    endloop
  endfacet
  facet normal -0.442277 0 0.896879
    outer loop
      vertex -10.9619 0 2.96504
      vertex -10.5602 -18 3.16313
      vertex -10.5602 0 3.16313
    endloop
  endfacet
  facet normal -0.442277 0 0.896879
    outer loop
      vertex -10.5602 -18 3.16313
      vertex -10.9619 0 2.96504
      vertex -10.9619 -18 2.96504
    endloop
  endfacet
  facet normal -0.442277 0 0.896879
    outer loop
      vertex -10.9619 -58 2.96504
      vertex -10.5602 -83 3.16313
      vertex -10.5602 -58 3.16313
    endloop
  endfacet
  facet normal -0.442277 0 0.896879
    outer loop
      vertex -10.5602 -83 3.16313
      vertex -10.9619 -58 2.96504
      vertex -10.9619 -83 2.96504
    endloop
  endfacet
  facet normal -0.555674 0 0.8314
    outer loop
      vertex -11.1057 0 2.86893
      vertex -10.9619 -18 2.96504
      vertex -10.9619 0 2.96504
    endloop
  endfacet
  facet normal -0.555674 0 0.8314
    outer loop
      vertex -10.9619 -18 2.96504
      vertex -11.1057 0 2.86893
      vertex -11.1057 -18 2.86893
    endloop
  endfacet
  facet normal -0.555674 0 0.8314
    outer loop
      vertex -11.1057 -58 2.86893
      vertex -10.9619 -83 2.96504
      vertex -10.9619 -58 2.96504
    endloop
  endfacet
  facet normal -0.555674 0 0.8314
    outer loop
      vertex -10.9619 -83 2.96504
      vertex -11.1057 -58 2.86893
      vertex -11.1057 -83 2.86893
    endloop
  endfacet
  facet normal 0.839648 -0 0.543131
    outer loop
      vertex -11.7916 -18 3.92929
      vertex -11.1057 0 2.86893
      vertex -11.7916 0 3.92929
    endloop
  endfacet
  facet normal 0.839648 0 0.543131
    outer loop
      vertex -11.1057 0 2.86893
      vertex -11.7916 -18 3.92929
      vertex -11.1057 -18 2.86893
    endloop
  endfacet
  facet normal 0.839648 -0 0.543131
    outer loop
      vertex -11.7916 -83 3.92929
      vertex -11.1057 -58 2.86893
      vertex -11.7916 -58 3.92929
    endloop
  endfacet
  facet normal 0.839648 0 0.543131
    outer loop
      vertex -11.1057 -58 2.86893
      vertex -11.7916 -83 3.92929
      vertex -11.1057 -83 2.86893
    endloop
  endfacet
  facet normal 0.719552 -7.2641e-07 0.694438
    outer loop
      vertex -11.9282 0 4.07083
      vertex -11.9113 -18 4.0533
      vertex -11.7916 0 3.92929
    endloop
  endfacet
  facet normal 0.719925 -0 0.694052
    outer loop
      vertex -11.9282 -27.0313 4.07083
      vertex -11.9113 -18 4.0533
      vertex -11.9282 0 4.07083
    endloop
  endfacet
  facet normal 0.719925 0 0.694052
    outer loop
      vertex -11.9113 -18 4.0533
      vertex -11.9282 -27.0313 4.07083
      vertex -11.9113 -27.0143 4.0533
    endloop
  endfacet
  facet normal 0.719499 0 0.694493
    outer loop
      vertex -11.7916 0 3.92929
      vertex -11.9113 -18 4.0533
      vertex -11.7916 -18 3.92929
    endloop
  endfacet
  facet normal 0.719925 0 0.694052
    outer loop
      vertex -11.9282 -46.9687 4.07083
      vertex -11.9113 -58 4.0533
      vertex -11.9113 -46.9857 4.0533
    endloop
  endfacet
  facet normal 0.719925 -0 0.694052
    outer loop
      vertex -11.9282 -83 4.07083
      vertex -11.9113 -58 4.0533
      vertex -11.9282 -46.9687 4.07083
    endloop
  endfacet
  facet normal 0.719499 5.96904e-07 0.694493
    outer loop
      vertex -11.9282 -83 4.07083
      vertex -11.7916 -58 3.92929
      vertex -11.9113 -58 4.0533
    endloop
  endfacet
  facet normal 0.719552 0 0.694438
    outer loop
      vertex -11.7916 -58 3.92929
      vertex -11.9282 -83 4.07083
      vertex -11.7916 -83 3.92929
    endloop
  endfacet
  facet normal 0.5975 0 0.801869
    outer loop
      vertex -12.0926 0 4.19333
      vertex -11.9282 -27.0313 4.07083
      vertex -11.9282 0 4.07083
    endloop
  endfacet
  facet normal 0.597413 -8.23971e-07 0.801934
    outer loop
      vertex -11.9282 -27.0313 4.07083
      vertex -12.0926 0 4.19333
      vertex -12.0116 -27.1002 4.13296
    endloop
  endfacet
  facet normal 0.59759 0 0.801802
    outer loop
      vertex -12.0116 -27.1002 4.13296
      vertex -12.0926 0 4.19333
      vertex -12.0926 -27.1686 4.19333
    endloop
  endfacet
  facet normal 0.597413 6.1893e-07 0.801934
    outer loop
      vertex -12.0926 -83 4.19333
      vertex -11.9282 -46.9687 4.07083
      vertex -12.0116 -46.8998 4.13296
    endloop
  endfacet
  facet normal 0.59759 -0 0.801802
    outer loop
      vertex -12.0926 -83 4.19333
      vertex -12.0116 -46.8998 4.13296
      vertex -12.0926 -46.8314 4.19333
    endloop
  endfacet
  facet normal 0.5975 0 0.801869
    outer loop
      vertex -11.9282 -46.9687 4.07083
      vertex -12.0926 -83 4.19333
      vertex -11.9282 -83 4.07083
    endloop
  endfacet
  facet normal 0.506706 0 0.862119
    outer loop
      vertex -12.2762 0 4.30124
      vertex -12.0926 -27.1686 4.19333
      vertex -12.0926 0 4.19333
    endloop
  endfacet
  facet normal 0.50662 -7.79543e-07 0.862169
    outer loop
      vertex -12.0926 -27.1686 4.19333
      vertex -12.2762 0 4.30124
      vertex -12.1943 -27.2454 4.25309
    endloop
  endfacet
  facet normal 0.506813 0 0.862056
    outer loop
      vertex -12.1943 -27.2454 4.25309
      vertex -12.2762 0 4.30124
      vertex -12.2762 -27.3072 4.30124
    endloop
  endfacet
  facet normal 0.50662 5.86307e-07 0.862169
    outer loop
      vertex -12.2762 -83 4.30124
      vertex -12.0926 -46.8314 4.19333
      vertex -12.1943 -46.7546 4.25309
    endloop
  endfacet
  facet normal 0.506813 -0 0.862056
    outer loop
      vertex -12.2762 -83 4.30124
      vertex -12.1943 -46.7546 4.25309
      vertex -12.2762 -46.6928 4.30124
    endloop
  endfacet
  facet normal 0.506706 0 0.862119
    outer loop
      vertex -12.0926 -46.8314 4.19333
      vertex -12.2762 -83 4.30124
      vertex -12.0926 -83 4.19333
    endloop
  endfacet
  facet normal 0.425954 0 0.904745
    outer loop
      vertex -12.4762 0 4.3954
      vertex -12.2762 -27.3072 4.30124
      vertex -12.2762 0 4.30124
    endloop
  endfacet
  facet normal 0.425954 0 0.904745
    outer loop
      vertex -12.2762 -27.3072 4.30124
      vertex -12.4762 0 4.3954
      vertex -12.4762 -27.4445 4.3954
    endloop
  endfacet
  facet normal 0.425954 -0 0.904745
    outer loop
      vertex -12.4762 -83 4.3954
      vertex -12.2762 -46.6928 4.30124
      vertex -12.4762 -46.5555 4.3954
    endloop
  endfacet
  facet normal 0.425954 0 0.904745
    outer loop
      vertex -12.2762 -46.6928 4.30124
      vertex -12.4762 -83 4.3954
      vertex -12.2762 -83 4.30124
    endloop
  endfacet
  facet normal 0.351956 0 0.936016
    outer loop
      vertex -12.6905 0 4.47598
      vertex -12.4762 -27.4445 4.3954
      vertex -12.4762 0 4.3954
    endloop
  endfacet
  facet normal 0.35199 3.01138e-07 0.936004
    outer loop
      vertex -12.4762 -27.4445 4.3954
      vertex -12.6905 0 4.47598
      vertex -12.6821 -27.5747 4.47283
    endloop
  endfacet
  facet normal 0.351123 0 0.936329
    outer loop
      vertex -12.6821 -27.5747 4.47283
      vertex -12.6905 0 4.47598
      vertex -12.6905 -27.5802 4.47598
    endloop
  endfacet
  facet normal 0.35199 -2.27047e-07 0.936004
    outer loop
      vertex -12.6905 -83 4.47598
      vertex -12.4762 -46.5555 4.3954
      vertex -12.6821 -46.4253 4.47283
    endloop
  endfacet
  facet normal 0.351123 -0 0.936329
    outer loop
      vertex -12.6905 -83 4.47598
      vertex -12.6821 -46.4253 4.47283
      vertex -12.6905 -46.4198 4.47598
    endloop
  endfacet
  facet normal 0.351956 0 0.936016
    outer loop
      vertex -12.4762 -46.5555 4.3954
      vertex -12.6905 -83 4.47598
      vertex -12.4762 -83 4.3954
    endloop
  endfacet
  facet normal 0.281691 0 0.959505
    outer loop
      vertex -12.9179 0 4.54274
      vertex -12.6905 -27.5802 4.47598
      vertex -12.6905 0 4.47598
    endloop
  endfacet
  facet normal 0.281691 0 0.959505
    outer loop
      vertex -12.6905 -27.5802 4.47598
      vertex -12.9179 0 4.54274
      vertex -12.9179 -27.7195 4.54274
    endloop
  endfacet
  facet normal 0.281691 -0 0.959505
    outer loop
      vertex -12.9179 -83 4.54274
      vertex -12.6905 -46.4198 4.47598
      vertex -12.9179 -46.2805 4.54274
    endloop
  endfacet
  facet normal 0.281691 0 0.959505
    outer loop
      vertex -12.6905 -46.4198 4.47598
      vertex -12.9179 -83 4.54274
      vertex -12.6905 -83 4.47598
    endloop
  endfacet
  facet normal 0.214807 0 0.976656
    outer loop
      vertex -13.1571 0 4.59535
      vertex -12.9179 -27.7195 4.54274
      vertex -12.9179 0 4.54274
    endloop
  endfacet
  facet normal 0.214807 0 0.976656
    outer loop
      vertex -12.9179 -27.7195 4.54274
      vertex -13.1571 0 4.59535
      vertex -13.1571 -27.8565 4.59535
    endloop
  endfacet
  facet normal 0.214807 -0 0.976656
    outer loop
      vertex -13.1571 -83 4.59535
      vertex -12.9179 -46.2805 4.54274
      vertex -13.1571 -46.1435 4.59535
    endloop
  endfacet
  facet normal 0.214807 0 0.976656
    outer loop
      vertex -12.9179 -46.2805 4.54274
      vertex -13.1571 -83 4.59535
      vertex -12.9179 -83 4.54274
    endloop
  endfacet
  facet normal 0.150447 0 0.988618
    outer loop
      vertex -13.4072 0 4.63341
      vertex -13.1571 -27.8565 4.59535
      vertex -13.1571 0 4.59535
    endloop
  endfacet
  facet normal 0.150468 1.95481e-07 0.988615
    outer loop
      vertex -13.1571 -27.8565 4.59535
      vertex -13.4072 0 4.63341
      vertex -13.2843 -27.9246 4.61471
    endloop
  endfacet
  facet normal 0.150987 2.53267e-06 0.988536
    outer loop
      vertex -13.2843 -27.9246 4.61471
      vertex -13.4072 0 4.63341
      vertex -13.2989 -27.9324 4.61694
    endloop
  endfacet
  facet normal 0.150349 0 0.988633
    outer loop
      vertex -13.2989 -27.9324 4.61694
      vertex -13.4072 0 4.63341
      vertex -13.4072 -27.9936 4.63341
    endloop
  endfacet
  facet normal 0.150468 -1.47919e-07 0.988615
    outer loop
      vertex -13.4072 -83 4.63341
      vertex -13.1571 -46.1435 4.59535
      vertex -13.2843 -46.0754 4.61471
    endloop
  endfacet
  facet normal 0.150988 -1.91646e-06 0.988536
    outer loop
      vertex -13.4072 -83 4.63341
      vertex -13.2843 -46.0754 4.61471
      vertex -13.2989 -46.0676 4.61694
    endloop
  endfacet
  facet normal 0.150349 -0 0.988633
    outer loop
      vertex -13.4072 -83 4.63341
      vertex -13.2989 -46.0676 4.61694
      vertex -13.4072 -46.0064 4.63341
    endloop
  endfacet
  facet normal 0.150447 0 0.988618
    outer loop
      vertex -13.1571 -46.1435 4.59535
      vertex -13.4072 -83 4.63341
      vertex -13.1571 -83 4.59535
    endloop
  endfacet
  facet normal -0.707136 3.38703e-17 0.707077
    outer loop
      vertex -13.8834 0 4.15717
      vertex -13.6453 -27.9857 4.39529
      vertex -13.4072 0 4.63341
    endloop
  endfacet
  facet normal -0.708959 -3.10621e-05 0.705249
    outer loop
      vertex -13.8834 0 4.15717
      vertex -13.6472 -27.9858 4.39338
      vertex -13.6453 -27.9857 4.39529
    endloop
  endfacet
  facet normal -0.707122 0 0.707092
    outer loop
      vertex -13.6472 -27.9858 4.39338
      vertex -13.8834 0 4.15717
      vertex -13.8834 -27.9936 4.15717
    endloop
  endfacet
  facet normal -0.707107 -5.05108e-07 0.707107
    outer loop
      vertex -13.6434 -27.9858 4.39719
      vertex -13.4072 0 4.63341
      vertex -13.6453 -27.9857 4.39529
    endloop
  endfacet
  facet normal -0.707137 0 0.707077
    outer loop
      vertex -13.4072 0 4.63341
      vertex -13.6434 -27.9858 4.39719
      vertex -13.4072 -27.9936 4.63341
    endloop
  endfacet
  facet normal -0.691735 0.1858 0.697841
    outer loop
      vertex -13.8834 -46.0064 4.15717
      vertex -13.6453 -46.0143 4.39529
      vertex -13.6472 -46.0142 4.39338
    endloop
  endfacet
  facet normal -0.707136 0 0.707077
    outer loop
      vertex -13.6453 -46.0143 4.39529
      vertex -13.8834 -46.0064 4.15717
      vertex -13.8834 -83 4.15717
    endloop
  endfacet
  facet normal -0.707184 0.00305305 0.707023
    outer loop
      vertex -13.6453 -46.0143 4.39529
      vertex -13.4072 -46.0064 4.63341
      vertex -13.6434 -46.0142 4.39719
    endloop
  endfacet
  facet normal -0.707136 -2.50713e-17 0.707077
    outer loop
      vertex -13.4072 -83 4.63341
      vertex -13.6453 -46.0143 4.39529
      vertex -13.8834 -83 4.15717
    endloop
  endfacet
  facet normal -0.707136 0 0.707077
    outer loop
      vertex -13.6453 -46.0143 4.39529
      vertex -13.4072 -83 4.63341
      vertex -13.4072 -46.0064 4.63341
    endloop
  endfacet
  facet normal -0.988651 0 -0.150233
    outer loop
      vertex -13.8454 -27.8565 3.9071
      vertex -13.8834 0 4.15717
      vertex -13.8454 0 3.9071
    endloop
  endfacet
  facet normal -0.988691 -2.43433e-06 -0.149968
    outer loop
      vertex -13.8647 -27.9246 4.03434
      vertex -13.8834 0 4.15717
      vertex -13.8454 -27.8565 3.9071
    endloop
  endfacet
  facet normal -0.988851 -7.20837e-06 -0.148907
    outer loop
      vertex -13.8669 -27.9324 4.04895
      vertex -13.8834 0 4.15717
      vertex -13.8647 -27.9246 4.03434
    endloop
  endfacet
  facet normal -0.988576 -0 -0.150725
    outer loop
      vertex -13.8834 0 4.15717
      vertex -13.8669 -27.9324 4.04895
      vertex -13.8834 -27.9936 4.15717
    endloop
  endfacet
  facet normal -0.988651 0 -0.150233
    outer loop
      vertex -13.8834 -83 4.15717
      vertex -13.8454 -46.1435 3.9071
      vertex -13.8454 -83 3.9071
    endloop
  endfacet
  facet normal -0.988691 1.84204e-06 -0.149967
    outer loop
      vertex -13.8454 -46.1435 3.9071
      vertex -13.8834 -83 4.15717
      vertex -13.8647 -46.0754 4.03434
    endloop
  endfacet
  facet normal -0.988851 5.45452e-06 -0.148906
    outer loop
      vertex -13.8647 -46.0754 4.03434
      vertex -13.8834 -83 4.15717
      vertex -13.8669 -46.0676 4.04895
    endloop
  endfacet
  facet normal -0.988576 0 -0.150725
    outer loop
      vertex -13.8669 -46.0676 4.04895
      vertex -13.8834 -83 4.15717
      vertex -13.8834 -46.0064 4.15717
    endloop
  endfacet
  facet normal -0.976583 0 -0.215141
    outer loop
      vertex -13.7927 -27.7195 3.66788
      vertex -13.8454 0 3.9071
      vertex -13.7927 0 3.66788
    endloop
  endfacet
  facet normal -0.976583 -0 -0.215141
    outer loop
      vertex -13.8454 0 3.9071
      vertex -13.7927 -27.7195 3.66788
      vertex -13.8454 -27.8565 3.9071
    endloop
  endfacet
  facet normal -0.976583 0 -0.215141
    outer loop
      vertex -13.8454 -83 3.9071
      vertex -13.7927 -46.2805 3.66788
      vertex -13.7927 -83 3.66788
    endloop
  endfacet
  facet normal -0.976583 0 -0.215141
    outer loop
      vertex -13.7927 -46.2805 3.66788
      vertex -13.8454 -83 3.9071
      vertex -13.8454 -46.1435 3.9071
    endloop
  endfacet
  facet normal -0.959564 0 -0.281492
    outer loop
      vertex -13.726 -27.5802 3.44051
      vertex -13.7927 0 3.66788
      vertex -13.726 0 3.44051
    endloop
  endfacet
  facet normal -0.959564 -0 -0.281492
    outer loop
      vertex -13.7927 0 3.66788
      vertex -13.726 -27.5802 3.44051
      vertex -13.7927 -27.7195 3.66788
    endloop
  endfacet
  facet normal -0.959564 0 -0.281492
    outer loop
      vertex -13.7927 -83 3.66788
      vertex -13.726 -46.4198 3.44051
      vertex -13.726 -83 3.44051
    endloop
  endfacet
  facet normal -0.959564 0 -0.281492
    outer loop
      vertex -13.726 -46.4198 3.44051
      vertex -13.7927 -83 3.66788
      vertex -13.7927 -46.2805 3.66788
    endloop
  endfacet
  facet normal -0.93602 0 -0.351946
    outer loop
      vertex -13.6454 -27.4445 3.22615
      vertex -13.726 0 3.44051
      vertex -13.6454 0 3.22615
    endloop
  endfacet
  facet normal -0.936088 -1.60138e-06 -0.351767
    outer loop
      vertex -13.7228 -27.5747 3.43212
      vertex -13.726 0 3.44051
      vertex -13.6454 -27.4445 3.22615
    endloop
  endfacet
  facet normal -0.934347 -0 -0.356366
    outer loop
      vertex -13.726 0 3.44051
      vertex -13.7228 -27.5747 3.43212
      vertex -13.726 -27.5802 3.44051
    endloop
  endfacet
  facet normal -0.93602 0 -0.351946
    outer loop
      vertex -13.726 -83 3.44051
      vertex -13.6454 -46.5555 3.22615
      vertex -13.6454 -83 3.22615
    endloop
  endfacet
  facet normal -0.936088 1.20738e-06 -0.351767
    outer loop
      vertex -13.6454 -46.5555 3.22615
      vertex -13.726 -83 3.44051
      vertex -13.7228 -46.4253 3.43212
    endloop
  endfacet
  facet normal -0.934347 0 -0.356366
    outer loop
      vertex -13.7228 -46.4253 3.43212
      vertex -13.726 -83 3.44051
      vertex -13.726 -46.4198 3.44051
    endloop
  endfacet
  facet normal -0.904626 0 -0.426207
    outer loop
      vertex -13.5512 -27.3072 3.02621
      vertex -13.6454 0 3.22615
      vertex -13.5512 0 3.02621
    endloop
  endfacet
  facet normal -0.904626 -0 -0.426207
    outer loop
      vertex -13.6454 0 3.22615
      vertex -13.5512 -27.3072 3.02621
      vertex -13.6454 -27.4445 3.22615
    endloop
  endfacet
  facet normal -0.904626 0 -0.426207
    outer loop
      vertex -13.6454 -83 3.22615
      vertex -13.5512 -46.6928 3.02621
      vertex -13.5512 -83 3.02621
    endloop
  endfacet
  facet normal -0.904626 0 -0.426207
    outer loop
      vertex -13.5512 -46.6928 3.02621
      vertex -13.6454 -83 3.22615
      vertex -13.6454 -46.5555 3.22615
    endloop
  endfacet
  facet normal -0.8622 0 -0.506569
    outer loop
      vertex -13.4433 -27.1686 2.84256
      vertex -13.5512 0 3.02621
      vertex -13.4433 0 2.84256
    endloop
  endfacet
  facet normal -0.862066 2.07378e-06 -0.506797
    outer loop
      vertex -13.5031 -27.2454 2.94428
      vertex -13.5512 0 3.02621
      vertex -13.4433 -27.1686 2.84256
    endloop
  endfacet
  facet normal -0.862367 -0 -0.506284
    outer loop
      vertex -13.5512 0 3.02621
      vertex -13.5031 -27.2454 2.94428
      vertex -13.5512 -27.3072 3.02621
    endloop
  endfacet
  facet normal -0.653746 -0.736898 0.172038
    outer loop
      vertex -13.4433 -46.8314 2.84256
      vertex -13.5512 -46.6928 3.02621
      vertex -13.5031 -46.7546 2.94428
    endloop
  endfacet
  facet normal -0.8622 0 -0.506569
    outer loop
      vertex -13.5512 -83 3.02621
      vertex -13.4433 -46.8314 2.84256
      vertex -13.4433 -83 2.84256
    endloop
  endfacet
  facet normal -0.8622 0 -0.506569
    outer loop
      vertex -13.4433 -46.8314 2.84256
      vertex -13.5512 -83 3.02621
      vertex -13.5512 -46.6928 3.02621
    endloop
  endfacet
  facet normal -0.801817 0 -0.59757
    outer loop
      vertex -13.3208 -27.0313 2.67819
      vertex -13.4433 0 2.84256
      vertex -13.3208 0 2.67819
    endloop
  endfacet
  facet normal -0.801476 4.32262e-06 -0.598027
    outer loop
      vertex -13.383 -27.1002 2.76155
      vertex -13.4433 0 2.84256
      vertex -13.3208 -27.0313 2.67819
    endloop
  endfacet
  facet normal -0.802169 -0 -0.597097
    outer loop
      vertex -13.4433 0 2.84256
      vertex -13.383 -27.1002 2.76155
      vertex -13.4433 -27.1686 2.84256
    endloop
  endfacet
  facet normal -0.801817 0 -0.59757
    outer loop
      vertex -13.4433 -83 2.84256
      vertex -13.3208 -46.9687 2.67819
      vertex -13.3208 -83 2.67819
    endloop
  endfacet
  facet normal -0.801476 -3.24695e-06 -0.598027
    outer loop
      vertex -13.3208 -46.9687 2.67819
      vertex -13.4433 -83 2.84256
      vertex -13.383 -46.8998 2.76155
    endloop
  endfacet
  facet normal -0.802169 0 -0.597097
    outer loop
      vertex -13.383 -46.8998 2.76155
      vertex -13.4433 -83 2.84256
      vertex -13.4433 -46.8314 2.84256
    endloop
  endfacet
  facet normal -0.695093 0 -0.71892
    outer loop
      vertex -13.3033 -27.0143 2.66127
      vertex -13.3208 -27.0313 2.67819
      vertex -13.3033 -18 2.66127
    endloop
  endfacet
  facet normal -0.694432 0 -0.719558
    outer loop
      vertex -13.3033 -18 2.66127
      vertex -13.1793 0 2.5416
      vertex -13.1793 -18 2.5416
    endloop
  endfacet
  facet normal -0.694514 1.08896e-06 -0.719479
    outer loop
      vertex -13.3033 -18 2.66127
      vertex -13.3208 0 2.67819
      vertex -13.1793 0 2.5416
    endloop
  endfacet
  facet normal -0.695093 -0 -0.71892
    outer loop
      vertex -13.3208 0 2.67819
      vertex -13.3033 -18 2.66127
      vertex -13.3208 -27.0313 2.67819
    endloop
  endfacet
  facet normal -0.694432 0 -0.719558
    outer loop
      vertex -13.1793 -83 2.5416
      vertex -13.3033 -58 2.66127
      vertex -13.1793 -58 2.5416
    endloop
  endfacet
  facet normal -0.694514 -7.84055e-07 -0.719479
    outer loop
      vertex -13.3208 -83 2.67819
      vertex -13.3033 -58 2.66127
      vertex -13.1793 -83 2.5416
    endloop
  endfacet
  facet normal -0.695093 -0 -0.71892
    outer loop
      vertex -13.3208 -46.9687 2.67819
      vertex -13.3033 -58 2.66127
      vertex -13.3208 -83 2.67819
    endloop
  endfacet
  facet normal -0.695093 0 -0.71892
    outer loop
      vertex -13.3033 -58 2.66127
      vertex -13.3208 -46.9687 2.67819
      vertex -13.3033 -46.9857 2.66127
    endloop
  endfacet
  facet normal -0.543111 0 -0.839661
    outer loop
      vertex -13.1793 -18 2.5416
      vertex -12.1189 0 1.85571
      vertex -12.1189 -18 1.85571
    endloop
  endfacet
  facet normal -0.543111 0 -0.839661
    outer loop
      vertex -12.1189 0 1.85571
      vertex -13.1793 -18 2.5416
      vertex -13.1793 0 2.5416
    endloop
  endfacet
  facet normal -0.543111 0 -0.839661
    outer loop
      vertex -13.1793 -83 2.5416
      vertex -12.1189 -58 1.85571
      vertex -12.1189 -83 1.85571
    endloop
  endfacet
  facet normal -0.543111 0 -0.839661
    outer loop
      vertex -12.1189 -58 1.85571
      vertex -13.1793 -83 2.5416
      vertex -13.1793 -58 2.5416
    endloop
  endfacet
  facet normal -0.831498 0 0.555527
    outer loop
      vertex -12.215 -18 1.71187
      vertex -12.1189 0 1.85571
      vertex -12.215 0 1.71187
    endloop
  endfacet
  facet normal -0.831498 0 0.555527
    outer loop
      vertex -12.1189 0 1.85571
      vertex -12.215 -18 1.71187
      vertex -12.1189 -18 1.85571
    endloop
  endfacet
  facet normal -0.831498 0 0.555527
    outer loop
      vertex -12.215 -83 1.71187
      vertex -12.1189 -58 1.85571
      vertex -12.215 -58 1.71187
    endloop
  endfacet
  facet normal -0.831498 0 0.555527
    outer loop
      vertex -12.1189 -58 1.85571
      vertex -12.215 -83 1.71187
      vertex -12.1189 -83 1.85571
    endloop
  endfacet
  facet normal -0.896852 0 0.44233
    outer loop
      vertex -12.4131 -18 1.31021
      vertex -12.215 0 1.71187
      vertex -12.4131 0 1.31021
    endloop
  endfacet
  facet normal -0.896852 0 0.44233
    outer loop
      vertex -12.215 0 1.71187
      vertex -12.4131 -18 1.31021
      vertex -12.215 -18 1.71187
    endloop
  endfacet
  facet normal -0.896852 0 0.44233
    outer loop
      vertex -12.4131 -83 1.31021
      vertex -12.215 -58 1.71187
      vertex -12.4131 -58 1.31021
    endloop
  endfacet
  facet normal -0.896852 0 0.44233
    outer loop
      vertex -12.215 -58 1.71187
      vertex -12.4131 -83 1.31021
      vertex -12.215 -83 1.71187
    endloop
  endfacet
  facet normal -0.946901 0 0.321524
    outer loop
      vertex -12.5571 -18 0.886124
      vertex -12.4131 0 1.31021
      vertex -12.5571 0 0.886124
    endloop
  endfacet
  facet normal -0.946901 0 0.321524
    outer loop
      vertex -12.4131 0 1.31021
      vertex -12.5571 -18 0.886124
      vertex -12.4131 -18 1.31021
    endloop
  endfacet
  facet normal -0.946901 0 0.321524
    outer loop
      vertex -12.5571 -83 0.886124
      vertex -12.4131 -58 1.31021
      vertex -12.5571 -58 0.886124
    endloop
  endfacet
  facet normal -0.946901 0 0.321524
    outer loop
      vertex -12.4131 -58 1.31021
      vertex -12.5571 -83 0.886124
      vertex -12.4131 -83 1.31021
    endloop
  endfacet
  facet normal -0.980842 0 0.194806
    outer loop
      vertex -12.5908 -18 0.716446
      vertex -12.5571 0 0.886124
      vertex -12.5908 0 0.716446
    endloop
  endfacet
  facet normal -0.980842 0 0.194806
    outer loop
      vertex -12.5571 0 0.886124
      vertex -12.5908 -18 0.716446
      vertex -12.5571 -18 0.886124
    endloop
  endfacet
  facet normal -0.980842 0 0.194806
    outer loop
      vertex -12.5908 -83 0.716446
      vertex -12.5571 -58 0.886124
      vertex -12.5908 -58 0.716446
    endloop
  endfacet
  facet normal -0.980842 0 0.194806
    outer loop
      vertex -12.5571 -58 0.886124
      vertex -12.5908 -83 0.716446
      vertex -12.5571 -83 0.886124
    endloop
  endfacet
  facet normal 0.209681 0 0.97777
    outer loop
      vertex -13.8256 0 0.981247
      vertex -12.5908 -18 0.716446
      vertex -12.5908 0 0.716446
    endloop
  endfacet
  facet normal 0.209681 0 0.97777
    outer loop
      vertex -12.5908 -18 0.716446
      vertex -13.8256 0 0.981247
      vertex -13.8256 -18 0.981247
    endloop
  endfacet
  facet normal 0.209681 0 0.97777
    outer loop
      vertex -13.8256 -58 0.981247
      vertex -12.5908 -83 0.716446
      vertex -12.5908 -58 0.716446
    endloop
  endfacet
  facet normal 0.209681 0 0.97777
    outer loop
      vertex -12.5908 -83 0.716446
      vertex -13.8256 -58 0.981247
      vertex -13.8256 -83 0.981247
    endloop
  endfacet
  facet normal 0.0177627 0 0.999842
    outer loop
      vertex -13.8256 0 0.981247
      vertex -13.9979 -18 0.984308
      vertex -13.8256 -18 0.981247
    endloop
  endfacet
  facet normal 0.0177603 2.32975e-08 0.999842
    outer loop
      vertex -14.0223 0 0.984741
      vertex -13.9979 -18 0.984308
      vertex -13.8256 0 0.981247
    endloop
  endfacet
  facet normal 0.0177431 -0 0.999843
    outer loop
      vertex -14.0223 -27.0313 0.984741
      vertex -13.9979 -18 0.984308
      vertex -14.0223 0 0.984741
    endloop
  endfacet
  facet normal 0.0177431 0 0.999843
    outer loop
      vertex -13.9979 -18 0.984308
      vertex -14.0223 -27.0313 0.984741
      vertex -13.9979 -27.0143 0.984308
    endloop
  endfacet
  facet normal 0.0177431 0 0.999843
    outer loop
      vertex -13.9979 -46.9857 0.984308
      vertex -14.0223 -46.9687 0.984741
      vertex -13.9979 -58 0.984308
    endloop
  endfacet
  facet normal 0.0177627 0 0.999842
    outer loop
      vertex -13.9979 -58 0.984308
      vertex -13.8256 -83 0.981247
      vertex -13.8256 -58 0.981247
    endloop
  endfacet
  facet normal 0.0177603 -1.67742e-08 0.999842
    outer loop
      vertex -13.9979 -58 0.984308
      vertex -14.0223 -83 0.984741
      vertex -13.8256 -83 0.981247
    endloop
  endfacet
  facet normal 0.0177431 -0 0.999843
    outer loop
      vertex -14.0223 -83 0.984741
      vertex -13.9979 -58 0.984308
      vertex -14.0223 -46.9687 0.984741
    endloop
  endfacet
  facet normal -0.144436 0 0.989514
    outer loop
      vertex -14.2251 0 0.955139
      vertex -14.0223 -27.0313 0.984741
      vertex -14.0223 0 0.984741
    endloop
  endfacet
  facet normal -0.144361 5.70673e-07 0.989525
    outer loop
      vertex -14.0223 -27.0313 0.984741
      vertex -14.2251 0 0.955139
      vertex -14.1252 -27.1002 0.969729
    endloop
  endfacet
  facet normal -0.144513 0 0.989503
    outer loop
      vertex -14.1252 -27.1002 0.969729
      vertex -14.2251 0 0.955139
      vertex -14.2251 -27.1687 0.955139
    endloop
  endfacet
  facet normal -0.144361 -4.28664e-07 0.989525
    outer loop
      vertex -14.2251 -83 0.955139
      vertex -14.0223 -46.9687 0.984741
      vertex -14.1252 -46.8998 0.969729
    endloop
  endfacet
  facet normal -0.144513 0 0.989503
    outer loop
      vertex -14.2251 -83 0.955139
      vertex -14.1252 -46.8998 0.969729
      vertex -14.2251 -46.8313 0.955139
    endloop
  endfacet
  facet normal -0.144436 0 0.989514
    outer loop
      vertex -14.0223 -46.9687 0.984741
      vertex -14.2251 -83 0.955139
      vertex -14.0223 -83 0.984741
    endloop
  endfacet
  facet normal -0.251396 0 0.967884
    outer loop
      vertex -14.4313 0 0.901581
      vertex -14.2251 -27.1687 0.955139
      vertex -14.2251 0 0.955139
    endloop
  endfacet
  facet normal -0.251396 0 0.967884
    outer loop
      vertex -14.2251 -27.1687 0.955139
      vertex -14.4313 0 0.901581
      vertex -14.4313 -27.3072 0.901581
    endloop
  endfacet
  facet normal -0.251396 0 0.967884
    outer loop
      vertex -14.4313 -83 0.901581
      vertex -14.2251 -46.8313 0.955139
      vertex -14.4313 -46.6928 0.901581
    endloop
  endfacet
  facet normal -0.251396 0 0.967884
    outer loop
      vertex -14.2251 -46.8313 0.955139
      vertex -14.4313 -83 0.901581
      vertex -14.2251 -83 0.955139
    endloop
  endfacet
  facet normal -0.338395 0 0.941004
    outer loop
      vertex -14.6393 0 0.826782
      vertex -14.4313 -27.3072 0.901581
      vertex -14.4313 0 0.901581
    endloop
  endfacet
  facet normal -0.338395 0 0.941004
    outer loop
      vertex -14.4313 -27.3072 0.901581
      vertex -14.6393 0 0.826782
      vertex -14.6393 -27.4445 0.826782
    endloop
  endfacet
  facet normal -0.338395 0 0.941004
    outer loop
      vertex -14.6393 -83 0.826782
      vertex -14.4313 -46.6928 0.901581
      vertex -14.6393 -46.5555 0.826782
    endloop
  endfacet
  facet normal -0.338395 0 0.941004
    outer loop
      vertex -14.4313 -46.6928 0.901581
      vertex -14.6393 -83 0.826782
      vertex -14.4313 -83 0.901581
    endloop
  endfacet
  facet normal -0.413138 0 0.910669
    outer loop
      vertex -14.8478 0 0.732193
      vertex -14.6393 -27.4445 0.826782
      vertex -14.6393 0 0.826782
    endloop
  endfacet
  facet normal -0.413049 8.12645e-07 0.910709
    outer loop
      vertex -14.6393 -27.4445 0.826782
      vertex -14.8478 0 0.732193
      vertex -14.7442 -27.5126 0.779205
    endloop
  endfacet
  facet normal -0.413044 8.3648e-07 0.910711
    outer loop
      vertex -14.7442 -27.5126 0.779205
      vertex -14.8478 0 0.732193
      vertex -14.8397 -27.5747 0.735892
    endloop
  endfacet
  facet normal -0.415401 0 0.909638
    outer loop
      vertex -14.8397 -27.5747 0.735892
      vertex -14.8478 0 0.732193
      vertex -14.8478 -27.5802 0.732193
    endloop
  endfacet
  facet normal -0.413049 -6.12704e-07 0.910709
    outer loop
      vertex -14.8478 -83 0.732193
      vertex -14.6393 -46.5555 0.826782
      vertex -14.7442 -46.4874 0.779205
    endloop
  endfacet
  facet normal -0.413044 -6.30675e-07 0.910711
    outer loop
      vertex -14.8478 -83 0.732193
      vertex -14.7442 -46.4874 0.779205
      vertex -14.8397 -46.4253 0.735892
    endloop
  endfacet
  facet normal -0.415401 0 0.909638
    outer loop
      vertex -14.8478 -83 0.732193
      vertex -14.8397 -46.4253 0.735892
      vertex -14.8478 -46.4198 0.732193
    endloop
  endfacet
  facet normal -0.413138 0 0.910669
    outer loop
      vertex -14.6393 -46.5555 0.826782
      vertex -14.8478 -83 0.732193
      vertex -14.6393 -83 0.826782
    endloop
  endfacet
  facet normal -0.479231 0 0.877689
    outer loop
      vertex -15.0558 0 0.618622
      vertex -14.8478 -27.5802 0.732193
      vertex -14.8478 0 0.732193
    endloop
  endfacet
  facet normal -0.479258 -2.69626e-07 0.877674
    outer loop
      vertex -14.8478 -27.5802 0.732193
      vertex -15.0558 0 0.618622
      vertex -14.9056 -27.6189 0.700631
    endloop
  endfacet
  facet normal -0.47922 0 0.877695
    outer loop
      vertex -14.9056 -27.6189 0.700631
      vertex -15.0558 0 0.618622
      vertex -15.0558 -27.7196 0.618622
    endloop
  endfacet
  facet normal -0.479258 2.0354e-07 0.877674
    outer loop
      vertex -15.0558 -83 0.618622
      vertex -14.8478 -46.4198 0.732193
      vertex -14.9056 -46.3811 0.700631
    endloop
  endfacet
  facet normal -0.47922 0 0.877695
    outer loop
      vertex -15.0558 -83 0.618622
      vertex -14.9056 -46.3811 0.700631
      vertex -15.0558 -46.2804 0.618622
    endloop
  endfacet
  facet normal -0.479231 0 0.877689
    outer loop
      vertex -14.8478 -46.4198 0.732193
      vertex -15.0558 -83 0.618622
      vertex -14.8478 -83 0.732193
    endloop
  endfacet
  facet normal -0.538654 0 0.842527
    outer loop
      vertex -15.2622 0 0.486664
      vertex -15.0558 -27.7196 0.618622
      vertex -15.0558 0 0.618622
    endloop
  endfacet
  facet normal -0.538654 0 0.842527
    outer loop
      vertex -15.0558 -27.7196 0.618622
      vertex -15.2622 0 0.486664
      vertex -15.2622 -27.8565 0.486664
    endloop
  endfacet
  facet normal -0.538654 0 0.842527
    outer loop
      vertex -15.2622 -83 0.486664
      vertex -15.0558 -46.2804 0.618622
      vertex -15.2622 -46.1435 0.486664
    endloop
  endfacet
  facet normal -0.538654 0 0.842527
    outer loop
      vertex -15.0558 -46.2804 0.618622
      vertex -15.2622 -83 0.486664
      vertex -15.0558 -83 0.618622
    endloop
  endfacet
  facet normal -0.592708 0 0.805418
    outer loop
      vertex -15.4659 0 0.336761
      vertex -15.2622 -27.8565 0.486664
      vertex -15.2622 0 0.486664
    endloop
  endfacet
  facet normal -0.592872 -1.84968e-06 0.805297
    outer loop
      vertex -15.2622 -27.8565 0.486664
      vertex -15.4659 0 0.336761
      vertex -15.3777 -27.9324 0.401631
    endloop
  endfacet
  facet normal -0.591049 7.0153e-06 0.806636
    outer loop
      vertex -15.3777 -27.9324 0.401631
      vertex -15.4659 0 0.336761
      vertex -15.3876 -27.9392 0.394377
    endloop
  endfacet
  facet normal -0.592674 0 0.805442
    outer loop
      vertex -15.3876 -27.9392 0.394377
      vertex -15.4659 0 0.336761
      vertex -15.4659 -27.9936 0.336761
    endloop
  endfacet
  facet normal -0.592872 1.39964e-06 0.805297
    outer loop
      vertex -15.4659 -83 0.336761
      vertex -15.2622 -46.1435 0.486664
      vertex -15.3777 -46.0676 0.401631
    endloop
  endfacet
  facet normal -0.591048 -5.30856e-06 0.806636
    outer loop
      vertex -15.4659 -83 0.336761
      vertex -15.3777 -46.0676 0.401631
      vertex -15.3876 -46.0608 0.394377
    endloop
  endfacet
  facet normal -0.592674 0 0.805442
    outer loop
      vertex -15.4659 -83 0.336761
      vertex -15.3876 -46.0608 0.394377
      vertex -15.4659 -46.0064 0.336761
    endloop
  endfacet
  facet normal -0.592708 0 0.805418
    outer loop
      vertex -15.2622 -46.1435 0.486664
      vertex -15.4659 -83 0.336761
      vertex -15.2622 -83 0.486664
    endloop
  endfacet
  facet normal -1 0 0
    outer loop
      vertex -15.4659 -27.9857 0
      vertex -15.4659 0 0.336761
      vertex -15.4659 0 0
    endloop
  endfacet
  facet normal -1 -0 0
    outer loop
      vertex -15.4659 0 0.336761
      vertex -15.4659 -27.9857 0
      vertex -15.4659 -27.9936 0.336761
    endloop
  endfacet
  facet normal -1 0 0
    outer loop
      vertex -15.4659 -83 0.336761
      vertex -15.4659 -46.0143 0
      vertex -15.4659 -83 0
    endloop
  endfacet
  facet normal -1 0 0
    outer loop
      vertex -15.4659 -46.0143 0
      vertex -15.4659 -83 0.336761
      vertex -15.4659 -46.0064 0.336761
    endloop
  endfacet
  facet normal -0.991447 0.13051 0
    outer loop
      vertex -8.28407 -4.25882 0
      vertex -8.25 -4 2.5
      vertex -8.25 -4 0
    endloop
  endfacet
  facet normal -0.991447 0.13051 0
    outer loop
      vertex -8.25 -4 2.5
      vertex -8.28407 -4.25882 0
      vertex -8.28407 -4.25882 2.5
    endloop
  endfacet
  facet normal 0.991432 -0.130623 0
    outer loop
      vertex -10.25 -4 2.5
      vertex -10.2159 -3.74118 0
      vertex -10.2159 -3.74118 2.5
    endloop
  endfacet
  facet normal 0.991432 -0.130623 0
    outer loop
      vertex -10.2159 -3.74118 0
      vertex -10.25 -4 2.5
      vertex -10.25 -4 0
    endloop
  endfacet
  facet normal 0.13051 0.991447 -0
    outer loop
      vertex -9.25 -5 0
      vertex -9.50882 -4.96593 2.5
      vertex -9.25 -5 2.5
    endloop
  endfacet
  facet normal 0.13051 0.991447 0
    outer loop
      vertex -9.50882 -4.96593 2.5
      vertex -9.25 -5 0
      vertex -9.50882 -4.96593 0
    endloop
  endfacet
  facet normal -0.382716 0.923866 0
    outer loop
      vertex -8.75 -4.86602 0
      vertex -8.99118 -4.96593 2.5
      vertex -8.75 -4.86602 2.5
    endloop
  endfacet
  facet normal -0.382716 0.923866 0
    outer loop
      vertex -8.99118 -4.96593 2.5
      vertex -8.75 -4.86602 0
      vertex -8.99118 -4.96593 0
    endloop
  endfacet
  facet normal 0.991432 0.130623 0
    outer loop
      vertex -10.2159 -4.25882 2.5
      vertex -10.25 -4 0
      vertex -10.25 -4 2.5
    endloop
  endfacet
  facet normal 0.991432 0.130623 0
    outer loop
      vertex -10.25 -4 0
      vertex -10.2159 -4.25882 2.5
      vertex -10.2159 -4.25882 0
    endloop
  endfacet
  facet normal -0.991447 -0.13051 0
    outer loop
      vertex -8.25 -4 0
      vertex -8.28407 -3.74118 2.5
      vertex -8.28407 -3.74118 0
    endloop
  endfacet
  facet normal -0.991447 -0.13051 0
    outer loop
      vertex -8.28407 -3.74118 2.5
      vertex -8.25 -4 0
      vertex -8.25 -4 2.5
    endloop
  endfacet
  facet normal 0.382683 -0.92388 0
    outer loop
      vertex -9.75 -3.13397 0
      vertex -9.50882 -3.03407 2.5
      vertex -9.75 -3.13397 2.5
    endloop
  endfacet
  facet normal 0.382683 -0.92388 0
    outer loop
      vertex -9.50882 -3.03407 2.5
      vertex -9.75 -3.13397 0
      vertex -9.50882 -3.03407 0
    endloop
  endfacet
  facet normal -0.923866 0.382716 0
    outer loop
      vertex -8.38398 -4.5 0
      vertex -8.28407 -4.25882 2.5
      vertex -8.28407 -4.25882 0
    endloop
  endfacet
  facet normal -0.923866 0.382716 0
    outer loop
      vertex -8.28407 -4.25882 2.5
      vertex -8.38398 -4.5 0
      vertex -8.38398 -4.5 2.5
    endloop
  endfacet
  facet normal -0.608735 0.793374 0
    outer loop
      vertex -8.54289 -4.70711 0
      vertex -8.75 -4.86602 2.5
      vertex -8.54289 -4.70711 2.5
    endloop
  endfacet
  facet normal -0.608735 0.793374 0
    outer loop
      vertex -8.75 -4.86602 2.5
      vertex -8.54289 -4.70711 0
      vertex -8.75 -4.86602 0
    endloop
  endfacet
  facet normal -0.13051 0.991447 0
    outer loop
      vertex -8.99118 -4.96593 0
      vertex -9.25 -5 2.5
      vertex -8.99118 -4.96593 2.5
    endloop
  endfacet
  facet normal -0.13051 0.991447 0
    outer loop
      vertex -9.25 -5 2.5
      vertex -8.99118 -4.96593 0
      vertex -9.25 -5 0
    endloop
  endfacet
  facet normal 0.92388 0.382683 0
    outer loop
      vertex -10.116 -4.5 2.5
      vertex -10.2159 -4.25882 0
      vertex -10.2159 -4.25882 2.5
    endloop
  endfacet
  facet normal 0.92388 0.382683 0
    outer loop
      vertex -10.2159 -4.25882 0
      vertex -10.116 -4.5 2.5
      vertex -10.116 -4.5 0
    endloop
  endfacet
  facet normal 0 0 -1
    outer loop
      vertex -8.28407 -4.25882 2.5
      vertex -8.28407 -3.74118 2.5
      vertex -8.25 -4 2.5
    endloop
  endfacet
  facet normal 0 0 -1
    outer loop
      vertex -8.38398 -4.5 2.5
      vertex -8.28407 -3.74118 2.5
      vertex -8.28407 -4.25882 2.5
    endloop
  endfacet
  facet normal 0 0 -1
    outer loop
      vertex -8.38398 -4.5 2.5
      vertex -8.38398 -3.5 2.5
      vertex -8.28407 -3.74118 2.5
    endloop
  endfacet
  facet normal 0 0 -1
    outer loop
      vertex -8.54289 -4.70711 2.5
      vertex -8.38398 -3.5 2.5
      vertex -8.38398 -4.5 2.5
    endloop
  endfacet
  facet normal 0 0 -1
    outer loop
      vertex -8.54289 -4.70711 2.5
      vertex -8.54289 -3.29289 2.5
      vertex -8.38398 -3.5 2.5
    endloop
  endfacet
  facet normal 0 0 -1
    outer loop
      vertex -8.75 -4.86602 2.5
      vertex -8.54289 -3.29289 2.5
      vertex -8.54289 -4.70711 2.5
    endloop
  endfacet
  facet normal 0 0 -1
    outer loop
      vertex -8.75 -4.86602 2.5
      vertex -8.75 -3.13397 2.5
      vertex -8.54289 -3.29289 2.5
    endloop
  endfacet
  facet normal 0 0 -1
    outer loop
      vertex -8.99118 -4.96593 2.5
      vertex -8.75 -3.13397 2.5
      vertex -8.75 -4.86602 2.5
    endloop
  endfacet
  facet normal 0 0 -1
    outer loop
      vertex -8.99118 -4.96593 2.5
      vertex -8.99118 -3.03407 2.5
      vertex -8.75 -3.13397 2.5
    endloop
  endfacet
  facet normal 0 0 -1
    outer loop
      vertex -9.25 -5 2.5
      vertex -8.99118 -3.03407 2.5
      vertex -8.99118 -4.96593 2.5
    endloop
  endfacet
  facet normal 0 0 -1
    outer loop
      vertex -9.25 -5 2.5
      vertex -9.25 -3 2.5
      vertex -8.99118 -3.03407 2.5
    endloop
  endfacet
  facet normal 0 0 -1
    outer loop
      vertex -9.50882 -4.96593 2.5
      vertex -9.25 -3 2.5
      vertex -9.25 -5 2.5
    endloop
  endfacet
  facet normal 0 0 -1
    outer loop
      vertex -9.50882 -4.96593 2.5
      vertex -9.50882 -3.03407 2.5
      vertex -9.25 -3 2.5
    endloop
  endfacet
  facet normal 0 0 -1
    outer loop
      vertex -9.75 -4.86602 2.5
      vertex -9.50882 -3.03407 2.5
      vertex -9.50882 -4.96593 2.5
    endloop
  endfacet
  facet normal 0 0 -1
    outer loop
      vertex -9.75 -4.86602 2.5
      vertex -9.75 -3.13397 2.5
      vertex -9.50882 -3.03407 2.5
    endloop
  endfacet
  facet normal 0 0 -1
    outer loop
      vertex -9.95711 -4.70711 2.5
      vertex -9.75 -3.13397 2.5
      vertex -9.75 -4.86602 2.5
    endloop
  endfacet
  facet normal 0 0 -1
    outer loop
      vertex -9.95711 -4.70711 2.5
      vertex -9.95711 -3.29289 2.5
      vertex -9.75 -3.13397 2.5
    endloop
  endfacet
  facet normal 0 0 -1
    outer loop
      vertex -10.116 -4.5 2.5
      vertex -9.95711 -3.29289 2.5
      vertex -9.95711 -4.70711 2.5
    endloop
  endfacet
  facet normal 0 0 -1
    outer loop
      vertex -10.116 -4.5 2.5
      vertex -10.116 -3.5 2.5
      vertex -9.95711 -3.29289 2.5
    endloop
  endfacet
  facet normal 0 0 -1
    outer loop
      vertex -10.2159 -4.25882 2.5
      vertex -10.116 -3.5 2.5
      vertex -10.116 -4.5 2.5
    endloop
  endfacet
  facet normal 0 0 -1
    outer loop
      vertex -10.2159 -4.25882 2.5
      vertex -10.2159 -3.74118 2.5
      vertex -10.116 -3.5 2.5
    endloop
  endfacet
  facet normal 0 -0 -1
    outer loop
      vertex -10.2159 -3.74118 2.5
      vertex -10.2159 -4.25882 2.5
      vertex -10.25 -4 2.5
    endloop
  endfacet
  facet normal 0.382716 0.923866 -0
    outer loop
      vertex -9.50882 -4.96593 0
      vertex -9.75 -4.86602 2.5
      vertex -9.50882 -4.96593 2.5
    endloop
  endfacet
  facet normal 0.382716 0.923866 0
    outer loop
      vertex -9.75 -4.86602 2.5
      vertex -9.50882 -4.96593 0
      vertex -9.75 -4.86602 0
    endloop
  endfacet
  facet normal -0.13051 -0.991447 0
    outer loop
      vertex -9.25 -3 0
      vertex -8.99118 -3.03407 2.5
      vertex -9.25 -3 2.5
    endloop
  endfacet
  facet normal -0.13051 -0.991447 -0
    outer loop
      vertex -8.99118 -3.03407 2.5
      vertex -9.25 -3 0
      vertex -8.99118 -3.03407 0
    endloop
  endfacet
  facet normal 0.608759 -0.793355 0
    outer loop
      vertex -9.95711 -3.29289 0
      vertex -9.75 -3.13397 2.5
      vertex -9.95711 -3.29289 2.5
    endloop
  endfacet
  facet normal 0.608759 -0.793355 0
    outer loop
      vertex -9.75 -3.13397 2.5
      vertex -9.95711 -3.29289 0
      vertex -9.75 -3.13397 0
    endloop
  endfacet
  facet normal -0.793374 0.608735 0
    outer loop
      vertex -8.54289 -4.70711 0
      vertex -8.38398 -4.5 2.5
      vertex -8.38398 -4.5 0
    endloop
  endfacet
  facet normal -0.793374 0.608735 0
    outer loop
      vertex -8.38398 -4.5 2.5
      vertex -8.54289 -4.70711 0
      vertex -8.54289 -4.70711 2.5
    endloop
  endfacet
  facet normal 0.608735 0.793374 -0
    outer loop
      vertex -9.75 -4.86602 0
      vertex -9.95711 -4.70711 2.5
      vertex -9.75 -4.86602 2.5
    endloop
  endfacet
  facet normal 0.608735 0.793374 0
    outer loop
      vertex -9.95711 -4.70711 2.5
      vertex -9.75 -4.86602 0
      vertex -9.95711 -4.70711 0
    endloop
  endfacet
  facet normal 0.793411 0.608686 0
    outer loop
      vertex -9.95711 -4.70711 2.5
      vertex -10.116 -4.5 0
      vertex -10.116 -4.5 2.5
    endloop
  endfacet
  facet normal 0.793411 0.608686 0
    outer loop
      vertex -10.116 -4.5 0
      vertex -9.95711 -4.70711 2.5
      vertex -9.95711 -4.70711 0
    endloop
  endfacet
  facet normal -0.793374 -0.608735 0
    outer loop
      vertex -8.38398 -3.5 0
      vertex -8.54289 -3.29289 2.5
      vertex -8.54289 -3.29289 0
    endloop
  endfacet
  facet normal -0.793374 -0.608735 0
    outer loop
      vertex -8.54289 -3.29289 2.5
      vertex -8.38398 -3.5 0
      vertex -8.38398 -3.5 2.5
    endloop
  endfacet
  facet normal -0.923866 -0.382716 0
    outer loop
      vertex -8.28407 -3.74118 0
      vertex -8.38398 -3.5 2.5
      vertex -8.38398 -3.5 0
    endloop
  endfacet
  facet normal -0.923866 -0.382716 0
    outer loop
      vertex -8.38398 -3.5 2.5
      vertex -8.28407 -3.74118 0
      vertex -8.28407 -3.74118 2.5
    endloop
  endfacet
  facet normal -0.382683 -0.92388 0
    outer loop
      vertex -8.99118 -3.03407 0
      vertex -8.75 -3.13397 2.5
      vertex -8.99118 -3.03407 2.5
    endloop
  endfacet
  facet normal -0.382683 -0.92388 -0
    outer loop
      vertex -8.75 -3.13397 2.5
      vertex -8.99118 -3.03407 0
      vertex -8.75 -3.13397 0
    endloop
  endfacet
  facet normal -0.608759 -0.793355 0
    outer loop
      vertex -8.75 -3.13397 0
      vertex -8.54289 -3.29289 2.5
      vertex -8.75 -3.13397 2.5
    endloop
  endfacet
  facet normal -0.608759 -0.793355 -0
    outer loop
      vertex -8.54289 -3.29289 2.5
      vertex -8.75 -3.13397 0
      vertex -8.54289 -3.29289 0
    endloop
  endfacet
  facet normal 0.13051 -0.991447 0
    outer loop
      vertex -9.50882 -3.03407 0
      vertex -9.25 -3 2.5
      vertex -9.50882 -3.03407 2.5
    endloop
  endfacet
  facet normal 0.13051 -0.991447 0
    outer loop
      vertex -9.25 -3 2.5
      vertex -9.50882 -3.03407 0
      vertex -9.25 -3 0
    endloop
  endfacet
  facet normal 0.92388 -0.382683 0
    outer loop
      vertex -10.2159 -3.74118 2.5
      vertex -10.116 -3.5 0
      vertex -10.116 -3.5 2.5
    endloop
  endfacet
  facet normal 0.92388 -0.382683 0
    outer loop
      vertex -10.116 -3.5 0
      vertex -10.2159 -3.74118 2.5
      vertex -10.2159 -3.74118 0
    endloop
  endfacet
  facet normal 0.793411 -0.608686 0
    outer loop
      vertex -10.116 -3.5 2.5
      vertex -9.95711 -3.29289 0
      vertex -9.95711 -3.29289 2.5
    endloop
  endfacet
  facet normal 0.793411 -0.608686 0
    outer loop
      vertex -9.95711 -3.29289 0
      vertex -10.116 -3.5 2.5
      vertex -10.116 -3.5 0
    endloop
  endfacet
  facet normal -0.991446 0.13052 0
    outer loop
      vertex -8.28407 -19.2588 0
      vertex -8.25 -19 2.5
      vertex -8.25 -19 0
    endloop
  endfacet
  facet normal -0.991446 0.13052 0
    outer loop
      vertex -8.25 -19 2.5
      vertex -8.28407 -19.2588 0
      vertex -8.28407 -19.2588 2.5
    endloop
  endfacet
  facet normal 0.991431 -0.130633 0
    outer loop
      vertex -10.25 -19 2.5
      vertex -10.2159 -18.7412 0
      vertex -10.2159 -18.7412 2.5
    endloop
  endfacet
  facet normal 0.991431 -0.130633 0
    outer loop
      vertex -10.2159 -18.7412 0
      vertex -10.25 -19 2.5
      vertex -10.25 -19 0
    endloop
  endfacet
  facet normal 0.130623 0.991432 -0
    outer loop
      vertex -9.25 -20 0
      vertex -9.50882 -19.9659 2.5
      vertex -9.25 -20 2.5
    endloop
  endfacet
  facet normal 0.130623 0.991432 0
    outer loop
      vertex -9.50882 -19.9659 2.5
      vertex -9.25 -20 0
      vertex -9.50882 -19.9659 0
    endloop
  endfacet
  facet normal -0.382683 0.92388 0
    outer loop
      vertex -8.75 -19.866 0
      vertex -8.99118 -19.9659 2.5
      vertex -8.75 -19.866 2.5
    endloop
  endfacet
  facet normal -0.382683 0.92388 0
    outer loop
      vertex -8.99118 -19.9659 2.5
      vertex -8.75 -19.866 0
      vertex -8.99118 -19.9659 0
    endloop
  endfacet
  facet normal 0.991431 0.130633 0
    outer loop
      vertex -10.2159 -19.2588 2.5
      vertex -10.25 -19 0
      vertex -10.25 -19 2.5
    endloop
  endfacet
  facet normal 0.991431 0.130633 0
    outer loop
      vertex -10.25 -19 0
      vertex -10.2159 -19.2588 2.5
      vertex -10.2159 -19.2588 0
    endloop
  endfacet
  facet normal -0.991446 -0.13052 0
    outer loop
      vertex -8.25 -19 0
      vertex -8.28407 -18.7412 2.5
      vertex -8.28407 -18.7412 0
    endloop
  endfacet
  facet normal -0.991446 -0.13052 0
    outer loop
      vertex -8.28407 -18.7412 2.5
      vertex -8.25 -19 0
      vertex -8.25 -19 2.5
    endloop
  endfacet
  facet normal 0.382683 -0.92388 0
    outer loop
      vertex -9.75 -18.134 0
      vertex -9.50882 -18.0341 2.5
      vertex -9.75 -18.134 2.5
    endloop
  endfacet
  facet normal 0.382683 -0.92388 0
    outer loop
      vertex -9.50882 -18.0341 2.5
      vertex -9.75 -18.134 0
      vertex -9.50882 -18.0341 0
    endloop
  endfacet
  facet normal -0.923877 0.382689 0
    outer loop
      vertex -8.38398 -19.5 0
      vertex -8.28407 -19.2588 2.5
      vertex -8.28407 -19.2588 0
    endloop
  endfacet
  facet normal -0.923877 0.382689 0
    outer loop
      vertex -8.28407 -19.2588 2.5
      vertex -8.38398 -19.5 0
      vertex -8.38398 -19.5 2.5
    endloop
  endfacet
  facet normal -0.608711 0.793392 0
    outer loop
      vertex -8.54289 -19.7071 0
      vertex -8.75 -19.866 2.5
      vertex -8.54289 -19.7071 2.5
    endloop
  endfacet
  facet normal -0.608711 0.793392 0
    outer loop
      vertex -8.75 -19.866 2.5
      vertex -8.54289 -19.7071 0
      vertex -8.75 -19.866 0
    endloop
  endfacet
  facet normal -0.130623 0.991432 0
    outer loop
      vertex -8.99118 -19.9659 0
      vertex -9.25 -20 2.5
      vertex -8.99118 -19.9659 2.5
    endloop
  endfacet
  facet normal -0.130623 0.991432 0
    outer loop
      vertex -9.25 -20 2.5
      vertex -8.99118 -19.9659 0
      vertex -9.25 -20 0
    endloop
  endfacet
  facet normal 0.923891 0.382656 0
    outer loop
      vertex -10.116 -19.5 2.5
      vertex -10.2159 -19.2588 0
      vertex -10.2159 -19.2588 2.5
    endloop
  endfacet
  facet normal 0.923891 0.382656 0
    outer loop
      vertex -10.2159 -19.2588 0
      vertex -10.116 -19.5 2.5
      vertex -10.116 -19.5 0
    endloop
  endfacet
  facet normal 0 0 -1
    outer loop
      vertex -8.28407 -19.2588 2.5
      vertex -8.28407 -18.7412 2.5
      vertex -8.25 -19 2.5
    endloop
  endfacet
  facet normal 0 0 -1
    outer loop
      vertex -8.38398 -19.5 2.5
      vertex -8.28407 -18.7412 2.5
      vertex -8.28407 -19.2588 2.5
    endloop
  endfacet
  facet normal 0 0 -1
    outer loop
      vertex -8.38398 -19.5 2.5
      vertex -8.38398 -18.5 2.5
      vertex -8.28407 -18.7412 2.5
    endloop
  endfacet
  facet normal 0 0 -1
    outer loop
      vertex -8.54289 -19.7071 2.5
      vertex -8.38398 -18.5 2.5
      vertex -8.38398 -19.5 2.5
    endloop
  endfacet
  facet normal 0 0 -1
    outer loop
      vertex -8.54289 -19.7071 2.5
      vertex -8.54289 -18.2929 2.5
      vertex -8.38398 -18.5 2.5
    endloop
  endfacet
  facet normal 0 0 -1
    outer loop
      vertex -8.75 -19.866 2.5
      vertex -8.54289 -18.2929 2.5
      vertex -8.54289 -19.7071 2.5
    endloop
  endfacet
  facet normal 0 0 -1
    outer loop
      vertex -8.75 -19.866 2.5
      vertex -8.75 -18.134 2.5
      vertex -8.54289 -18.2929 2.5
    endloop
  endfacet
  facet normal 0 0 -1
    outer loop
      vertex -8.99118 -19.9659 2.5
      vertex -8.75 -18.134 2.5
      vertex -8.75 -19.866 2.5
    endloop
  endfacet
  facet normal 0 0 -1
    outer loop
      vertex -8.99118 -19.9659 2.5
      vertex -8.99118 -18.0341 2.5
      vertex -8.75 -18.134 2.5
    endloop
  endfacet
  facet normal 0 0 -1
    outer loop
      vertex -9.25 -20 2.5
      vertex -8.99118 -18.0341 2.5
      vertex -8.99118 -19.9659 2.5
    endloop
  endfacet
  facet normal 0 0 -1
    outer loop
      vertex -9.25 -20 2.5
      vertex -9.25 -18 2.5
      vertex -8.99118 -18.0341 2.5
    endloop
  endfacet
  facet normal 0 0 -1
    outer loop
      vertex -9.50882 -19.9659 2.5
      vertex -9.25 -18 2.5
      vertex -9.25 -20 2.5
    endloop
  endfacet
  facet normal 0 0 -1
    outer loop
      vertex -9.50882 -19.9659 2.5
      vertex -9.50882 -18.0341 2.5
      vertex -9.25 -18 2.5
    endloop
  endfacet
  facet normal 0 0 -1
    outer loop
      vertex -9.75 -19.866 2.5
      vertex -9.50882 -18.0341 2.5
      vertex -9.50882 -19.9659 2.5
    endloop
  endfacet
  facet normal 0 0 -1
    outer loop
      vertex -9.75 -19.866 2.5
      vertex -9.75 -18.134 2.5
      vertex -9.50882 -18.0341 2.5
    endloop
  endfacet
  facet normal 0 0 -1
    outer loop
      vertex -9.95711 -19.7071 2.5
      vertex -9.75 -18.134 2.5
      vertex -9.75 -19.866 2.5
    endloop
  endfacet
  facet normal 0 0 -1
    outer loop
      vertex -9.95711 -19.7071 2.5
      vertex -9.95711 -18.2929 2.5
      vertex -9.75 -18.134 2.5
    endloop
  endfacet
  facet normal 0 0 -1
    outer loop
      vertex -10.116 -19.5 2.5
      vertex -9.95711 -18.2929 2.5
      vertex -9.95711 -19.7071 2.5
    endloop
  endfacet
  facet normal 0 0 -1
    outer loop
      vertex -10.116 -19.5 2.5
      vertex -10.116 -18.5 2.5
      vertex -9.95711 -18.2929 2.5
    endloop
  endfacet
  facet normal 0 0 -1
    outer loop
      vertex -10.2159 -19.2588 2.5
      vertex -10.116 -18.5 2.5
      vertex -10.116 -19.5 2.5
    endloop
  endfacet
  facet normal 0 0 -1
    outer loop
      vertex -10.2159 -19.2588 2.5
      vertex -10.2159 -18.7412 2.5
      vertex -10.116 -18.5 2.5
    endloop
  endfacet
  facet normal 0 -0 -1
    outer loop
      vertex -10.2159 -18.7412 2.5
      vertex -10.2159 -19.2588 2.5
      vertex -10.25 -19 2.5
    endloop
  endfacet
  facet normal 0.382683 0.92388 -0
    outer loop
      vertex -9.50882 -19.9659 0
      vertex -9.75 -19.866 2.5
      vertex -9.50882 -19.9659 2.5
    endloop
  endfacet
  facet normal 0.382683 0.92388 0
    outer loop
      vertex -9.75 -19.866 2.5
      vertex -9.50882 -19.9659 0
      vertex -9.75 -19.866 0
    endloop
  endfacet
  facet normal -0.130623 -0.991432 0
    outer loop
      vertex -9.25 -18 0
      vertex -8.99118 -18.0341 2.5
      vertex -9.25 -18 2.5
    endloop
  endfacet
  facet normal -0.130623 -0.991432 -0
    outer loop
      vertex -8.99118 -18.0341 2.5
      vertex -9.25 -18 0
      vertex -8.99118 -18.0341 0
    endloop
  endfacet
  facet normal 0.608711 -0.793392 0
    outer loop
      vertex -9.95711 -18.2929 0
      vertex -9.75 -18.134 2.5
      vertex -9.95711 -18.2929 2.5
    endloop
  endfacet
  facet normal 0.608711 -0.793392 0
    outer loop
      vertex -9.75 -18.134 2.5
      vertex -9.95711 -18.2929 0
      vertex -9.75 -18.134 0
    endloop
  endfacet
  facet normal -0.79336 0.608753 0
    outer loop
      vertex -8.54289 -19.7071 0
      vertex -8.38398 -19.5 2.5
      vertex -8.38398 -19.5 0
    endloop
  endfacet
  facet normal -0.79336 0.608753 0
    outer loop
      vertex -8.38398 -19.5 2.5
      vertex -8.54289 -19.7071 0
      vertex -8.54289 -19.7071 2.5
    endloop
  endfacet
  facet normal 0.608711 0.793392 -0
    outer loop
      vertex -9.75 -19.866 0
      vertex -9.95711 -19.7071 2.5
      vertex -9.75 -19.866 2.5
    endloop
  endfacet
  facet normal 0.608711 0.793392 0
    outer loop
      vertex -9.95711 -19.7071 2.5
      vertex -9.75 -19.866 0
      vertex -9.95711 -19.7071 0
    endloop
  endfacet
  facet normal 0.793397 0.608705 0
    outer loop
      vertex -9.95711 -19.7071 2.5
      vertex -10.116 -19.5 0
      vertex -10.116 -19.5 2.5
    endloop
  endfacet
  facet normal 0.793397 0.608705 0
    outer loop
      vertex -10.116 -19.5 0
      vertex -9.95711 -19.7071 2.5
      vertex -9.95711 -19.7071 0
    endloop
  endfacet
  facet normal -0.79336 -0.608753 0
    outer loop
      vertex -8.38398 -18.5 0
      vertex -8.54289 -18.2929 2.5
      vertex -8.54289 -18.2929 0
    endloop
  endfacet
  facet normal -0.79336 -0.608753 0
    outer loop
      vertex -8.54289 -18.2929 2.5
      vertex -8.38398 -18.5 0
      vertex -8.38398 -18.5 2.5
    endloop
  endfacet
  facet normal -0.923877 -0.382689 0
    outer loop
      vertex -8.28407 -18.7412 0
      vertex -8.38398 -18.5 2.5
      vertex -8.38398 -18.5 0
    endloop
  endfacet
  facet normal -0.923877 -0.382689 0
    outer loop
      vertex -8.38398 -18.5 2.5
      vertex -8.28407 -18.7412 0
      vertex -8.28407 -18.7412 2.5
    endloop
  endfacet
  facet normal -0.382683 -0.92388 0
    outer loop
      vertex -8.99118 -18.0341 0
      vertex -8.75 -18.134 2.5
      vertex -8.99118 -18.0341 2.5
    endloop
  endfacet
  facet normal -0.382683 -0.92388 -0
    outer loop
      vertex -8.75 -18.134 2.5
      vertex -8.99118 -18.0341 0
      vertex -8.75 -18.134 0
    endloop
  endfacet
  facet normal -0.608711 -0.793392 0
    outer loop
      vertex -8.75 -18.134 0
      vertex -8.54289 -18.2929 2.5
      vertex -8.75 -18.134 2.5
    endloop
  endfacet
  facet normal -0.608711 -0.793392 -0
    outer loop
      vertex -8.54289 -18.2929 2.5
      vertex -8.75 -18.134 0
      vertex -8.54289 -18.2929 0
    endloop
  endfacet
  facet normal 0.130623 -0.991432 0
    outer loop
      vertex -9.50882 -18.0341 0
      vertex -9.25 -18 2.5
      vertex -9.50882 -18.0341 2.5
    endloop
  endfacet
  facet normal 0.130623 -0.991432 0
    outer loop
      vertex -9.25 -18 2.5
      vertex -9.50882 -18.0341 0
      vertex -9.25 -18 0
    endloop
  endfacet
  facet normal 0.923891 -0.382656 0
    outer loop
      vertex -10.2159 -18.7412 2.5
      vertex -10.116 -18.5 0
      vertex -10.116 -18.5 2.5
    endloop
  endfacet
  facet normal 0.923891 -0.382656 0
    outer loop
      vertex -10.116 -18.5 0
      vertex -10.2159 -18.7412 2.5
      vertex -10.2159 -18.7412 0
    endloop
  endfacet
  facet normal 0.793397 -0.608705 0
    outer loop
      vertex -10.116 -18.5 2.5
      vertex -9.95711 -18.2929 0
      vertex -9.95711 -18.2929 2.5
    endloop
  endfacet
  facet normal 0.793397 -0.608705 0
    outer loop
      vertex -9.95711 -18.2929 0
      vertex -10.116 -18.5 2.5
      vertex -10.116 -18.5 0
    endloop
  endfacet
  facet normal -0.991446 0.13052 0
    outer loop
      vertex -8.28407 -34.2588 0
      vertex -8.25 -34 2.5
      vertex -8.25 -34 0
    endloop
  endfacet
  facet normal -0.991446 0.13052 0
    outer loop
      vertex -8.25 -34 2.5
      vertex -8.28407 -34.2588 0
      vertex -8.28407 -34.2588 2.5
    endloop
  endfacet
  facet normal 0.991431 -0.130633 0
    outer loop
      vertex -10.25 -34 2.5
      vertex -10.2159 -33.7412 0
      vertex -10.2159 -33.7412 2.5
    endloop
  endfacet
  facet normal 0.991431 -0.130633 0
    outer loop
      vertex -10.2159 -33.7412 0
      vertex -10.25 -34 2.5
      vertex -10.25 -34 0
    endloop
  endfacet
  facet normal 0.130623 -0.991432 0
    outer loop
      vertex -9.50882 -33.0341 0
      vertex -9.25 -33 2.5
      vertex -9.50882 -33.0341 2.5
    endloop
  endfacet
  facet normal 0.130623 -0.991432 0
    outer loop
      vertex -9.25 -33 2.5
      vertex -9.50882 -33.0341 0
      vertex -9.25 -33 0
    endloop
  endfacet
  facet normal 0.130623 0.991432 -0
    outer loop
      vertex -9.25 -35 0
      vertex -9.50882 -34.9659 2.5
      vertex -9.25 -35 2.5
    endloop
  endfacet
  facet normal 0.130623 0.991432 0
    outer loop
      vertex -9.50882 -34.9659 2.5
      vertex -9.25 -35 0
      vertex -9.50882 -34.9659 0
    endloop
  endfacet
  facet normal -0.382683 0.92388 0
    outer loop
      vertex -8.75 -34.866 0
      vertex -8.99118 -34.9659 2.5
      vertex -8.75 -34.866 2.5
    endloop
  endfacet
  facet normal -0.382683 0.92388 0
    outer loop
      vertex -8.99118 -34.9659 2.5
      vertex -8.75 -34.866 0
      vertex -8.99118 -34.9659 0
    endloop
  endfacet
  facet normal 0 0 -1
    outer loop
      vertex -8.28407 -34.2588 2.5
      vertex -8.28407 -33.7412 2.5
      vertex -8.25 -34 2.5
    endloop
  endfacet
  facet normal 0 0 -1
    outer loop
      vertex -8.38398 -34.5 2.5
      vertex -8.28407 -33.7412 2.5
      vertex -8.28407 -34.2588 2.5
    endloop
  endfacet
  facet normal 0 0 -1
    outer loop
      vertex -8.38398 -34.5 2.5
      vertex -8.38398 -33.5 2.5
      vertex -8.28407 -33.7412 2.5
    endloop
  endfacet
  facet normal 0 0 -1
    outer loop
      vertex -8.54289 -34.7071 2.5
      vertex -8.38398 -33.5 2.5
      vertex -8.38398 -34.5 2.5
    endloop
  endfacet
  facet normal 0 0 -1
    outer loop
      vertex -8.54289 -34.7071 2.5
      vertex -8.54289 -33.2929 2.5
      vertex -8.38398 -33.5 2.5
    endloop
  endfacet
  facet normal 0 0 -1
    outer loop
      vertex -8.75 -34.866 2.5
      vertex -8.54289 -33.2929 2.5
      vertex -8.54289 -34.7071 2.5
    endloop
  endfacet
  facet normal 0 0 -1
    outer loop
      vertex -8.75 -34.866 2.5
      vertex -8.75 -33.134 2.5
      vertex -8.54289 -33.2929 2.5
    endloop
  endfacet
  facet normal 0 0 -1
    outer loop
      vertex -8.99118 -34.9659 2.5
      vertex -8.75 -33.134 2.5
      vertex -8.75 -34.866 2.5
    endloop
  endfacet
  facet normal 0 0 -1
    outer loop
      vertex -8.99118 -34.9659 2.5
      vertex -8.99118 -33.0341 2.5
      vertex -8.75 -33.134 2.5
    endloop
  endfacet
  facet normal 0 0 -1
    outer loop
      vertex -9.25 -35 2.5
      vertex -8.99118 -33.0341 2.5
      vertex -8.99118 -34.9659 2.5
    endloop
  endfacet
  facet normal 0 0 -1
    outer loop
      vertex -9.25 -35 2.5
      vertex -9.25 -33 2.5
      vertex -8.99118 -33.0341 2.5
    endloop
  endfacet
  facet normal 0 0 -1
    outer loop
      vertex -9.50882 -34.9659 2.5
      vertex -9.25 -33 2.5
      vertex -9.25 -35 2.5
    endloop
  endfacet
  facet normal 0 0 -1
    outer loop
      vertex -9.50882 -34.9659 2.5
      vertex -9.50882 -33.0341 2.5
      vertex -9.25 -33 2.5
    endloop
  endfacet
  facet normal 0 0 -1
    outer loop
      vertex -9.75 -34.866 2.5
      vertex -9.50882 -33.0341 2.5
      vertex -9.50882 -34.9659 2.5
    endloop
  endfacet
  facet normal 0 0 -1
    outer loop
      vertex -9.75 -34.866 2.5
      vertex -9.75 -33.134 2.5
      vertex -9.50882 -33.0341 2.5
    endloop
  endfacet
  facet normal 0 0 -1
    outer loop
      vertex -9.95711 -34.7071 2.5
      vertex -9.75 -33.134 2.5
      vertex -9.75 -34.866 2.5
    endloop
  endfacet
  facet normal 0 0 -1
    outer loop
      vertex -9.95711 -34.7071 2.5
      vertex -9.95711 -33.2929 2.5
      vertex -9.75 -33.134 2.5
    endloop
  endfacet
  facet normal 0 0 -1
    outer loop
      vertex -10.116 -34.5 2.5
      vertex -9.95711 -33.2929 2.5
      vertex -9.95711 -34.7071 2.5
    endloop
  endfacet
  facet normal 0 0 -1
    outer loop
      vertex -10.116 -34.5 2.5
      vertex -10.116 -33.5 2.5
      vertex -9.95711 -33.2929 2.5
    endloop
  endfacet
  facet normal 0 0 -1
    outer loop
      vertex -10.2159 -34.2588 2.5
      vertex -10.116 -33.5 2.5
      vertex -10.116 -34.5 2.5
    endloop
  endfacet
  facet normal 0 0 -1
    outer loop
      vertex -10.2159 -34.2588 2.5
      vertex -10.2159 -33.7412 2.5
      vertex -10.116 -33.5 2.5
    endloop
  endfacet
  facet normal 0 -0 -1
    outer loop
      vertex -10.2159 -33.7412 2.5
      vertex -10.2159 -34.2588 2.5
      vertex -10.25 -34 2.5
    endloop
  endfacet
  facet normal 0.991431 0.130633 0
    outer loop
      vertex -10.2159 -34.2588 2.5
      vertex -10.25 -34 0
      vertex -10.25 -34 2.5
    endloop
  endfacet
  facet normal 0.991431 0.130633 0
    outer loop
      vertex -10.25 -34 0
      vertex -10.2159 -34.2588 2.5
      vertex -10.2159 -34.2588 0
    endloop
  endfacet
  facet normal -0.991446 -0.13052 0
    outer loop
      vertex -8.25 -34 0
      vertex -8.28407 -33.7412 2.5
      vertex -8.28407 -33.7412 0
    endloop
  endfacet
  facet normal -0.991446 -0.13052 0
    outer loop
      vertex -8.28407 -33.7412 2.5
      vertex -8.25 -34 0
      vertex -8.25 -34 2.5
    endloop
  endfacet
  facet normal 0.382683 -0.92388 0
    outer loop
      vertex -9.75 -33.134 0
      vertex -9.50882 -33.0341 2.5
      vertex -9.75 -33.134 2.5
    endloop
  endfacet
  facet normal 0.382683 -0.92388 0
    outer loop
      vertex -9.50882 -33.0341 2.5
      vertex -9.75 -33.134 0
      vertex -9.50882 -33.0341 0
    endloop
  endfacet
  facet normal -0.923877 0.382689 0
    outer loop
      vertex -8.38398 -34.5 0
      vertex -8.28407 -34.2588 2.5
      vertex -8.28407 -34.2588 0
    endloop
  endfacet
  facet normal -0.923877 0.382689 0
    outer loop
      vertex -8.28407 -34.2588 2.5
      vertex -8.38398 -34.5 0
      vertex -8.38398 -34.5 2.5
    endloop
  endfacet
  facet normal -0.608711 0.793392 0
    outer loop
      vertex -8.54289 -34.7071 0
      vertex -8.75 -34.866 2.5
      vertex -8.54289 -34.7071 2.5
    endloop
  endfacet
  facet normal -0.608711 0.793392 0
    outer loop
      vertex -8.75 -34.866 2.5
      vertex -8.54289 -34.7071 0
      vertex -8.75 -34.866 0
    endloop
  endfacet
  facet normal -0.130623 0.991432 0
    outer loop
      vertex -8.99118 -34.9659 0
      vertex -9.25 -35 2.5
      vertex -8.99118 -34.9659 2.5
    endloop
  endfacet
  facet normal -0.130623 0.991432 0
    outer loop
      vertex -9.25 -35 2.5
      vertex -8.99118 -34.9659 0
      vertex -9.25 -35 0
    endloop
  endfacet
  facet normal 0.923891 0.382656 0
    outer loop
      vertex -10.116 -34.5 2.5
      vertex -10.2159 -34.2588 0
      vertex -10.2159 -34.2588 2.5
    endloop
  endfacet
  facet normal 0.923891 0.382656 0
    outer loop
      vertex -10.2159 -34.2588 0
      vertex -10.116 -34.5 2.5
      vertex -10.116 -34.5 0
    endloop
  endfacet
  facet normal 0.382683 0.92388 -0
    outer loop
      vertex -9.50882 -34.9659 0
      vertex -9.75 -34.866 2.5
      vertex -9.50882 -34.9659 2.5
    endloop
  endfacet
  facet normal 0.382683 0.92388 0
    outer loop
      vertex -9.75 -34.866 2.5
      vertex -9.50882 -34.9659 0
      vertex -9.75 -34.866 0
    endloop
  endfacet
  facet normal 0.793397 0.608705 0
    outer loop
      vertex -9.95711 -34.7071 2.5
      vertex -10.116 -34.5 0
      vertex -10.116 -34.5 2.5
    endloop
  endfacet
  facet normal 0.793397 0.608705 0
    outer loop
      vertex -10.116 -34.5 0
      vertex -9.95711 -34.7071 2.5
      vertex -9.95711 -34.7071 0
    endloop
  endfacet
  facet normal -0.130623 -0.991432 0
    outer loop
      vertex -9.25 -33 0
      vertex -8.99118 -33.0341 2.5
      vertex -9.25 -33 2.5
    endloop
  endfacet
  facet normal -0.130623 -0.991432 -0
    outer loop
      vertex -8.99118 -33.0341 2.5
      vertex -9.25 -33 0
      vertex -8.99118 -33.0341 0
    endloop
  endfacet
  facet normal 0.608711 -0.793392 0
    outer loop
      vertex -9.95711 -33.2929 0
      vertex -9.75 -33.134 2.5
      vertex -9.95711 -33.2929 2.5
    endloop
  endfacet
  facet normal 0.608711 -0.793392 0
    outer loop
      vertex -9.75 -33.134 2.5
      vertex -9.95711 -33.2929 0
      vertex -9.75 -33.134 0
    endloop
  endfacet
  facet normal -0.79336 0.608753 0
    outer loop
      vertex -8.54289 -34.7071 0
      vertex -8.38398 -34.5 2.5
      vertex -8.38398 -34.5 0
    endloop
  endfacet
  facet normal -0.79336 0.608753 0
    outer loop
      vertex -8.38398 -34.5 2.5
      vertex -8.54289 -34.7071 0
      vertex -8.54289 -34.7071 2.5
    endloop
  endfacet
  facet normal 0.608711 0.793392 -0
    outer loop
      vertex -9.75 -34.866 0
      vertex -9.95711 -34.7071 2.5
      vertex -9.75 -34.866 2.5
    endloop
  endfacet
  facet normal 0.608711 0.793392 0
    outer loop
      vertex -9.95711 -34.7071 2.5
      vertex -9.75 -34.866 0
      vertex -9.95711 -34.7071 0
    endloop
  endfacet
  facet normal -0.79336 -0.608753 0
    outer loop
      vertex -8.38398 -33.5 0
      vertex -8.54289 -33.2929 2.5
      vertex -8.54289 -33.2929 0
    endloop
  endfacet
  facet normal -0.79336 -0.608753 0
    outer loop
      vertex -8.54289 -33.2929 2.5
      vertex -8.38398 -33.5 0
      vertex -8.38398 -33.5 2.5
    endloop
  endfacet
  facet normal -0.382683 -0.92388 0
    outer loop
      vertex -8.99118 -33.0341 0
      vertex -8.75 -33.134 2.5
      vertex -8.99118 -33.0341 2.5
    endloop
  endfacet
  facet normal -0.382683 -0.92388 -0
    outer loop
      vertex -8.75 -33.134 2.5
      vertex -8.99118 -33.0341 0
      vertex -8.75 -33.134 0
    endloop
  endfacet
  facet normal -0.608711 -0.793392 0
    outer loop
      vertex -8.75 -33.134 0
      vertex -8.54289 -33.2929 2.5
      vertex -8.75 -33.134 2.5
    endloop
  endfacet
  facet normal -0.608711 -0.793392 -0
    outer loop
      vertex -8.54289 -33.2929 2.5
      vertex -8.75 -33.134 0
      vertex -8.54289 -33.2929 0
    endloop
  endfacet
  facet normal 0.923891 -0.382656 0
    outer loop
      vertex -10.2159 -33.7412 2.5
      vertex -10.116 -33.5 0
      vertex -10.116 -33.5 2.5
    endloop
  endfacet
  facet normal 0.923891 -0.382656 0
    outer loop
      vertex -10.116 -33.5 0
      vertex -10.2159 -33.7412 2.5
      vertex -10.2159 -33.7412 0
    endloop
  endfacet
  facet normal 0.793397 -0.608705 0
    outer loop
      vertex -10.116 -33.5 2.5
      vertex -9.95711 -33.2929 0
      vertex -9.95711 -33.2929 2.5
    endloop
  endfacet
  facet normal 0.793397 -0.608705 0
    outer loop
      vertex -9.95711 -33.2929 0
      vertex -10.116 -33.5 2.5
      vertex -10.116 -33.5 0
    endloop
  endfacet
  facet normal -0.923877 -0.382689 0
    outer loop
      vertex -8.28407 -33.7412 0
      vertex -8.38398 -33.5 2.5
      vertex -8.38398 -33.5 0
    endloop
  endfacet
  facet normal -0.923877 -0.382689 0
    outer loop
      vertex -8.38398 -33.5 2.5
      vertex -8.28407 -33.7412 0
      vertex -8.28407 -33.7412 2.5
    endloop
  endfacet
  facet normal -0.991446 0.13052 0
    outer loop
      vertex -8.28407 -49.2588 0
      vertex -8.25 -49 2.5
      vertex -8.25 -49 0
    endloop
  endfacet
  facet normal -0.991446 0.13052 0
    outer loop
      vertex -8.25 -49 2.5
      vertex -8.28407 -49.2588 0
      vertex -8.28407 -49.2588 2.5
    endloop
  endfacet
  facet normal 0.991431 -0.130633 0
    outer loop
      vertex -10.25 -49 2.5
      vertex -10.2159 -48.7412 0
      vertex -10.2159 -48.7412 2.5
    endloop
  endfacet
  facet normal 0.991431 -0.130633 0
    outer loop
      vertex -10.2159 -48.7412 0
      vertex -10.25 -49 2.5
      vertex -10.25 -49 0
    endloop
  endfacet
  facet normal 0.130623 0.991432 -0
    outer loop
      vertex -9.25 -50 0
      vertex -9.50882 -49.9659 2.5
      vertex -9.25 -50 2.5
    endloop
  endfacet
  facet normal 0.130623 0.991432 0
    outer loop
      vertex -9.50882 -49.9659 2.5
      vertex -9.25 -50 0
      vertex -9.50882 -49.9659 0
    endloop
  endfacet
  facet normal -0.382683 0.92388 0
    outer loop
      vertex -8.75 -49.866 0
      vertex -8.99118 -49.9659 2.5
      vertex -8.75 -49.866 2.5
    endloop
  endfacet
  facet normal -0.382683 0.92388 0
    outer loop
      vertex -8.99118 -49.9659 2.5
      vertex -8.75 -49.866 0
      vertex -8.99118 -49.9659 0
    endloop
  endfacet
  facet normal 0.991431 0.130633 0
    outer loop
      vertex -10.2159 -49.2588 2.5
      vertex -10.25 -49 0
      vertex -10.25 -49 2.5
    endloop
  endfacet
  facet normal 0.991431 0.130633 0
    outer loop
      vertex -10.25 -49 0
      vertex -10.2159 -49.2588 2.5
      vertex -10.2159 -49.2588 0
    endloop
  endfacet
  facet normal -0.991446 -0.13052 0
    outer loop
      vertex -8.25 -49 0
      vertex -8.28407 -48.7412 2.5
      vertex -8.28407 -48.7412 0
    endloop
  endfacet
  facet normal -0.991446 -0.13052 0
    outer loop
      vertex -8.28407 -48.7412 2.5
      vertex -8.25 -49 0
      vertex -8.25 -49 2.5
    endloop
  endfacet
  facet normal -0.923877 0.382689 0
    outer loop
      vertex -8.38398 -49.5 0
      vertex -8.28407 -49.2588 2.5
      vertex -8.28407 -49.2588 0
    endloop
  endfacet
  facet normal -0.923877 0.382689 0
    outer loop
      vertex -8.28407 -49.2588 2.5
      vertex -8.38398 -49.5 0
      vertex -8.38398 -49.5 2.5
    endloop
  endfacet
  facet normal -0.608711 0.793392 0
    outer loop
      vertex -8.54289 -49.7071 0
      vertex -8.75 -49.866 2.5
      vertex -8.54289 -49.7071 2.5
    endloop
  endfacet
  facet normal -0.608711 0.793392 0
    outer loop
      vertex -8.75 -49.866 2.5
      vertex -8.54289 -49.7071 0
      vertex -8.75 -49.866 0
    endloop
  endfacet
  facet normal -0.130623 0.991432 0
    outer loop
      vertex -8.99118 -49.9659 0
      vertex -9.25 -50 2.5
      vertex -8.99118 -49.9659 2.5
    endloop
  endfacet
  facet normal -0.130623 0.991432 0
    outer loop
      vertex -9.25 -50 2.5
      vertex -8.99118 -49.9659 0
      vertex -9.25 -50 0
    endloop
  endfacet
  facet normal 0.923891 0.382656 0
    outer loop
      vertex -10.116 -49.5 2.5
      vertex -10.2159 -49.2588 0
      vertex -10.2159 -49.2588 2.5
    endloop
  endfacet
  facet normal 0.923891 0.382656 0
    outer loop
      vertex -10.2159 -49.2588 0
      vertex -10.116 -49.5 2.5
      vertex -10.116 -49.5 0
    endloop
  endfacet
  facet normal 0 0 -1
    outer loop
      vertex -8.28407 -49.2588 2.5
      vertex -8.28407 -48.7412 2.5
      vertex -8.25 -49 2.5
    endloop
  endfacet
  facet normal 0 0 -1
    outer loop
      vertex -8.38398 -49.5 2.5
      vertex -8.28407 -48.7412 2.5
      vertex -8.28407 -49.2588 2.5
    endloop
  endfacet
  facet normal 0 0 -1
    outer loop
      vertex -8.38398 -49.5 2.5
      vertex -8.38398 -48.5 2.5
      vertex -8.28407 -48.7412 2.5
    endloop
  endfacet
  facet normal 0 0 -1
    outer loop
      vertex -8.54289 -49.7071 2.5
      vertex -8.38398 -48.5 2.5
      vertex -8.38398 -49.5 2.5
    endloop
  endfacet
  facet normal 0 0 -1
    outer loop
      vertex -8.54289 -49.7071 2.5
      vertex -8.54289 -48.2929 2.5
      vertex -8.38398 -48.5 2.5
    endloop
  endfacet
  facet normal 0 0 -1
    outer loop
      vertex -8.75 -49.866 2.5
      vertex -8.54289 -48.2929 2.5
      vertex -8.54289 -49.7071 2.5
    endloop
  endfacet
  facet normal 0 0 -1
    outer loop
      vertex -8.75 -49.866 2.5
      vertex -8.75 -48.134 2.5
      vertex -8.54289 -48.2929 2.5
    endloop
  endfacet
  facet normal 0 0 -1
    outer loop
      vertex -8.99118 -49.9659 2.5
      vertex -8.75 -48.134 2.5
      vertex -8.75 -49.866 2.5
    endloop
  endfacet
  facet normal 0 0 -1
    outer loop
      vertex -8.99118 -49.9659 2.5
      vertex -8.99118 -48.0341 2.5
      vertex -8.75 -48.134 2.5
    endloop
  endfacet
  facet normal 0 0 -1
    outer loop
      vertex -9.25 -50 2.5
      vertex -8.99118 -48.0341 2.5
      vertex -8.99118 -49.9659 2.5
    endloop
  endfacet
  facet normal 0 0 -1
    outer loop
      vertex -9.25 -50 2.5
      vertex -9.25 -48 2.5
      vertex -8.99118 -48.0341 2.5
    endloop
  endfacet
  facet normal 0 0 -1
    outer loop
      vertex -9.50882 -49.9659 2.5
      vertex -9.25 -48 2.5
      vertex -9.25 -50 2.5
    endloop
  endfacet
  facet normal 0 0 -1
    outer loop
      vertex -9.50882 -49.9659 2.5
      vertex -9.50882 -48.0341 2.5
      vertex -9.25 -48 2.5
    endloop
  endfacet
  facet normal 0 0 -1
    outer loop
      vertex -9.75 -49.866 2.5
      vertex -9.50882 -48.0341 2.5
      vertex -9.50882 -49.9659 2.5
    endloop
  endfacet
  facet normal 0 0 -1
    outer loop
      vertex -9.75 -49.866 2.5
      vertex -9.75 -48.134 2.5
      vertex -9.50882 -48.0341 2.5
    endloop
  endfacet
  facet normal 0 0 -1
    outer loop
      vertex -9.95711 -49.7071 2.5
      vertex -9.75 -48.134 2.5
      vertex -9.75 -49.866 2.5
    endloop
  endfacet
  facet normal 0 0 -1
    outer loop
      vertex -9.95711 -49.7071 2.5
      vertex -9.95711 -48.2929 2.5
      vertex -9.75 -48.134 2.5
    endloop
  endfacet
  facet normal 0 0 -1
    outer loop
      vertex -10.116 -49.5 2.5
      vertex -9.95711 -48.2929 2.5
      vertex -9.95711 -49.7071 2.5
    endloop
  endfacet
  facet normal 0 0 -1
    outer loop
      vertex -10.116 -49.5 2.5
      vertex -10.116 -48.5 2.5
      vertex -9.95711 -48.2929 2.5
    endloop
  endfacet
  facet normal 0 0 -1
    outer loop
      vertex -10.2159 -49.2588 2.5
      vertex -10.116 -48.5 2.5
      vertex -10.116 -49.5 2.5
    endloop
  endfacet
  facet normal 0 0 -1
    outer loop
      vertex -10.2159 -49.2588 2.5
      vertex -10.2159 -48.7412 2.5
      vertex -10.116 -48.5 2.5
    endloop
  endfacet
  facet normal 0 -0 -1
    outer loop
      vertex -10.2159 -48.7412 2.5
      vertex -10.2159 -49.2588 2.5
      vertex -10.25 -49 2.5
    endloop
  endfacet
  facet normal 0.382683 0.92388 -0
    outer loop
      vertex -9.50882 -49.9659 0
      vertex -9.75 -49.866 2.5
      vertex -9.50882 -49.9659 2.5
    endloop
  endfacet
  facet normal 0.382683 0.92388 0
    outer loop
      vertex -9.75 -49.866 2.5
      vertex -9.50882 -49.9659 0
      vertex -9.75 -49.866 0
    endloop
  endfacet
  facet normal -0.130623 -0.991432 0
    outer loop
      vertex -9.25 -48 0
      vertex -8.99118 -48.0341 2.5
      vertex -9.25 -48 2.5
    endloop
  endfacet
  facet normal -0.130623 -0.991432 -0
    outer loop
      vertex -8.99118 -48.0341 2.5
      vertex -9.25 -48 0
      vertex -8.99118 -48.0341 0
    endloop
  endfacet
  facet normal 0.382683 -0.92388 0
    outer loop
      vertex -9.75 -48.134 0
      vertex -9.50882 -48.0341 2.5
      vertex -9.75 -48.134 2.5
    endloop
  endfacet
  facet normal 0.382683 -0.92388 0
    outer loop
      vertex -9.50882 -48.0341 2.5
      vertex -9.75 -48.134 0
      vertex -9.50882 -48.0341 0
    endloop
  endfacet
  facet normal 0.608711 -0.793392 0
    outer loop
      vertex -9.95711 -48.2929 0
      vertex -9.75 -48.134 2.5
      vertex -9.95711 -48.2929 2.5
    endloop
  endfacet
  facet normal 0.608711 -0.793392 0
    outer loop
      vertex -9.75 -48.134 2.5
      vertex -9.95711 -48.2929 0
      vertex -9.75 -48.134 0
    endloop
  endfacet
  facet normal -0.79336 0.608753 0
    outer loop
      vertex -8.54289 -49.7071 0
      vertex -8.38398 -49.5 2.5
      vertex -8.38398 -49.5 0
    endloop
  endfacet
  facet normal -0.79336 0.608753 0
    outer loop
      vertex -8.38398 -49.5 2.5
      vertex -8.54289 -49.7071 0
      vertex -8.54289 -49.7071 2.5
    endloop
  endfacet
  facet normal 0.608711 0.793392 -0
    outer loop
      vertex -9.75 -49.866 0
      vertex -9.95711 -49.7071 2.5
      vertex -9.75 -49.866 2.5
    endloop
  endfacet
  facet normal 0.608711 0.793392 0
    outer loop
      vertex -9.95711 -49.7071 2.5
      vertex -9.75 -49.866 0
      vertex -9.95711 -49.7071 0
    endloop
  endfacet
  facet normal 0.793397 0.608705 0
    outer loop
      vertex -9.95711 -49.7071 2.5
      vertex -10.116 -49.5 0
      vertex -10.116 -49.5 2.5
    endloop
  endfacet
  facet normal 0.793397 0.608705 0
    outer loop
      vertex -10.116 -49.5 0
      vertex -9.95711 -49.7071 2.5
      vertex -9.95711 -49.7071 0
    endloop
  endfacet
  facet normal -0.79336 -0.608753 0
    outer loop
      vertex -8.38398 -48.5 0
      vertex -8.54289 -48.2929 2.5
      vertex -8.54289 -48.2929 0
    endloop
  endfacet
  facet normal -0.79336 -0.608753 0
    outer loop
      vertex -8.54289 -48.2929 2.5
      vertex -8.38398 -48.5 0
      vertex -8.38398 -48.5 2.5
    endloop
  endfacet
  facet normal -0.923877 -0.382689 0
    outer loop
      vertex -8.28407 -48.7412 0
      vertex -8.38398 -48.5 2.5
      vertex -8.38398 -48.5 0
    endloop
  endfacet
  facet normal -0.923877 -0.382689 0
    outer loop
      vertex -8.38398 -48.5 2.5
      vertex -8.28407 -48.7412 0
      vertex -8.28407 -48.7412 2.5
    endloop
  endfacet
  facet normal -0.382683 -0.92388 0
    outer loop
      vertex -8.99118 -48.0341 0
      vertex -8.75 -48.134 2.5
      vertex -8.99118 -48.0341 2.5
    endloop
  endfacet
  facet normal -0.382683 -0.92388 -0
    outer loop
      vertex -8.75 -48.134 2.5
      vertex -8.99118 -48.0341 0
      vertex -8.75 -48.134 0
    endloop
  endfacet
  facet normal -0.608711 -0.793392 0
    outer loop
      vertex -8.75 -48.134 0
      vertex -8.54289 -48.2929 2.5
      vertex -8.75 -48.134 2.5
    endloop
  endfacet
  facet normal -0.608711 -0.793392 -0
    outer loop
      vertex -8.54289 -48.2929 2.5
      vertex -8.75 -48.134 0
      vertex -8.54289 -48.2929 0
    endloop
  endfacet
  facet normal 0.130623 -0.991432 0
    outer loop
      vertex -9.50882 -48.0341 0
      vertex -9.25 -48 2.5
      vertex -9.50882 -48.0341 2.5
    endloop
  endfacet
  facet normal 0.130623 -0.991432 0
    outer loop
      vertex -9.25 -48 2.5
      vertex -9.50882 -48.0341 0
      vertex -9.25 -48 0
    endloop
  endfacet
  facet normal 0.923891 -0.382656 0
    outer loop
      vertex -10.2159 -48.7412 2.5
      vertex -10.116 -48.5 0
      vertex -10.116 -48.5 2.5
    endloop
  endfacet
  facet normal 0.923891 -0.382656 0
    outer loop
      vertex -10.116 -48.5 0
      vertex -10.2159 -48.7412 2.5
      vertex -10.2159 -48.7412 0
    endloop
  endfacet
  facet normal 0.793397 -0.608705 0
    outer loop
      vertex -10.116 -48.5 2.5
      vertex -9.95711 -48.2929 0
      vertex -9.95711 -48.2929 2.5
    endloop
  endfacet
  facet normal 0.793397 -0.608705 0
    outer loop
      vertex -9.95711 -48.2929 0
      vertex -10.116 -48.5 2.5
      vertex -10.116 -48.5 0
    endloop
  endfacet
  facet normal -0.991446 0.13052 0
    outer loop
      vertex -8.28407 -64.2588 0
      vertex -8.25 -64 2.5
      vertex -8.25 -64 0
    endloop
  endfacet
  facet normal -0.991446 0.13052 0
    outer loop
      vertex -8.25 -64 2.5
      vertex -8.28407 -64.2588 0
      vertex -8.28407 -64.2588 2.5
    endloop
  endfacet
  facet normal 0.991431 -0.130633 0
    outer loop
      vertex -10.25 -64 2.5
      vertex -10.2159 -63.7412 0
      vertex -10.2159 -63.7412 2.5
    endloop
  endfacet
  facet normal 0.991431 -0.130633 0
    outer loop
      vertex -10.2159 -63.7412 0
      vertex -10.25 -64 2.5
      vertex -10.25 -64 0
    endloop
  endfacet
  facet normal 0.130623 0.991432 -0
    outer loop
      vertex -9.25 -65 0
      vertex -9.50882 -64.9659 2.5
      vertex -9.25 -65 2.5
    endloop
  endfacet
  facet normal 0.130623 0.991432 0
    outer loop
      vertex -9.50882 -64.9659 2.5
      vertex -9.25 -65 0
      vertex -9.50882 -64.9659 0
    endloop
  endfacet
  facet normal -0.382683 0.92388 0
    outer loop
      vertex -8.75 -64.866 0
      vertex -8.99118 -64.9659 2.5
      vertex -8.75 -64.866 2.5
    endloop
  endfacet
  facet normal -0.382683 0.92388 0
    outer loop
      vertex -8.99118 -64.9659 2.5
      vertex -8.75 -64.866 0
      vertex -8.99118 -64.9659 0
    endloop
  endfacet
  facet normal 0.991431 0.130633 0
    outer loop
      vertex -10.2159 -64.2588 2.5
      vertex -10.25 -64 0
      vertex -10.25 -64 2.5
    endloop
  endfacet
  facet normal 0.991431 0.130633 0
    outer loop
      vertex -10.25 -64 0
      vertex -10.2159 -64.2588 2.5
      vertex -10.2159 -64.2588 0
    endloop
  endfacet
  facet normal -0.991446 -0.13052 0
    outer loop
      vertex -8.25 -64 0
      vertex -8.28407 -63.7412 2.5
      vertex -8.28407 -63.7412 0
    endloop
  endfacet
  facet normal -0.991446 -0.13052 0
    outer loop
      vertex -8.28407 -63.7412 2.5
      vertex -8.25 -64 0
      vertex -8.25 -64 2.5
    endloop
  endfacet
  facet normal 0.382683 -0.92388 0
    outer loop
      vertex -9.75 -63.134 0
      vertex -9.50882 -63.0341 2.5
      vertex -9.75 -63.134 2.5
    endloop
  endfacet
  facet normal 0.382683 -0.92388 0
    outer loop
      vertex -9.50882 -63.0341 2.5
      vertex -9.75 -63.134 0
      vertex -9.50882 -63.0341 0
    endloop
  endfacet
  facet normal -0.923877 0.382689 0
    outer loop
      vertex -8.38398 -64.5 0
      vertex -8.28407 -64.2588 2.5
      vertex -8.28407 -64.2588 0
    endloop
  endfacet
  facet normal -0.923877 0.382689 0
    outer loop
      vertex -8.28407 -64.2588 2.5
      vertex -8.38398 -64.5 0
      vertex -8.38398 -64.5 2.5
    endloop
  endfacet
  facet normal -0.608711 0.793392 0
    outer loop
      vertex -8.54289 -64.7071 0
      vertex -8.75 -64.866 2.5
      vertex -8.54289 -64.7071 2.5
    endloop
  endfacet
  facet normal -0.608711 0.793392 0
    outer loop
      vertex -8.75 -64.866 2.5
      vertex -8.54289 -64.7071 0
      vertex -8.75 -64.866 0
    endloop
  endfacet
  facet normal -0.130623 0.991432 0
    outer loop
      vertex -8.99118 -64.9659 0
      vertex -9.25 -65 2.5
      vertex -8.99118 -64.9659 2.5
    endloop
  endfacet
  facet normal -0.130623 0.991432 0
    outer loop
      vertex -9.25 -65 2.5
      vertex -8.99118 -64.9659 0
      vertex -9.25 -65 0
    endloop
  endfacet
  facet normal 0.923891 0.382656 0
    outer loop
      vertex -10.116 -64.5 2.5
      vertex -10.2159 -64.2588 0
      vertex -10.2159 -64.2588 2.5
    endloop
  endfacet
  facet normal 0.923891 0.382656 0
    outer loop
      vertex -10.2159 -64.2588 0
      vertex -10.116 -64.5 2.5
      vertex -10.116 -64.5 0
    endloop
  endfacet
  facet normal 0 0 -1
    outer loop
      vertex -8.28407 -64.2588 2.5
      vertex -8.28407 -63.7412 2.5
      vertex -8.25 -64 2.5
    endloop
  endfacet
  facet normal 0 0 -1
    outer loop
      vertex -8.38398 -64.5 2.5
      vertex -8.28407 -63.7412 2.5
      vertex -8.28407 -64.2588 2.5
    endloop
  endfacet
  facet normal 0 0 -1
    outer loop
      vertex -8.38398 -64.5 2.5
      vertex -8.38398 -63.5 2.5
      vertex -8.28407 -63.7412 2.5
    endloop
  endfacet
  facet normal 0 0 -1
    outer loop
      vertex -8.54289 -64.7071 2.5
      vertex -8.38398 -63.5 2.5
      vertex -8.38398 -64.5 2.5
    endloop
  endfacet
  facet normal 0 0 -1
    outer loop
      vertex -8.54289 -64.7071 2.5
      vertex -8.54289 -63.2929 2.5
      vertex -8.38398 -63.5 2.5
    endloop
  endfacet
  facet normal 0 0 -1
    outer loop
      vertex -8.75 -64.866 2.5
      vertex -8.54289 -63.2929 2.5
      vertex -8.54289 -64.7071 2.5
    endloop
  endfacet
  facet normal 0 0 -1
    outer loop
      vertex -8.75 -64.866 2.5
      vertex -8.75 -63.134 2.5
      vertex -8.54289 -63.2929 2.5
    endloop
  endfacet
  facet normal 0 0 -1
    outer loop
      vertex -8.99118 -64.9659 2.5
      vertex -8.75 -63.134 2.5
      vertex -8.75 -64.866 2.5
    endloop
  endfacet
  facet normal 0 0 -1
    outer loop
      vertex -8.99118 -64.9659 2.5
      vertex -8.99118 -63.0341 2.5
      vertex -8.75 -63.134 2.5
    endloop
  endfacet
  facet normal 0 0 -1
    outer loop
      vertex -9.25 -65 2.5
      vertex -8.99118 -63.0341 2.5
      vertex -8.99118 -64.9659 2.5
    endloop
  endfacet
  facet normal 0 0 -1
    outer loop
      vertex -9.25 -65 2.5
      vertex -9.25 -63 2.5
      vertex -8.99118 -63.0341 2.5
    endloop
  endfacet
  facet normal 0 0 -1
    outer loop
      vertex -9.50882 -64.9659 2.5
      vertex -9.25 -63 2.5
      vertex -9.25 -65 2.5
    endloop
  endfacet
  facet normal 0 0 -1
    outer loop
      vertex -9.50882 -64.9659 2.5
      vertex -9.50882 -63.0341 2.5
      vertex -9.25 -63 2.5
    endloop
  endfacet
  facet normal 0 0 -1
    outer loop
      vertex -9.75 -64.866 2.5
      vertex -9.50882 -63.0341 2.5
      vertex -9.50882 -64.9659 2.5
    endloop
  endfacet
  facet normal 0 0 -1
    outer loop
      vertex -9.75 -64.866 2.5
      vertex -9.75 -63.134 2.5
      vertex -9.50882 -63.0341 2.5
    endloop
  endfacet
  facet normal 0 0 -1
    outer loop
      vertex -9.95711 -64.7071 2.5
      vertex -9.75 -63.134 2.5
      vertex -9.75 -64.866 2.5
    endloop
  endfacet
  facet normal 0 0 -1
    outer loop
      vertex -9.95711 -64.7071 2.5
      vertex -9.95711 -63.2929 2.5
      vertex -9.75 -63.134 2.5
    endloop
  endfacet
  facet normal 0 0 -1
    outer loop
      vertex -10.116 -64.5 2.5
      vertex -9.95711 -63.2929 2.5
      vertex -9.95711 -64.7071 2.5
    endloop
  endfacet
  facet normal 0 0 -1
    outer loop
      vertex -10.116 -64.5 2.5
      vertex -10.116 -63.5 2.5
      vertex -9.95711 -63.2929 2.5
    endloop
  endfacet
  facet normal 0 0 -1
    outer loop
      vertex -10.2159 -64.2588 2.5
      vertex -10.116 -63.5 2.5
      vertex -10.116 -64.5 2.5
    endloop
  endfacet
  facet normal 0 0 -1
    outer loop
      vertex -10.2159 -64.2588 2.5
      vertex -10.2159 -63.7412 2.5
      vertex -10.116 -63.5 2.5
    endloop
  endfacet
  facet normal 0 -0 -1
    outer loop
      vertex -10.2159 -63.7412 2.5
      vertex -10.2159 -64.2588 2.5
      vertex -10.25 -64 2.5
    endloop
  endfacet
  facet normal 0.382683 0.92388 -0
    outer loop
      vertex -9.50882 -64.9659 0
      vertex -9.75 -64.866 2.5
      vertex -9.50882 -64.9659 2.5
    endloop
  endfacet
  facet normal 0.382683 0.92388 0
    outer loop
      vertex -9.75 -64.866 2.5
      vertex -9.50882 -64.9659 0
      vertex -9.75 -64.866 0
    endloop
  endfacet
  facet normal -0.130623 -0.991432 0
    outer loop
      vertex -9.25 -63 0
      vertex -8.99118 -63.0341 2.5
      vertex -9.25 -63 2.5
    endloop
  endfacet
  facet normal -0.130623 -0.991432 -0
    outer loop
      vertex -8.99118 -63.0341 2.5
      vertex -9.25 -63 0
      vertex -8.99118 -63.0341 0
    endloop
  endfacet
  facet normal 0.608711 -0.793392 0
    outer loop
      vertex -9.95711 -63.2929 0
      vertex -9.75 -63.134 2.5
      vertex -9.95711 -63.2929 2.5
    endloop
  endfacet
  facet normal 0.608711 -0.793392 0
    outer loop
      vertex -9.75 -63.134 2.5
      vertex -9.95711 -63.2929 0
      vertex -9.75 -63.134 0
    endloop
  endfacet
  facet normal -0.79336 0.608753 0
    outer loop
      vertex -8.54289 -64.7071 0
      vertex -8.38398 -64.5 2.5
      vertex -8.38398 -64.5 0
    endloop
  endfacet
  facet normal -0.79336 0.608753 0
    outer loop
      vertex -8.38398 -64.5 2.5
      vertex -8.54289 -64.7071 0
      vertex -8.54289 -64.7071 2.5
    endloop
  endfacet
  facet normal 0.608711 0.793392 -0
    outer loop
      vertex -9.75 -64.866 0
      vertex -9.95711 -64.7071 2.5
      vertex -9.75 -64.866 2.5
    endloop
  endfacet
  facet normal 0.608711 0.793392 0
    outer loop
      vertex -9.95711 -64.7071 2.5
      vertex -9.75 -64.866 0
      vertex -9.95711 -64.7071 0
    endloop
  endfacet
  facet normal 0.793397 0.608705 0
    outer loop
      vertex -9.95711 -64.7071 2.5
      vertex -10.116 -64.5 0
      vertex -10.116 -64.5 2.5
    endloop
  endfacet
  facet normal 0.793397 0.608705 0
    outer loop
      vertex -10.116 -64.5 0
      vertex -9.95711 -64.7071 2.5
      vertex -9.95711 -64.7071 0
    endloop
  endfacet
  facet normal -0.79336 -0.608753 0
    outer loop
      vertex -8.38398 -63.5 0
      vertex -8.54289 -63.2929 2.5
      vertex -8.54289 -63.2929 0
    endloop
  endfacet
  facet normal -0.79336 -0.608753 0
    outer loop
      vertex -8.54289 -63.2929 2.5
      vertex -8.38398 -63.5 0
      vertex -8.38398 -63.5 2.5
    endloop
  endfacet
  facet normal -0.923877 -0.382689 0
    outer loop
      vertex -8.28407 -63.7412 0
      vertex -8.38398 -63.5 2.5
      vertex -8.38398 -63.5 0
    endloop
  endfacet
  facet normal -0.923877 -0.382689 0
    outer loop
      vertex -8.38398 -63.5 2.5
      vertex -8.28407 -63.7412 0
      vertex -8.28407 -63.7412 2.5
    endloop
  endfacet
  facet normal -0.382683 -0.92388 0
    outer loop
      vertex -8.99118 -63.0341 0
      vertex -8.75 -63.134 2.5
      vertex -8.99118 -63.0341 2.5
    endloop
  endfacet
  facet normal -0.382683 -0.92388 -0
    outer loop
      vertex -8.75 -63.134 2.5
      vertex -8.99118 -63.0341 0
      vertex -8.75 -63.134 0
    endloop
  endfacet
  facet normal -0.608711 -0.793392 0
    outer loop
      vertex -8.75 -63.134 0
      vertex -8.54289 -63.2929 2.5
      vertex -8.75 -63.134 2.5
    endloop
  endfacet
  facet normal -0.608711 -0.793392 -0
    outer loop
      vertex -8.54289 -63.2929 2.5
      vertex -8.75 -63.134 0
      vertex -8.54289 -63.2929 0
    endloop
  endfacet
  facet normal 0.130623 -0.991432 0
    outer loop
      vertex -9.50882 -63.0341 0
      vertex -9.25 -63 2.5
      vertex -9.50882 -63.0341 2.5
    endloop
  endfacet
  facet normal 0.130623 -0.991432 0
    outer loop
      vertex -9.25 -63 2.5
      vertex -9.50882 -63.0341 0
      vertex -9.25 -63 0
    endloop
  endfacet
  facet normal 0.923891 -0.382656 0
    outer loop
      vertex -10.2159 -63.7412 2.5
      vertex -10.116 -63.5 0
      vertex -10.116 -63.5 2.5
    endloop
  endfacet
  facet normal 0.923891 -0.382656 0
    outer loop
      vertex -10.116 -63.5 0
      vertex -10.2159 -63.7412 2.5
      vertex -10.2159 -63.7412 0
    endloop
  endfacet
  facet normal 0.793397 -0.608705 0
    outer loop
      vertex -10.116 -63.5 2.5
      vertex -9.95711 -63.2929 0
      vertex -9.95711 -63.2929 2.5
    endloop
  endfacet
  facet normal 0.793397 -0.608705 0
    outer loop
      vertex -9.95711 -63.2929 0
      vertex -10.116 -63.5 2.5
      vertex -10.116 -63.5 0
    endloop
  endfacet
  facet normal -0.991446 0.13052 0
    outer loop
      vertex -8.28407 -79.2588 0
      vertex -8.25 -79 2.5
      vertex -8.25 -79 0
    endloop
  endfacet
  facet normal -0.991446 0.13052 0
    outer loop
      vertex -8.25 -79 2.5
      vertex -8.28407 -79.2588 0
      vertex -8.28407 -79.2588 2.5
    endloop
  endfacet
  facet normal 0.991431 -0.130633 0
    outer loop
      vertex -10.25 -79 2.5
      vertex -10.2159 -78.7412 0
      vertex -10.2159 -78.7412 2.5
    endloop
  endfacet
  facet normal 0.991431 -0.130633 0
    outer loop
      vertex -10.2159 -78.7412 0
      vertex -10.25 -79 2.5
      vertex -10.25 -79 0
    endloop
  endfacet
  facet normal 0.130623 0.991432 -0
    outer loop
      vertex -9.25 -80 0
      vertex -9.50882 -79.9659 2.5
      vertex -9.25 -80 2.5
    endloop
  endfacet
  facet normal 0.130623 0.991432 0
    outer loop
      vertex -9.50882 -79.9659 2.5
      vertex -9.25 -80 0
      vertex -9.50882 -79.9659 0
    endloop
  endfacet
  facet normal -0.382683 0.92388 0
    outer loop
      vertex -8.75 -79.866 0
      vertex -8.99118 -79.9659 2.5
      vertex -8.75 -79.866 2.5
    endloop
  endfacet
  facet normal -0.382683 0.92388 0
    outer loop
      vertex -8.99118 -79.9659 2.5
      vertex -8.75 -79.866 0
      vertex -8.99118 -79.9659 0
    endloop
  endfacet
  facet normal 0.991431 0.130633 0
    outer loop
      vertex -10.2159 -79.2588 2.5
      vertex -10.25 -79 0
      vertex -10.25 -79 2.5
    endloop
  endfacet
  facet normal 0.991431 0.130633 0
    outer loop
      vertex -10.25 -79 0
      vertex -10.2159 -79.2588 2.5
      vertex -10.2159 -79.2588 0
    endloop
  endfacet
  facet normal -0.991446 -0.13052 0
    outer loop
      vertex -8.25 -79 0
      vertex -8.28407 -78.7412 2.5
      vertex -8.28407 -78.7412 0
    endloop
  endfacet
  facet normal -0.991446 -0.13052 0
    outer loop
      vertex -8.28407 -78.7412 2.5
      vertex -8.25 -79 0
      vertex -8.25 -79 2.5
    endloop
  endfacet
  facet normal 0.382683 -0.92388 0
    outer loop
      vertex -9.75 -78.134 0
      vertex -9.50882 -78.0341 2.5
      vertex -9.75 -78.134 2.5
    endloop
  endfacet
  facet normal 0.382683 -0.92388 0
    outer loop
      vertex -9.50882 -78.0341 2.5
      vertex -9.75 -78.134 0
      vertex -9.50882 -78.0341 0
    endloop
  endfacet
  facet normal -0.923877 0.382689 0
    outer loop
      vertex -8.38398 -79.5 0
      vertex -8.28407 -79.2588 2.5
      vertex -8.28407 -79.2588 0
    endloop
  endfacet
  facet normal -0.923877 0.382689 0
    outer loop
      vertex -8.28407 -79.2588 2.5
      vertex -8.38398 -79.5 0
      vertex -8.38398 -79.5 2.5
    endloop
  endfacet
  facet normal -0.608711 0.793392 0
    outer loop
      vertex -8.54289 -79.7071 0
      vertex -8.75 -79.866 2.5
      vertex -8.54289 -79.7071 2.5
    endloop
  endfacet
  facet normal -0.608711 0.793392 0
    outer loop
      vertex -8.75 -79.866 2.5
      vertex -8.54289 -79.7071 0
      vertex -8.75 -79.866 0
    endloop
  endfacet
  facet normal -0.130623 0.991432 0
    outer loop
      vertex -8.99118 -79.9659 0
      vertex -9.25 -80 2.5
      vertex -8.99118 -79.9659 2.5
    endloop
  endfacet
  facet normal -0.130623 0.991432 0
    outer loop
      vertex -9.25 -80 2.5
      vertex -8.99118 -79.9659 0
      vertex -9.25 -80 0
    endloop
  endfacet
  facet normal 0.923891 0.382656 0
    outer loop
      vertex -10.116 -79.5 2.5
      vertex -10.2159 -79.2588 0
      vertex -10.2159 -79.2588 2.5
    endloop
  endfacet
  facet normal 0.923891 0.382656 0
    outer loop
      vertex -10.2159 -79.2588 0
      vertex -10.116 -79.5 2.5
      vertex -10.116 -79.5 0
    endloop
  endfacet
  facet normal 0 0 -1
    outer loop
      vertex -8.28407 -79.2588 2.5
      vertex -8.28407 -78.7412 2.5
      vertex -8.25 -79 2.5
    endloop
  endfacet
  facet normal 0 0 -1
    outer loop
      vertex -8.38398 -79.5 2.5
      vertex -8.28407 -78.7412 2.5
      vertex -8.28407 -79.2588 2.5
    endloop
  endfacet
  facet normal 0 0 -1
    outer loop
      vertex -8.38398 -79.5 2.5
      vertex -8.38398 -78.5 2.5
      vertex -8.28407 -78.7412 2.5
    endloop
  endfacet
  facet normal 0 0 -1
    outer loop
      vertex -8.54289 -79.7071 2.5
      vertex -8.38398 -78.5 2.5
      vertex -8.38398 -79.5 2.5
    endloop
  endfacet
  facet normal 0 0 -1
    outer loop
      vertex -8.54289 -79.7071 2.5
      vertex -8.54289 -78.2929 2.5
      vertex -8.38398 -78.5 2.5
    endloop
  endfacet
  facet normal 0 0 -1
    outer loop
      vertex -8.75 -79.866 2.5
      vertex -8.54289 -78.2929 2.5
      vertex -8.54289 -79.7071 2.5
    endloop
  endfacet
  facet normal 0 0 -1
    outer loop
      vertex -8.75 -79.866 2.5
      vertex -8.75 -78.134 2.5
      vertex -8.54289 -78.2929 2.5
    endloop
  endfacet
  facet normal 0 0 -1
    outer loop
      vertex -8.99118 -79.9659 2.5
      vertex -8.75 -78.134 2.5
      vertex -8.75 -79.866 2.5
    endloop
  endfacet
  facet normal 0 0 -1
    outer loop
      vertex -8.99118 -79.9659 2.5
      vertex -8.99118 -78.0341 2.5
      vertex -8.75 -78.134 2.5
    endloop
  endfacet
  facet normal 0 0 -1
    outer loop
      vertex -9.25 -80 2.5
      vertex -8.99118 -78.0341 2.5
      vertex -8.99118 -79.9659 2.5
    endloop
  endfacet
  facet normal 0 0 -1
    outer loop
      vertex -9.25 -80 2.5
      vertex -9.25 -78 2.5
      vertex -8.99118 -78.0341 2.5
    endloop
  endfacet
  facet normal 0 0 -1
    outer loop
      vertex -9.50882 -79.9659 2.5
      vertex -9.25 -78 2.5
      vertex -9.25 -80 2.5
    endloop
  endfacet
  facet normal 0 0 -1
    outer loop
      vertex -9.50882 -79.9659 2.5
      vertex -9.50882 -78.0341 2.5
      vertex -9.25 -78 2.5
    endloop
  endfacet
  facet normal 0 0 -1
    outer loop
      vertex -9.75 -79.866 2.5
      vertex -9.50882 -78.0341 2.5
      vertex -9.50882 -79.9659 2.5
    endloop
  endfacet
  facet normal 0 0 -1
    outer loop
      vertex -9.75 -79.866 2.5
      vertex -9.75 -78.134 2.5
      vertex -9.50882 -78.0341 2.5
    endloop
  endfacet
  facet normal 0 0 -1
    outer loop
      vertex -9.95711 -79.7071 2.5
      vertex -9.75 -78.134 2.5
      vertex -9.75 -79.866 2.5
    endloop
  endfacet
  facet normal 0 0 -1
    outer loop
      vertex -9.95711 -79.7071 2.5
      vertex -9.95711 -78.2929 2.5
      vertex -9.75 -78.134 2.5
    endloop
  endfacet
  facet normal 0 0 -1
    outer loop
      vertex -10.116 -79.5 2.5
      vertex -9.95711 -78.2929 2.5
      vertex -9.95711 -79.7071 2.5
    endloop
  endfacet
  facet normal 0 0 -1
    outer loop
      vertex -10.116 -79.5 2.5
      vertex -10.116 -78.5 2.5
      vertex -9.95711 -78.2929 2.5
    endloop
  endfacet
  facet normal 0 0 -1
    outer loop
      vertex -10.2159 -79.2588 2.5
      vertex -10.116 -78.5 2.5
      vertex -10.116 -79.5 2.5
    endloop
  endfacet
  facet normal 0 0 -1
    outer loop
      vertex -10.2159 -79.2588 2.5
      vertex -10.2159 -78.7412 2.5
      vertex -10.116 -78.5 2.5
    endloop
  endfacet
  facet normal 0 -0 -1
    outer loop
      vertex -10.2159 -78.7412 2.5
      vertex -10.2159 -79.2588 2.5
      vertex -10.25 -79 2.5
    endloop
  endfacet
  facet normal 0.382683 0.92388 -0
    outer loop
      vertex -9.50882 -79.9659 0
      vertex -9.75 -79.866 2.5
      vertex -9.50882 -79.9659 2.5
    endloop
  endfacet
  facet normal 0.382683 0.92388 0
    outer loop
      vertex -9.75 -79.866 2.5
      vertex -9.50882 -79.9659 0
      vertex -9.75 -79.866 0
    endloop
  endfacet
  facet normal -0.130623 -0.991432 0
    outer loop
      vertex -9.25 -78 0
      vertex -8.99118 -78.0341 2.5
      vertex -9.25 -78 2.5
    endloop
  endfacet
  facet normal -0.130623 -0.991432 -0
    outer loop
      vertex -8.99118 -78.0341 2.5
      vertex -9.25 -78 0
      vertex -8.99118 -78.0341 0
    endloop
  endfacet
  facet normal 0.608711 -0.793392 0
    outer loop
      vertex -9.95711 -78.2929 0
      vertex -9.75 -78.134 2.5
      vertex -9.95711 -78.2929 2.5
    endloop
  endfacet
  facet normal 0.608711 -0.793392 0
    outer loop
      vertex -9.75 -78.134 2.5
      vertex -9.95711 -78.2929 0
      vertex -9.75 -78.134 0
    endloop
  endfacet
  facet normal -0.79336 0.608753 0
    outer loop
      vertex -8.54289 -79.7071 0
      vertex -8.38398 -79.5 2.5
      vertex -8.38398 -79.5 0
    endloop
  endfacet
  facet normal -0.79336 0.608753 0
    outer loop
      vertex -8.38398 -79.5 2.5
      vertex -8.54289 -79.7071 0
      vertex -8.54289 -79.7071 2.5
    endloop
  endfacet
  facet normal 0.608711 0.793392 -0
    outer loop
      vertex -9.75 -79.866 0
      vertex -9.95711 -79.7071 2.5
      vertex -9.75 -79.866 2.5
    endloop
  endfacet
  facet normal 0.608711 0.793392 0
    outer loop
      vertex -9.95711 -79.7071 2.5
      vertex -9.75 -79.866 0
      vertex -9.95711 -79.7071 0
    endloop
  endfacet
  facet normal 0.793397 0.608705 0
    outer loop
      vertex -9.95711 -79.7071 2.5
      vertex -10.116 -79.5 0
      vertex -10.116 -79.5 2.5
    endloop
  endfacet
  facet normal 0.793397 0.608705 0
    outer loop
      vertex -10.116 -79.5 0
      vertex -9.95711 -79.7071 2.5
      vertex -9.95711 -79.7071 0
    endloop
  endfacet
  facet normal -0.79336 -0.608753 0
    outer loop
      vertex -8.38398 -78.5 0
      vertex -8.54289 -78.2929 2.5
      vertex -8.54289 -78.2929 0
    endloop
  endfacet
  facet normal -0.79336 -0.608753 0
    outer loop
      vertex -8.54289 -78.2929 2.5
      vertex -8.38398 -78.5 0
      vertex -8.38398 -78.5 2.5
    endloop
  endfacet
  facet normal -0.923877 -0.382689 0
    outer loop
      vertex -8.28407 -78.7412 0
      vertex -8.38398 -78.5 2.5
      vertex -8.38398 -78.5 0
    endloop
  endfacet
  facet normal -0.923877 -0.382689 0
    outer loop
      vertex -8.38398 -78.5 2.5
      vertex -8.28407 -78.7412 0
      vertex -8.28407 -78.7412 2.5
    endloop
  endfacet
  facet normal -0.382683 -0.92388 0
    outer loop
      vertex -8.99118 -78.0341 0
      vertex -8.75 -78.134 2.5
      vertex -8.99118 -78.0341 2.5
    endloop
  endfacet
  facet normal -0.382683 -0.92388 -0
    outer loop
      vertex -8.75 -78.134 2.5
      vertex -8.99118 -78.0341 0
      vertex -8.75 -78.134 0
    endloop
  endfacet
  facet normal -0.608711 -0.793392 0
    outer loop
      vertex -8.75 -78.134 0
      vertex -8.54289 -78.2929 2.5
      vertex -8.75 -78.134 2.5
    endloop
  endfacet
  facet normal -0.608711 -0.793392 -0
    outer loop
      vertex -8.54289 -78.2929 2.5
      vertex -8.75 -78.134 0
      vertex -8.54289 -78.2929 0
    endloop
  endfacet
  facet normal 0.130623 -0.991432 0
    outer loop
      vertex -9.50882 -78.0341 0
      vertex -9.25 -78 2.5
      vertex -9.50882 -78.0341 2.5
    endloop
  endfacet
  facet normal 0.130623 -0.991432 0
    outer loop
      vertex -9.25 -78 2.5
      vertex -9.50882 -78.0341 0
      vertex -9.25 -78 0
    endloop
  endfacet
  facet normal 0.923891 -0.382656 0
    outer loop
      vertex -10.2159 -78.7412 2.5
      vertex -10.116 -78.5 0
      vertex -10.116 -78.5 2.5
    endloop
  endfacet
  facet normal 0.923891 -0.382656 0
    outer loop
      vertex -10.116 -78.5 0
      vertex -10.2159 -78.7412 2.5
      vertex -10.2159 -78.7412 0
    endloop
  endfacet
  facet normal 0.793397 -0.608705 0
    outer loop
      vertex -10.116 -78.5 2.5
      vertex -9.95711 -78.2929 0
      vertex -9.95711 -78.2929 2.5
    endloop
  endfacet
  facet normal 0.793397 -0.608705 0
    outer loop
      vertex -9.95711 -78.2929 0
      vertex -10.116 -78.5 2.5
      vertex -10.116 -78.5 0
    endloop
  endfacet
  facet normal -0 0 -1
    outer loop
      vertex -10.116 -34.5 0
      vertex -15.5 -46 0
      vertex -10.2159 -34.2588 0
    endloop
  endfacet
  facet normal 0 0 -1
    outer loop
      vertex -10.2159 -34.2588 0
      vertex -15.4859 -28 0
      vertex -15.4659 -27.9857 0
    endloop
  endfacet
  facet normal 0 0 -1
    outer loop
      vertex -15.5 -28 0
      vertex -10.2159 -34.2588 0
      vertex -15.5 -46 0
    endloop
  endfacet
  facet normal 0 0 -1
    outer loop
      vertex -10.2159 -34.2588 0
      vertex -15.5 -28 0
      vertex -15.4859 -28 0
    endloop
  endfacet
  facet normal 0 0 -1
    outer loop
      vertex -8.38398 -18.5 0
      vertex -3.03412 0 0
      vertex -8.28407 -18.7412 0
    endloop
  endfacet
  facet normal 0 0 -1
    outer loop
      vertex -3.03412 0 0
      vertex -8.28407 -4.25882 0
      vertex -8.25 -4 0
    endloop
  endfacet
  facet normal 0 0 -1
    outer loop
      vertex -8.38398 -4.5 0
      vertex -3.03412 0 0
      vertex -8.38398 -18.5 0
    endloop
  endfacet
  facet normal 0 0 -1
    outer loop
      vertex -3.03412 0 0
      vertex -8.38398 -4.5 0
      vertex -8.28407 -4.25882 0
    endloop
  endfacet
  facet normal 0 0 -1
    outer loop
      vertex -8.54289 -18.2929 0
      vertex -8.38398 -4.5 0
      vertex -8.38398 -18.5 0
    endloop
  endfacet
  facet normal 0 0 -1
    outer loop
      vertex -8.54289 -18.2929 0
      vertex -8.54289 -4.70711 0
      vertex -8.38398 -4.5 0
    endloop
  endfacet
  facet normal 0 0 -1
    outer loop
      vertex -8.75 -18.134 0
      vertex -8.54289 -4.70711 0
      vertex -8.54289 -18.2929 0
    endloop
  endfacet
  facet normal 0 0 -1
    outer loop
      vertex -8.75 -18.134 0
      vertex -8.75 -4.86602 0
      vertex -8.54289 -4.70711 0
    endloop
  endfacet
  facet normal 0 0 -1
    outer loop
      vertex -8.99118 -18.0341 0
      vertex -8.75 -4.86602 0
      vertex -8.75 -18.134 0
    endloop
  endfacet
  facet normal 0 0 -1
    outer loop
      vertex -8.99118 -18.0341 0
      vertex -8.99118 -4.96593 0
      vertex -8.75 -4.86602 0
    endloop
  endfacet
  facet normal 0 0 -1
    outer loop
      vertex -9.25 -18 0
      vertex -8.99118 -4.96593 0
      vertex -8.99118 -18.0341 0
    endloop
  endfacet
  facet normal 0 0 -1
    outer loop
      vertex -9.25 -18 0
      vertex -9.25 -5 0
      vertex -8.99118 -4.96593 0
    endloop
  endfacet
  facet normal 0 0 -1
    outer loop
      vertex -9.50882 -18.0341 0
      vertex -9.25 -5 0
      vertex -9.25 -18 0
    endloop
  endfacet
  facet normal 0 0 -1
    outer loop
      vertex -9.50882 -18.0341 0
      vertex -9.50882 -4.96593 0
      vertex -9.25 -5 0
    endloop
  endfacet
  facet normal 0 0 -1
    outer loop
      vertex -9.75 -18.134 0
      vertex -9.50882 -4.96593 0
      vertex -9.50882 -18.0341 0
    endloop
  endfacet
  facet normal 0 0 -1
    outer loop
      vertex -9.75 -18.134 0
      vertex -9.75 -4.86602 0
      vertex -9.50882 -4.96593 0
    endloop
  endfacet
  facet normal 0 0 -1
    outer loop
      vertex -9.95711 -18.2929 0
      vertex -9.75 -4.86602 0
      vertex -9.75 -18.134 0
    endloop
  endfacet
  facet normal 0 0 -1
    outer loop
      vertex -9.95711 -18.2929 0
      vertex -9.95711 -4.70711 0
      vertex -9.75 -4.86602 0
    endloop
  endfacet
  facet normal 0 0 -1
    outer loop
      vertex -10.116 -18.5 0
      vertex -9.95711 -4.70711 0
      vertex -9.95711 -18.2929 0
    endloop
  endfacet
  facet normal 0 0 -1
    outer loop
      vertex -10.116 -18.5 0
      vertex -10.116 -4.5 0
      vertex -9.95711 -4.70711 0
    endloop
  endfacet
  facet normal 0 0 -1
    outer loop
      vertex -15.4659 0 0
      vertex -10.116 -18.5 0
      vertex -10.2159 -18.7412 0
    endloop
  endfacet
  facet normal 0 0 -1
    outer loop
      vertex -10.116 -18.5 0
      vertex -15.4659 0 0
      vertex -10.116 -4.5 0
    endloop
  endfacet
  facet normal 0 0 -1
    outer loop
      vertex -15.4659 -27.9857 0
      vertex -10.2159 -18.7412 0
      vertex -10.25 -19 0
    endloop
  endfacet
  facet normal 0 0 -1
    outer loop
      vertex -10.116 -4.5 0
      vertex -15.4659 0 0
      vertex -10.2159 -4.25882 0
    endloop
  endfacet
  facet normal 0 0 -1
    outer loop
      vertex -8.38398 -33.5 0
      vertex -3.03412 -27.9857 0
      vertex -8.28407 -33.7412 0
    endloop
  endfacet
  facet normal 0 0 -1
    outer loop
      vertex -3.03412 -27.9857 0
      vertex -8.28407 -19.2588 0
      vertex -8.25 -19 0
    endloop
  endfacet
  facet normal 0 0 -1
    outer loop
      vertex -8.54289 -33.2929 0
      vertex -3.03412 -27.9857 0
      vertex -8.38398 -33.5 0
    endloop
  endfacet
  facet normal 0 0 -1
    outer loop
      vertex -3.03412 -27.9857 0
      vertex -8.38398 -19.5 0
      vertex -8.28407 -19.2588 0
    endloop
  endfacet
  facet normal 0 0 -1
    outer loop
      vertex -8.75 -33.134 0
      vertex -3.03412 -27.9857 0
      vertex -8.54289 -33.2929 0
    endloop
  endfacet
  facet normal 0 0 -1
    outer loop
      vertex -3.03412 -27.9857 0
      vertex -8.54289 -19.7071 0
      vertex -8.38398 -19.5 0
    endloop
  endfacet
  facet normal 0 0 -1
    outer loop
      vertex -8.99118 -33.0341 0
      vertex -3.03412 -27.9857 0
      vertex -8.75 -33.134 0
    endloop
  endfacet
  facet normal 0 0 -1
    outer loop
      vertex -3.03412 -27.9857 0
      vertex -8.75 -19.866 0
      vertex -8.54289 -19.7071 0
    endloop
  endfacet
  facet normal 0 0 -1
    outer loop
      vertex -9.25 -33 0
      vertex -3.03412 -27.9857 0
      vertex -8.99118 -33.0341 0
    endloop
  endfacet
  facet normal 0 0 -1
    outer loop
      vertex -3.03412 -27.9857 0
      vertex -8.99118 -19.9659 0
      vertex -8.75 -19.866 0
    endloop
  endfacet
  facet normal 0 0 -1
    outer loop
      vertex -15.4659 -27.9857 0
      vertex -3.03412 -27.9857 0
      vertex -9.25 -33 0
    endloop
  endfacet
  facet normal 0 0 -1
    outer loop
      vertex -3.03412 -27.9857 0
      vertex -9.25 -20 0
      vertex -8.99118 -19.9659 0
    endloop
  endfacet
  facet normal 0 0 -1
    outer loop
      vertex -15.4659 -27.9857 0
      vertex -9.25 -33 0
      vertex -9.50882 -33.0341 0
    endloop
  endfacet
  facet normal 0 0 -1
    outer loop
      vertex -3.03412 -27.9857 0
      vertex -15.4659 -27.9857 0
      vertex -9.25 -20 0
    endloop
  endfacet
  facet normal 0 0 -1
    outer loop
      vertex -15.4659 -27.9857 0
      vertex -9.50882 -33.0341 0
      vertex -9.75 -33.134 0
    endloop
  endfacet
  facet normal -0 0 -1
    outer loop
      vertex -9.25 -20 0
      vertex -15.4659 -27.9857 0
      vertex -9.50882 -19.9659 0
    endloop
  endfacet
  facet normal 0 0 -1
    outer loop
      vertex -15.4659 -27.9857 0
      vertex -9.75 -33.134 0
      vertex -9.95711 -33.2929 0
    endloop
  endfacet
  facet normal -0 0 -1
    outer loop
      vertex -9.50882 -19.9659 0
      vertex -15.4659 -27.9857 0
      vertex -9.75 -19.866 0
    endloop
  endfacet
  facet normal 0 0 -1
    outer loop
      vertex -15.4659 -27.9857 0
      vertex -9.95711 -33.2929 0
      vertex -10.116 -33.5 0
    endloop
  endfacet
  facet normal -0 0 -1
    outer loop
      vertex -9.75 -19.866 0
      vertex -15.4659 -27.9857 0
      vertex -9.95711 -19.7071 0
    endloop
  endfacet
  facet normal 0 0 -1
    outer loop
      vertex -15.4659 -27.9857 0
      vertex -10.116 -33.5 0
      vertex -10.2159 -33.7412 0
    endloop
  endfacet
  facet normal -0 0 -1
    outer loop
      vertex -9.95711 -19.7071 0
      vertex -15.4659 -27.9857 0
      vertex -10.116 -19.5 0
    endloop
  endfacet
  facet normal 0 0 -1
    outer loop
      vertex -15.4659 -27.9857 0
      vertex -10.2159 -33.7412 0
      vertex -10.25 -34 0
    endloop
  endfacet
  facet normal -0 0 -1
    outer loop
      vertex -10.116 -19.5 0
      vertex -15.4659 -27.9857 0
      vertex -10.2159 -19.2588 0
    endloop
  endfacet
  facet normal 0 0 -1
    outer loop
      vertex -8.38398 -48.5 0
      vertex -3.03412 -46.0143 0
      vertex -8.28407 -48.7412 0
    endloop
  endfacet
  facet normal 0 0 -1
    outer loop
      vertex -3.03412 -46.0143 0
      vertex -8.28407 -34.2588 0
      vertex -8.25 -34 0
    endloop
  endfacet
  facet normal 0 0 -1
    outer loop
      vertex -8.54289 -48.2929 0
      vertex -3.03412 -46.0143 0
      vertex -8.38398 -48.5 0
    endloop
  endfacet
  facet normal 0 0 -1
    outer loop
      vertex -3.03412 -46.0143 0
      vertex -8.38398 -34.5 0
      vertex -8.28407 -34.2588 0
    endloop
  endfacet
  facet normal 0 0 -1
    outer loop
      vertex -8.75 -48.134 0
      vertex -3.03412 -46.0143 0
      vertex -8.54289 -48.2929 0
    endloop
  endfacet
  facet normal 0 0 -1
    outer loop
      vertex -3.03412 -46.0143 0
      vertex -8.54289 -34.7071 0
      vertex -8.38398 -34.5 0
    endloop
  endfacet
  facet normal 0 0 -1
    outer loop
      vertex -8.99118 -48.0341 0
      vertex -3.03412 -46.0143 0
      vertex -8.75 -48.134 0
    endloop
  endfacet
  facet normal 0 0 -1
    outer loop
      vertex -3.03412 -46.0143 0
      vertex -8.75 -34.866 0
      vertex -8.54289 -34.7071 0
    endloop
  endfacet
  facet normal 0 0 -1
    outer loop
      vertex -8.99118 -34.9659 0
      vertex -3.03412 -46.0143 0
      vertex -8.99118 -48.0341 0
    endloop
  endfacet
  facet normal 0 0 -1
    outer loop
      vertex -3.03412 -46.0143 0
      vertex -8.99118 -34.9659 0
      vertex -8.75 -34.866 0
    endloop
  endfacet
  facet normal 0 0 -1
    outer loop
      vertex -9.25 -48 0
      vertex -8.99118 -34.9659 0
      vertex -8.99118 -48.0341 0
    endloop
  endfacet
  facet normal 0 0 -1
    outer loop
      vertex -9.25 -48 0
      vertex -9.25 -35 0
      vertex -8.99118 -34.9659 0
    endloop
  endfacet
  facet normal 0 0 -1
    outer loop
      vertex -9.50882 -48.0341 0
      vertex -9.25 -35 0
      vertex -9.25 -48 0
    endloop
  endfacet
  facet normal 0 0 -1
    outer loop
      vertex -9.50882 -48.0341 0
      vertex -9.50882 -34.9659 0
      vertex -9.25 -35 0
    endloop
  endfacet
  facet normal 0 0 -1
    outer loop
      vertex -15.4659 -46.0143 0
      vertex -9.50882 -48.0341 0
      vertex -9.75 -48.134 0
    endloop
  endfacet
  facet normal 0 0 -1
    outer loop
      vertex -9.50882 -48.0341 0
      vertex -15.4659 -46.0143 0
      vertex -9.50882 -34.9659 0
    endloop
  endfacet
  facet normal 0 0 -1
    outer loop
      vertex -15.4659 -46.0143 0
      vertex -9.75 -48.134 0
      vertex -9.95711 -48.2929 0
    endloop
  endfacet
  facet normal 0 0 -1
    outer loop
      vertex -15.4859 -46 0
      vertex -9.50882 -34.9659 0
      vertex -15.4659 -46.0143 0
    endloop
  endfacet
  facet normal 0 0 -1
    outer loop
      vertex -15.4659 -46.0143 0
      vertex -9.95711 -48.2929 0
      vertex -10.116 -48.5 0
    endloop
  endfacet
  facet normal -0 0 -1
    outer loop
      vertex -9.50882 -34.9659 0
      vertex -15.4859 -46 0
      vertex -9.75 -34.866 0
    endloop
  endfacet
  facet normal 0 0 -1
    outer loop
      vertex -15.4659 -46.0143 0
      vertex -10.116 -48.5 0
      vertex -10.2159 -48.7412 0
    endloop
  endfacet
  facet normal -0 0 -1
    outer loop
      vertex -9.75 -34.866 0
      vertex -15.4859 -46 0
      vertex -9.95711 -34.7071 0
    endloop
  endfacet
  facet normal 0 0 -1
    outer loop
      vertex -15.4659 -46.0143 0
      vertex -10.2159 -48.7412 0
      vertex -10.25 -49 0
    endloop
  endfacet
  facet normal 0 0 -1
    outer loop
      vertex -15.5 -46 0
      vertex -9.95711 -34.7071 0
      vertex -15.4859 -46 0
    endloop
  endfacet
  facet normal 0 0 -1
    outer loop
      vertex -8.38398 -63.5 0
      vertex -3.03412 -46.0143 0
      vertex -8.28407 -63.7412 0
    endloop
  endfacet
  facet normal 0 0 -1
    outer loop
      vertex -3.03412 -46.0143 0
      vertex -8.28407 -49.2588 0
      vertex -8.25 -49 0
    endloop
  endfacet
  facet normal 0 0 -1
    outer loop
      vertex -8.54289 -63.2929 0
      vertex -3.03412 -46.0143 0
      vertex -8.38398 -63.5 0
    endloop
  endfacet
  facet normal 0 0 -1
    outer loop
      vertex -3.03412 -46.0143 0
      vertex -8.38398 -49.5 0
      vertex -8.28407 -49.2588 0
    endloop
  endfacet
  facet normal 0 0 -1
    outer loop
      vertex -8.54289 -49.7071 0
      vertex -3.03412 -46.0143 0
      vertex -8.54289 -63.2929 0
    endloop
  endfacet
  facet normal 0 0 -1
    outer loop
      vertex -3.03412 -46.0143 0
      vertex -8.54289 -49.7071 0
      vertex -8.38398 -49.5 0
    endloop
  endfacet
  facet normal 0 0 -1
    outer loop
      vertex -8.75 -63.134 0
      vertex -8.54289 -49.7071 0
      vertex -8.54289 -63.2929 0
    endloop
  endfacet
  facet normal 0 0 -1
    outer loop
      vertex -8.75 -63.134 0
      vertex -8.75 -49.866 0
      vertex -8.54289 -49.7071 0
    endloop
  endfacet
  facet normal 0 0 -1
    outer loop
      vertex -8.99118 -63.0341 0
      vertex -8.75 -49.866 0
      vertex -8.75 -63.134 0
    endloop
  endfacet
  facet normal 0 0 -1
    outer loop
      vertex -8.99118 -63.0341 0
      vertex -8.99118 -49.9659 0
      vertex -8.75 -49.866 0
    endloop
  endfacet
  facet normal 0 0 -1
    outer loop
      vertex -9.25 -63 0
      vertex -8.99118 -49.9659 0
      vertex -8.99118 -63.0341 0
    endloop
  endfacet
  facet normal 0 0 -1
    outer loop
      vertex -9.25 -63 0
      vertex -9.25 -50 0
      vertex -8.99118 -49.9659 0
    endloop
  endfacet
  facet normal 0 0 -1
    outer loop
      vertex -9.50882 -63.0341 0
      vertex -9.25 -50 0
      vertex -9.25 -63 0
    endloop
  endfacet
  facet normal 0 0 -1
    outer loop
      vertex -9.50882 -63.0341 0
      vertex -9.50882 -49.9659 0
      vertex -9.25 -50 0
    endloop
  endfacet
  facet normal 0 0 -1
    outer loop
      vertex -9.75 -63.134 0
      vertex -9.50882 -49.9659 0
      vertex -9.50882 -63.0341 0
    endloop
  endfacet
  facet normal 0 0 -1
    outer loop
      vertex -9.75 -63.134 0
      vertex -9.75 -49.866 0
      vertex -9.50882 -49.9659 0
    endloop
  endfacet
  facet normal 0 0 -1
    outer loop
      vertex -9.95711 -63.2929 0
      vertex -9.75 -49.866 0
      vertex -9.75 -63.134 0
    endloop
  endfacet
  facet normal 0 0 -1
    outer loop
      vertex -9.95711 -63.2929 0
      vertex -9.95711 -49.7071 0
      vertex -9.75 -49.866 0
    endloop
  endfacet
  facet normal 0 0 -1
    outer loop
      vertex -15.4659 -46.0143 0
      vertex -9.95711 -63.2929 0
      vertex -10.116 -63.5 0
    endloop
  endfacet
  facet normal 0 0 -1
    outer loop
      vertex -9.95711 -63.2929 0
      vertex -15.4659 -46.0143 0
      vertex -9.95711 -49.7071 0
    endloop
  endfacet
  facet normal 0 0 -1
    outer loop
      vertex -15.4659 -46.0143 0
      vertex -10.116 -63.5 0
      vertex -10.2159 -63.7412 0
    endloop
  endfacet
  facet normal 0 0 -1
    outer loop
      vertex -9.95711 -49.7071 0
      vertex -15.4659 -46.0143 0
      vertex -10.116 -49.5 0
    endloop
  endfacet
  facet normal 0 0 -1
    outer loop
      vertex -15.4659 -46.0143 0
      vertex -10.2159 -63.7412 0
      vertex -10.25 -64 0
    endloop
  endfacet
  facet normal 0 0 -1
    outer loop
      vertex -10.116 -49.5 0
      vertex -15.4659 -46.0143 0
      vertex -10.2159 -49.2588 0
    endloop
  endfacet
  facet normal 0 0 -1
    outer loop
      vertex -8.38398 -78.5 0
      vertex -3.03412 -83 0
      vertex -8.28407 -78.7412 0
    endloop
  endfacet
  facet normal 0 0 -1
    outer loop
      vertex -3.03412 -83 0
      vertex -8.28407 -64.2588 0
      vertex -8.25 -64 0
    endloop
  endfacet
  facet normal 0 0 -1
    outer loop
      vertex -8.38398 -64.5 0
      vertex -3.03412 -83 0
      vertex -8.38398 -78.5 0
    endloop
  endfacet
  facet normal 0 0 -1
    outer loop
      vertex -3.03412 -83 0
      vertex -8.38398 -64.5 0
      vertex -8.28407 -64.2588 0
    endloop
  endfacet
  facet normal 0 0 -1
    outer loop
      vertex -8.54289 -78.2929 0
      vertex -8.38398 -64.5 0
      vertex -8.38398 -78.5 0
    endloop
  endfacet
  facet normal 0 0 -1
    outer loop
      vertex -8.54289 -78.2929 0
      vertex -8.54289 -64.7071 0
      vertex -8.38398 -64.5 0
    endloop
  endfacet
  facet normal 0 0 -1
    outer loop
      vertex -8.75 -78.134 0
      vertex -8.54289 -64.7071 0
      vertex -8.54289 -78.2929 0
    endloop
  endfacet
  facet normal 0 0 -1
    outer loop
      vertex -8.75 -78.134 0
      vertex -8.75 -64.866 0
      vertex -8.54289 -64.7071 0
    endloop
  endfacet
  facet normal 0 0 -1
    outer loop
      vertex -8.99118 -78.0341 0
      vertex -8.75 -64.866 0
      vertex -8.75 -78.134 0
    endloop
  endfacet
  facet normal 0 0 -1
    outer loop
      vertex -8.99118 -78.0341 0
      vertex -8.99118 -64.9659 0
      vertex -8.75 -64.866 0
    endloop
  endfacet
  facet normal 0 0 -1
    outer loop
      vertex -9.25 -78 0
      vertex -8.99118 -64.9659 0
      vertex -8.99118 -78.0341 0
    endloop
  endfacet
  facet normal 0 0 -1
    outer loop
      vertex -9.25 -78 0
      vertex -9.25 -65 0
      vertex -8.99118 -64.9659 0
    endloop
  endfacet
  facet normal 0 0 -1
    outer loop
      vertex -9.50882 -78.0341 0
      vertex -9.25 -65 0
      vertex -9.25 -78 0
    endloop
  endfacet
  facet normal 0 0 -1
    outer loop
      vertex -9.50882 -78.0341 0
      vertex -9.50882 -64.9659 0
      vertex -9.25 -65 0
    endloop
  endfacet
  facet normal 0 0 -1
    outer loop
      vertex -9.75 -78.134 0
      vertex -9.50882 -64.9659 0
      vertex -9.50882 -78.0341 0
    endloop
  endfacet
  facet normal 0 0 -1
    outer loop
      vertex -9.75 -78.134 0
      vertex -9.75 -64.866 0
      vertex -9.50882 -64.9659 0
    endloop
  endfacet
  facet normal 0 0 -1
    outer loop
      vertex -9.95711 -78.2929 0
      vertex -9.75 -64.866 0
      vertex -9.75 -78.134 0
    endloop
  endfacet
  facet normal 0 0 -1
    outer loop
      vertex -9.95711 -78.2929 0
      vertex -9.95711 -64.7071 0
      vertex -9.75 -64.866 0
    endloop
  endfacet
  facet normal 0 0 -1
    outer loop
      vertex -10.116 -78.5 0
      vertex -9.95711 -64.7071 0
      vertex -9.95711 -78.2929 0
    endloop
  endfacet
  facet normal 0 0 -1
    outer loop
      vertex -10.116 -78.5 0
      vertex -10.116 -64.5 0
      vertex -9.95711 -64.7071 0
    endloop
  endfacet
  facet normal 0 0 -1
    outer loop
      vertex -15.4659 -83 0
      vertex -10.116 -78.5 0
      vertex -10.2159 -78.7412 0
    endloop
  endfacet
  facet normal -0 0 -1
    outer loop
      vertex -10.116 -78.5 0
      vertex -15.4659 -83 0
      vertex -10.116 -64.5 0
    endloop
  endfacet
  facet normal 0 0 -1
    outer loop
      vertex -15.4659 -83 0
      vertex -10.2159 -78.7412 0
      vertex -10.25 -79 0
    endloop
  endfacet
  facet normal -0 0 -1
    outer loop
      vertex -10.116 -64.5 0
      vertex -15.4659 -83 0
      vertex -10.2159 -64.2588 0
    endloop
  endfacet
  facet normal 0 0 -1
    outer loop
      vertex -8.25 -64 0
      vertex -3.03412 -46.0143 0
      vertex -3.03412 -83 0
    endloop
  endfacet
  facet normal 0 0 -1
    outer loop
      vertex -8.28407 -48.7412 0
      vertex -3.03412 -46.0143 0
      vertex -8.25 -49 0
    endloop
  endfacet
  facet normal 0 0 -1
    outer loop
      vertex -8.28407 -78.7412 0
      vertex -3.03412 -83 0
      vertex -8.25 -79 0
    endloop
  endfacet
  facet normal 0 0 -1
    outer loop
      vertex -3.03412 -83 0
      vertex -8.28407 -79.2588 0
      vertex -8.25 -79 0
    endloop
  endfacet
  facet normal 0 0 -1
    outer loop
      vertex -3.03412 -83 0
      vertex -8.38398 -79.5 0
      vertex -8.28407 -79.2588 0
    endloop
  endfacet
  facet normal 0 0 -1
    outer loop
      vertex -3.03412 -83 0
      vertex -8.54289 -79.7071 0
      vertex -8.38398 -79.5 0
    endloop
  endfacet
  facet normal 0 0 -1
    outer loop
      vertex -3.03412 -83 0
      vertex -8.75 -79.866 0
      vertex -8.54289 -79.7071 0
    endloop
  endfacet
  facet normal 0 0 -1
    outer loop
      vertex -3.03412 -83 0
      vertex -8.99118 -79.9659 0
      vertex -8.75 -79.866 0
    endloop
  endfacet
  facet normal 0 0 -1
    outer loop
      vertex -3.03412 -83 0
      vertex -9.25 -80 0
      vertex -8.99118 -79.9659 0
    endloop
  endfacet
  facet normal 0 0 -1
    outer loop
      vertex -15.4659 -83 0
      vertex -9.25 -80 0
      vertex -3.03412 -83 0
    endloop
  endfacet
  facet normal -0 0 -1
    outer loop
      vertex -9.25 -80 0
      vertex -15.4659 -83 0
      vertex -9.50882 -79.9659 0
    endloop
  endfacet
  facet normal -0 0 -1
    outer loop
      vertex -10.2159 -64.2588 0
      vertex -15.4659 -83 0
      vertex -10.25 -64 0
    endloop
  endfacet
  facet normal 0 0 -1
    outer loop
      vertex -10.2159 -49.2588 0
      vertex -15.4659 -46.0143 0
      vertex -10.25 -49 0
    endloop
  endfacet
  facet normal -0 0 -1
    outer loop
      vertex -9.95711 -34.7071 0
      vertex -15.5 -46 0
      vertex -10.116 -34.5 0
    endloop
  endfacet
  facet normal 0 0 -1
    outer loop
      vertex -10.2159 -34.2588 0
      vertex -15.4659 -27.9857 0
      vertex -10.25 -34 0
    endloop
  endfacet
  facet normal -0 0 -1
    outer loop
      vertex -10.25 -64 0
      vertex -15.4659 -83 0
      vertex -15.4659 -46.0143 0
    endloop
  endfacet
  facet normal -0 0 -1
    outer loop
      vertex -10.2159 -79.2588 0
      vertex -15.4659 -83 0
      vertex -10.25 -79 0
    endloop
  endfacet
  facet normal -0 0 -1
    outer loop
      vertex -10.116 -79.5 0
      vertex -15.4659 -83 0
      vertex -10.2159 -79.2588 0
    endloop
  endfacet
  facet normal -0 0 -1
    outer loop
      vertex -9.95711 -79.7071 0
      vertex -15.4659 -83 0
      vertex -10.116 -79.5 0
    endloop
  endfacet
  facet normal -0 0 -1
    outer loop
      vertex -9.75 -79.866 0
      vertex -15.4659 -83 0
      vertex -9.95711 -79.7071 0
    endloop
  endfacet
  facet normal -0 0 -1
    outer loop
      vertex -9.50882 -79.9659 0
      vertex -15.4659 -83 0
      vertex -9.75 -79.866 0
    endloop
  endfacet
  facet normal 0 0 -1
    outer loop
      vertex -3 -46 0
      vertex -3.01406 -28 0
      vertex -3 -28 0
    endloop
  endfacet
  facet normal 0 0 -1
    outer loop
      vertex -3.01406 -46 0
      vertex -3.01406 -28 0
      vertex -3 -46 0
    endloop
  endfacet
  facet normal 0 0 -1
    outer loop
      vertex -3.03412 -46.0143 0
      vertex -3.01406 -28 0
      vertex -3.01406 -46 0
    endloop
  endfacet
  facet normal -0 0 -1
    outer loop
      vertex -3.01406 -28 0
      vertex -3.03412 -46.0143 0
      vertex -3.03412 -27.9857 0
    endloop
  endfacet
  facet normal 0 0 -1
    outer loop
      vertex -8.28407 -63.7412 0
      vertex -3.03412 -46.0143 0
      vertex -8.25 -64 0
    endloop
  endfacet
  facet normal 0 0 -1
    outer loop
      vertex -3.03412 -46.0143 0
      vertex -8.25 -34 0
      vertex -3.03412 -27.9857 0
    endloop
  endfacet
  facet normal 0 0 -1
    outer loop
      vertex -8.28407 -33.7412 0
      vertex -3.03412 -27.9857 0
      vertex -8.25 -34 0
    endloop
  endfacet
  facet normal 0 0 -1
    outer loop
      vertex -8.28407 -18.7412 0
      vertex -3.03412 -27.9857 0
      vertex -8.25 -19 0
    endloop
  endfacet
  facet normal 0 0 -1
    outer loop
      vertex -3.03412 -27.9857 0
      vertex -8.28407 -18.7412 0
      vertex -3.03412 0 0
    endloop
  endfacet
  facet normal 0 0 -1
    outer loop
      vertex -8.28407 -3.74118 0
      vertex -3.03412 0 0
      vertex -8.25 -4 0
    endloop
  endfacet
  facet normal 0 0 -1
    outer loop
      vertex -8.38398 -3.5 0
      vertex -3.03412 0 0
      vertex -8.28407 -3.74118 0
    endloop
  endfacet
  facet normal 0 0 -1
    outer loop
      vertex -8.54289 -3.29289 0
      vertex -3.03412 0 0
      vertex -8.38398 -3.5 0
    endloop
  endfacet
  facet normal 0 0 -1
    outer loop
      vertex -8.75 -3.13397 0
      vertex -3.03412 0 0
      vertex -8.54289 -3.29289 0
    endloop
  endfacet
  facet normal 0 0 -1
    outer loop
      vertex -8.99118 -3.03407 0
      vertex -3.03412 0 0
      vertex -8.75 -3.13397 0
    endloop
  endfacet
  facet normal 0 0 -1
    outer loop
      vertex -9.25 -3 0
      vertex -3.03412 0 0
      vertex -8.99118 -3.03407 0
    endloop
  endfacet
  facet normal 0 0 -1
    outer loop
      vertex -15.4659 0 0
      vertex -9.25 -3 0
      vertex -9.50882 -3.03407 0
    endloop
  endfacet
  facet normal 0 0 -1
    outer loop
      vertex -15.4659 0 0
      vertex -9.50882 -3.03407 0
      vertex -9.75 -3.13397 0
    endloop
  endfacet
  facet normal -0 0 -1
    outer loop
      vertex -10.2159 -19.2588 0
      vertex -15.4659 -27.9857 0
      vertex -10.25 -19 0
    endloop
  endfacet
  facet normal -0 0 -1
    outer loop
      vertex -10.2159 -18.7412 0
      vertex -15.4659 -27.9857 0
      vertex -15.4659 0 0
    endloop
  endfacet
  facet normal 0 0 -1
    outer loop
      vertex -10.2159 -4.25882 0
      vertex -15.4659 0 0
      vertex -10.25 -4 0
    endloop
  endfacet
  facet normal 0 0 -1
    outer loop
      vertex -9.25 -3 0
      vertex -15.4659 0 0
      vertex -3.03412 0 0
    endloop
  endfacet
  facet normal 0 0 -1
    outer loop
      vertex -9.95711 -3.29289 0
      vertex -15.4659 0 0
      vertex -9.75 -3.13397 0
    endloop
  endfacet
  facet normal 0 0 -1
    outer loop
      vertex -10.116 -3.5 0
      vertex -15.4659 0 0
      vertex -9.95711 -3.29289 0
    endloop
  endfacet
  facet normal 0 0 -1
    outer loop
      vertex -10.2159 -3.74118 0
      vertex -15.4659 0 0
      vertex -10.116 -3.5 0
    endloop
  endfacet
  facet normal 0 0 -1
    outer loop
      vertex -10.25 -4 0
      vertex -15.4659 0 0
      vertex -10.2159 -3.74118 0
    endloop
  endfacet
  facet normal 0.57985 0.814502 0.0189759
    outer loop
      vertex 15.4726 -28 0.406735
      vertex 15.4659 -27.9936 0.336761
      vertex 15.3876 -27.9392 0.394377
    endloop
  endfacet
  facet normal 0.579928 0.814447 0.0189633
    outer loop
      vertex 15.4859 -28 0
      vertex 15.4659 -27.9936 0.336761
      vertex 15.4726 -28 0.406735
    endloop
  endfacet
  facet normal 0.581517 0.81331 0.0190793
    outer loop
      vertex 15.4659 -27.9936 0.336761
      vertex 15.4859 -28 0
      vertex 15.4659 -27.9857 0
    endloop
  endfacet
  facet normal 0.581781 0.813345 0
    outer loop
      vertex 15.3876 -27.9392 0.394377
      vertex 15.4726 -28 0.407849
      vertex 15.4726 -28 0.406735
    endloop
  endfacet
  facet normal 0.578856 0.815016 0.0259949
    outer loop
      vertex 15.4726 -28 0.407849
      vertex 15.3876 -27.9392 0.394377
      vertex 15.3777 -27.9324 0.401631
    endloop
  endfacet
  facet normal -0.449592 0.814831 0.365947
    outer loop
      vertex 4.63306 -27.9324 4.04895
      vertex 4.56087 -28 4.11078
      vertex 4.56157 -28 4.11164
    endloop
  endfacet
  facet normal -0.449151 0.814839 0.366471
    outer loop
      vertex 4.56087 -28 4.11078
      vertex 4.63306 -27.9324 4.04895
      vertex 4.63529 -27.9246 4.03434
    endloop
  endfacet
  facet normal -0.239311 0.814769 0.528092
    outer loop
      vertex 7.1049 -27.0143 4.34983
      vertex 6.49293 -28 5.5933
      vertex 7.20599 -27.0143 4.39564
    endloop
  endfacet
  facet normal -0.238364 0.814753 0.528546
    outer loop
      vertex 6.49293 -28 5.5933
      vertex 7.1049 -27.0143 4.34983
      vertex 6.49191 -28 5.59284
    endloop
  endfacet
  facet normal 0.210726 0.814644 0.540324
    outer loop
      vertex 11.2555 -28 5.90461
      vertex 10.809 -27.0143 4.59261
      vertex 11.2545 -28 5.905
    endloop
  endfacet
  facet normal 0.204334 0.814765 0.542591
    outer loop
      vertex 10.809 -27.0143 4.59261
      vertex 11.2555 -28 5.90461
      vertex 10.9128 -27.0143 4.55352
    endloop
  endfacet
  facet normal -0.203571 0.81478 0.542855
    outer loop
      vertex 7.69102 -27.0143 4.59261
      vertex 7.24448 -28 5.90461
      vertex 7.24552 -28 5.905
    endloop
  endfacet
  facet normal -0.204211 0.81477 0.54263
    outer loop
      vertex 7.24448 -28 5.90461
      vertex 7.69102 -27.0143 4.59261
      vertex 7.58715 -27.0143 4.55352
    endloop
  endfacet
  facet normal -0.492324 0.814793 0.306153
    outer loop
      vertex 5.11704 -27.1002 2.76155
      vertex 3.85011 -28 3.11892
      vertex 4.06501 -28 3.4645
    endloop
  endfacet
  facet normal -0.492336 0.814686 0.306418
    outer loop
      vertex 5.10838 -27.0143 2.51925
      vertex 5.11704 -27.1002 2.76155
      vertex 5.17917 -27.0313 2.67819
    endloop
  endfacet
  facet normal -0.493283 0.813983 0.306765
    outer loop
      vertex 5.10838 -27.0143 2.51925
      vertex 5.17917 -27.0313 2.67819
      vertex 5.1967 -27.0143 2.66127
    endloop
  endfacet
  facet normal -0.492215 0.814752 0.306437
    outer loop
      vertex 5.11704 -27.1002 2.76155
      vertex 5.10838 -27.0143 2.51925
      vertex 3.85011 -28 3.11892
    endloop
  endfacet
  facet normal -0.572177 0.814817 0.0932055
    outer loop
      vertex 3.66035 -27.5747 0.735892
      vertex 3.06759 -28 0.815053
      vertex 3.75584 -27.5126 0.779205
    endloop
  endfacet
  facet normal -0.572117 0.814811 0.0936192
    outer loop
      vertex 3.06759 -28 0.815053
      vertex 3.66035 -27.5747 0.735892
      vertex 3.06741 -28 0.813953
    endloop
  endfacet
  facet normal 0.161998 0.814649 0.556869
    outer loop
      vertex 10.809 -27.0143 4.59261
      vertex 11.2534 -28 5.90532
      vertex 11.2545 -28 5.905
    endloop
  endfacet
  facet normal 0.168325 0.814767 0.554816
    outer loop
      vertex 11.2534 -28 5.90532
      vertex 10.809 -27.0143 4.59261
      vertex 10.7028 -27.0143 4.62483
    endloop
  endfacet
  facet normal 0.204215 0.814772 0.542626
    outer loop
      vertex 11.6364 -28 5.76126
      vertex 10.9128 -27.0143 4.55352
      vertex 11.2555 -28 5.90461
    endloop
  endfacet
  facet normal 0.204215 0.814772 0.542626
    outer loop
      vertex 10.9128 -27.0143 4.55352
      vertex 11.6364 -28 5.76126
      vertex 11.106 -27.0143 4.48081
    endloop
  endfacet
  facet normal -0.473919 0.815051 0.333306
    outer loop
      vertex 4.99691 -27.2454 2.94428
      vertex 4.06501 -28 3.4645
      vertex 4.06565 -28 3.46541
    endloop
  endfacet
  facet normal -0.470708 0.814732 0.338595
    outer loop
      vertex 5.05667 -27.1686 2.84256
      vertex 4.06501 -28 3.4645
      vertex 4.99691 -27.2454 2.94428
    endloop
  endfacet
  facet normal -0.472485 0.814824 0.335885
    outer loop
      vertex 4.06501 -28 3.4645
      vertex 5.05667 -27.1686 2.84256
      vertex 5.11704 -27.1002 2.76155
    endloop
  endfacet
  facet normal -0.555526 0.814732 0.166139
    outer loop
      vertex 4.65739 -27.0143 1.55898
      vertex 3.34468 -28 2.00341
      vertex 3.345 -28 2.00448
    endloop
  endfacet
  facet normal -0.554814 0.814769 0.168325
    outer loop
      vertex 3.34468 -28 2.00341
      vertex 4.65739 -27.0143 1.55898
      vertex 4.62517 -27.0143 1.45278
    endloop
  endfacet
  facet normal -0.576536 0.814847 0.0602522
    outer loop
      vertex 3.65219 -27.5802 0.732193
      vertex 3.06741 -28 0.813953
      vertex 3.66035 -27.5747 0.735892
    endloop
  endfacet
  facet normal -0.576897 0.814797 0.057411
    outer loop
      vertex 3.59439 -27.6189 0.700631
      vertex 3.06741 -28 0.813953
      vertex 3.65219 -27.5802 0.732193
    endloop
  endfacet
  facet normal -0.57693 0.814787 0.0572248
    outer loop
      vertex 3.06741 -28 0.813953
      vertex 3.59439 -27.6189 0.700631
      vertex 3.0673 -28 0.812844
    endloop
  endfacet
  facet normal -0.554818 0.814768 0.168313
    outer loop
      vertex 4.62517 -27.0143 1.45278
      vertex 3.22654 -28 1.61398
      vertex 3.34468 -28 2.00341
    endloop
  endfacet
  facet normal -0.554822 0.81477 0.168292
    outer loop
      vertex 3.22654 -28 1.61398
      vertex 4.62517 -27.0143 1.45278
      vertex 4.56526 -27.0143 1.25527
    endloop
  endfacet
  facet normal -0.0190986 0.814133 0.580364
    outer loop
      vertex 8.91324 -27.9936 6.21588
      vertex 9.25 -28 6.23594
      vertex 9.25 -27.9857 6.21588
    endloop
  endfacet
  facet normal -0.0189306 0.81577 0.578066
    outer loop
      vertex 9.25 -28 6.23594
      vertex 8.91324 -27.9936 6.21588
      vertex 8.84326 -28 6.22262
    endloop
  endfacet
  facet normal -0.0186674 0.814615 0.579702
    outer loop
      vertex 8.84326 -28 6.22262
      vertex 8.91324 -27.9936 6.21588
      vertex 8.85562 -27.9392 6.13758
    endloop
  endfacet
  facet normal 0.577059 0.81475 0.0564434
    outer loop
      vertex 15.4327 -28 0.812844
      vertex 15.0558 -27.7196 0.618622
      vertex 14.9056 -27.6189 0.700631
    endloop
  endfacet
  facet normal 0.576873 0.814847 0.0569429
    outer loop
      vertex 15.4327 -28 0.812844
      vertex 15.2622 -27.8565 0.486664
      vertex 15.0558 -27.7196 0.618622
    endloop
  endfacet
  facet normal 0.576994 0.814768 0.0568453
    outer loop
      vertex 15.4726 -28 0.407849
      vertex 15.2622 -27.8565 0.486664
      vertex 15.4327 -28 0.812844
    endloop
  endfacet
  facet normal 0.576828 0.814937 0.0560945
    outer loop
      vertex 15.2622 -27.8565 0.486664
      vertex 15.4726 -28 0.407849
      vertex 15.3777 -27.9324 0.401631
    endloop
  endfacet
  facet normal 0.52042 0.814913 0.255108
    outer loop
      vertex 14.8433 -28 2.75707
      vertex 13.5998 -27.0143 2.1451
      vertex 14.8428 -28 2.75809
    endloop
  endfacet
  facet normal 0.528106 0.814774 0.239265
    outer loop
      vertex 13.5998 -27.0143 2.1451
      vertex 14.8433 -28 2.75707
      vertex 13.6456 -27.0143 2.04401
    endloop
  endfacet
  facet normal 0.571263 0.814047 0.104819
    outer loop
      vertex 15.2737 -28 1.61289
      vertex 13.9347 -27.0143 1.25527
      vertex 15.2735 -28 1.61398
    endloop
  endfacet
  facet normal 0.564633 0.814775 0.13165
    outer loop
      vertex 13.9599 -27.0143 1.14719
      vertex 13.9347 -27.0143 1.25527
      vertex 15.2737 -28 1.61289
    endloop
  endfacet
  facet normal 0.168325 0.814767 0.554816
    outer loop
      vertex 10.7028 -27.0143 4.62483
      vertex 10.864 -28 6.02346
      vertex 11.2534 -28 5.90532
    endloop
  endfacet
  facet normal 0.1683 0.81477 0.55482
    outer loop
      vertex 10.864 -28 6.02346
      vertex 10.7028 -27.0143 4.62483
      vertex 10.5053 -27.0143 4.68474
    endloop
  endfacet
  facet normal 0.0568315 0.814811 0.576934
    outer loop
      vertex 9.73666 -27.8565 6.01216
      vertex 9.65785 -28 6.22259
      vertex 10.0628 -28 6.1827
    endloop
  endfacet
  facet normal 0.0566896 0.814843 0.576903
    outer loop
      vertex 9.65785 -28 6.22259
      vertex 9.73666 -27.8565 6.01216
      vertex 9.65163 -27.9324 6.12772
    endloop
  endfacet
  facet normal 0.0568497 0.814826 0.576912
    outer loop
      vertex 10.0628 -28 6.1827
      vertex 9.86862 -27.7196 5.8058
      vertex 9.73666 -27.8565 6.01216
    endloop
  endfacet
  facet normal 0.0564121 0.814741 0.577074
    outer loop
      vertex 9.86862 -27.7196 5.8058
      vertex 10.0628 -28 6.1827
      vertex 9.95063 -27.6189 5.65561
    endloop
  endfacet
  facet normal 0.0156762 0.814451 0.58002
    outer loop
      vertex 9.65785 -28 6.22259
      vertex 9.64438 -27.9392 6.13758
      vertex 9.65674 -28 6.22262
    endloop
  endfacet
  facet normal 0.0233004 0.8149 0.579133
    outer loop
      vertex 9.64438 -27.9392 6.13758
      vertex 9.65785 -28 6.22259
      vertex 9.65163 -27.9324 6.12772
    endloop
  endfacet
  facet normal 0.273313 0.814769 0.511323
    outer loop
      vertex 12.368 -28 5.40048
      vertex 11.493 -27.0143 4.29752
      vertex 12.0091 -28 5.59232
    endloop
  endfacet
  facet normal 0.273348 0.814773 0.511299
    outer loop
      vertex 12.368 -28 5.40048
      vertex 11.675 -27.0143 4.20022
      vertex 11.493 -27.0143 4.29752
    endloop
  endfacet
  facet normal 0.368309 0.815078 0.447209
    outer loop
      vertex 13.1571 -27.8565 4.59535
      vertex 13.3608 -28 4.68913
      vertex 13.2843 -27.9246 4.61471
    endloop
  endfacet
  facet normal 0.367731 0.814846 0.448108
    outer loop
      vertex 13.3608 -28 4.68913
      vertex 13.1571 -27.8565 4.59535
      vertex 13.0462 -28 4.9473
    endloop
  endfacet
  facet normal 0.368041 0.814687 0.448141
    outer loop
      vertex 12.9179 -27.7195 4.54274
      vertex 13.0462 -28 4.9473
      vertex 13.1571 -27.8565 4.59535
    endloop
  endfacet
  facet normal 0.367487 0.814798 0.448394
    outer loop
      vertex 12.6905 -27.5802 4.47598
      vertex 13.0462 -28 4.9473
      vertex 12.9179 -27.7195 4.54274
    endloop
  endfacet
  facet normal 0.364537 0.814863 0.450678
    outer loop
      vertex 13.0462 -28 4.9473
      vertex 12.6905 -27.5802 4.47598
      vertex 12.6821 -27.5747 4.47283
    endloop
  endfacet
  facet normal 0.306145 0.814787 0.492339
    outer loop
      vertex 12.0116 -27.1002 4.13296
      vertex 12.3689 -28 5.39989
      vertex 12.7145 -28 5.18499
    endloop
  endfacet
  facet normal 0.306317 0.814762 0.492273
    outer loop
      vertex 12.3689 -28 5.39989
      vertex 12.0116 -27.1002 4.13296
      vertex 11.7692 -27.0143 4.14162
    endloop
  endfacet
  facet normal 0.306307 0.814728 0.492335
    outer loop
      vertex 11.9282 -27.0313 4.07083
      vertex 11.7692 -27.0143 4.14162
      vertex 12.0116 -27.1002 4.13296
    endloop
  endfacet
  facet normal 0.306741 0.813846 0.493523
    outer loop
      vertex 11.7692 -27.0143 4.14162
      vertex 11.9282 -27.0313 4.07083
      vertex 11.9113 -27.0143 4.0533
    endloop
  endfacet
  facet normal 0.335896 0.814896 0.472354
    outer loop
      vertex 12.1943 -27.2454 4.25309
      vertex 12.7145 -28 5.18499
      vertex 12.7154 -28 5.18435
    endloop
  endfacet
  facet normal 0.338684 0.814723 0.470658
    outer loop
      vertex 12.0926 -27.1686 4.19333
      vertex 12.7145 -28 5.18499
      vertex 12.1943 -27.2454 4.25309
    endloop
  endfacet
  facet normal 0.335941 0.814817 0.472458
    outer loop
      vertex 12.7145 -28 5.18499
      vertex 12.0926 -27.1686 4.19333
      vertex 12.0116 -27.1002 4.13296
    endloop
  endfacet
  facet normal 0.423504 0.814469 0.396591
    outer loop
      vertex 13.6602 -28 4.40866
      vertex 13.8834 -27.9936 4.15717
      vertex 13.6472 -27.9858 4.39338
    endloop
  endfacet
  facet normal 0.422428 0.815479 0.395662
    outer loop
      vertex 13.9384 -28 4.11164
      vertex 13.8834 -27.9936 4.15717
      vertex 13.6602 -28 4.40866
    endloop
  endfacet
  facet normal 0.422927 0.814887 0.396348
    outer loop
      vertex 13.8834 -27.9936 4.15717
      vertex 13.9384 -28 4.11164
      vertex 13.8669 -27.9324 4.04895
    endloop
  endfacet
  facet normal -0.333306 0.815051 0.473919
    outer loop
      vertex 5.7855 -28 5.18499
      vertex 6.30572 -27.2454 4.25309
      vertex 5.78459 -28 5.18435
    endloop
  endfacet
  facet normal -0.338595 0.814732 0.470708
    outer loop
      vertex 5.7855 -28 5.18499
      vertex 6.40744 -27.1686 4.19333
      vertex 6.30572 -27.2454 4.25309
    endloop
  endfacet
  facet normal -0.335885 0.814824 0.472485
    outer loop
      vertex 6.40744 -27.1686 4.19333
      vertex 5.7855 -28 5.18499
      vertex 6.48845 -27.1002 4.13296
    endloop
  endfacet
  facet normal -0.273314 0.814768 0.511324
    outer loop
      vertex 7.00702 -27.0143 4.29752
      vertex 6.13203 -28 5.40048
      vertex 6.49093 -28 5.59232
    endloop
  endfacet
  facet normal -0.273327 0.81477 0.511315
    outer loop
      vertex 6.825 -27.0143 4.20022
      vertex 6.13203 -28 5.40048
      vertex 7.00702 -27.0143 4.29752
    endloop
  endfacet
  facet normal -0.422997 0.81497 0.396103
    outer loop
      vertex 4.61659 -27.9936 4.15717
      vertex 4.83976 -28 4.40866
      vertex 4.85281 -27.9858 4.39338
    endloop
  endfacet
  facet normal -0.421942 0.815959 0.395192
    outer loop
      vertex 4.61659 -27.9936 4.15717
      vertex 4.56157 -28 4.11164
      vertex 4.83976 -28 4.40866
    endloop
  endfacet
  facet normal -0.422865 0.814864 0.396462
    outer loop
      vertex 4.56157 -28 4.11164
      vertex 4.61659 -27.9936 4.15717
      vertex 4.63306 -27.9324 4.04895
    endloop
  endfacet
  facet normal -0.471235 0.814801 0.337695
    outer loop
      vertex 4.77717 -27.5747 3.43212
      vertex 4.06565 -28 3.46541
      vertex 4.3027 -28 3.7962
    endloop
  endfacet
  facet normal -0.471192 0.814744 0.337891
    outer loop
      vertex 4.8546 -27.4445 3.22615
      vertex 4.06565 -28 3.46541
      vertex 4.77717 -27.5747 3.43212
    endloop
  endfacet
  facet normal -0.471332 0.814801 0.337559
    outer loop
      vertex 4.94876 -27.3072 3.02621
      vertex 4.06565 -28 3.46541
      vertex 4.8546 -27.4445 3.22615
    endloop
  endfacet
  facet normal -0.471296 0.814795 0.337623
    outer loop
      vertex 4.06565 -28 3.46541
      vertex 4.94876 -27.3072 3.02621
      vertex 4.99691 -27.2454 2.94428
    endloop
  endfacet
  facet normal -0.425829 0.814189 0.394671
    outer loop
      vertex 4.85471 -27.9857 4.39529
      vertex 4.83976 -28 4.40866
      vertex 4.84052 -28 4.40948
    endloop
  endfacet
  facet normal -0.432336 0.814232 0.387442
    outer loop
      vertex 4.83976 -28 4.40866
      vertex 4.85471 -27.9857 4.39529
      vertex 4.85281 -27.9858 4.39338
    endloop
  endfacet
  facet normal -0.511315 0.81477 0.273327
    outer loop
      vertex 4.95248 -27.0143 2.24298
      vertex 3.84952 -28 3.11797
      vertex 5.04978 -27.0143 2.425
    endloop
  endfacet
  facet normal -0.511324 0.814768 0.273314
    outer loop
      vertex 3.84952 -28 3.11797
      vertex 4.95248 -27.0143 2.24298
      vertex 3.65768 -28 2.75907
    endloop
  endfacet
  facet normal -0.528103 0.814768 0.239291
    outer loop
      vertex 4.85436 -27.0143 2.04401
      vertex 3.48874 -28 2.38639
      vertex 3.6567 -28 2.75707
    endloop
  endfacet
  facet normal -0.528115 0.814771 0.239253
    outer loop
      vertex 3.48874 -28 2.38639
      vertex 4.85436 -27.0143 2.04401
      vertex 4.76919 -27.0143 1.85601
    endloop
  endfacet
  facet normal -0.542613 0.814771 0.204252
    outer loop
      vertex 4.69648 -27.0143 1.66285
      vertex 3.48874 -28 2.38639
      vertex 4.76919 -27.0143 1.85601
    endloop
  endfacet
  facet normal -0.542624 0.814769 0.20423
    outer loop
      vertex 3.48874 -28 2.38639
      vertex 4.69648 -27.0143 1.66285
      vertex 3.34539 -28 2.00552
    endloop
  endfacet
  facet normal -0.577072 0.814743 0.0564067
    outer loop
      vertex 3.4442 -27.7196 0.618622
      vertex 3.0673 -28 0.812844
      vertex 3.59439 -27.6189 0.700631
    endloop
  endfacet
  facet normal -0.576909 0.814828 0.0568448
    outer loop
      vertex 3.23784 -27.8565 0.486664
      vertex 3.0673 -28 0.812844
      vertex 3.4442 -27.7196 0.618622
    endloop
  endfacet
  facet normal -0.576934 0.814812 0.0568251
    outer loop
      vertex 3.23784 -27.8565 0.486664
      vertex 3.02741 -28 0.407849
      vertex 3.0673 -28 0.812844
    endloop
  endfacet
  facet normal -0.576904 0.814843 0.0566892
    outer loop
      vertex 3.02741 -28 0.407849
      vertex 3.23784 -27.8565 0.486664
      vertex 3.12228 -27.9324 0.401631
    endloop
  endfacet
  facet normal -0.579134 0.8149 0.0232892
    outer loop
      vertex 3.11242 -27.9392 0.394377
      vertex 3.02741 -28 0.407849
      vertex 3.12228 -27.9324 0.401631
    endloop
  endfacet
  facet normal -0.580026 0.814448 0.0156201
    outer loop
      vertex 3.02741 -28 0.407849
      vertex 3.11242 -27.9392 0.394377
      vertex 3.02738 -28 0.406735
    endloop
  endfacet
  facet normal -0.565158 0.814736 0.129623
    outer loop
      vertex 4.56526 -27.0143 1.25527
      vertex 3.22629 -28 1.61289
      vertex 3.22654 -28 1.61398
    endloop
  endfacet
  facet normal -0.56464 0.814769 0.131652
    outer loop
      vertex 4.56526 -27.0143 1.25527
      vertex 4.54006 -27.0143 1.14719
      vertex 3.22629 -28 1.61289
    endloop
  endfacet
  facet normal 0.396254 0.814797 0.423189
    outer loop
      vertex 13.6587 -28 4.41024
      vertex 13.4072 -27.9936 4.63341
      vertex 13.3616 -28 4.68843
    endloop
  endfacet
  facet normal 0.395923 0.815157 0.422806
    outer loop
      vertex 13.4072 -27.9936 4.63341
      vertex 13.6587 -28 4.41024
      vertex 13.6434 -27.9858 4.39719
    endloop
  endfacet
  facet normal 0.396146 0.81489 0.423111
    outer loop
      vertex 13.3616 -28 4.68843
      vertex 13.4072 -27.9936 4.63341
      vertex 13.2989 -27.9324 4.61694
    endloop
  endfacet
  facet normal 0.447506 0.814929 0.368279
    outer loop
      vertex 13.9391 -28 4.11078
      vertex 13.8454 -27.8565 3.9071
      vertex 13.8647 -27.9246 4.03434
    endloop
  endfacet
  facet normal 0.448173 0.814756 0.36785
    outer loop
      vertex 14.1973 -28 3.7962
      vertex 13.8454 -27.8565 3.9071
      vertex 13.9391 -28 4.11078
    endloop
  endfacet
  facet normal 0.448175 0.814747 0.367868
    outer loop
      vertex 14.1973 -28 3.7962
      vertex 13.7927 -27.7195 3.66788
      vertex 13.8454 -27.8565 3.9071
    endloop
  endfacet
  facet normal 0.448259 0.814783 0.367685
    outer loop
      vertex 14.1973 -28 3.7962
      vertex 13.726 -27.5802 3.44051
      vertex 13.7927 -27.7195 3.66788
    endloop
  endfacet
  facet normal 0.453128 0.81491 0.361382
    outer loop
      vertex 13.726 -27.5802 3.44051
      vertex 14.1973 -28 3.7962
      vertex 13.7228 -27.5747 3.43212
    endloop
  endfacet
  facet normal 0.12851 0.814715 0.565442
    outer loop
      vertex 10.5053 -27.0143 4.68474
      vertex 10.8629 -28 6.02371
      vertex 10.864 -28 6.02346
    endloop
  endfacet
  facet normal 0.131629 0.814768 0.564648
    outer loop
      vertex 10.8629 -28 6.02371
      vertex 10.5053 -27.0143 4.68474
      vertex 10.3972 -27.0143 4.70994
    endloop
  endfacet
  facet normal 0.0186674 0.814615 0.579702
    outer loop
      vertex 9.65674 -28 6.22262
      vertex 9.64438 -27.9392 6.13758
      vertex 9.58676 -27.9936 6.21588
    endloop
  endfacet
  facet normal 0.0189306 0.81577 0.578066
    outer loop
      vertex 9.58676 -27.9936 6.21588
      vertex 9.25 -28 6.23594
      vertex 9.65674 -28 6.22262
    endloop
  endfacet
  facet normal 0.0190986 0.814133 0.580364
    outer loop
      vertex 9.25 -28 6.23594
      vertex 9.58676 -27.9936 6.21588
      vertex 9.25 -27.9857 6.21588
    endloop
  endfacet
  facet normal 0.239278 0.814771 0.528105
    outer loop
      vertex 11.294 -27.0143 4.39564
      vertex 11.6364 -28 5.76126
      vertex 12.0071 -28 5.5933
    endloop
  endfacet
  facet normal 0.239252 0.814773 0.528113
    outer loop
      vertex 11.6364 -28 5.76126
      vertex 11.294 -27.0143 4.39564
      vertex 11.106 -27.0143 4.48081
    endloop
  endfacet
  facet normal 0.337684 0.814806 0.471233
    outer loop
      vertex 12.6821 -27.5747 4.47283
      vertex 12.7154 -28 5.18435
      vertex 13.0462 -28 4.9473
    endloop
  endfacet
  facet normal 0.337997 0.814716 0.471165
    outer loop
      vertex 12.4762 -27.4445 4.3954
      vertex 12.7154 -28 5.18435
      vertex 12.6821 -27.5747 4.47283
    endloop
  endfacet
  facet normal 0.337431 0.814812 0.471404
    outer loop
      vertex 12.2762 -27.3072 4.30124
      vertex 12.7154 -28 5.18435
      vertex 12.4762 -27.4445 4.3954
    endloop
  endfacet
  facet normal 0.337792 0.81478 0.4712
    outer loop
      vertex 12.7154 -28 5.18435
      vertex 12.2762 -27.3072 4.30124
      vertex 12.1943 -27.2454 4.25309
    endloop
  endfacet
  facet normal 0.26743 0.814854 0.514289
    outer loop
      vertex 12.0091 -28 5.59232
      vertex 11.3951 -27.0143 4.34983
      vertex 12.0081 -28 5.59284
    endloop
  endfacet
  facet normal 0.27323 0.814774 0.51136
    outer loop
      vertex 11.3951 -27.0143 4.34983
      vertex 12.0091 -28 5.59232
      vertex 11.493 -27.0143 4.29752
    endloop
  endfacet
  facet normal 0.318091 0.814479 0.485224
    outer loop
      vertex 12.3689 -28 5.39989
      vertex 11.675 -27.0143 4.20022
      vertex 12.368 -28 5.40048
    endloop
  endfacet
  facet normal 0.306254 0.814766 0.492306
    outer loop
      vertex 11.675 -27.0143 4.20022
      vertex 12.3689 -28 5.39989
      vertex 11.7692 -27.0143 4.14162
    endloop
  endfacet
  facet normal -0.168292 0.81477 0.554822
    outer loop
      vertex 7.79722 -27.0143 4.62483
      vertex 7.63602 -28 6.02346
      vertex 7.99473 -27.0143 4.68474
    endloop
  endfacet
  facet normal -0.168313 0.814768 0.554818
    outer loop
      vertex 7.63602 -28 6.02346
      vertex 7.79722 -27.0143 4.62483
      vertex 7.24659 -28 5.90532
    endloop
  endfacet
  facet normal -0.305883 0.814774 0.492523
    outer loop
      vertex 6.825 -27.0143 4.20022
      vertex 6.13108 -28 5.39989
      vertex 6.13203 -28 5.40048
    endloop
  endfacet
  facet normal -0.306134 0.81477 0.492374
    outer loop
      vertex 6.13108 -28 5.39989
      vertex 6.825 -27.0143 4.20022
      vertex 6.73075 -27.0143 4.14162
    endloop
  endfacet
  facet normal -0.367756 0.814832 0.448111
    outer loop
      vertex 5.3429 -27.8565 4.59535
      vertex 5.13922 -28 4.68913
      vertex 5.4538 -28 4.9473
    endloop
  endfacet
  facet normal -0.368063 0.814956 0.447635
    outer loop
      vertex 5.13922 -28 4.68913
      vertex 5.3429 -27.8565 4.59535
      vertex 5.21566 -27.9246 4.61471
    endloop
  endfacet
  facet normal -0.368018 0.814699 0.448139
    outer loop
      vertex 5.4538 -28 4.9473
      vertex 5.58212 -27.7195 4.54274
      vertex 5.3429 -27.8565 4.59535
    endloop
  endfacet
  facet normal -0.367545 0.814794 0.448355
    outer loop
      vertex 5.4538 -28 4.9473
      vertex 5.80949 -27.5802 4.47598
      vertex 5.58212 -27.7195 4.54274
    endloop
  endfacet
  facet normal -0.365132 0.814848 0.450223
    outer loop
      vertex 5.80949 -27.5802 4.47598
      vertex 5.4538 -28 4.9473
      vertex 5.81788 -27.5747 4.47283
    endloop
  endfacet
  facet normal -0.387442 0.814232 0.432336
    outer loop
      vertex 4.85471 -27.9857 4.39529
      vertex 4.84134 -28 4.41024
      vertex 4.85662 -27.9858 4.39719
    endloop
  endfacet
  facet normal -0.394671 0.814189 0.425829
    outer loop
      vertex 4.84134 -28 4.41024
      vertex 4.85471 -27.9857 4.39529
      vertex 4.84052 -28 4.40948
    endloop
  endfacet
  facet normal -0.337695 0.814801 0.471235
    outer loop
      vertex 5.78459 -28 5.18435
      vertex 5.81788 -27.5747 4.47283
      vertex 5.4538 -28 4.9473
    endloop
  endfacet
  facet normal -0.337891 0.814744 0.471192
    outer loop
      vertex 5.78459 -28 5.18435
      vertex 6.02385 -27.4445 4.3954
      vertex 5.81788 -27.5747 4.47283
    endloop
  endfacet
  facet normal -0.337559 0.814801 0.471332
    outer loop
      vertex 5.78459 -28 5.18435
      vertex 6.22379 -27.3072 4.30124
      vertex 6.02385 -27.4445 4.3954
    endloop
  endfacet
  facet normal -0.337623 0.814795 0.471296
    outer loop
      vertex 6.22379 -27.3072 4.30124
      vertex 5.78459 -28 5.18435
      vertex 6.30572 -27.2454 4.25309
    endloop
  endfacet
  facet normal -0.447635 0.814956 0.368063
    outer loop
      vertex 4.65465 -27.8565 3.9071
      vertex 4.56087 -28 4.11078
      vertex 4.63529 -27.9246 4.03434
    endloop
  endfacet
  facet normal -0.448111 0.814832 0.367756
    outer loop
      vertex 4.65465 -27.8565 3.9071
      vertex 4.3027 -28 3.7962
      vertex 4.56087 -28 4.11078
    endloop
  endfacet
  facet normal -0.448139 0.814699 0.368018
    outer loop
      vertex 4.70726 -27.7195 3.66788
      vertex 4.3027 -28 3.7962
      vertex 4.65465 -27.8565 3.9071
    endloop
  endfacet
  facet normal -0.448355 0.814794 0.367545
    outer loop
      vertex 4.77402 -27.5802 3.44051
      vertex 4.3027 -28 3.7962
      vertex 4.70726 -27.7195 3.66788
    endloop
  endfacet
  facet normal -0.450223 0.814848 0.365132
    outer loop
      vertex 4.3027 -28 3.7962
      vertex 4.77402 -27.5802 3.44051
      vertex 4.77717 -27.5747 3.43212
    endloop
  endfacet
  facet normal -0.492374 0.81477 0.306134
    outer loop
      vertex 5.04978 -27.0143 2.425
      vertex 3.85011 -28 3.11892
      vertex 5.10838 -27.0143 2.51925
    endloop
  endfacet
  facet normal -0.492523 0.814774 0.305883
    outer loop
      vertex 3.85011 -28 3.11892
      vertex 5.04978 -27.0143 2.425
      vertex 3.84952 -28 3.11797
    endloop
  endfacet
  facet normal -0.511341 0.81477 0.273276
    outer loop
      vertex 4.90017 -27.0143 2.1451
      vertex 3.65768 -28 2.75907
      vertex 4.95248 -27.0143 2.24298
    endloop
  endfacet
  facet normal -0.512121 0.814795 0.271738
    outer loop
      vertex 3.65768 -28 2.75907
      vertex 4.90017 -27.0143 2.1451
      vertex 3.65716 -28 2.75809
    endloop
  endfacet
  facet normal -0.579702 0.814615 0.018669
    outer loop
      vertex 3.03412 -27.9936 0.336761
      vertex 3.02738 -28 0.406735
      vertex 3.11242 -27.9392 0.394377
    endloop
  endfacet
  facet normal -0.580364 0.814133 0.0190986
    outer loop
      vertex 3.01406 -28 0
      vertex 3.03412 -27.9936 0.336761
      vertex 3.03412 -27.9857 0
    endloop
  endfacet
  facet normal -0.578073 0.815765 0.0189311
    outer loop
      vertex 3.03412 -27.9936 0.336761
      vertex 3.01406 -28 0
      vertex 3.02738 -28 0.406735
    endloop
  endfacet
  facet normal -0.565555 0.814099 0.131873
    outer loop
      vertex 4.54006 -27.0143 1.14719
      vertex 4.50208 -27.0143 0.984308
      vertex 4.47771 -27.0313 0.984741
    endloop
  endfacet
  facet normal -0.564723 0.814755 0.131387
    outer loop
      vertex 4.37484 -27.1002 0.969729
      vertex 3.22629 -28 1.61289
      vertex 4.54006 -27.0143 1.14719
    endloop
  endfacet
  facet normal -0.564833 0.814654 0.131538
    outer loop
      vertex 4.37484 -27.1002 0.969729
      vertex 4.54006 -27.0143 1.14719
      vertex 4.47771 -27.0313 0.984741
    endloop
  endfacet
  facet normal -0.564607 0.814793 0.131649
    outer loop
      vertex 3.22629 -28 1.61289
      vertex 4.37484 -27.1002 0.969729
      vertex 3.13388 -28 1.21657
    endloop
  endfacet
  facet normal -0.572018 0.814792 0.0943866
    outer loop
      vertex 4.27486 -27.1687 0.955139
      vertex 3.13388 -28 1.21657
      vertex 4.37484 -27.1002 0.969729
    endloop
  endfacet
  facet normal -0.57197 0.814799 0.0946192
    outer loop
      vertex 4.0687 -27.3072 0.901581
      vertex 3.13388 -28 1.21657
      vertex 4.27486 -27.1687 0.955139
    endloop
  endfacet
  facet normal -0.571964 0.814801 0.0946417
    outer loop
      vertex 3.86073 -27.4445 0.826782
      vertex 3.13388 -28 1.21657
      vertex 4.0687 -27.3072 0.901581
    endloop
  endfacet
  facet normal -0.571953 0.814805 0.0946667
    outer loop
      vertex 3.75584 -27.5126 0.779205
      vertex 3.13388 -28 1.21657
      vertex 3.86073 -27.4445 0.826782
    endloop
  endfacet
  facet normal -0.572066 0.814752 0.0944474
    outer loop
      vertex 3.13388 -28 1.21657
      vertex 3.75584 -27.5126 0.779205
      vertex 3.06759 -28 0.815053
    endloop
  endfacet
  facet normal 0.572271 0.814759 0.0931351
    outer loop
      vertex 15.3661 -28 1.21657
      vertex 14.2251 -27.1687 0.955139
      vertex 14.1252 -27.1002 0.969729
    endloop
  endfacet
  facet normal 0.57192 0.81481 0.0948269
    outer loop
      vertex 15.3661 -28 1.21657
      vertex 14.4313 -27.3072 0.901581
      vertex 14.2251 -27.1687 0.955139
    endloop
  endfacet
  facet normal 0.571934 0.814806 0.0947782
    outer loop
      vertex 15.3661 -28 1.21657
      vertex 14.6393 -27.4445 0.826782
      vertex 14.4313 -27.3072 0.901581
    endloop
  endfacet
  facet normal 0.572092 0.814731 0.094466
    outer loop
      vertex 14.7442 -27.5126 0.779205
      vertex 15.3661 -28 1.21657
      vertex 15.4324 -28 0.815053
    endloop
  endfacet
  facet normal 0.571941 0.814803 0.0947613
    outer loop
      vertex 15.3661 -28 1.21657
      vertex 14.7442 -27.5126 0.779205
      vertex 14.6393 -27.4445 0.826782
    endloop
  endfacet
  facet normal 0.564627 0.814781 0.13164
    outer loop
      vertex 14.1252 -27.1002 0.969729
      vertex 15.2737 -28 1.61289
      vertex 15.3661 -28 1.21657
    endloop
  endfacet
  facet normal 0.564657 0.814771 0.131572
    outer loop
      vertex 15.2737 -28 1.61289
      vertex 14.1252 -27.1002 0.969729
      vertex 13.9599 -27.0143 1.14719
    endloop
  endfacet
  facet normal 0.564723 0.81471 0.131664
    outer loop
      vertex 13.9599 -27.0143 1.14719
      vertex 14.1252 -27.1002 0.969729
      vertex 14.0223 -27.0313 0.984741
    endloop
  endfacet
  facet normal 0.56509 0.814428 0.131834
    outer loop
      vertex 13.9599 -27.0143 1.14719
      vertex 14.0223 -27.0313 0.984741
      vertex 13.9979 -27.0143 0.984308
    endloop
  endfacet
  facet normal 0.570669 0.814599 0.103758
    outer loop
      vertex 14.8397 -27.5747 0.735892
      vertex 15.4324 -28 0.815053
      vertex 15.4326 -28 0.813953
    endloop
  endfacet
  facet normal 0.572187 0.814787 0.0934028
    outer loop
      vertex 15.4324 -28 0.815053
      vertex 14.8397 -27.5747 0.735892
      vertex 14.7442 -27.5126 0.779205
    endloop
  endfacet
  facet normal 0.577808 0.814508 0.0521017
    outer loop
      vertex 14.9056 -27.6189 0.700631
      vertex 15.4326 -28 0.813953
      vertex 15.4327 -28 0.812844
    endloop
  endfacet
  facet normal 0.577429 0.814716 0.0530508
    outer loop
      vertex 15.4326 -28 0.813953
      vertex 14.8478 -27.5802 0.732193
      vertex 14.8397 -27.5747 0.735892
    endloop
  endfacet
  facet normal 0.576887 0.814806 0.0573828
    outer loop
      vertex 15.4326 -28 0.813953
      vertex 14.9056 -27.6189 0.700631
      vertex 14.8478 -27.5802 0.732193
    endloop
  endfacet
  facet normal 0.471257 0.814811 0.33764
    outer loop
      vertex 14.4343 -28 3.46541
      vertex 13.7228 -27.5747 3.43212
      vertex 14.1973 -28 3.7962
    endloop
  endfacet
  facet normal 0.471189 0.814723 0.337946
    outer loop
      vertex 14.4343 -28 3.46541
      vertex 13.6454 -27.4445 3.22615
      vertex 13.7228 -27.5747 3.43212
    endloop
  endfacet
  facet normal 0.471405 0.814809 0.337436
    outer loop
      vertex 14.4343 -28 3.46541
      vertex 13.5512 -27.3072 3.02621
      vertex 13.6454 -27.4445 3.22615
    endloop
  endfacet
  facet normal 0.471081 0.814759 0.33801
    outer loop
      vertex 13.5512 -27.3072 3.02621
      vertex 14.4343 -28 3.46541
      vertex 13.5031 -27.2454 2.94428
    endloop
  endfacet
  facet normal 0.516301 0.814889 0.263419
    outer loop
      vertex 13.5998 -27.0143 2.1451
      vertex 14.8423 -28 2.75907
      vertex 14.8428 -28 2.75809
    endloop
  endfacet
  facet normal 0.51136 0.814773 0.273234
    outer loop
      vertex 14.8423 -28 2.75907
      vertex 13.5998 -27.0143 2.1451
      vertex 13.5475 -27.0143 2.24298
    endloop
  endfacet
  facet normal 0.399693 0.814391 0.420729
    outer loop
      vertex 13.6453 -27.9857 4.39529
      vertex 13.6587 -28 4.41024
      vertex 13.6595 -28 4.40948
    endloop
  endfacet
  facet normal 0.388238 0.814505 0.431106
    outer loop
      vertex 13.6587 -28 4.41024
      vertex 13.6453 -27.9857 4.39529
      vertex 13.6434 -27.9858 4.39719
    endloop
  endfacet
  facet normal 0.449568 0.814853 0.365927
    outer loop
      vertex 13.9391 -28 4.11078
      vertex 13.8669 -27.9324 4.04895
      vertex 13.9384 -28 4.11164
    endloop
  endfacet
  facet normal 0.448194 0.814877 0.367557
    outer loop
      vertex 13.8669 -27.9324 4.04895
      vertex 13.9391 -28 4.11078
      vertex 13.8647 -27.9246 4.03434
    endloop
  endfacet
  facet normal 0.541231 0.8147 0.208166
    outer loop
      vertex 13.8426 -27.0143 1.55898
      vertex 15.1546 -28 2.00552
      vertex 15.155 -28 2.00448
    endloop
  endfacet
  facet normal 0.542614 0.814769 0.204257
    outer loop
      vertex 15.1546 -28 2.00552
      vertex 13.8426 -27.0143 1.55898
      vertex 13.8035 -27.0143 1.66285
    endloop
  endfacet
  facet normal 0.554786 0.814775 0.168389
    outer loop
      vertex 15.2735 -28 1.61398
      vertex 13.8748 -27.0143 1.45278
      vertex 15.1553 -28 2.00341
    endloop
  endfacet
  facet normal 0.554809 0.814786 0.16826
    outer loop
      vertex 13.8748 -27.0143 1.45278
      vertex 15.2735 -28 1.61398
      vertex 13.9347 -27.0143 1.25527
    endloop
  endfacet
  facet normal 0.542641 0.814775 0.204165
    outer loop
      vertex 13.8035 -27.0143 1.66285
      vertex 15.0113 -28 2.38639
      vertex 15.1546 -28 2.00552
    endloop
  endfacet
  facet normal 0.542611 0.81478 0.204223
    outer loop
      vertex 15.0113 -28 2.38639
      vertex 13.8035 -27.0143 1.66285
      vertex 13.7308 -27.0143 1.85601
    endloop
  endfacet
  facet normal 0.528069 0.814778 0.239332
    outer loop
      vertex 15.0113 -28 2.38639
      vertex 13.6456 -27.0143 2.04401
      vertex 14.8433 -28 2.75707
    endloop
  endfacet
  facet normal 0.528073 0.814779 0.239318
    outer loop
      vertex 13.6456 -27.0143 2.04401
      vertex 15.0113 -28 2.38639
      vertex 13.7308 -27.0143 1.85601
    endloop
  endfacet
  facet normal 0.0944506 0.814755 0.572061
    outer loop
      vertex 10.4666 -28 6.11612
      vertex 10.0292 -27.5126 5.49416
      vertex 10.0651 -28 6.18241
    endloop
  endfacet
  facet normal 0.0946438 0.814802 0.571962
    outer loop
      vertex 10.4666 -28 6.11612
      vertex 10.0768 -27.4445 5.38927
      vertex 10.0292 -27.5126 5.49416
    endloop
  endfacet
  facet normal 0.0946394 0.814801 0.571963
    outer loop
      vertex 10.4666 -28 6.11612
      vertex 10.1516 -27.3072 5.1813
      vertex 10.0768 -27.4445 5.38927
    endloop
  endfacet
  facet normal 0.0946625 0.814803 0.571957
    outer loop
      vertex 10.4666 -28 6.11612
      vertex 10.2051 -27.1687 4.97514
      vertex 10.1516 -27.3072 5.1813
    endloop
  endfacet
  facet normal 0.0943464 0.814794 0.572023
    outer loop
      vertex 10.2051 -27.1687 4.97514
      vertex 10.4666 -28 6.11612
      vertex 10.2197 -27.1002 4.87516
    endloop
  endfacet
  facet normal 0.131655 0.814796 0.564601
    outer loop
      vertex 10.8629 -28 6.02371
      vertex 10.2197 -27.1002 4.87516
      vertex 10.4666 -28 6.11612
    endloop
  endfacet
  facet normal 0.131366 0.814753 0.56473
    outer loop
      vertex 10.3972 -27.0143 4.70994
      vertex 10.2197 -27.1002 4.87516
      vertex 10.8629 -28 6.02371
    endloop
  endfacet
  facet normal 0.13149 0.81467 0.564821
    outer loop
      vertex 10.2197 -27.1002 4.87516
      vertex 10.3972 -27.0143 4.70994
      vertex 10.2347 -27.0313 4.77229
    endloop
  endfacet
  facet normal 0.131886 0.814014 0.565674
    outer loop
      vertex 10.2347 -27.0313 4.77229
      vertex 10.3972 -27.0143 4.70994
      vertex 10.2343 -27.0143 4.74792
    endloop
  endfacet
  facet normal 0.0529533 0.81455 0.577672
    outer loop
      vertex 10.064 -28 6.18259
      vertex 9.95063 -27.6189 5.65561
      vertex 10.0628 -28 6.1827
    endloop
  endfacet
  facet normal 0.0574069 0.814799 0.576894
    outer loop
      vertex 10.064 -28 6.18259
      vertex 9.98219 -27.5802 5.59781
      vertex 9.95063 -27.6189 5.65561
    endloop
  endfacet
  facet normal 0.0602312 0.814849 0.576535
    outer loop
      vertex 9.98219 -27.5802 5.59781
      vertex 10.064 -28 6.18259
      vertex 9.98589 -27.5747 5.58965
    endloop
  endfacet
  facet normal 0.242268 0.814817 0.526669
    outer loop
      vertex 11.3951 -27.0143 4.34983
      vertex 12.0071 -28 5.5933
      vertex 12.0081 -28 5.59284
    endloop
  endfacet
  facet normal 0.23929 0.814771 0.528099
    outer loop
      vertex 12.0071 -28 5.5933
      vertex 11.3951 -27.0143 4.34983
      vertex 11.294 -27.0143 4.39564
    endloop
  endfacet
  facet normal -0.0936192 0.814811 0.572117
    outer loop
      vertex 8.51411 -27.5747 5.58965
      vertex 8.43495 -28 6.18241
      vertex 8.43605 -28 6.18259
    endloop
  endfacet
  facet normal -0.0931942 0.814817 0.572178
    outer loop
      vertex 8.43495 -28 6.18241
      vertex 8.51411 -27.5747 5.58965
      vertex 8.47079 -27.5126 5.49416
    endloop
  endfacet
  facet normal -0.131652 0.814769 0.56464
    outer loop
      vertex 7.99473 -27.0143 4.68474
      vertex 7.63711 -28 6.02371
      vertex 8.10281 -27.0143 4.70994
    endloop
  endfacet
  facet normal -0.129623 0.814736 0.565158
    outer loop
      vertex 7.63711 -28 6.02371
      vertex 7.99473 -27.0143 4.68474
      vertex 7.63602 -28 6.02346
    endloop
  endfacet
  facet normal -0.20423 0.814769 0.542624
    outer loop
      vertex 7.58715 -27.0143 4.55352
      vertex 6.86361 -28 5.76126
      vertex 7.24448 -28 5.90461
    endloop
  endfacet
  facet normal -0.204252 0.814771 0.542613
    outer loop
      vertex 6.86361 -28 5.76126
      vertex 7.58715 -27.0143 4.55352
      vertex 7.39399 -27.0143 4.48081
    endloop
  endfacet
  facet normal -0.239253 0.814771 0.528115
    outer loop
      vertex 7.20599 -27.0143 4.39564
      vertex 6.86361 -28 5.76126
      vertex 7.39399 -27.0143 4.48081
    endloop
  endfacet
  facet normal -0.239291 0.814768 0.528103
    outer loop
      vertex 6.86361 -28 5.76126
      vertex 7.20599 -27.0143 4.39564
      vertex 6.49293 -28 5.5933
    endloop
  endfacet
  facet normal -0.271738 0.814795 0.512121
    outer loop
      vertex 7.1049 -27.0143 4.34983
      vertex 6.49093 -28 5.59232
      vertex 6.49191 -28 5.59284
    endloop
  endfacet
  facet normal -0.273276 0.81477 0.511341
    outer loop
      vertex 6.49093 -28 5.59232
      vertex 7.1049 -27.0143 4.34983
      vertex 7.00702 -27.0143 4.29752
    endloop
  endfacet
  facet normal -0.396462 0.814864 0.422865
    outer loop
      vertex 5.13836 -28 4.68843
      vertex 5.20105 -27.9324 4.61694
      vertex 5.09283 -27.9936 4.63341
    endloop
  endfacet
  facet normal -0.395192 0.815959 0.421942
    outer loop
      vertex 5.09283 -27.9936 4.63341
      vertex 4.84134 -28 4.41024
      vertex 5.13836 -28 4.68843
    endloop
  endfacet
  facet normal -0.396103 0.81497 0.422997
    outer loop
      vertex 4.84134 -28 4.41024
      vertex 5.09283 -27.9936 4.63341
      vertex 4.85662 -27.9858 4.39719
    endloop
  endfacet
  facet normal -0.306437 0.814752 0.492215
    outer loop
      vertex 6.48845 -27.1002 4.13296
      vertex 6.13108 -28 5.39989
      vertex 6.73075 -27.0143 4.14162
    endloop
  endfacet
  facet normal -0.306153 0.814793 0.492324
    outer loop
      vertex 6.13108 -28 5.39989
      vertex 6.48845 -27.1002 4.13296
      vertex 5.7855 -28 5.18499
    endloop
  endfacet
  facet normal -0.306418 0.814686 0.492336
    outer loop
      vertex 6.73075 -27.0143 4.14162
      vertex 6.57181 -27.0313 4.07083
      vertex 6.48845 -27.1002 4.13296
    endloop
  endfacet
  facet normal -0.306765 0.813983 0.493283
    outer loop
      vertex 6.57181 -27.0313 4.07083
      vertex 6.73075 -27.0143 4.14162
      vertex 6.58873 -27.0143 4.0533
    endloop
  endfacet
  facet normal -0.54263 0.81477 0.204211
    outer loop
      vertex 4.65739 -27.0143 1.55898
      vertex 3.34539 -28 2.00552
      vertex 4.69648 -27.0143 1.66285
    endloop
  endfacet
  facet normal -0.542855 0.81478 0.203571
    outer loop
      vertex 3.34539 -28 2.00552
      vertex 4.65739 -27.0143 1.55898
      vertex 3.345 -28 2.00448
    endloop
  endfacet
  facet normal -0.528546 0.814753 0.238364
    outer loop
      vertex 4.90017 -27.0143 2.1451
      vertex 3.6567 -28 2.75707
      vertex 3.65716 -28 2.75809
    endloop
  endfacet
  facet normal -0.528092 0.814769 0.239311
    outer loop
      vertex 3.6567 -28 2.75707
      vertex 4.90017 -27.0143 2.1451
      vertex 4.85436 -27.0143 2.04401
    endloop
  endfacet
  facet normal 0.46088 0.813575 0.354523
    outer loop
      vertex 14.435 -28 3.4645
      vertex 13.5031 -27.2454 2.94428
      vertex 14.4343 -28 3.46541
    endloop
  endfacet
  facet normal 0.470871 0.814749 0.338327
    outer loop
      vertex 14.435 -28 3.4645
      vertex 13.4433 -27.1686 2.84256
      vertex 13.5031 -27.2454 2.94428
    endloop
  endfacet
  facet normal 0.471958 0.814806 0.33667
    outer loop
      vertex 13.4433 -27.1686 2.84256
      vertex 14.435 -28 3.4645
      vertex 13.383 -27.1002 2.76155
    endloop
  endfacet
  facet normal 0.511344 0.814771 0.273268
    outer loop
      vertex 13.5475 -27.0143 2.24298
      vertex 14.6505 -28 3.11797
      vertex 14.8423 -28 2.75907
    endloop
  endfacet
  facet normal 0.511306 0.814776 0.273322
    outer loop
      vertex 14.6505 -28 3.11797
      vertex 13.5475 -27.0143 2.24298
      vertex 13.4502 -27.0143 2.425
    endloop
  endfacet
  facet normal 0.381546 0.815034 0.436052
    outer loop
      vertex 13.2989 -27.9324 4.61694
      vertex 13.3608 -28 4.68913
      vertex 13.3616 -28 4.68843
    endloop
  endfacet
  facet normal 0.366883 0.814974 0.448569
    outer loop
      vertex 13.3608 -28 4.68913
      vertex 13.2989 -27.9324 4.61694
      vertex 13.2843 -27.9246 4.61471
    endloop
  endfacet
  facet normal 0.442171 0.813638 0.377463
    outer loop
      vertex 13.6602 -28 4.40866
      vertex 13.6453 -27.9857 4.39529
      vertex 13.6595 -28 4.40948
    endloop
  endfacet
  facet normal 0.432831 0.813722 0.387961
    outer loop
      vertex 13.6453 -27.9857 4.39529
      vertex 13.6602 -28 4.40866
      vertex 13.6472 -27.9858 4.39338
    endloop
  endfacet
  facet normal 0.558595 0.81452 0.156615
    outer loop
      vertex 15.1553 -28 2.00341
      vertex 13.8426 -27.0143 1.55898
      vertex 15.155 -28 2.00448
    endloop
  endfacet
  facet normal 0.554847 0.814766 0.16823
    outer loop
      vertex 13.8426 -27.0143 1.55898
      vertex 15.1553 -28 2.00341
      vertex 13.8748 -27.0143 1.45278
    endloop
  endfacet
  facet normal 0.0936184 0.814815 0.572112
    outer loop
      vertex 10.0651 -28 6.18241
      vertex 9.98589 -27.5747 5.58965
      vertex 10.064 -28 6.18259
    endloop
  endfacet
  facet normal 0.0931978 0.814821 0.572173
    outer loop
      vertex 9.98589 -27.5747 5.58965
      vertex 10.0651 -28 6.18241
      vertex 10.0292 -27.5126 5.49416
    endloop
  endfacet
  facet normal -0.0566896 0.814843 0.576903
    outer loop
      vertex 8.76334 -27.8565 6.01216
      vertex 8.84215 -28 6.22259
      vertex 8.84837 -27.9324 6.12772
    endloop
  endfacet
  facet normal -0.0568257 0.814812 0.576933
    outer loop
      vertex 8.84215 -28 6.22259
      vertex 8.76334 -27.8565 6.01216
      vertex 8.43716 -28 6.1827
    endloop
  endfacet
  facet normal -0.0568446 0.814827 0.57691
    outer loop
      vertex 8.63138 -27.7196 5.8058
      vertex 8.43716 -28 6.1827
      vertex 8.76334 -27.8565 6.01216
    endloop
  endfacet
  facet normal -0.0564066 0.814743 0.577072
    outer loop
      vertex 8.43716 -28 6.1827
      vertex 8.63138 -27.7196 5.8058
      vertex 8.54937 -27.6189 5.65561
    endloop
  endfacet
  facet normal -0.0156762 0.814451 0.58002
    outer loop
      vertex 8.85562 -27.9392 6.13758
      vertex 8.84215 -28 6.22259
      vertex 8.84326 -28 6.22262
    endloop
  endfacet
  facet normal -0.0233004 0.8149 0.579133
    outer loop
      vertex 8.84215 -28 6.22259
      vertex 8.85562 -27.9392 6.13758
      vertex 8.84837 -27.9324 6.12772
    endloop
  endfacet
  facet normal -0.0944468 0.814751 0.572067
    outer loop
      vertex 8.47079 -27.5126 5.49416
      vertex 8.03343 -28 6.11612
      vertex 8.43495 -28 6.18241
    endloop
  endfacet
  facet normal -0.094673 0.814806 0.571951
    outer loop
      vertex 8.42322 -27.4445 5.38927
      vertex 8.03343 -28 6.11612
      vertex 8.47079 -27.5126 5.49416
    endloop
  endfacet
  facet normal -0.0946409 0.814801 0.571964
    outer loop
      vertex 8.34842 -27.3072 5.1813
      vertex 8.03343 -28 6.11612
      vertex 8.42322 -27.4445 5.38927
    endloop
  endfacet
  facet normal -0.0946175 0.814799 0.57197
    outer loop
      vertex 8.29486 -27.1687 4.97514
      vertex 8.03343 -28 6.11612
      vertex 8.34842 -27.3072 5.1813
    endloop
  endfacet
  facet normal -0.0943868 0.814792 0.572018
    outer loop
      vertex 8.03343 -28 6.11612
      vertex 8.29486 -27.1687 4.97514
      vertex 8.28027 -27.1002 4.87516
    endloop
  endfacet
  facet normal -0.131649 0.814793 0.564607
    outer loop
      vertex 8.28027 -27.1002 4.87516
      vertex 7.63711 -28 6.02371
      vertex 8.03343 -28 6.11612
    endloop
  endfacet
  facet normal -0.131536 0.814656 0.564831
    outer loop
      vertex 8.10281 -27.0143 4.70994
      vertex 8.28027 -27.1002 4.87516
      vertex 8.26526 -27.0313 4.77229
    endloop
  endfacet
  facet normal -0.131877 0.814091 0.565566
    outer loop
      vertex 8.10281 -27.0143 4.70994
      vertex 8.26526 -27.0313 4.77229
      vertex 8.26569 -27.0143 4.74792
    endloop
  endfacet
  facet normal -0.131388 0.814755 0.564723
    outer loop
      vertex 8.28027 -27.1002 4.87516
      vertex 8.10281 -27.0143 4.70994
      vertex 7.63711 -28 6.02371
    endloop
  endfacet
  facet normal -0.168325 0.814769 0.554814
    outer loop
      vertex 7.69102 -27.0143 4.59261
      vertex 7.24659 -28 5.90532
      vertex 7.79722 -27.0143 4.62483
    endloop
  endfacet
  facet normal -0.166139 0.814732 0.555526
    outer loop
      vertex 7.24659 -28 5.90532
      vertex 7.69102 -27.0143 4.59261
      vertex 7.24552 -28 5.905
    endloop
  endfacet
  facet normal -0.365947 0.814831 0.449592
    outer loop
      vertex 5.13922 -28 4.68913
      vertex 5.20105 -27.9324 4.61694
      vertex 5.13836 -28 4.68843
    endloop
  endfacet
  facet normal -0.366471 0.814839 0.449151
    outer loop
      vertex 5.20105 -27.9324 4.61694
      vertex 5.13922 -28 4.68913
      vertex 5.21566 -27.9246 4.61471
    endloop
  endfacet
  facet normal 0.490277 0.814706 0.309648
    outer loop
      vertex 13.4502 -27.0143 2.425
      vertex 14.6499 -28 3.11892
      vertex 14.6505 -28 3.11797
    endloop
  endfacet
  facet normal 0.492368 0.814775 0.30613
    outer loop
      vertex 14.6499 -28 3.11892
      vertex 13.4502 -27.0143 2.425
      vertex 13.3916 -27.0143 2.51925
    endloop
  endfacet
  facet normal 0.492331 0.814787 0.306157
    outer loop
      vertex 14.6499 -28 3.11892
      vertex 13.383 -27.1002 2.76155
      vertex 14.435 -28 3.4645
    endloop
  endfacet
  facet normal 0.492268 0.814764 0.306321
    outer loop
      vertex 13.3916 -27.0143 2.51925
      vertex 13.383 -27.1002 2.76155
      vertex 14.6499 -28 3.11892
    endloop
  endfacet
  facet normal 0.492074 0.814869 0.306352
    outer loop
      vertex 13.383 -27.1002 2.76155
      vertex 13.3916 -27.0143 2.51925
      vertex 13.3208 -27.0313 2.67819
    endloop
  endfacet
  facet normal 0.493671 0.813683 0.306937
    outer loop
      vertex 13.3208 -27.0313 2.67819
      vertex 13.3916 -27.0143 2.51925
      vertex 13.3033 -27.0143 2.66127
    endloop
  endfacet
  facet normal -0.0571741 0.814784 0.576939
    outer loop
      vertex 8.54937 -27.6189 5.65561
      vertex 8.43605 -28 6.18259
      vertex 8.43716 -28 6.1827
    endloop
  endfacet
  facet normal -0.0574139 0.814797 0.576897
    outer loop
      vertex 8.51781 -27.5802 5.59781
      vertex 8.43605 -28 6.18259
      vertex 8.54937 -27.6189 5.65561
    endloop
  endfacet
  facet normal -0.0602398 0.814847 0.576537
    outer loop
      vertex 8.43605 -28 6.18259
      vertex 8.51781 -27.5802 5.59781
      vertex 8.51411 -27.5747 5.58965
    endloop
  endfacet
  facet normal 0.57985 -0.814502 0.0189759
    outer loop
      vertex 15.4659 -46.0064 0.336761
      vertex 15.4726 -46 0.406735
      vertex 15.3876 -46.0608 0.394377
    endloop
  endfacet
  facet normal 0.581517 -0.81331 0.0190793
    outer loop
      vertex 15.4859 -46 0
      vertex 15.4659 -46.0064 0.336761
      vertex 15.4659 -46.0143 0
    endloop
  endfacet
  facet normal 0.579928 -0.814447 0.0189633
    outer loop
      vertex 15.4659 -46.0064 0.336761
      vertex 15.4859 -46 0
      vertex 15.4726 -46 0.406735
    endloop
  endfacet
  facet normal -0.0944468 -0.814751 0.572067
    outer loop
      vertex 8.03343 -46 6.11612
      vertex 8.47079 -46.4874 5.49416
      vertex 8.43495 -46 6.18241
    endloop
  endfacet
  facet normal -0.094673 -0.814806 0.571951
    outer loop
      vertex 8.03343 -46 6.11612
      vertex 8.42322 -46.5555 5.38927
      vertex 8.47079 -46.4874 5.49416
    endloop
  endfacet
  facet normal -0.0946409 -0.814801 0.571964
    outer loop
      vertex 8.03343 -46 6.11612
      vertex 8.34842 -46.6928 5.1813
      vertex 8.42322 -46.5555 5.38927
    endloop
  endfacet
  facet normal -0.0946175 -0.814799 0.57197
    outer loop
      vertex 8.03343 -46 6.11612
      vertex 8.29486 -46.8313 4.97514
      vertex 8.34842 -46.6928 5.1813
    endloop
  endfacet
  facet normal -0.0943868 -0.814792 0.572018
    outer loop
      vertex 8.29486 -46.8313 4.97514
      vertex 8.03343 -46 6.11612
      vertex 8.28027 -46.8998 4.87516
    endloop
  endfacet
  facet normal 0.423504 -0.814469 0.396591
    outer loop
      vertex 13.8834 -46.0064 4.15717
      vertex 13.6602 -46 4.40866
      vertex 13.6472 -46.0142 4.39338
    endloop
  endfacet
  facet normal 0.422428 -0.815479 0.395662
    outer loop
      vertex 13.8834 -46.0064 4.15717
      vertex 13.9384 -46 4.11164
      vertex 13.6602 -46 4.40866
    endloop
  endfacet
  facet normal 0.422927 -0.814887 0.396348
    outer loop
      vertex 13.9384 -46 4.11164
      vertex 13.8834 -46.0064 4.15717
      vertex 13.8669 -46.0676 4.04895
    endloop
  endfacet
  facet normal 0.571263 -0.814047 0.104819
    outer loop
      vertex 13.9347 -46.9857 1.25527
      vertex 15.2737 -46 1.61289
      vertex 15.2735 -46 1.61398
    endloop
  endfacet
  facet normal 0.564633 -0.814775 0.13165
    outer loop
      vertex 13.9347 -46.9857 1.25527
      vertex 13.9599 -46.9857 1.14719
      vertex 15.2737 -46 1.61289
    endloop
  endfacet
  facet normal 0.204215 -0.814772 0.542626
    outer loop
      vertex 10.9128 -46.9857 4.55352
      vertex 11.6364 -46 5.76126
      vertex 11.2555 -46 5.90461
    endloop
  endfacet
  facet normal 0.204215 -0.814772 0.542626
    outer loop
      vertex 11.6364 -46 5.76126
      vertex 10.9128 -46.9857 4.55352
      vertex 11.106 -46.9857 4.48081
    endloop
  endfacet
  facet normal 0.23929 -0.814771 0.528099
    outer loop
      vertex 11.3951 -46.9857 4.34983
      vertex 12.0071 -46 5.5933
      vertex 11.294 -46.9857 4.39564
    endloop
  endfacet
  facet normal 0.242268 -0.814817 0.526669
    outer loop
      vertex 12.0071 -46 5.5933
      vertex 11.3951 -46.9857 4.34983
      vertex 12.0081 -46 5.59284
    endloop
  endfacet
  facet normal -0.492324 -0.814793 0.306153
    outer loop
      vertex 3.85011 -46 3.11892
      vertex 5.11704 -46.8998 2.76155
      vertex 4.06501 -46 3.4645
    endloop
  endfacet
  facet normal -0.492215 -0.814752 0.306437
    outer loop
      vertex 5.10838 -46.9857 2.51925
      vertex 5.11704 -46.8998 2.76155
      vertex 3.85011 -46 3.11892
    endloop
  endfacet
  facet normal -0.492336 -0.814686 0.306418
    outer loop
      vertex 5.11704 -46.8998 2.76155
      vertex 5.10838 -46.9857 2.51925
      vertex 5.17917 -46.9687 2.67819
    endloop
  endfacet
  facet normal -0.493283 -0.813983 0.306765
    outer loop
      vertex 5.17917 -46.9687 2.67819
      vertex 5.10838 -46.9857 2.51925
      vertex 5.1967 -46.9857 2.66127
    endloop
  endfacet
  facet normal -0.577072 -0.814743 0.0564067
    outer loop
      vertex 3.0673 -46 0.812844
      vertex 3.4442 -46.2804 0.618622
      vertex 3.59439 -46.3811 0.700631
    endloop
  endfacet
  facet normal -0.576909 -0.814828 0.0568448
    outer loop
      vertex 3.0673 -46 0.812844
      vertex 3.23784 -46.1435 0.486664
      vertex 3.4442 -46.2804 0.618622
    endloop
  endfacet
  facet normal -0.576934 -0.814812 0.0568251
    outer loop
      vertex 3.02741 -46 0.407849
      vertex 3.23784 -46.1435 0.486664
      vertex 3.0673 -46 0.812844
    endloop
  endfacet
  facet normal -0.576904 -0.814843 0.0566892
    outer loop
      vertex 3.23784 -46.1435 0.486664
      vertex 3.02741 -46 0.407849
      vertex 3.12228 -46.0676 0.401631
    endloop
  endfacet
  facet normal 0.439835 -0.813674 0.380104
    outer loop
      vertex 13.6453 -46.0143 4.39529
      vertex 13.6602 -46 4.40866
      vertex 13.6595 -46 4.40947
    endloop
  endfacet
  facet normal 0.432831 -0.813722 0.387961
    outer loop
      vertex 13.6602 -46 4.40866
      vertex 13.6453 -46.0143 4.39529
      vertex 13.6472 -46.0142 4.39338
    endloop
  endfacet
  facet normal 0.492331 -0.814787 0.306157
    outer loop
      vertex 13.383 -46.8998 2.76155
      vertex 14.6499 -46 3.11892
      vertex 14.435 -46 3.4645
    endloop
  endfacet
  facet normal 0.492074 -0.814869 0.306352
    outer loop
      vertex 13.3916 -46.9857 2.51925
      vertex 13.383 -46.8998 2.76155
      vertex 13.3208 -46.9687 2.67819
    endloop
  endfacet
  facet normal 0.493671 -0.813683 0.306937
    outer loop
      vertex 13.3916 -46.9857 2.51925
      vertex 13.3208 -46.9687 2.67819
      vertex 13.3033 -46.9857 2.66127
    endloop
  endfacet
  facet normal 0.492268 -0.814764 0.306321
    outer loop
      vertex 13.383 -46.8998 2.76155
      vertex 13.3916 -46.9857 2.51925
      vertex 14.6499 -46 3.11892
    endloop
  endfacet
  facet normal 0.572271 -0.814759 0.0931351
    outer loop
      vertex 14.2251 -46.8313 0.955139
      vertex 15.3661 -46 1.21657
      vertex 14.1252 -46.8998 0.969729
    endloop
  endfacet
  facet normal 0.57192 -0.81481 0.0948269
    outer loop
      vertex 14.4313 -46.6928 0.901581
      vertex 15.3661 -46 1.21657
      vertex 14.2251 -46.8313 0.955139
    endloop
  endfacet
  facet normal 0.571934 -0.814806 0.0947782
    outer loop
      vertex 14.6393 -46.5555 0.826782
      vertex 15.3661 -46 1.21657
      vertex 14.4313 -46.6928 0.901581
    endloop
  endfacet
  facet normal 0.571941 -0.814803 0.0947613
    outer loop
      vertex 14.7442 -46.4874 0.779205
      vertex 15.3661 -46 1.21657
      vertex 14.6393 -46.5555 0.826782
    endloop
  endfacet
  facet normal 0.572092 -0.814731 0.094466
    outer loop
      vertex 15.3661 -46 1.21657
      vertex 14.7442 -46.4874 0.779205
      vertex 15.4324 -46 0.815053
    endloop
  endfacet
  facet normal 0.578856 -0.815016 0.0259949
    outer loop
      vertex 15.3876 -46.0608 0.394377
      vertex 15.4726 -46 0.407849
      vertex 15.3777 -46.0676 0.401631
    endloop
  endfacet
  facet normal 0.581781 -0.813345 0
    outer loop
      vertex 15.4726 -46 0.407849
      vertex 15.3876 -46.0608 0.394377
      vertex 15.4726 -46 0.406735
    endloop
  endfacet
  facet normal 0.0944506 -0.814755 0.572061
    outer loop
      vertex 10.0292 -46.4874 5.49416
      vertex 10.4666 -46 6.11612
      vertex 10.0651 -46 6.18241
    endloop
  endfacet
  facet normal 0.0946438 -0.814802 0.571962
    outer loop
      vertex 10.0768 -46.5555 5.38927
      vertex 10.4666 -46 6.11612
      vertex 10.0292 -46.4874 5.49416
    endloop
  endfacet
  facet normal 0.0946394 -0.814801 0.571963
    outer loop
      vertex 10.1516 -46.6928 5.1813
      vertex 10.4666 -46 6.11612
      vertex 10.0768 -46.5555 5.38927
    endloop
  endfacet
  facet normal 0.0946625 -0.814803 0.571957
    outer loop
      vertex 10.2051 -46.8313 4.97514
      vertex 10.4666 -46 6.11612
      vertex 10.1516 -46.6928 5.1813
    endloop
  endfacet
  facet normal 0.0943464 -0.814794 0.572023
    outer loop
      vertex 10.4666 -46 6.11612
      vertex 10.2051 -46.8313 4.97514
      vertex 10.2197 -46.8998 4.87516
    endloop
  endfacet
  facet normal 0.239252 -0.814773 0.528113
    outer loop
      vertex 11.294 -46.9857 4.39564
      vertex 11.6364 -46 5.76126
      vertex 11.106 -46.9857 4.48081
    endloop
  endfacet
  facet normal 0.239278 -0.814771 0.528105
    outer loop
      vertex 11.6364 -46 5.76126
      vertex 11.294 -46.9857 4.39564
      vertex 12.0071 -46 5.5933
    endloop
  endfacet
  facet normal -0.447635 -0.814956 0.368063
    outer loop
      vertex 4.56087 -46 4.11078
      vertex 4.65465 -46.1435 3.9071
      vertex 4.63529 -46.0754 4.03434
    endloop
  endfacet
  facet normal -0.448111 -0.814832 0.367756
    outer loop
      vertex 4.3027 -46 3.7962
      vertex 4.65465 -46.1435 3.9071
      vertex 4.56087 -46 4.11078
    endloop
  endfacet
  facet normal -0.448139 -0.814699 0.368018
    outer loop
      vertex 4.3027 -46 3.7962
      vertex 4.70726 -46.2805 3.66788
      vertex 4.65465 -46.1435 3.9071
    endloop
  endfacet
  facet normal -0.448355 -0.814794 0.367545
    outer loop
      vertex 4.3027 -46 3.7962
      vertex 4.77402 -46.4198 3.44051
      vertex 4.70726 -46.2805 3.66788
    endloop
  endfacet
  facet normal -0.450223 -0.814848 0.365132
    outer loop
      vertex 4.77402 -46.4198 3.44051
      vertex 4.3027 -46 3.7962
      vertex 4.77717 -46.4253 3.43212
    endloop
  endfacet
  facet normal -0.528103 -0.814768 0.239291
    outer loop
      vertex 3.48874 -46 2.38639
      vertex 4.85436 -46.9857 2.04401
      vertex 3.6567 -46 2.75707
    endloop
  endfacet
  facet normal -0.528115 -0.814771 0.239253
    outer loop
      vertex 4.85436 -46.9857 2.04401
      vertex 3.48874 -46 2.38639
      vertex 4.76919 -46.9857 1.85601
    endloop
  endfacet
  facet normal -0.542624 -0.814769 0.20423
    outer loop
      vertex 4.69648 -46.9857 1.66285
      vertex 3.48874 -46 2.38639
      vertex 3.34539 -46 2.00552
    endloop
  endfacet
  facet normal -0.542613 -0.814771 0.204252
    outer loop
      vertex 3.48874 -46 2.38639
      vertex 4.69648 -46.9857 1.66285
      vertex 4.76919 -46.9857 1.85601
    endloop
  endfacet
  facet normal -0.580026 -0.814448 0.0156201
    outer loop
      vertex 3.11242 -46.0608 0.394377
      vertex 3.02741 -46 0.407849
      vertex 3.02738 -46 0.406735
    endloop
  endfacet
  facet normal -0.579134 -0.8149 0.0232892
    outer loop
      vertex 3.02741 -46 0.407849
      vertex 3.11242 -46.0608 0.394377
      vertex 3.12228 -46.0676 0.401631
    endloop
  endfacet
  facet normal 0.492368 -0.814775 0.30613
    outer loop
      vertex 13.4502 -46.9857 2.425
      vertex 14.6499 -46 3.11892
      vertex 13.3916 -46.9857 2.51925
    endloop
  endfacet
  facet normal 0.490277 -0.814706 0.309648
    outer loop
      vertex 14.6499 -46 3.11892
      vertex 13.4502 -46.9857 2.425
      vertex 14.6505 -46 3.11797
    endloop
  endfacet
  facet normal 0.396146 -0.81489 0.423111
    outer loop
      vertex 13.3616 -46 4.68843
      vertex 13.2989 -46.0676 4.61694
      vertex 13.4072 -46.0064 4.63341
    endloop
  endfacet
  facet normal 0.396254 -0.814797 0.423189
    outer loop
      vertex 13.4072 -46.0064 4.63341
      vertex 13.6587 -46 4.41024
      vertex 13.3616 -46 4.68843
    endloop
  endfacet
  facet normal 0.395923 -0.815157 0.422806
    outer loop
      vertex 13.6587 -46 4.41024
      vertex 13.4072 -46.0064 4.63341
      vertex 13.6434 -46.0142 4.39719
    endloop
  endfacet
  facet normal 0.367731 -0.814846 0.448108
    outer loop
      vertex 13.1571 -46.1435 4.59535
      vertex 13.3608 -46 4.68913
      vertex 13.0462 -46 4.9473
    endloop
  endfacet
  facet normal 0.368309 -0.815078 0.447209
    outer loop
      vertex 13.3608 -46 4.68913
      vertex 13.1571 -46.1435 4.59535
      vertex 13.2843 -46.0754 4.61471
    endloop
  endfacet
  facet normal 0.368041 -0.814687 0.448141
    outer loop
      vertex 13.0462 -46 4.9473
      vertex 12.9179 -46.2805 4.54274
      vertex 13.1571 -46.1435 4.59535
    endloop
  endfacet
  facet normal 0.367487 -0.814798 0.448394
    outer loop
      vertex 13.0462 -46 4.9473
      vertex 12.6905 -46.4198 4.47598
      vertex 12.9179 -46.2805 4.54274
    endloop
  endfacet
  facet normal 0.364537 -0.814863 0.450678
    outer loop
      vertex 12.6905 -46.4198 4.47598
      vertex 13.0462 -46 4.9473
      vertex 12.6821 -46.4253 4.47283
    endloop
  endfacet
  facet normal 0.554786 -0.814775 0.168389
    outer loop
      vertex 13.8748 -46.9857 1.45278
      vertex 15.2735 -46 1.61398
      vertex 15.1553 -46 2.00341
    endloop
  endfacet
  facet normal 0.554809 -0.814786 0.16826
    outer loop
      vertex 15.2735 -46 1.61398
      vertex 13.8748 -46.9857 1.45278
      vertex 13.9347 -46.9857 1.25527
    endloop
  endfacet
  facet normal -0.0571741 -0.814784 0.576939
    outer loop
      vertex 8.43605 -46 6.18259
      vertex 8.54937 -46.3811 5.65561
      vertex 8.43716 -46 6.1827
    endloop
  endfacet
  facet normal -0.0574139 -0.814797 0.576897
    outer loop
      vertex 8.43605 -46 6.18259
      vertex 8.51781 -46.4198 5.59781
      vertex 8.54937 -46.3811 5.65561
    endloop
  endfacet
  facet normal -0.0602398 -0.814847 0.576537
    outer loop
      vertex 8.51781 -46.4198 5.59781
      vertex 8.43605 -46 6.18259
      vertex 8.51411 -46.4253 5.58965
    endloop
  endfacet
  facet normal 0.168301 -0.814768 0.554823
    outer loop
      vertex 10.7028 -46.9857 4.62483
      vertex 10.864 -46 6.02345
      vertex 10.5053 -46.9857 4.68474
    endloop
  endfacet
  facet normal 0.168313 -0.814767 0.554821
    outer loop
      vertex 10.864 -46 6.02345
      vertex 10.7028 -46.9857 4.62483
      vertex 11.2534 -46 5.90532
    endloop
  endfacet
  facet normal 0.0936184 -0.814815 0.572112
    outer loop
      vertex 9.98589 -46.4253 5.58965
      vertex 10.0651 -46 6.18241
      vertex 10.064 -46 6.18259
    endloop
  endfacet
  facet normal 0.0931978 -0.814821 0.572173
    outer loop
      vertex 10.0651 -46 6.18241
      vertex 9.98589 -46.4253 5.58965
      vertex 10.0292 -46.4874 5.49416
    endloop
  endfacet
  facet normal -0.306153 -0.814793 0.492324
    outer loop
      vertex 6.48845 -46.8998 4.13296
      vertex 6.13108 -46 5.39989
      vertex 5.7855 -46 5.18499
    endloop
  endfacet
  facet normal -0.306437 -0.814752 0.492215
    outer loop
      vertex 6.13108 -46 5.39989
      vertex 6.48845 -46.8998 4.13296
      vertex 6.73075 -46.9857 4.14162
    endloop
  endfacet
  facet normal -0.306418 -0.814686 0.492336
    outer loop
      vertex 6.57181 -46.9687 4.07083
      vertex 6.73075 -46.9857 4.14162
      vertex 6.48845 -46.8998 4.13296
    endloop
  endfacet
  facet normal -0.306765 -0.813983 0.493283
    outer loop
      vertex 6.73075 -46.9857 4.14162
      vertex 6.57181 -46.9687 4.07083
      vertex 6.58873 -46.9857 4.0533
    endloop
  endfacet
  facet normal -0.400105 -0.814105 0.42089
    outer loop
      vertex 4.85471 -46.0143 4.39529
      vertex 4.84134 -46 4.41024
      vertex 4.84053 -46 4.40947
    endloop
  endfacet
  facet normal -0.387442 -0.814232 0.432336
    outer loop
      vertex 4.84134 -46 4.41024
      vertex 4.85471 -46.0143 4.39529
      vertex 4.85662 -46.0142 4.39719
    endloop
  endfacet
  facet normal -0.395192 -0.815959 0.421942
    outer loop
      vertex 4.84134 -46 4.41024
      vertex 5.09283 -46.0064 4.63341
      vertex 5.13836 -46 4.68843
    endloop
  endfacet
  facet normal -0.396103 -0.81497 0.422997
    outer loop
      vertex 5.09283 -46.0064 4.63341
      vertex 4.84134 -46 4.41024
      vertex 4.85662 -46.0142 4.39719
    endloop
  endfacet
  facet normal -0.396462 -0.814864 0.422865
    outer loop
      vertex 5.13836 -46 4.68843
      vertex 5.09283 -46.0064 4.63341
      vertex 5.20105 -46.0676 4.61694
    endloop
  endfacet
  facet normal -0.203571 -0.81478 0.542855
    outer loop
      vertex 7.24448 -46 5.90461
      vertex 7.69102 -46.9857 4.59261
      vertex 7.24552 -46 5.905
    endloop
  endfacet
  facet normal -0.204211 -0.81477 0.54263
    outer loop
      vertex 7.69102 -46.9857 4.59261
      vertex 7.24448 -46 5.90461
      vertex 7.58715 -46.9857 4.55352
    endloop
  endfacet
  facet normal -0.471242 -0.8148 0.337686
    outer loop
      vertex 4.06566 -46 3.46541
      vertex 4.77717 -46.4253 3.43212
      vertex 4.3027 -46 3.7962
    endloop
  endfacet
  facet normal -0.471197 -0.814742 0.337887
    outer loop
      vertex 4.06566 -46 3.46541
      vertex 4.8546 -46.5555 3.22615
      vertex 4.77717 -46.4253 3.43212
    endloop
  endfacet
  facet normal -0.471338 -0.814799 0.337555
    outer loop
      vertex 4.06566 -46 3.46541
      vertex 4.94876 -46.6928 3.02621
      vertex 4.8546 -46.5555 3.22615
    endloop
  endfacet
  facet normal -0.471302 -0.814793 0.337618
    outer loop
      vertex 4.94876 -46.6928 3.02621
      vertex 4.06566 -46 3.46541
      vertex 4.99691 -46.7546 2.94428
    endloop
  endfacet
  facet normal -0.471716 -0.814835 0.33694
    outer loop
      vertex 4.06501 -46 3.4645
      vertex 4.99691 -46.7546 2.94428
      vertex 4.06566 -46 3.46541
    endloop
  endfacet
  facet normal -0.470708 -0.814732 0.338595
    outer loop
      vertex 4.06501 -46 3.4645
      vertex 5.05667 -46.8314 2.84256
      vertex 4.99691 -46.7546 2.94428
    endloop
  endfacet
  facet normal -0.472485 -0.814824 0.335885
    outer loop
      vertex 5.05667 -46.8314 2.84256
      vertex 4.06501 -46 3.4645
      vertex 5.11704 -46.8998 2.76155
    endloop
  endfacet
  facet normal -0.492523 -0.814774 0.305883
    outer loop
      vertex 5.04978 -46.9857 2.425
      vertex 3.85011 -46 3.11892
      vertex 3.84952 -46 3.11797
    endloop
  endfacet
  facet normal -0.492374 -0.81477 0.306134
    outer loop
      vertex 3.85011 -46 3.11892
      vertex 5.04978 -46.9857 2.425
      vertex 5.10838 -46.9857 2.51925
    endloop
  endfacet
  facet normal -0.511324 -0.814768 0.273314
    outer loop
      vertex 4.95248 -46.9857 2.24298
      vertex 3.84952 -46 3.11797
      vertex 3.65768 -46 2.75907
    endloop
  endfacet
  facet normal -0.511315 -0.81477 0.273327
    outer loop
      vertex 3.84952 -46 3.11797
      vertex 4.95248 -46.9857 2.24298
      vertex 5.04978 -46.9857 2.425
    endloop
  endfacet
  facet normal -0.579702 -0.814615 0.018669
    outer loop
      vertex 3.02738 -46 0.406735
      vertex 3.03412 -46.0064 0.336761
      vertex 3.11242 -46.0608 0.394377
    endloop
  endfacet
  facet normal -0.578073 -0.815765 0.0189311
    outer loop
      vertex 3.01406 -46 0
      vertex 3.03412 -46.0064 0.336761
      vertex 3.02738 -46 0.406735
    endloop
  endfacet
  facet normal -0.580364 -0.814133 0.0190986
    outer loop
      vertex 3.03412 -46.0064 0.336761
      vertex 3.01406 -46 0
      vertex 3.03412 -46.0143 0
    endloop
  endfacet
  facet normal -0.572117 -0.814811 0.0936192
    outer loop
      vertex 3.66035 -46.4253 0.735892
      vertex 3.06759 -46 0.815053
      vertex 3.06741 -46 0.813953
    endloop
  endfacet
  facet normal -0.572177 -0.814817 0.0932055
    outer loop
      vertex 3.06759 -46 0.815053
      vertex 3.66035 -46.4253 0.735892
      vertex 3.75584 -46.4874 0.779205
    endloop
  endfacet
  facet normal -0.554823 -0.814768 0.1683
    outer loop
      vertex 3.22655 -46 1.61398
      vertex 4.62517 -46.9857 1.45278
      vertex 3.34468 -46 2.00341
    endloop
  endfacet
  facet normal -0.554824 -0.814768 0.168293
    outer loop
      vertex 4.62517 -46.9857 1.45278
      vertex 3.22655 -46 1.61398
      vertex 4.56526 -46.9857 1.25527
    endloop
  endfacet
  facet normal 0.449568 -0.814853 0.365927
    outer loop
      vertex 13.8669 -46.0676 4.04895
      vertex 13.9391 -46 4.11078
      vertex 13.9384 -46 4.11164
    endloop
  endfacet
  facet normal 0.448194 -0.814877 0.367557
    outer loop
      vertex 13.9391 -46 4.11078
      vertex 13.8669 -46.0676 4.04895
      vertex 13.8647 -46.0754 4.03434
    endloop
  endfacet
  facet normal 0.51136 -0.814773 0.273234
    outer loop
      vertex 13.5998 -46.9857 2.1451
      vertex 14.8423 -46 2.75907
      vertex 13.5475 -46.9857 2.24298
    endloop
  endfacet
  facet normal 0.516301 -0.814889 0.263419
    outer loop
      vertex 14.8423 -46 2.75907
      vertex 13.5998 -46.9857 2.1451
      vertex 14.8428 -46 2.75809
    endloop
  endfacet
  facet normal 0.511306 -0.814776 0.273322
    outer loop
      vertex 13.5475 -46.9857 2.24298
      vertex 14.6505 -46 3.11797
      vertex 13.4502 -46.9857 2.425
    endloop
  endfacet
  facet normal 0.511344 -0.814771 0.273268
    outer loop
      vertex 14.6505 -46 3.11797
      vertex 13.5475 -46.9857 2.24298
      vertex 14.8423 -46 2.75907
    endloop
  endfacet
  facet normal 0.337675 -0.814806 0.47124
    outer loop
      vertex 12.7154 -46 5.18434
      vertex 12.6821 -46.4253 4.47283
      vertex 13.0462 -46 4.9473
    endloop
  endfacet
  facet normal 0.337994 -0.814714 0.47117
    outer loop
      vertex 12.7154 -46 5.18434
      vertex 12.4762 -46.5555 4.3954
      vertex 12.6821 -46.4253 4.47283
    endloop
  endfacet
  facet normal 0.337427 -0.81481 0.47141
    outer loop
      vertex 12.7154 -46 5.18434
      vertex 12.2762 -46.6928 4.30124
      vertex 12.4762 -46.5555 4.3954
    endloop
  endfacet
  facet normal 0.337786 -0.814779 0.471207
    outer loop
      vertex 12.2762 -46.6928 4.30124
      vertex 12.7154 -46 5.18434
      vertex 12.1943 -46.7546 4.25309
    endloop
  endfacet
  facet normal 0.339542 -0.814668 0.470135
    outer loop
      vertex 12.7145 -46 5.18499
      vertex 12.1943 -46.7546 4.25309
      vertex 12.7154 -46 5.18434
    endloop
  endfacet
  facet normal 0.338684 -0.814723 0.470658
    outer loop
      vertex 12.7145 -46 5.18499
      vertex 12.0926 -46.8314 4.19333
      vertex 12.1943 -46.7546 4.25309
    endloop
  endfacet
  facet normal 0.335941 -0.814817 0.472458
    outer loop
      vertex 12.0926 -46.8314 4.19333
      vertex 12.7145 -46 5.18499
      vertex 12.0116 -46.8998 4.13296
    endloop
  endfacet
  facet normal 0.273313 -0.814769 0.511323
    outer loop
      vertex 11.493 -46.9857 4.29752
      vertex 12.368 -46 5.40048
      vertex 12.0091 -46 5.59232
    endloop
  endfacet
  facet normal 0.273348 -0.814773 0.511299
    outer loop
      vertex 11.675 -46.9857 4.20022
      vertex 12.368 -46 5.40048
      vertex 11.493 -46.9857 4.29752
    endloop
  endfacet
  facet normal 0.318091 -0.814479 0.485224
    outer loop
      vertex 11.675 -46.9857 4.20022
      vertex 12.3689 -46 5.39989
      vertex 12.368 -46 5.40048
    endloop
  endfacet
  facet normal 0.306254 -0.814766 0.492306
    outer loop
      vertex 12.3689 -46 5.39989
      vertex 11.675 -46.9857 4.20022
      vertex 11.7692 -46.9857 4.14162
    endloop
  endfacet
  facet normal 0.577059 -0.81475 0.0564434
    outer loop
      vertex 15.0558 -46.2804 0.618622
      vertex 15.4327 -46 0.812844
      vertex 14.9056 -46.3811 0.700631
    endloop
  endfacet
  facet normal 0.576873 -0.814847 0.0569429
    outer loop
      vertex 15.2622 -46.1435 0.486664
      vertex 15.4327 -46 0.812844
      vertex 15.0558 -46.2804 0.618622
    endloop
  endfacet
  facet normal 0.576994 -0.814768 0.0568453
    outer loop
      vertex 15.2622 -46.1435 0.486664
      vertex 15.4726 -46 0.407849
      vertex 15.4327 -46 0.812844
    endloop
  endfacet
  facet normal 0.576828 -0.814937 0.0560945
    outer loop
      vertex 15.4726 -46 0.407849
      vertex 15.2622 -46.1435 0.486664
      vertex 15.3777 -46.0676 0.401631
    endloop
  endfacet
  facet normal 0.56509 -0.814428 0.131834
    outer loop
      vertex 13.9599 -46.9857 1.14719
      vertex 13.9979 -46.9857 0.984308
      vertex 14.0223 -46.9687 0.984741
    endloop
  endfacet
  facet normal 0.564657 -0.814771 0.131572
    outer loop
      vertex 14.1252 -46.8998 0.969729
      vertex 15.2737 -46 1.61289
      vertex 13.9599 -46.9857 1.14719
    endloop
  endfacet
  facet normal 0.564723 -0.81471 0.131664
    outer loop
      vertex 14.1252 -46.8998 0.969729
      vertex 13.9599 -46.9857 1.14719
      vertex 14.0223 -46.9687 0.984741
    endloop
  endfacet
  facet normal 0.564627 -0.814781 0.13164
    outer loop
      vertex 15.2737 -46 1.61289
      vertex 14.1252 -46.8998 0.969729
      vertex 15.3661 -46 1.21657
    endloop
  endfacet
  facet normal 0.542614 -0.814769 0.204257
    outer loop
      vertex 13.8426 -46.9857 1.55898
      vertex 15.1546 -46 2.00552
      vertex 13.8035 -46.9857 1.66285
    endloop
  endfacet
  facet normal 0.541231 -0.8147 0.208166
    outer loop
      vertex 15.1546 -46 2.00552
      vertex 13.8426 -46.9857 1.55898
      vertex 15.155 -46 2.00448
    endloop
  endfacet
  facet normal 0.528069 -0.814778 0.239332
    outer loop
      vertex 13.6456 -46.9857 2.04401
      vertex 15.0113 -46 2.38639
      vertex 14.8433 -46 2.75707
    endloop
  endfacet
  facet normal 0.528073 -0.814779 0.239318
    outer loop
      vertex 15.0113 -46 2.38639
      vertex 13.6456 -46.9857 2.04401
      vertex 13.7308 -46.9857 1.85601
    endloop
  endfacet
  facet normal 0.542611 -0.81478 0.204223
    outer loop
      vertex 13.8035 -46.9857 1.66285
      vertex 15.0113 -46 2.38639
      vertex 13.7308 -46.9857 1.85601
    endloop
  endfacet
  facet normal 0.542641 -0.814775 0.204165
    outer loop
      vertex 15.0113 -46 2.38639
      vertex 13.8035 -46.9857 1.66285
      vertex 15.1546 -46 2.00552
    endloop
  endfacet
  facet normal -0.0155367 -0.814443 0.580036
    outer loop
      vertex 8.84215 -46 6.22259
      vertex 8.85562 -46.0608 6.13758
      vertex 8.84327 -46 6.22262
    endloop
  endfacet
  facet normal -0.0233004 -0.8149 0.579133
    outer loop
      vertex 8.85562 -46.0608 6.13758
      vertex 8.84215 -46 6.22259
      vertex 8.84837 -46.0676 6.12772
    endloop
  endfacet
  facet normal 0.0190986 -0.814133 0.580364
    outer loop
      vertex 9.58676 -46.0064 6.21588
      vertex 9.25 -46 6.23594
      vertex 9.25 -46.0143 6.21588
    endloop
  endfacet
  facet normal 0.0189315 -0.815762 0.578078
    outer loop
      vertex 9.25 -46 6.23594
      vertex 9.58676 -46.0064 6.21588
      vertex 9.65673 -46 6.22262
    endloop
  endfacet
  facet normal 0.0186699 -0.814614 0.579703
    outer loop
      vertex 9.65673 -46 6.22262
      vertex 9.58676 -46.0064 6.21588
      vertex 9.64438 -46.0608 6.13758
    endloop
  endfacet
  facet normal -0.0186699 -0.814614 0.579703
    outer loop
      vertex 8.84327 -46 6.22262
      vertex 8.85562 -46.0608 6.13758
      vertex 8.91324 -46.0064 6.21588
    endloop
  endfacet
  facet normal -0.0189315 -0.815762 0.578078
    outer loop
      vertex 8.91324 -46.0064 6.21588
      vertex 9.25 -46 6.23594
      vertex 8.84327 -46 6.22262
    endloop
  endfacet
  facet normal -0.0190986 -0.814133 0.580364
    outer loop
      vertex 9.25 -46 6.23594
      vertex 8.91324 -46.0064 6.21588
      vertex 9.25 -46.0143 6.21588
    endloop
  endfacet
  facet normal 0.131655 -0.814796 0.564601
    outer loop
      vertex 10.2197 -46.8998 4.87516
      vertex 10.8629 -46 6.02371
      vertex 10.4666 -46 6.11612
    endloop
  endfacet
  facet normal 0.13149 -0.81467 0.564821
    outer loop
      vertex 10.3972 -46.9857 4.70994
      vertex 10.2197 -46.8998 4.87516
      vertex 10.2347 -46.9687 4.77229
    endloop
  endfacet
  facet normal 0.131886 -0.814014 0.565674
    outer loop
      vertex 10.3972 -46.9857 4.70994
      vertex 10.2347 -46.9687 4.77229
      vertex 10.2343 -46.9857 4.74792
    endloop
  endfacet
  facet normal 0.131366 -0.814753 0.56473
    outer loop
      vertex 10.2197 -46.8998 4.87516
      vertex 10.3972 -46.9857 4.70994
      vertex 10.8629 -46 6.02371
    endloop
  endfacet
  facet normal 0.131629 -0.814768 0.564648
    outer loop
      vertex 10.5053 -46.9857 4.68474
      vertex 10.8629 -46 6.02371
      vertex 10.3972 -46.9857 4.70994
    endloop
  endfacet
  facet normal 0.133358 -0.814794 0.564205
    outer loop
      vertex 10.8629 -46 6.02371
      vertex 10.5053 -46.9857 4.68474
      vertex 10.864 -46 6.02345
    endloop
  endfacet
  facet normal 0.210726 -0.814644 0.540324
    outer loop
      vertex 10.809 -46.9857 4.59261
      vertex 11.2555 -46 5.90461
      vertex 11.2545 -46 5.905
    endloop
  endfacet
  facet normal 0.204334 -0.814765 0.542591
    outer loop
      vertex 11.2555 -46 5.90461
      vertex 10.809 -46.9857 4.59261
      vertex 10.9128 -46.9857 4.55352
    endloop
  endfacet
  facet normal 0.0155367 -0.814443 0.580036
    outer loop
      vertex 9.64438 -46.0608 6.13758
      vertex 9.65785 -46 6.22259
      vertex 9.65673 -46 6.22262
    endloop
  endfacet
  facet normal 0.0233004 -0.8149 0.579133
    outer loop
      vertex 9.65785 -46 6.22259
      vertex 9.64438 -46.0608 6.13758
      vertex 9.65163 -46.0676 6.12772
    endloop
  endfacet
  facet normal 0.0566896 -0.814843 0.576903
    outer loop
      vertex 9.73666 -46.1435 6.01216
      vertex 9.65785 -46 6.22259
      vertex 9.65163 -46.0676 6.12772
    endloop
  endfacet
  facet normal 0.0568315 -0.814811 0.576934
    outer loop
      vertex 9.65785 -46 6.22259
      vertex 9.73666 -46.1435 6.01216
      vertex 10.0628 -46 6.1827
    endloop
  endfacet
  facet normal 0.0568497 -0.814826 0.576912
    outer loop
      vertex 9.86862 -46.2804 5.8058
      vertex 10.0628 -46 6.1827
      vertex 9.73666 -46.1435 6.01216
    endloop
  endfacet
  facet normal 0.0564121 -0.814741 0.577074
    outer loop
      vertex 10.0628 -46 6.1827
      vertex 9.86862 -46.2804 5.8058
      vertex 9.95063 -46.3811 5.65561
    endloop
  endfacet
  facet normal 0.0529533 -0.81455 0.577672
    outer loop
      vertex 9.95063 -46.3811 5.65561
      vertex 10.064 -46 6.18259
      vertex 10.0628 -46 6.1827
    endloop
  endfacet
  facet normal 0.0574069 -0.814799 0.576894
    outer loop
      vertex 9.98219 -46.4198 5.59781
      vertex 10.064 -46 6.18259
      vertex 9.95063 -46.3811 5.65561
    endloop
  endfacet
  facet normal 0.0602312 -0.814849 0.576535
    outer loop
      vertex 10.064 -46 6.18259
      vertex 9.98219 -46.4198 5.59781
      vertex 9.98589 -46.4253 5.58965
    endloop
  endfacet
  facet normal -0.33694 -0.814835 0.471716
    outer loop
      vertex 6.30572 -46.7546 4.25309
      vertex 5.7855 -46 5.18499
      vertex 5.78459 -46 5.18434
    endloop
  endfacet
  facet normal -0.338595 -0.814732 0.470708
    outer loop
      vertex 6.40744 -46.8314 4.19333
      vertex 5.7855 -46 5.18499
      vertex 6.30572 -46.7546 4.25309
    endloop
  endfacet
  facet normal -0.335885 -0.814824 0.472485
    outer loop
      vertex 5.7855 -46 5.18499
      vertex 6.40744 -46.8314 4.19333
      vertex 6.48845 -46.8998 4.13296
    endloop
  endfacet
  facet normal -0.20423 -0.814769 0.542624
    outer loop
      vertex 6.86361 -46 5.76126
      vertex 7.58715 -46.9857 4.55352
      vertex 7.24448 -46 5.90461
    endloop
  endfacet
  facet normal -0.204252 -0.814771 0.542613
    outer loop
      vertex 7.58715 -46.9857 4.55352
      vertex 6.86361 -46 5.76126
      vertex 7.39399 -46.9857 4.48081
    endloop
  endfacet
  facet normal -0.239291 -0.814768 0.528103
    outer loop
      vertex 7.20599 -46.9857 4.39564
      vertex 6.86361 -46 5.76126
      vertex 6.49293 -46 5.5933
    endloop
  endfacet
  facet normal -0.239253 -0.814771 0.528115
    outer loop
      vertex 6.86361 -46 5.76126
      vertex 7.20599 -46.9857 4.39564
      vertex 7.39399 -46.9857 4.48081
    endloop
  endfacet
  facet normal -0.131649 -0.814793 0.564607
    outer loop
      vertex 7.63711 -46 6.02371
      vertex 8.28027 -46.8998 4.87516
      vertex 8.03343 -46 6.11612
    endloop
  endfacet
  facet normal -0.131388 -0.814755 0.564723
    outer loop
      vertex 8.10281 -46.9857 4.70994
      vertex 8.28027 -46.8998 4.87516
      vertex 7.63711 -46 6.02371
    endloop
  endfacet
  facet normal -0.131536 -0.814656 0.564831
    outer loop
      vertex 8.28027 -46.8998 4.87516
      vertex 8.10281 -46.9857 4.70994
      vertex 8.26526 -46.9687 4.77229
    endloop
  endfacet
  facet normal -0.131877 -0.814091 0.565566
    outer loop
      vertex 8.26526 -46.9687 4.77229
      vertex 8.10281 -46.9857 4.70994
      vertex 8.26569 -46.9857 4.74792
    endloop
  endfacet
  facet normal -0.449592 -0.814831 0.365947
    outer loop
      vertex 4.56087 -46 4.11078
      vertex 4.63306 -46.0676 4.04895
      vertex 4.56157 -46 4.11164
    endloop
  endfacet
  facet normal -0.449151 -0.814839 0.366471
    outer loop
      vertex 4.63306 -46.0676 4.04895
      vertex 4.56087 -46 4.11078
      vertex 4.63529 -46.0754 4.03434
    endloop
  endfacet
  facet normal -0.528546 -0.814753 0.238364
    outer loop
      vertex 3.6567 -46 2.75707
      vertex 4.90017 -46.9857 2.1451
      vertex 3.65716 -46 2.75809
    endloop
  endfacet
  facet normal -0.528092 -0.814769 0.239311
    outer loop
      vertex 4.90017 -46.9857 2.1451
      vertex 3.6567 -46 2.75707
      vertex 4.85436 -46.9857 2.04401
    endloop
  endfacet
  facet normal -0.57693 -0.814787 0.0572248
    outer loop
      vertex 3.59439 -46.3811 0.700631
      vertex 3.06741 -46 0.813953
      vertex 3.0673 -46 0.812844
    endloop
  endfacet
  facet normal -0.576536 -0.814847 0.0602522
    outer loop
      vertex 3.06741 -46 0.813953
      vertex 3.65219 -46.4198 0.732193
      vertex 3.66035 -46.4253 0.735892
    endloop
  endfacet
  facet normal -0.576897 -0.814797 0.057411
    outer loop
      vertex 3.06741 -46 0.813953
      vertex 3.59439 -46.3811 0.700631
      vertex 3.65219 -46.4198 0.732193
    endloop
  endfacet
  facet normal -0.572018 -0.814792 0.0943866
    outer loop
      vertex 3.13388 -46 1.21657
      vertex 4.27486 -46.8313 0.955139
      vertex 4.37484 -46.8998 0.969729
    endloop
  endfacet
  facet normal -0.57197 -0.814799 0.0946192
    outer loop
      vertex 3.13388 -46 1.21657
      vertex 4.0687 -46.6928 0.901581
      vertex 4.27486 -46.8313 0.955139
    endloop
  endfacet
  facet normal -0.571964 -0.814801 0.0946417
    outer loop
      vertex 3.13388 -46 1.21657
      vertex 3.86073 -46.5555 0.826782
      vertex 4.0687 -46.6928 0.901581
    endloop
  endfacet
  facet normal -0.572066 -0.814752 0.0944474
    outer loop
      vertex 3.75584 -46.4874 0.779205
      vertex 3.13388 -46 1.21657
      vertex 3.06759 -46 0.815053
    endloop
  endfacet
  facet normal -0.571953 -0.814805 0.0946667
    outer loop
      vertex 3.13388 -46 1.21657
      vertex 3.75584 -46.4874 0.779205
      vertex 3.86073 -46.5555 0.826782
    endloop
  endfacet
  facet normal -0.542855 -0.81478 0.203571
    outer loop
      vertex 4.65739 -46.9857 1.55898
      vertex 3.34539 -46 2.00552
      vertex 3.345 -46 2.00448
    endloop
  endfacet
  facet normal -0.54263 -0.81477 0.204211
    outer loop
      vertex 3.34539 -46 2.00552
      vertex 4.65739 -46.9857 1.55898
      vertex 4.69648 -46.9857 1.66285
    endloop
  endfacet
  facet normal -0.555526 -0.814732 0.166139
    outer loop
      vertex 3.34468 -46 2.00341
      vertex 4.65739 -46.9857 1.55898
      vertex 3.345 -46 2.00448
    endloop
  endfacet
  facet normal -0.554814 -0.814769 0.168325
    outer loop
      vertex 4.65739 -46.9857 1.55898
      vertex 3.34468 -46 2.00341
      vertex 4.62517 -46.9857 1.45278
    endloop
  endfacet
  facet normal -0.564607 -0.814793 0.131649
    outer loop
      vertex 4.37484 -46.8998 0.969729
      vertex 3.22629 -46 1.61289
      vertex 3.13388 -46 1.21657
    endloop
  endfacet
  facet normal -0.564723 -0.814755 0.131387
    outer loop
      vertex 3.22629 -46 1.61289
      vertex 4.37484 -46.8998 0.969729
      vertex 4.54006 -46.9857 1.14719
    endloop
  endfacet
  facet normal -0.564833 -0.814654 0.131538
    outer loop
      vertex 4.54006 -46.9857 1.14719
      vertex 4.37484 -46.8998 0.969729
      vertex 4.47771 -46.9687 0.984741
    endloop
  endfacet
  facet normal -0.565555 -0.814099 0.131873
    outer loop
      vertex 4.54006 -46.9857 1.14719
      vertex 4.47771 -46.9687 0.984741
      vertex 4.50208 -46.9857 0.984308
    endloop
  endfacet
  facet normal -0.563907 -0.81481 0.13451
    outer loop
      vertex 3.22629 -46 1.61289
      vertex 4.56526 -46.9857 1.25527
      vertex 3.22655 -46 1.61398
    endloop
  endfacet
  facet normal -0.56464 -0.814769 0.131652
    outer loop
      vertex 4.54006 -46.9857 1.14719
      vertex 4.56526 -46.9857 1.25527
      vertex 3.22629 -46 1.61289
    endloop
  endfacet
  facet normal 0.388238 -0.814505 0.431106
    outer loop
      vertex 13.6453 -46.0143 4.39529
      vertex 13.6587 -46 4.41024
      vertex 13.6434 -46.0142 4.39719
    endloop
  endfacet
  facet normal 0.402488 -0.814333 0.418169
    outer loop
      vertex 13.6587 -46 4.41024
      vertex 13.6453 -46.0143 4.39529
      vertex 13.6595 -46 4.40947
    endloop
  endfacet
  facet normal 0.46088 -0.813575 0.354523
    outer loop
      vertex 13.5031 -46.7546 2.94428
      vertex 14.435 -46 3.4645
      vertex 14.4343 -46 3.46541
    endloop
  endfacet
  facet normal 0.470871 -0.814749 0.338327
    outer loop
      vertex 13.4433 -46.8314 2.84256
      vertex 14.435 -46 3.4645
      vertex 13.5031 -46.7546 2.94428
    endloop
  endfacet
  facet normal 0.471958 -0.814806 0.33667
    outer loop
      vertex 14.435 -46 3.4645
      vertex 13.4433 -46.8314 2.84256
      vertex 13.383 -46.8998 2.76155
    endloop
  endfacet
  facet normal 0.52042 -0.814913 0.255108
    outer loop
      vertex 13.5998 -46.9857 2.1451
      vertex 14.8433 -46 2.75707
      vertex 14.8428 -46 2.75809
    endloop
  endfacet
  facet normal 0.528106 -0.814774 0.239265
    outer loop
      vertex 14.8433 -46 2.75707
      vertex 13.5998 -46.9857 2.1451
      vertex 13.6456 -46.9857 2.04401
    endloop
  endfacet
  facet normal 0.381546 -0.815034 0.436052
    outer loop
      vertex 13.3608 -46 4.68913
      vertex 13.2989 -46.0676 4.61694
      vertex 13.3616 -46 4.68843
    endloop
  endfacet
  facet normal 0.366883 -0.814974 0.448569
    outer loop
      vertex 13.2989 -46.0676 4.61694
      vertex 13.3608 -46 4.68913
      vertex 13.2843 -46.0754 4.61471
    endloop
  endfacet
  facet normal 0.26743 -0.814854 0.514289
    outer loop
      vertex 11.3951 -46.9857 4.34983
      vertex 12.0091 -46 5.59232
      vertex 12.0081 -46 5.59284
    endloop
  endfacet
  facet normal 0.27323 -0.814774 0.51136
    outer loop
      vertex 12.0091 -46 5.59232
      vertex 11.3951 -46.9857 4.34983
      vertex 11.493 -46.9857 4.29752
    endloop
  endfacet
  facet normal 0.306317 -0.814762 0.492273
    outer loop
      vertex 12.0116 -46.8998 4.13296
      vertex 12.3689 -46 5.39989
      vertex 11.7692 -46.9857 4.14162
    endloop
  endfacet
  facet normal 0.306145 -0.814787 0.492339
    outer loop
      vertex 12.3689 -46 5.39989
      vertex 12.0116 -46.8998 4.13296
      vertex 12.7145 -46 5.18499
    endloop
  endfacet
  facet normal 0.306307 -0.814728 0.492335
    outer loop
      vertex 11.7692 -46.9857 4.14162
      vertex 11.9282 -46.9687 4.07083
      vertex 12.0116 -46.8998 4.13296
    endloop
  endfacet
  facet normal 0.306741 -0.813846 0.493523
    outer loop
      vertex 11.9282 -46.9687 4.07083
      vertex 11.7692 -46.9857 4.14162
      vertex 11.9113 -46.9857 4.0533
    endloop
  endfacet
  facet normal 0.577429 -0.814716 0.0530508
    outer loop
      vertex 14.8478 -46.4198 0.732193
      vertex 15.4326 -46 0.813953
      vertex 14.8397 -46.4253 0.735892
    endloop
  endfacet
  facet normal 0.576887 -0.814806 0.0573828
    outer loop
      vertex 14.9056 -46.3811 0.700631
      vertex 15.4326 -46 0.813953
      vertex 14.8478 -46.4198 0.732193
    endloop
  endfacet
  facet normal 0.577808 -0.814508 0.0521017
    outer loop
      vertex 15.4326 -46 0.813953
      vertex 14.9056 -46.3811 0.700631
      vertex 15.4327 -46 0.812844
    endloop
  endfacet
  facet normal 0.572187 -0.814787 0.0934028
    outer loop
      vertex 14.8397 -46.4253 0.735892
      vertex 15.4324 -46 0.815053
      vertex 14.7442 -46.4874 0.779205
    endloop
  endfacet
  facet normal 0.570669 -0.814599 0.103758
    outer loop
      vertex 15.4324 -46 0.815053
      vertex 14.8397 -46.4253 0.735892
      vertex 15.4326 -46 0.813953
    endloop
  endfacet
  facet normal 0.558595 -0.81452 0.156615
    outer loop
      vertex 13.8426 -46.9857 1.55898
      vertex 15.1553 -46 2.00341
      vertex 15.155 -46 2.00448
    endloop
  endfacet
  facet normal 0.554847 -0.814766 0.16823
    outer loop
      vertex 15.1553 -46 2.00341
      vertex 13.8426 -46.9857 1.55898
      vertex 13.8748 -46.9857 1.45278
    endloop
  endfacet
  facet normal -0.0936192 -0.814811 0.572117
    outer loop
      vertex 8.43495 -46 6.18241
      vertex 8.51411 -46.4253 5.58965
      vertex 8.43605 -46 6.18259
    endloop
  endfacet
  facet normal -0.0931942 -0.814817 0.572178
    outer loop
      vertex 8.51411 -46.4253 5.58965
      vertex 8.43495 -46 6.18241
      vertex 8.47079 -46.4874 5.49416
    endloop
  endfacet
  facet normal -0.0568257 -0.814812 0.576933
    outer loop
      vertex 8.76334 -46.1435 6.01216
      vertex 8.84215 -46 6.22259
      vertex 8.43716 -46 6.1827
    endloop
  endfacet
  facet normal -0.0566896 -0.814843 0.576903
    outer loop
      vertex 8.84215 -46 6.22259
      vertex 8.76334 -46.1435 6.01216
      vertex 8.84837 -46.0676 6.12772
    endloop
  endfacet
  facet normal -0.0568446 -0.814827 0.57691
    outer loop
      vertex 8.43716 -46 6.1827
      vertex 8.63138 -46.2804 5.8058
      vertex 8.76334 -46.1435 6.01216
    endloop
  endfacet
  facet normal -0.0564066 -0.814743 0.577072
    outer loop
      vertex 8.63138 -46.2804 5.8058
      vertex 8.43716 -46 6.1827
      vertex 8.54937 -46.3811 5.65561
    endloop
  endfacet
  facet normal 0.168325 -0.814767 0.554816
    outer loop
      vertex 10.809 -46.9857 4.59261
      vertex 11.2534 -46 5.90532
      vertex 10.7028 -46.9857 4.62483
    endloop
  endfacet
  facet normal 0.161998 -0.814649 0.556869
    outer loop
      vertex 11.2534 -46 5.90532
      vertex 10.809 -46.9857 4.59261
      vertex 11.2545 -46 5.905
    endloop
  endfacet
  facet normal -0.368063 -0.814956 0.447635
    outer loop
      vertex 5.3429 -46.1435 4.59535
      vertex 5.13922 -46 4.68913
      vertex 5.21566 -46.0754 4.61471
    endloop
  endfacet
  facet normal -0.367756 -0.814832 0.448111
    outer loop
      vertex 5.13922 -46 4.68913
      vertex 5.3429 -46.1435 4.59535
      vertex 5.4538 -46 4.9473
    endloop
  endfacet
  facet normal -0.368018 -0.814699 0.448139
    outer loop
      vertex 5.58212 -46.2805 4.54274
      vertex 5.4538 -46 4.9473
      vertex 5.3429 -46.1435 4.59535
    endloop
  endfacet
  facet normal -0.367545 -0.814794 0.448355
    outer loop
      vertex 5.80949 -46.4198 4.47598
      vertex 5.4538 -46 4.9473
      vertex 5.58212 -46.2805 4.54274
    endloop
  endfacet
  facet normal -0.365132 -0.814848 0.450223
    outer loop
      vertex 5.4538 -46 4.9473
      vertex 5.80949 -46.4198 4.47598
      vertex 5.81788 -46.4253 4.47283
    endloop
  endfacet
  facet normal -0.337686 -0.8148 0.471242
    outer loop
      vertex 5.81788 -46.4253 4.47283
      vertex 5.78459 -46 5.18434
      vertex 5.4538 -46 4.9473
    endloop
  endfacet
  facet normal -0.337887 -0.814742 0.471197
    outer loop
      vertex 6.02385 -46.5555 4.3954
      vertex 5.78459 -46 5.18434
      vertex 5.81788 -46.4253 4.47283
    endloop
  endfacet
  facet normal -0.337555 -0.814799 0.471338
    outer loop
      vertex 6.22379 -46.6928 4.30124
      vertex 5.78459 -46 5.18434
      vertex 6.02385 -46.5555 4.3954
    endloop
  endfacet
  facet normal -0.337618 -0.814793 0.471302
    outer loop
      vertex 5.78459 -46 5.18434
      vertex 6.22379 -46.6928 4.30124
      vertex 6.30572 -46.7546 4.25309
    endloop
  endfacet
  facet normal -0.365947 -0.814831 0.449592
    outer loop
      vertex 5.20105 -46.0676 4.61694
      vertex 5.13922 -46 4.68913
      vertex 5.13836 -46 4.68843
    endloop
  endfacet
  facet normal -0.366471 -0.814839 0.449151
    outer loop
      vertex 5.13922 -46 4.68913
      vertex 5.20105 -46.0676 4.61694
      vertex 5.21566 -46.0754 4.61471
    endloop
  endfacet
  facet normal -0.305883 -0.814774 0.492523
    outer loop
      vertex 6.13108 -46 5.39989
      vertex 6.825 -46.9857 4.20022
      vertex 6.13203 -46 5.40048
    endloop
  endfacet
  facet normal -0.306134 -0.81477 0.492374
    outer loop
      vertex 6.825 -46.9857 4.20022
      vertex 6.13108 -46 5.39989
      vertex 6.73075 -46.9857 4.14162
    endloop
  endfacet
  facet normal -0.273314 -0.814768 0.511324
    outer loop
      vertex 6.13203 -46 5.40048
      vertex 7.00702 -46.9857 4.29752
      vertex 6.49093 -46 5.59232
    endloop
  endfacet
  facet normal -0.273327 -0.81477 0.511315
    outer loop
      vertex 6.13203 -46 5.40048
      vertex 6.825 -46.9857 4.20022
      vertex 7.00702 -46.9857 4.29752
    endloop
  endfacet
  facet normal -0.13451 -0.81481 0.563907
    outer loop
      vertex 7.99473 -46.9857 4.68474
      vertex 7.63711 -46 6.02371
      vertex 7.63602 -46 6.02345
    endloop
  endfacet
  facet normal -0.131652 -0.814769 0.56464
    outer loop
      vertex 7.63711 -46 6.02371
      vertex 7.99473 -46.9857 4.68474
      vertex 8.10281 -46.9857 4.70994
    endloop
  endfacet
  facet normal -0.1683 -0.814768 0.554823
    outer loop
      vertex 7.79722 -46.9857 4.62483
      vertex 7.63602 -46 6.02345
      vertex 7.24659 -46 5.90532
    endloop
  endfacet
  facet normal -0.168293 -0.814768 0.554824
    outer loop
      vertex 7.63602 -46 6.02345
      vertex 7.79722 -46.9857 4.62483
      vertex 7.99473 -46.9857 4.68474
    endloop
  endfacet
  facet normal -0.238364 -0.814753 0.528546
    outer loop
      vertex 7.1049 -46.9857 4.34983
      vertex 6.49293 -46 5.5933
      vertex 6.49191 -46 5.59284
    endloop
  endfacet
  facet normal -0.239311 -0.814769 0.528092
    outer loop
      vertex 6.49293 -46 5.5933
      vertex 7.1049 -46.9857 4.34983
      vertex 7.20599 -46.9857 4.39564
    endloop
  endfacet
  facet normal -0.271738 -0.814795 0.512121
    outer loop
      vertex 6.49093 -46 5.59232
      vertex 7.1049 -46.9857 4.34983
      vertex 6.49191 -46 5.59284
    endloop
  endfacet
  facet normal -0.273276 -0.81477 0.511341
    outer loop
      vertex 7.1049 -46.9857 4.34983
      vertex 6.49093 -46 5.59232
      vertex 7.00702 -46.9857 4.29752
    endloop
  endfacet
  facet normal -0.42089 -0.814105 0.400105
    outer loop
      vertex 4.83976 -46 4.40866
      vertex 4.85471 -46.0143 4.39529
      vertex 4.84053 -46 4.40947
    endloop
  endfacet
  facet normal -0.432336 -0.814232 0.387442
    outer loop
      vertex 4.85471 -46.0143 4.39529
      vertex 4.83976 -46 4.40866
      vertex 4.85281 -46.0142 4.39338
    endloop
  endfacet
  facet normal -0.422997 -0.81497 0.396103
    outer loop
      vertex 4.83976 -46 4.40866
      vertex 4.61659 -46.0064 4.15717
      vertex 4.85281 -46.0142 4.39338
    endloop
  endfacet
  facet normal -0.421942 -0.815959 0.395192
    outer loop
      vertex 4.56157 -46 4.11164
      vertex 4.61659 -46.0064 4.15717
      vertex 4.83976 -46 4.40866
    endloop
  endfacet
  facet normal -0.422865 -0.814864 0.396462
    outer loop
      vertex 4.61659 -46.0064 4.15717
      vertex 4.56157 -46 4.11164
      vertex 4.63306 -46.0676 4.04895
    endloop
  endfacet
  facet normal -0.512121 -0.814795 0.271738
    outer loop
      vertex 4.90017 -46.9857 2.1451
      vertex 3.65768 -46 2.75907
      vertex 3.65716 -46 2.75809
    endloop
  endfacet
  facet normal -0.511341 -0.81477 0.273276
    outer loop
      vertex 3.65768 -46 2.75907
      vertex 4.90017 -46.9857 2.1451
      vertex 4.95248 -46.9857 2.24298
    endloop
  endfacet
  facet normal 0.471257 -0.814811 0.33764
    outer loop
      vertex 13.7228 -46.4253 3.43212
      vertex 14.4343 -46 3.46541
      vertex 14.1973 -46 3.7962
    endloop
  endfacet
  facet normal 0.471189 -0.814723 0.337946
    outer loop
      vertex 13.6454 -46.5555 3.22615
      vertex 14.4343 -46 3.46541
      vertex 13.7228 -46.4253 3.43212
    endloop
  endfacet
  facet normal 0.471405 -0.814809 0.337436
    outer loop
      vertex 13.5512 -46.6928 3.02621
      vertex 14.4343 -46 3.46541
      vertex 13.6454 -46.5555 3.22615
    endloop
  endfacet
  facet normal 0.471081 -0.814759 0.33801
    outer loop
      vertex 14.4343 -46 3.46541
      vertex 13.5512 -46.6928 3.02621
      vertex 13.5031 -46.7546 2.94428
    endloop
  endfacet
  facet normal 0.447506 -0.814929 0.368279
    outer loop
      vertex 13.8454 -46.1435 3.9071
      vertex 13.9391 -46 4.11078
      vertex 13.8647 -46.0754 4.03434
    endloop
  endfacet
  facet normal 0.448173 -0.814756 0.36785
    outer loop
      vertex 13.8454 -46.1435 3.9071
      vertex 14.1973 -46 3.7962
      vertex 13.9391 -46 4.11078
    endloop
  endfacet
  facet normal 0.448175 -0.814747 0.367868
    outer loop
      vertex 13.7927 -46.2805 3.66788
      vertex 14.1973 -46 3.7962
      vertex 13.8454 -46.1435 3.9071
    endloop
  endfacet
  facet normal 0.448259 -0.814783 0.367685
    outer loop
      vertex 13.726 -46.4198 3.44051
      vertex 14.1973 -46 3.7962
      vertex 13.7927 -46.2805 3.66788
    endloop
  endfacet
  facet normal 0.453128 -0.81491 0.361382
    outer loop
      vertex 14.1973 -46 3.7962
      vertex 13.726 -46.4198 3.44051
      vertex 13.7228 -46.4253 3.43212
    endloop
  endfacet
  facet normal -0.166139 -0.814732 0.555526
    outer loop
      vertex 7.69102 -46.9857 4.59261
      vertex 7.24659 -46 5.90532
      vertex 7.24552 -46 5.905
    endloop
  endfacet
  facet normal -0.168325 -0.814769 0.554814
    outer loop
      vertex 7.24659 -46 5.90532
      vertex 7.69102 -46.9857 4.59261
      vertex 7.79722 -46.9857 4.62483
    endloop
  endfacet
  facet normal 0.986652 -0 0.162844
    outer loop
      vertex 15.3799 -46 1.21931
      vertex 15.4465 -28 0.815788
      vertex 15.3799 -28 1.21931
    endloop
  endfacet
  facet normal 0.986652 0 0.162844
    outer loop
      vertex 15.4465 -28 0.815788
      vertex 15.3799 -46 1.21931
      vertex 15.4465 -46 0.815788
    endloop
  endfacet
  facet normal 0.999463 -0 0.0327638
    outer loop
      vertex 15.4866 -46 0.408769
      vertex 15.5 -28 0
      vertex 15.4866 -28 0.408769
    endloop
  endfacet
  facet normal 0.999463 0 0.0327638
    outer loop
      vertex 15.5 -28 0
      vertex 15.4866 -46 0.408769
      vertex 15.5 -46 0
    endloop
  endfacet
  facet normal 0.729846 -0 0.683612
    outer loop
      vertex 13.6694 -46 4.41942
      vertex 13.949 -28 4.12091
      vertex 13.6694 -28 4.41942
    endloop
  endfacet
  facet normal 0.729846 0 0.683612
    outer loop
      vertex 13.949 -28 4.12091
      vertex 13.6694 -46 4.41942
      vertex 13.949 -46 4.12091
    endloop
  endfacet
  facet normal -0.683586 0 0.72987
    outer loop
      vertex 4.83058 -28 4.41942
      vertex 5.12909 -46 4.699
      vertex 5.12909 -28 4.699
    endloop
  endfacet
  facet normal -0.683586 0 0.72987
    outer loop
      vertex 5.12909 -46 4.699
      vertex 4.83058 -28 4.41942
      vertex 4.83058 -46 4.41942
    endloop
  endfacet
  facet normal -0.352241 0 0.935909
    outer loop
      vertex 6.85823 -28 5.77425
      vertex 7.241 -46 5.91831
      vertex 7.241 -28 5.91831
    endloop
  endfacet
  facet normal -0.352241 0 0.935909
    outer loop
      vertex 7.241 -46 5.91831
      vertex 6.85823 -28 5.77425
      vertex 6.85823 -46 5.77425
    endloop
  endfacet
  facet normal 0.956957 -0 0.290231
    outer loop
      vertex 15.1683 -46 2.009
      vertex 15.287 -28 1.61762
      vertex 15.1683 -28 2.009
    endloop
  endfacet
  facet normal 0.956957 0 0.290231
    outer loop
      vertex 15.287 -28 1.61762
      vertex 15.1683 -46 2.009
      vertex 15.287 -46 1.61762
    endloop
  endfacet
  facet normal 0.412753 0 0.910843
    outer loop
      vertex 11.6418 -28 5.77425
      vertex 12.0143 -46 5.60545
      vertex 12.0143 -28 5.60545
    endloop
  endfacet
  facet normal 0.412753 0 0.910843
    outer loop
      vertex 12.0143 -46 5.60545
      vertex 11.6418 -28 5.77425
      vertex 11.6418 -46 5.77425
    endloop
  endfacet
  facet normal -0.849193 0 0.528083
    outer loop
      vertex 3.83734 -46 3.125
      vertex 4.05332 -28 3.47231
      vertex 3.83734 -28 3.125
    endloop
  endfacet
  facet normal -0.849193 0 0.528083
    outer loop
      vertex 4.05332 -28 3.47231
      vertex 3.83734 -46 3.125
      vertex 4.05332 -46 3.47231
    endloop
  endfacet
  facet normal -0.773008 0 0.634397
    outer loop
      vertex 4.29154 -46 3.80476
      vertex 4.551 -28 4.12091
      vertex 4.29154 -28 3.80476
    endloop
  endfacet
  facet normal -0.773008 0 0.634397
    outer loop
      vertex 4.551 -28 4.12091
      vertex 4.29154 -46 3.80476
      vertex 4.551 -46 4.12091
    endloop
  endfacet
  facet normal 0.995182 -0 0.0980465
    outer loop
      vertex 15.4465 -46 0.815788
      vertex 15.4866 -28 0.408769
      vertex 15.4465 -28 0.815788
    endloop
  endfacet
  facet normal 0.995182 0 0.0980465
    outer loop
      vertex 15.4866 -28 0.408769
      vertex 15.4465 -46 0.815788
      vertex 15.4866 -46 0.408769
    endloop
  endfacet
  facet normal 0.881919 -0 0.4714
    outer loop
      vertex 14.6627 -46 3.125
      vertex 14.8555 -28 2.7643
      vertex 14.6627 -28 3.125
    endloop
  endfacet
  facet normal 0.881919 0 0.4714
    outer loop
      vertex 14.8555 -28 2.7643
      vertex 14.6627 -46 3.125
      vertex 14.8555 -46 2.7643
    endloop
  endfacet
  facet normal 0.849171 -0 0.528119
    outer loop
      vertex 14.4467 -46 3.47231
      vertex 14.6627 -28 3.125
      vertex 14.4467 -28 3.47231
    endloop
  endfacet
  facet normal 0.849171 0 0.528119
    outer loop
      vertex 14.6627 -28 3.125
      vertex 14.4467 -46 3.47231
      vertex 14.6627 -46 3.125
    endloop
  endfacet
  facet normal 0.290285 0 0.95694
    outer loop
      vertex 10.8676 -28 6.03704
      vertex 11.259 -46 5.91831
      vertex 11.259 -28 5.91831
    endloop
  endfacet
  facet normal 0.290285 0 0.95694
    outer loop
      vertex 11.259 -46 5.91831
      vertex 10.8676 -28 6.03704
      vertex 10.8676 -46 6.03704
    endloop
  endfacet
  facet normal 0.1629 0 0.986643
    outer loop
      vertex 10.0658 -28 6.19653
      vertex 10.4693 -46 6.12991
      vertex 10.4693 -28 6.12991
    endloop
  endfacet
  facet normal 0.1629 0 0.986643
    outer loop
      vertex 10.4693 -46 6.12991
      vertex 10.0658 -28 6.19653
      vertex 10.0658 -46 6.19653
    endloop
  endfacet
  facet normal 0.683598 0 0.729859
    outer loop
      vertex 13.3709 -28 4.699
      vertex 13.6694 -46 4.41942
      vertex 13.6694 -28 4.41942
    endloop
  endfacet
  facet normal 0.683598 0 0.729859
    outer loop
      vertex 13.6694 -46 4.41942
      vertex 13.3709 -28 4.699
      vertex 13.3709 -46 4.699
    endloop
  endfacet
  facet normal 0.634457 0 0.772958
    outer loop
      vertex 13.0548 -28 4.95846
      vertex 13.3709 -46 4.699
      vertex 13.3709 -28 4.699
    endloop
  endfacet
  facet normal 0.634457 0 0.772958
    outer loop
      vertex 13.3709 -46 4.699
      vertex 13.0548 -28 4.95846
      vertex 13.0548 -46 4.95846
    endloop
  endfacet
  facet normal -0.72987 0 0.683586
    outer loop
      vertex 4.551 -46 4.12091
      vertex 4.83058 -28 4.41942
      vertex 4.551 -28 4.12091
    endloop
  endfacet
  facet normal -0.72987 0 0.683586
    outer loop
      vertex 4.83058 -28 4.41942
      vertex 4.551 -46 4.12091
      vertex 4.83058 -46 4.41942
    endloop
  endfacet
  facet normal -0.910856 0 0.412725
    outer loop
      vertex 3.47575 -46 2.39177
      vertex 3.64455 -28 2.7643
      vertex 3.47575 -28 2.39177
    endloop
  endfacet
  facet normal -0.910856 0 0.412725
    outer loop
      vertex 3.64455 -28 2.7643
      vertex 3.47575 -46 2.39177
      vertex 3.64455 -46 2.7643
    endloop
  endfacet
  facet normal -0.88193 0 0.471381
    outer loop
      vertex 3.64455 -46 2.7643
      vertex 3.83734 -28 3.125
      vertex 3.64455 -28 2.7643
    endloop
  endfacet
  facet normal -0.88193 0 0.471381
    outer loop
      vertex 3.83734 -28 3.125
      vertex 3.64455 -46 2.7643
      vertex 3.83734 -46 3.125
    endloop
  endfacet
  facet normal -0.935909 0 0.352241
    outer loop
      vertex 3.33169 -46 2.009
      vertex 3.47575 -28 2.39177
      vertex 3.33169 -28 2.009
    endloop
  endfacet
  facet normal -0.935909 0 0.352241
    outer loop
      vertex 3.47575 -28 2.39177
      vertex 3.33169 -46 2.009
      vertex 3.47575 -46 2.39177
    endloop
  endfacet
  facet normal -0.956936 0 0.290299
    outer loop
      vertex 3.21296 -46 1.61762
      vertex 3.33169 -28 2.009
      vertex 3.21296 -28 1.61762
    endloop
  endfacet
  facet normal -0.956936 0 0.290299
    outer loop
      vertex 3.33169 -28 2.009
      vertex 3.21296 -46 1.61762
      vertex 3.33169 -46 2.009
    endloop
  endfacet
  facet normal -0.986644 0 0.162891
    outer loop
      vertex 3.05347 -46 0.815788
      vertex 3.12009 -28 1.21931
      vertex 3.05347 -28 0.815788
    endloop
  endfacet
  facet normal -0.986644 0 0.162891
    outer loop
      vertex 3.12009 -28 1.21931
      vertex 3.05347 -46 0.815788
      vertex 3.12009 -46 1.21931
    endloop
  endfacet
  facet normal -0.412725 0 0.910856
    outer loop
      vertex 6.4857 -28 5.60545
      vertex 6.85823 -46 5.77425
      vertex 6.85823 -28 5.77425
    endloop
  endfacet
  facet normal -0.412725 0 0.910856
    outer loop
      vertex 6.85823 -46 5.77425
      vertex 6.4857 -28 5.60545
      vertex 6.4857 -46 5.60545
    endloop
  endfacet
  facet normal -0.471381 0 0.88193
    outer loop
      vertex 6.125 -28 5.41266
      vertex 6.4857 -46 5.60545
      vertex 6.4857 -28 5.60545
    endloop
  endfacet
  facet normal -0.471381 0 0.88193
    outer loop
      vertex 6.4857 -46 5.60545
      vertex 6.125 -28 5.41266
      vertex 6.125 -46 5.41266
    endloop
  endfacet
  facet normal -0.162892 0 0.986644
    outer loop
      vertex 8.03069 -28 6.12991
      vertex 8.43421 -46 6.19653
      vertex 8.43421 -28 6.19653
    endloop
  endfacet
  facet normal -0.162892 0 0.986644
    outer loop
      vertex 8.43421 -46 6.19653
      vertex 8.03069 -28 6.12991
      vertex 8.03069 -46 6.12991
    endloop
  endfacet
  facet normal 0 1 -0
    outer loop
      vertex 9.65674 -28 6.22262
      vertex 9.25 -28 6.25
      vertex 9.65877 -28 6.23662
    endloop
  endfacet
  facet normal 0 1 0
    outer loop
      vertex 8.84326 -28 6.22262
      vertex 9.25 -28 6.25
      vertex 9.25 -28 6.23594
    endloop
  endfacet
  facet normal 0 1 0
    outer loop
      vertex 9.25 -28 6.25
      vertex 9.65674 -28 6.22262
      vertex 9.25 -28 6.23594
    endloop
  endfacet
  facet normal 0 1 0
    outer loop
      vertex 9.65877 -28 6.23662
      vertex 9.65785 -28 6.22259
      vertex 9.65674 -28 6.22262
    endloop
  endfacet
  facet normal 0 1 -0
    outer loop
      vertex 10.0628 -28 6.1827
      vertex 9.65877 -28 6.23662
      vertex 10.0658 -28 6.19653
    endloop
  endfacet
  facet normal 0 1 0
    outer loop
      vertex 9.65877 -28 6.23662
      vertex 10.0628 -28 6.1827
      vertex 9.65785 -28 6.22259
    endloop
  endfacet
  facet normal 0 1 0
    outer loop
      vertex 10.0658 -28 6.19653
      vertex 10.064 -28 6.18259
      vertex 10.0628 -28 6.1827
    endloop
  endfacet
  facet normal 0 1 0
    outer loop
      vertex 10.0658 -28 6.19653
      vertex 10.0651 -28 6.18241
      vertex 10.064 -28 6.18259
    endloop
  endfacet
  facet normal 0 1 0
    outer loop
      vertex 10.4693 -28 6.12991
      vertex 10.0651 -28 6.18241
      vertex 10.0658 -28 6.19653
    endloop
  endfacet
  facet normal 0 1 0
    outer loop
      vertex 10.4693 -28 6.12991
      vertex 10.4666 -28 6.11612
      vertex 10.0651 -28 6.18241
    endloop
  endfacet
  facet normal 0 1 -0
    outer loop
      vertex 10.8629 -28 6.02371
      vertex 10.4693 -28 6.12991
      vertex 10.8676 -28 6.03704
    endloop
  endfacet
  facet normal 0 1 0
    outer loop
      vertex 10.4693 -28 6.12991
      vertex 10.8629 -28 6.02371
      vertex 10.4666 -28 6.11612
    endloop
  endfacet
  facet normal 0 1 0
    outer loop
      vertex 10.8676 -28 6.03704
      vertex 10.864 -28 6.02346
      vertex 10.8629 -28 6.02371
    endloop
  endfacet
  facet normal 0 1 -0
    outer loop
      vertex 11.2534 -28 5.90532
      vertex 10.8676 -28 6.03704
      vertex 11.259 -28 5.91831
    endloop
  endfacet
  facet normal 0 1 0
    outer loop
      vertex 10.8676 -28 6.03704
      vertex 11.2534 -28 5.90532
      vertex 10.864 -28 6.02346
    endloop
  endfacet
  facet normal 0 1 0
    outer loop
      vertex 11.259 -28 5.91831
      vertex 11.2545 -28 5.905
      vertex 11.2534 -28 5.90532
    endloop
  endfacet
  facet normal 0 1 0
    outer loop
      vertex 11.259 -28 5.91831
      vertex 11.2555 -28 5.90461
      vertex 11.2545 -28 5.905
    endloop
  endfacet
  facet normal 0 1 0
    outer loop
      vertex 11.6418 -28 5.77425
      vertex 11.2555 -28 5.90461
      vertex 11.259 -28 5.91831
    endloop
  endfacet
  facet normal 0 1 0
    outer loop
      vertex 11.6418 -28 5.77425
      vertex 11.6364 -28 5.76126
      vertex 11.2555 -28 5.90461
    endloop
  endfacet
  facet normal 0 1 -0
    outer loop
      vertex 12.0071 -28 5.5933
      vertex 11.6418 -28 5.77425
      vertex 12.0143 -28 5.60545
    endloop
  endfacet
  facet normal 0 1 0
    outer loop
      vertex 11.6418 -28 5.77425
      vertex 12.0071 -28 5.5933
      vertex 11.6364 -28 5.76126
    endloop
  endfacet
  facet normal 0 1 0
    outer loop
      vertex 12.0143 -28 5.60545
      vertex 12.0081 -28 5.59284
      vertex 12.0071 -28 5.5933
    endloop
  endfacet
  facet normal 0 1 0
    outer loop
      vertex 12.0143 -28 5.60545
      vertex 12.0091 -28 5.59232
      vertex 12.0081 -28 5.59284
    endloop
  endfacet
  facet normal 0 1 0
    outer loop
      vertex 12.375 -28 5.41266
      vertex 12.0091 -28 5.59232
      vertex 12.0143 -28 5.60545
    endloop
  endfacet
  facet normal 0 1 0
    outer loop
      vertex 12.375 -28 5.41266
      vertex 12.368 -28 5.40048
      vertex 12.0091 -28 5.59232
    endloop
  endfacet
  facet normal 0 1 0
    outer loop
      vertex 12.375 -28 5.41266
      vertex 12.3689 -28 5.39989
      vertex 12.368 -28 5.40048
    endloop
  endfacet
  facet normal 0 1 0
    outer loop
      vertex 12.7223 -28 5.19668
      vertex 12.3689 -28 5.39989
      vertex 12.375 -28 5.41266
    endloop
  endfacet
  facet normal 0 1 0
    outer loop
      vertex 12.7223 -28 5.19668
      vertex 12.7145 -28 5.18499
      vertex 12.3689 -28 5.39989
    endloop
  endfacet
  facet normal 0 1 0
    outer loop
      vertex 12.7223 -28 5.19668
      vertex 12.7154 -28 5.18435
      vertex 12.7145 -28 5.18499
    endloop
  endfacet
  facet normal 0 1 0
    outer loop
      vertex 13.0548 -28 4.95846
      vertex 12.7154 -28 5.18435
      vertex 12.7223 -28 5.19668
    endloop
  endfacet
  facet normal 0 1 0
    outer loop
      vertex 13.0548 -28 4.95846
      vertex 13.0462 -28 4.9473
      vertex 12.7154 -28 5.18435
    endloop
  endfacet
  facet normal 0 1 -0
    outer loop
      vertex 13.3608 -28 4.68913
      vertex 13.0548 -28 4.95846
      vertex 13.3709 -28 4.699
    endloop
  endfacet
  facet normal 0 1 0
    outer loop
      vertex 13.0548 -28 4.95846
      vertex 13.3608 -28 4.68913
      vertex 13.0462 -28 4.9473
    endloop
  endfacet
  facet normal 0 1 0
    outer loop
      vertex 13.3709 -28 4.699
      vertex 13.3616 -28 4.68843
      vertex 13.3608 -28 4.68913
    endloop
  endfacet
  facet normal 0 1 -0
    outer loop
      vertex 13.6587 -28 4.41024
      vertex 13.3709 -28 4.699
      vertex 13.6694 -28 4.41942
    endloop
  endfacet
  facet normal 0 1 0
    outer loop
      vertex 13.3709 -28 4.699
      vertex 13.6587 -28 4.41024
      vertex 13.3616 -28 4.68843
    endloop
  endfacet
  facet normal 0 1 0
    outer loop
      vertex 13.6694 -28 4.41942
      vertex 13.6595 -28 4.40948
      vertex 13.6587 -28 4.41024
    endloop
  endfacet
  facet normal 0 1 0
    outer loop
      vertex 13.6694 -28 4.41942
      vertex 13.6602 -28 4.40866
      vertex 13.6595 -28 4.40948
    endloop
  endfacet
  facet normal 0 1 0
    outer loop
      vertex 13.949 -28 4.12091
      vertex 13.6602 -28 4.40866
      vertex 13.6694 -28 4.41942
    endloop
  endfacet
  facet normal 0 1 0
    outer loop
      vertex 13.949 -28 4.12091
      vertex 13.9384 -28 4.11164
      vertex 13.6602 -28 4.40866
    endloop
  endfacet
  facet normal 0 1 0
    outer loop
      vertex 13.949 -28 4.12091
      vertex 13.9391 -28 4.11078
      vertex 13.9384 -28 4.11164
    endloop
  endfacet
  facet normal 0 1 0
    outer loop
      vertex 14.2085 -28 3.80476
      vertex 13.9391 -28 4.11078
      vertex 13.949 -28 4.12091
    endloop
  endfacet
  facet normal 0 1 0
    outer loop
      vertex 14.2085 -28 3.80476
      vertex 14.1973 -28 3.7962
      vertex 13.9391 -28 4.11078
    endloop
  endfacet
  facet normal 0 1 -0
    outer loop
      vertex 14.4343 -28 3.46541
      vertex 14.2085 -28 3.80476
      vertex 14.4467 -28 3.47231
    endloop
  endfacet
  facet normal 0 1 0
    outer loop
      vertex 14.2085 -28 3.80476
      vertex 14.4343 -28 3.46541
      vertex 14.1973 -28 3.7962
    endloop
  endfacet
  facet normal 0 1 0
    outer loop
      vertex 14.4467 -28 3.47231
      vertex 14.435 -28 3.4645
      vertex 14.4343 -28 3.46541
    endloop
  endfacet
  facet normal 0 1 -0
    outer loop
      vertex 14.6499 -28 3.11892
      vertex 14.4467 -28 3.47231
      vertex 14.6627 -28 3.125
    endloop
  endfacet
  facet normal 0 1 0
    outer loop
      vertex 14.4467 -28 3.47231
      vertex 14.6499 -28 3.11892
      vertex 14.435 -28 3.4645
    endloop
  endfacet
  facet normal 0 1 0
    outer loop
      vertex 14.6627 -28 3.125
      vertex 14.6505 -28 3.11797
      vertex 14.6499 -28 3.11892
    endloop
  endfacet
  facet normal 0 1 -0
    outer loop
      vertex 14.8423 -28 2.75907
      vertex 14.6627 -28 3.125
      vertex 14.8555 -28 2.7643
    endloop
  endfacet
  facet normal 0 1 0
    outer loop
      vertex 14.6627 -28 3.125
      vertex 14.8423 -28 2.75907
      vertex 14.6505 -28 3.11797
    endloop
  endfacet
  facet normal 0 1 0
    outer loop
      vertex 14.8555 -28 2.7643
      vertex 14.8428 -28 2.75809
      vertex 14.8423 -28 2.75907
    endloop
  endfacet
  facet normal 0 1 0
    outer loop
      vertex 14.8555 -28 2.7643
      vertex 14.8433 -28 2.75707
      vertex 14.8428 -28 2.75809
    endloop
  endfacet
  facet normal 0 1 0
    outer loop
      vertex 15.0242 -28 2.39177
      vertex 14.8433 -28 2.75707
      vertex 14.8555 -28 2.7643
    endloop
  endfacet
  facet normal 0 1 0
    outer loop
      vertex 15.0242 -28 2.39177
      vertex 15.0113 -28 2.38639
      vertex 14.8433 -28 2.75707
    endloop
  endfacet
  facet normal 0 1 -0
    outer loop
      vertex 15.1546 -28 2.00552
      vertex 15.0242 -28 2.39177
      vertex 15.1683 -28 2.009
    endloop
  endfacet
  facet normal 0 1 0
    outer loop
      vertex 15.0242 -28 2.39177
      vertex 15.1546 -28 2.00552
      vertex 15.0113 -28 2.38639
    endloop
  endfacet
  facet normal 0 1 0
    outer loop
      vertex 15.1683 -28 2.009
      vertex 15.155 -28 2.00448
      vertex 15.1546 -28 2.00552
    endloop
  endfacet
  facet normal 0 1 0
    outer loop
      vertex 15.1683 -28 2.009
      vertex 15.1553 -28 2.00341
      vertex 15.155 -28 2.00448
    endloop
  endfacet
  facet normal 0 1 0
    outer loop
      vertex 15.287 -28 1.61762
      vertex 15.1553 -28 2.00341
      vertex 15.1683 -28 2.009
    endloop
  endfacet
  facet normal 0 1 0
    outer loop
      vertex 15.287 -28 1.61762
      vertex 15.2735 -28 1.61398
      vertex 15.1553 -28 2.00341
    endloop
  endfacet
  facet normal 0 1 0
    outer loop
      vertex 15.287 -28 1.61762
      vertex 15.2737 -28 1.61289
      vertex 15.2735 -28 1.61398
    endloop
  endfacet
  facet normal 0 1 0
    outer loop
      vertex 15.3799 -28 1.21931
      vertex 15.2737 -28 1.61289
      vertex 15.287 -28 1.61762
    endloop
  endfacet
  facet normal 0 1 0
    outer loop
      vertex 15.3799 -28 1.21931
      vertex 15.3661 -28 1.21657
      vertex 15.2737 -28 1.61289
    endloop
  endfacet
  facet normal 0 1 -0
    outer loop
      vertex 15.4324 -28 0.815053
      vertex 15.3799 -28 1.21931
      vertex 15.4465 -28 0.815788
    endloop
  endfacet
  facet normal 0 1 0
    outer loop
      vertex 15.3799 -28 1.21931
      vertex 15.4324 -28 0.815053
      vertex 15.3661 -28 1.21657
    endloop
  endfacet
  facet normal 0 1 0
    outer loop
      vertex 15.4465 -28 0.815788
      vertex 15.4326 -28 0.813953
      vertex 15.4324 -28 0.815053
    endloop
  endfacet
  facet normal 0 1 0
    outer loop
      vertex 15.4465 -28 0.815788
      vertex 15.4327 -28 0.812844
      vertex 15.4326 -28 0.813953
    endloop
  endfacet
  facet normal 0 1 0
    outer loop
      vertex 15.4866 -28 0.408769
      vertex 15.4327 -28 0.812844
      vertex 15.4465 -28 0.815788
    endloop
  endfacet
  facet normal 0 1 0
    outer loop
      vertex 15.4866 -28 0.408769
      vertex 15.4726 -28 0.407849
      vertex 15.4327 -28 0.812844
    endloop
  endfacet
  facet normal 0 1 0
    outer loop
      vertex 15.4866 -28 0.408769
      vertex 15.4726 -28 0.406735
      vertex 15.4726 -28 0.407849
    endloop
  endfacet
  facet normal 0 1 0
    outer loop
      vertex 15.5 -28 0
      vertex 15.4726 -28 0.406735
      vertex 15.4866 -28 0.408769
    endloop
  endfacet
  facet normal 0 1 0
    outer loop
      vertex 15.4726 -28 0.406735
      vertex 15.5 -28 0
      vertex 15.4859 -28 0
    endloop
  endfacet
  facet normal 0 1 0
    outer loop
      vertex 9.25 -28 6.25
      vertex 8.84326 -28 6.22262
      vertex 8.84123 -28 6.23662
    endloop
  endfacet
  facet normal 0 1 -0
    outer loop
      vertex 8.84215 -28 6.22259
      vertex 8.84123 -28 6.23662
      vertex 8.84326 -28 6.22262
    endloop
  endfacet
  facet normal 0 1 0
    outer loop
      vertex 8.43716 -28 6.1827
      vertex 8.84123 -28 6.23662
      vertex 8.84215 -28 6.22259
    endloop
  endfacet
  facet normal 0 1 0
    outer loop
      vertex 8.84123 -28 6.23662
      vertex 8.43716 -28 6.1827
      vertex 8.43421 -28 6.19653
    endloop
  endfacet
  facet normal 0 1 -0
    outer loop
      vertex 8.43605 -28 6.18259
      vertex 8.43421 -28 6.19653
      vertex 8.43716 -28 6.1827
    endloop
  endfacet
  facet normal 0 1 -0
    outer loop
      vertex 8.43495 -28 6.18241
      vertex 8.43421 -28 6.19653
      vertex 8.43605 -28 6.18259
    endloop
  endfacet
  facet normal 0 1 0
    outer loop
      vertex 8.43495 -28 6.18241
      vertex 8.03069 -28 6.12991
      vertex 8.43421 -28 6.19653
    endloop
  endfacet
  facet normal 0 1 -0
    outer loop
      vertex 8.03343 -28 6.11612
      vertex 8.03069 -28 6.12991
      vertex 8.43495 -28 6.18241
    endloop
  endfacet
  facet normal 0 1 0
    outer loop
      vertex 7.63711 -28 6.02371
      vertex 8.03069 -28 6.12991
      vertex 8.03343 -28 6.11612
    endloop
  endfacet
  facet normal 0 1 0
    outer loop
      vertex 8.03069 -28 6.12991
      vertex 7.63711 -28 6.02371
      vertex 7.63238 -28 6.03704
    endloop
  endfacet
  facet normal 0 1 -0
    outer loop
      vertex 7.63602 -28 6.02346
      vertex 7.63238 -28 6.03704
      vertex 7.63711 -28 6.02371
    endloop
  endfacet
  facet normal 0 1 0
    outer loop
      vertex 7.24659 -28 5.90532
      vertex 7.63238 -28 6.03704
      vertex 7.63602 -28 6.02346
    endloop
  endfacet
  facet normal 0 1 0
    outer loop
      vertex 7.63238 -28 6.03704
      vertex 7.24659 -28 5.90532
      vertex 7.241 -28 5.91831
    endloop
  endfacet
  facet normal 0 1 -0
    outer loop
      vertex 7.24552 -28 5.905
      vertex 7.241 -28 5.91831
      vertex 7.24659 -28 5.90532
    endloop
  endfacet
  facet normal 0 1 -0
    outer loop
      vertex 7.24448 -28 5.90461
      vertex 7.241 -28 5.91831
      vertex 7.24552 -28 5.905
    endloop
  endfacet
  facet normal 0 1 0
    outer loop
      vertex 7.24448 -28 5.90461
      vertex 6.85823 -28 5.77425
      vertex 7.241 -28 5.91831
    endloop
  endfacet
  facet normal 0 1 -0
    outer loop
      vertex 6.86361 -28 5.76126
      vertex 6.85823 -28 5.77425
      vertex 7.24448 -28 5.90461
    endloop
  endfacet
  facet normal 0 1 0
    outer loop
      vertex 6.49293 -28 5.5933
      vertex 6.85823 -28 5.77425
      vertex 6.86361 -28 5.76126
    endloop
  endfacet
  facet normal 0 1 0
    outer loop
      vertex 6.85823 -28 5.77425
      vertex 6.49293 -28 5.5933
      vertex 6.4857 -28 5.60545
    endloop
  endfacet
  facet normal 0 1 -0
    outer loop
      vertex 6.49191 -28 5.59284
      vertex 6.4857 -28 5.60545
      vertex 6.49293 -28 5.5933
    endloop
  endfacet
  facet normal 0 1 -0
    outer loop
      vertex 6.49093 -28 5.59232
      vertex 6.4857 -28 5.60545
      vertex 6.49191 -28 5.59284
    endloop
  endfacet
  facet normal 0 1 0
    outer loop
      vertex 6.49093 -28 5.59232
      vertex 6.125 -28 5.41266
      vertex 6.4857 -28 5.60545
    endloop
  endfacet
  facet normal 0 1 -0
    outer loop
      vertex 6.13203 -28 5.40048
      vertex 6.125 -28 5.41266
      vertex 6.49093 -28 5.59232
    endloop
  endfacet
  facet normal 0 1 -0
    outer loop
      vertex 6.13108 -28 5.39989
      vertex 6.125 -28 5.41266
      vertex 6.13203 -28 5.40048
    endloop
  endfacet
  facet normal 0 1 0
    outer loop
      vertex 6.13108 -28 5.39989
      vertex 5.77769 -28 5.19668
      vertex 6.125 -28 5.41266
    endloop
  endfacet
  facet normal 0 1 -0
    outer loop
      vertex 5.7855 -28 5.18499
      vertex 5.77769 -28 5.19668
      vertex 6.13108 -28 5.39989
    endloop
  endfacet
  facet normal 0 1 -0
    outer loop
      vertex 5.78459 -28 5.18435
      vertex 5.77769 -28 5.19668
      vertex 5.7855 -28 5.18499
    endloop
  endfacet
  facet normal 0 1 0
    outer loop
      vertex 5.78459 -28 5.18435
      vertex 5.44524 -28 4.95846
      vertex 5.77769 -28 5.19668
    endloop
  endfacet
  facet normal 0 1 -0
    outer loop
      vertex 5.4538 -28 4.9473
      vertex 5.44524 -28 4.95846
      vertex 5.78459 -28 5.18435
    endloop
  endfacet
  facet normal 0 1 0
    outer loop
      vertex 5.13922 -28 4.68913
      vertex 5.44524 -28 4.95846
      vertex 5.4538 -28 4.9473
    endloop
  endfacet
  facet normal 0 1 0
    outer loop
      vertex 5.44524 -28 4.95846
      vertex 5.13922 -28 4.68913
      vertex 5.12909 -28 4.699
    endloop
  endfacet
  facet normal 0 1 -0
    outer loop
      vertex 5.13836 -28 4.68843
      vertex 5.12909 -28 4.699
      vertex 5.13922 -28 4.68913
    endloop
  endfacet
  facet normal 0 1 0
    outer loop
      vertex 4.84134 -28 4.41024
      vertex 5.12909 -28 4.699
      vertex 5.13836 -28 4.68843
    endloop
  endfacet
  facet normal 0 1 0
    outer loop
      vertex 5.12909 -28 4.699
      vertex 4.84134 -28 4.41024
      vertex 4.83058 -28 4.41942
    endloop
  endfacet
  facet normal 0 1 -0
    outer loop
      vertex 4.84052 -28 4.40948
      vertex 4.83058 -28 4.41942
      vertex 4.84134 -28 4.41024
    endloop
  endfacet
  facet normal 0 1 -0
    outer loop
      vertex 4.83976 -28 4.40866
      vertex 4.83058 -28 4.41942
      vertex 4.84052 -28 4.40948
    endloop
  endfacet
  facet normal 0 1 0
    outer loop
      vertex 4.83976 -28 4.40866
      vertex 4.551 -28 4.12091
      vertex 4.83058 -28 4.41942
    endloop
  endfacet
  facet normal 0 1 -0
    outer loop
      vertex 4.56157 -28 4.11164
      vertex 4.551 -28 4.12091
      vertex 4.83976 -28 4.40866
    endloop
  endfacet
  facet normal 0 1 -0
    outer loop
      vertex 4.56087 -28 4.11078
      vertex 4.551 -28 4.12091
      vertex 4.56157 -28 4.11164
    endloop
  endfacet
  facet normal 0 1 0
    outer loop
      vertex 4.56087 -28 4.11078
      vertex 4.29154 -28 3.80476
      vertex 4.551 -28 4.12091
    endloop
  endfacet
  facet normal 0 1 -0
    outer loop
      vertex 4.3027 -28 3.7962
      vertex 4.29154 -28 3.80476
      vertex 4.56087 -28 4.11078
    endloop
  endfacet
  facet normal 0 1 0
    outer loop
      vertex 4.06565 -28 3.46541
      vertex 4.29154 -28 3.80476
      vertex 4.3027 -28 3.7962
    endloop
  endfacet
  facet normal 0 1 0
    outer loop
      vertex 4.29154 -28 3.80476
      vertex 4.06565 -28 3.46541
      vertex 4.05332 -28 3.47231
    endloop
  endfacet
  facet normal 0 1 -0
    outer loop
      vertex 4.06501 -28 3.4645
      vertex 4.05332 -28 3.47231
      vertex 4.06565 -28 3.46541
    endloop
  endfacet
  facet normal 0 1 0
    outer loop
      vertex 3.85011 -28 3.11892
      vertex 4.05332 -28 3.47231
      vertex 4.06501 -28 3.4645
    endloop
  endfacet
  facet normal 0 1 0
    outer loop
      vertex 4.05332 -28 3.47231
      vertex 3.85011 -28 3.11892
      vertex 3.83734 -28 3.125
    endloop
  endfacet
  facet normal 0 1 -0
    outer loop
      vertex 3.84952 -28 3.11797
      vertex 3.83734 -28 3.125
      vertex 3.85011 -28 3.11892
    endloop
  endfacet
  facet normal 0 1 0
    outer loop
      vertex 3.65768 -28 2.75907
      vertex 3.83734 -28 3.125
      vertex 3.84952 -28 3.11797
    endloop
  endfacet
  facet normal 0 1 0
    outer loop
      vertex 3.83734 -28 3.125
      vertex 3.65768 -28 2.75907
      vertex 3.64455 -28 2.7643
    endloop
  endfacet
  facet normal 0 1 -0
    outer loop
      vertex 3.65716 -28 2.75809
      vertex 3.64455 -28 2.7643
      vertex 3.65768 -28 2.75907
    endloop
  endfacet
  facet normal 0 1 -0
    outer loop
      vertex 3.6567 -28 2.75707
      vertex 3.64455 -28 2.7643
      vertex 3.65716 -28 2.75809
    endloop
  endfacet
  facet normal 0 1 0
    outer loop
      vertex 3.6567 -28 2.75707
      vertex 3.47575 -28 2.39177
      vertex 3.64455 -28 2.7643
    endloop
  endfacet
  facet normal 0 1 -0
    outer loop
      vertex 3.48874 -28 2.38639
      vertex 3.47575 -28 2.39177
      vertex 3.6567 -28 2.75707
    endloop
  endfacet
  facet normal 0 1 0
    outer loop
      vertex 3.34539 -28 2.00552
      vertex 3.47575 -28 2.39177
      vertex 3.48874 -28 2.38639
    endloop
  endfacet
  facet normal 0 1 0
    outer loop
      vertex 3.47575 -28 2.39177
      vertex 3.34539 -28 2.00552
      vertex 3.33169 -28 2.009
    endloop
  endfacet
  facet normal 0 1 -0
    outer loop
      vertex 3.345 -28 2.00448
      vertex 3.33169 -28 2.009
      vertex 3.34539 -28 2.00552
    endloop
  endfacet
  facet normal 0 1 -0
    outer loop
      vertex 3.34468 -28 2.00341
      vertex 3.33169 -28 2.009
      vertex 3.345 -28 2.00448
    endloop
  endfacet
  facet normal 0 1 0
    outer loop
      vertex 3.34468 -28 2.00341
      vertex 3.21296 -28 1.61762
      vertex 3.33169 -28 2.009
    endloop
  endfacet
  facet normal 0 1 -0
    outer loop
      vertex 3.22654 -28 1.61398
      vertex 3.21296 -28 1.61762
      vertex 3.34468 -28 2.00341
    endloop
  endfacet
  facet normal 0 1 -0
    outer loop
      vertex 3.22629 -28 1.61289
      vertex 3.21296 -28 1.61762
      vertex 3.22654 -28 1.61398
    endloop
  endfacet
  facet normal 0 1 0
    outer loop
      vertex 3.22629 -28 1.61289
      vertex 3.12009 -28 1.21931
      vertex 3.21296 -28 1.61762
    endloop
  endfacet
  facet normal 0 1 -0
    outer loop
      vertex 3.13388 -28 1.21657
      vertex 3.12009 -28 1.21931
      vertex 3.22629 -28 1.61289
    endloop
  endfacet
  facet normal 0 1 0
    outer loop
      vertex 3.06759 -28 0.815053
      vertex 3.12009 -28 1.21931
      vertex 3.13388 -28 1.21657
    endloop
  endfacet
  facet normal 0 1 0
    outer loop
      vertex 3.12009 -28 1.21931
      vertex 3.06759 -28 0.815053
      vertex 3.05347 -28 0.815788
    endloop
  endfacet
  facet normal 0 1 -0
    outer loop
      vertex 3.06741 -28 0.813953
      vertex 3.05347 -28 0.815788
      vertex 3.06759 -28 0.815053
    endloop
  endfacet
  facet normal 0 1 -0
    outer loop
      vertex 3.0673 -28 0.812844
      vertex 3.05347 -28 0.815788
      vertex 3.06741 -28 0.813953
    endloop
  endfacet
  facet normal 0 1 0
    outer loop
      vertex 3.0673 -28 0.812844
      vertex 3.01338 -28 0.408769
      vertex 3.05347 -28 0.815788
    endloop
  endfacet
  facet normal 0 1 -0
    outer loop
      vertex 3.02741 -28 0.407849
      vertex 3.01338 -28 0.408769
      vertex 3.0673 -28 0.812844
    endloop
  endfacet
  facet normal 0 1 -0
    outer loop
      vertex 3.02738 -28 0.406735
      vertex 3.01338 -28 0.408769
      vertex 3.02741 -28 0.407849
    endloop
  endfacet
  facet normal 0 1 0
    outer loop
      vertex 3 -28 0
      vertex 3.02738 -28 0.406735
      vertex 3.01406 -28 0
    endloop
  endfacet
  facet normal 0 1 0
    outer loop
      vertex 3.02738 -28 0.406735
      vertex 3 -28 0
      vertex 3.01338 -28 0.408769
    endloop
  endfacet
  facet normal 0.910948 -0 0.412522
    outer loop
      vertex 14.8555 -46 2.7643
      vertex 15.0242 -28 2.39177
      vertex 14.8555 -28 2.7643
    endloop
  endfacet
  facet normal 0.910948 0 0.412522
    outer loop
      vertex 15.0242 -28 2.39177
      vertex 14.8555 -46 2.7643
      vertex 15.0242 -46 2.39177
    endloop
  endfacet
  facet normal 0.935877 -0 0.352326
    outer loop
      vertex 15.0242 -46 2.39177
      vertex 15.1683 -28 2.009
      vertex 15.0242 -28 2.39177
    endloop
  endfacet
  facet normal 0.935877 0 0.352326
    outer loop
      vertex 15.1683 -28 2.009
      vertex 15.0242 -46 2.39177
      vertex 15.1683 -46 2.009
    endloop
  endfacet
  facet normal 0.812882 -0 0.582429
    outer loop
      vertex 14.2085 -46 3.80476
      vertex 14.4467 -28 3.47231
      vertex 14.2085 -28 3.80476
    endloop
  endfacet
  facet normal 0.812882 0 0.582429
    outer loop
      vertex 14.4467 -28 3.47231
      vertex 14.2085 -46 3.80476
      vertex 14.4467 -46 3.47231
    endloop
  endfacet
  facet normal 0.77296 -0 0.634455
    outer loop
      vertex 13.949 -46 4.12091
      vertex 14.2085 -28 3.80476
      vertex 13.949 -28 4.12091
    endloop
  endfacet
  facet normal 0.77296 0 0.634455
    outer loop
      vertex 14.2085 -28 3.80476
      vertex 13.949 -46 4.12091
      vertex 14.2085 -46 3.80476
    endloop
  endfacet
  facet normal 0.0327148 0 0.999465
    outer loop
      vertex 9.25 -28 6.25
      vertex 9.65877 -46 6.23662
      vertex 9.65877 -28 6.23662
    endloop
  endfacet
  facet normal 0.0327148 0 0.999465
    outer loop
      vertex 9.65877 -46 6.23662
      vertex 9.25 -28 6.25
      vertex 9.25 -46 6.25
    endloop
  endfacet
  facet normal 0.0980197 0 0.995184
    outer loop
      vertex 9.65877 -28 6.23662
      vertex 10.0658 -46 6.19653
      vertex 10.0658 -28 6.19653
    endloop
  endfacet
  facet normal 0.0980197 0 0.995184
    outer loop
      vertex 10.0658 -46 6.19653
      vertex 9.65877 -28 6.23662
      vertex 9.65877 -46 6.23662
    endloop
  endfacet
  facet normal 0.352216 0 0.935919
    outer loop
      vertex 11.259 -28 5.91831
      vertex 11.6418 -46 5.77425
      vertex 11.6418 -28 5.77425
    endloop
  endfacet
  facet normal 0.352216 0 0.935919
    outer loop
      vertex 11.6418 -46 5.77425
      vertex 11.259 -28 5.91831
      vertex 11.259 -46 5.91831
    endloop
  endfacet
  facet normal 0.227075 0 0.973877
    outer loop
      vertex 10.4693 -28 6.12991
      vertex 10.8676 -46 6.03704
      vertex 10.8676 -28 6.03704
    endloop
  endfacet
  facet normal 0.227075 0 0.973877
    outer loop
      vertex 10.8676 -46 6.03704
      vertex 10.4693 -28 6.12991
      vertex 10.4693 -46 6.12991
    endloop
  endfacet
  facet normal 0.528094 0 0.849186
    outer loop
      vertex 12.375 -28 5.41266
      vertex 12.7223 -46 5.19668
      vertex 12.7223 -28 5.19668
    endloop
  endfacet
  facet normal 0.528094 0 0.849186
    outer loop
      vertex 12.7223 -46 5.19668
      vertex 12.375 -28 5.41266
      vertex 12.375 -46 5.41266
    endloop
  endfacet
  facet normal 0.471381 0 0.88193
    outer loop
      vertex 12.0143 -28 5.60545
      vertex 12.375 -46 5.41266
      vertex 12.375 -28 5.41266
    endloop
  endfacet
  facet normal 0.471381 0 0.88193
    outer loop
      vertex 12.375 -46 5.41266
      vertex 12.0143 -28 5.60545
      vertex 12.0143 -46 5.60545
    endloop
  endfacet
  facet normal 0.582403 0 0.8129
    outer loop
      vertex 12.7223 -28 5.19668
      vertex 13.0548 -46 4.95846
      vertex 13.0548 -28 4.95846
    endloop
  endfacet
  facet normal 0.582403 0 0.8129
    outer loop
      vertex 13.0548 -46 4.95846
      vertex 12.7223 -28 5.19668
      vertex 12.7223 -46 5.19668
    endloop
  endfacet
  facet normal -0.999465 0 0.0327149
    outer loop
      vertex 3 -46 0
      vertex 3.01338 -28 0.408769
      vertex 3 -28 0
    endloop
  endfacet
  facet normal -0.999465 0 0.0327149
    outer loop
      vertex 3.01338 -28 0.408769
      vertex 3 -46 0
      vertex 3.01338 -46 0.408769
    endloop
  endfacet
  facet normal -0.995184 0 0.0980223
    outer loop
      vertex 3.01338 -46 0.408769
      vertex 3.05347 -28 0.815788
      vertex 3.01338 -28 0.408769
    endloop
  endfacet
  facet normal -0.995184 0 0.0980223
    outer loop
      vertex 3.05347 -28 0.815788
      vertex 3.01338 -46 0.408769
      vertex 3.05347 -46 0.815788
    endloop
  endfacet
  facet normal -0.973879 0 0.22707
    outer loop
      vertex 3.12009 -46 1.21931
      vertex 3.21296 -28 1.61762
      vertex 3.12009 -28 1.21931
    endloop
  endfacet
  facet normal -0.973879 0 0.22707
    outer loop
      vertex 3.21296 -28 1.61762
      vertex 3.12009 -46 1.21931
      vertex 3.21296 -46 1.61762
    endloop
  endfacet
  facet normal -0.582461 0 0.812859
    outer loop
      vertex 5.44524 -28 4.95846
      vertex 5.77769 -46 5.19668
      vertex 5.77769 -28 5.19668
    endloop
  endfacet
  facet normal -0.582461 0 0.812859
    outer loop
      vertex 5.77769 -46 5.19668
      vertex 5.44524 -28 4.95846
      vertex 5.44524 -46 4.95846
    endloop
  endfacet
  facet normal -0.528083 0 0.849193
    outer loop
      vertex 5.77769 -28 5.19668
      vertex 6.125 -46 5.41266
      vertex 6.125 -28 5.41266
    endloop
  endfacet
  facet normal -0.528083 0 0.849193
    outer loop
      vertex 6.125 -46 5.41266
      vertex 5.77769 -28 5.19668
      vertex 5.77769 -46 5.19668
    endloop
  endfacet
  facet normal -0.634397 0 0.773008
    outer loop
      vertex 5.12909 -28 4.699
      vertex 5.44524 -46 4.95846
      vertex 5.44524 -28 4.95846
    endloop
  endfacet
  facet normal -0.634397 0 0.773008
    outer loop
      vertex 5.44524 -46 4.95846
      vertex 5.12909 -28 4.699
      vertex 5.12909 -46 4.699
    endloop
  endfacet
  facet normal -0.22707 0 0.973879
    outer loop
      vertex 7.63238 -28 6.03704
      vertex 8.03069 -46 6.12991
      vertex 8.03069 -28 6.12991
    endloop
  endfacet
  facet normal -0.22707 0 0.973879
    outer loop
      vertex 8.03069 -46 6.12991
      vertex 7.63238 -28 6.03704
      vertex 7.63238 -46 6.03704
    endloop
  endfacet
  facet normal -0.290299 0 0.956936
    outer loop
      vertex 7.241 -28 5.91831
      vertex 7.63238 -46 6.03704
      vertex 7.63238 -28 6.03704
    endloop
  endfacet
  facet normal -0.290299 0 0.956936
    outer loop
      vertex 7.63238 -46 6.03704
      vertex 7.241 -28 5.91831
      vertex 7.241 -46 5.91831
    endloop
  endfacet
  facet normal -0.0327148 0 0.999465
    outer loop
      vertex 8.84123 -28 6.23662
      vertex 9.25 -46 6.25
      vertex 9.25 -28 6.25
    endloop
  endfacet
  facet normal -0.0327148 0 0.999465
    outer loop
      vertex 9.25 -46 6.25
      vertex 8.84123 -28 6.23662
      vertex 8.84123 -46 6.23662
    endloop
  endfacet
  facet normal -0.0980221 0 0.995184
    outer loop
      vertex 8.43421 -28 6.19653
      vertex 8.84123 -46 6.23662
      vertex 8.84123 -28 6.23662
    endloop
  endfacet
  facet normal -0.0980221 0 0.995184
    outer loop
      vertex 8.84123 -46 6.23662
      vertex 8.43421 -28 6.19653
      vertex 8.43421 -46 6.19653
    endloop
  endfacet
  facet normal 0.973862 -0 0.227139
    outer loop
      vertex 15.287 -46 1.61762
      vertex 15.3799 -28 1.21931
      vertex 15.287 -28 1.61762
    endloop
  endfacet
  facet normal 0.973862 0 0.227139
    outer loop
      vertex 15.3799 -28 1.21931
      vertex 15.287 -46 1.61762
      vertex 15.3799 -46 1.21931
    endloop
  endfacet
  facet normal -0.812859 0 0.582461
    outer loop
      vertex 4.05332 -46 3.47231
      vertex 4.29154 -28 3.80476
      vertex 4.05332 -28 3.47231
    endloop
  endfacet
  facet normal -0.812859 0 0.582461
    outer loop
      vertex 4.29154 -28 3.80476
      vertex 4.05332 -46 3.47231
      vertex 4.29154 -46 3.80476
    endloop
  endfacet
  facet normal 0 -1 0
    outer loop
      vertex 8.84327 -46 6.22262
      vertex 9.25 -46 6.25
      vertex 8.84123 -46 6.23662
    endloop
  endfacet
  facet normal 0 -1 0
    outer loop
      vertex 9.65673 -46 6.22262
      vertex 9.25 -46 6.25
      vertex 9.25 -46 6.23594
    endloop
  endfacet
  facet normal 0 -1 -0
    outer loop
      vertex 9.25 -46 6.25
      vertex 8.84327 -46 6.22262
      vertex 9.25 -46 6.23594
    endloop
  endfacet
  facet normal 0 -1 0
    outer loop
      vertex 8.84123 -46 6.23662
      vertex 8.84215 -46 6.22259
      vertex 8.84327 -46 6.22262
    endloop
  endfacet
  facet normal 0 -1 0
    outer loop
      vertex 8.43716 -46 6.1827
      vertex 8.84123 -46 6.23662
      vertex 8.43421 -46 6.19653
    endloop
  endfacet
  facet normal 0 -1 -0
    outer loop
      vertex 8.84123 -46 6.23662
      vertex 8.43716 -46 6.1827
      vertex 8.84215 -46 6.22259
    endloop
  endfacet
  facet normal 0 -1 0
    outer loop
      vertex 8.43421 -46 6.19653
      vertex 8.43605 -46 6.18259
      vertex 8.43716 -46 6.1827
    endloop
  endfacet
  facet normal 0 -1 0
    outer loop
      vertex 8.43421 -46 6.19653
      vertex 8.43495 -46 6.18241
      vertex 8.43605 -46 6.18259
    endloop
  endfacet
  facet normal 0 -1 0
    outer loop
      vertex 8.03069 -46 6.12991
      vertex 8.43495 -46 6.18241
      vertex 8.43421 -46 6.19653
    endloop
  endfacet
  facet normal 0 -1 0
    outer loop
      vertex 8.03069 -46 6.12991
      vertex 8.03343 -46 6.11612
      vertex 8.43495 -46 6.18241
    endloop
  endfacet
  facet normal 0 -1 0
    outer loop
      vertex 7.63711 -46 6.02371
      vertex 8.03069 -46 6.12991
      vertex 7.63238 -46 6.03704
    endloop
  endfacet
  facet normal 0 -1 -0
    outer loop
      vertex 8.03069 -46 6.12991
      vertex 7.63711 -46 6.02371
      vertex 8.03343 -46 6.11612
    endloop
  endfacet
  facet normal 0 -1 0
    outer loop
      vertex 7.63238 -46 6.03704
      vertex 7.63602 -46 6.02345
      vertex 7.63711 -46 6.02371
    endloop
  endfacet
  facet normal 0 -1 0
    outer loop
      vertex 7.24659 -46 5.90532
      vertex 7.63238 -46 6.03704
      vertex 7.241 -46 5.91831
    endloop
  endfacet
  facet normal 0 -1 -0
    outer loop
      vertex 7.63238 -46 6.03704
      vertex 7.24659 -46 5.90532
      vertex 7.63602 -46 6.02345
    endloop
  endfacet
  facet normal 0 -1 0
    outer loop
      vertex 7.241 -46 5.91831
      vertex 7.24552 -46 5.905
      vertex 7.24659 -46 5.90532
    endloop
  endfacet
  facet normal 0 -1 0
    outer loop
      vertex 7.241 -46 5.91831
      vertex 7.24448 -46 5.90461
      vertex 7.24552 -46 5.905
    endloop
  endfacet
  facet normal 0 -1 0
    outer loop
      vertex 6.85823 -46 5.77425
      vertex 7.24448 -46 5.90461
      vertex 7.241 -46 5.91831
    endloop
  endfacet
  facet normal 0 -1 0
    outer loop
      vertex 6.85823 -46 5.77425
      vertex 6.86361 -46 5.76126
      vertex 7.24448 -46 5.90461
    endloop
  endfacet
  facet normal 0 -1 0
    outer loop
      vertex 6.49293 -46 5.5933
      vertex 6.85823 -46 5.77425
      vertex 6.4857 -46 5.60545
    endloop
  endfacet
  facet normal 0 -1 -0
    outer loop
      vertex 6.85823 -46 5.77425
      vertex 6.49293 -46 5.5933
      vertex 6.86361 -46 5.76126
    endloop
  endfacet
  facet normal 0 -1 0
    outer loop
      vertex 6.4857 -46 5.60545
      vertex 6.49191 -46 5.59284
      vertex 6.49293 -46 5.5933
    endloop
  endfacet
  facet normal 0 -1 0
    outer loop
      vertex 6.4857 -46 5.60545
      vertex 6.49093 -46 5.59232
      vertex 6.49191 -46 5.59284
    endloop
  endfacet
  facet normal 0 -1 0
    outer loop
      vertex 6.125 -46 5.41266
      vertex 6.49093 -46 5.59232
      vertex 6.4857 -46 5.60545
    endloop
  endfacet
  facet normal 0 -1 0
    outer loop
      vertex 6.125 -46 5.41266
      vertex 6.13203 -46 5.40048
      vertex 6.49093 -46 5.59232
    endloop
  endfacet
  facet normal 0 -1 0
    outer loop
      vertex 6.125 -46 5.41266
      vertex 6.13108 -46 5.39989
      vertex 6.13203 -46 5.40048
    endloop
  endfacet
  facet normal 0 -1 0
    outer loop
      vertex 5.77769 -46 5.19668
      vertex 6.13108 -46 5.39989
      vertex 6.125 -46 5.41266
    endloop
  endfacet
  facet normal 0 -1 0
    outer loop
      vertex 5.77769 -46 5.19668
      vertex 5.7855 -46 5.18499
      vertex 6.13108 -46 5.39989
    endloop
  endfacet
  facet normal 0 -1 0
    outer loop
      vertex 5.77769 -46 5.19668
      vertex 5.78459 -46 5.18434
      vertex 5.7855 -46 5.18499
    endloop
  endfacet
  facet normal 0 -1 0
    outer loop
      vertex 5.44524 -46 4.95846
      vertex 5.78459 -46 5.18434
      vertex 5.77769 -46 5.19668
    endloop
  endfacet
  facet normal 0 -1 0
    outer loop
      vertex 5.44524 -46 4.95846
      vertex 5.4538 -46 4.9473
      vertex 5.78459 -46 5.18434
    endloop
  endfacet
  facet normal 0 -1 0
    outer loop
      vertex 5.13922 -46 4.68913
      vertex 5.44524 -46 4.95846
      vertex 5.12909 -46 4.699
    endloop
  endfacet
  facet normal 0 -1 -0
    outer loop
      vertex 5.44524 -46 4.95846
      vertex 5.13922 -46 4.68913
      vertex 5.4538 -46 4.9473
    endloop
  endfacet
  facet normal 0 -1 0
    outer loop
      vertex 5.12909 -46 4.699
      vertex 5.13836 -46 4.68843
      vertex 5.13922 -46 4.68913
    endloop
  endfacet
  facet normal 0 -1 0
    outer loop
      vertex 4.84134 -46 4.41024
      vertex 5.12909 -46 4.699
      vertex 4.83058 -46 4.41942
    endloop
  endfacet
  facet normal 0 -1 -0
    outer loop
      vertex 5.12909 -46 4.699
      vertex 4.84134 -46 4.41024
      vertex 5.13836 -46 4.68843
    endloop
  endfacet
  facet normal 0 -1 0
    outer loop
      vertex 4.83058 -46 4.41942
      vertex 4.84053 -46 4.40947
      vertex 4.84134 -46 4.41024
    endloop
  endfacet
  facet normal 0 -1 0
    outer loop
      vertex 4.83058 -46 4.41942
      vertex 4.83976 -46 4.40866
      vertex 4.84053 -46 4.40947
    endloop
  endfacet
  facet normal 0 -1 0
    outer loop
      vertex 4.551 -46 4.12091
      vertex 4.83976 -46 4.40866
      vertex 4.83058 -46 4.41942
    endloop
  endfacet
  facet normal 0 -1 0
    outer loop
      vertex 4.551 -46 4.12091
      vertex 4.56157 -46 4.11164
      vertex 4.83976 -46 4.40866
    endloop
  endfacet
  facet normal 0 -1 0
    outer loop
      vertex 4.551 -46 4.12091
      vertex 4.56087 -46 4.11078
      vertex 4.56157 -46 4.11164
    endloop
  endfacet
  facet normal 0 -1 0
    outer loop
      vertex 4.29154 -46 3.80476
      vertex 4.56087 -46 4.11078
      vertex 4.551 -46 4.12091
    endloop
  endfacet
  facet normal 0 -1 0
    outer loop
      vertex 4.29154 -46 3.80476
      vertex 4.3027 -46 3.7962
      vertex 4.56087 -46 4.11078
    endloop
  endfacet
  facet normal 0 -1 0
    outer loop
      vertex 4.06566 -46 3.46541
      vertex 4.29154 -46 3.80476
      vertex 4.05332 -46 3.47231
    endloop
  endfacet
  facet normal 0 -1 -0
    outer loop
      vertex 4.29154 -46 3.80476
      vertex 4.06566 -46 3.46541
      vertex 4.3027 -46 3.7962
    endloop
  endfacet
  facet normal 0 -1 0
    outer loop
      vertex 4.05332 -46 3.47231
      vertex 4.06501 -46 3.4645
      vertex 4.06566 -46 3.46541
    endloop
  endfacet
  facet normal 0 -1 0
    outer loop
      vertex 3.85011 -46 3.11892
      vertex 4.05332 -46 3.47231
      vertex 3.83734 -46 3.125
    endloop
  endfacet
  facet normal 0 -1 -0
    outer loop
      vertex 4.05332 -46 3.47231
      vertex 3.85011 -46 3.11892
      vertex 4.06501 -46 3.4645
    endloop
  endfacet
  facet normal 0 -1 0
    outer loop
      vertex 3.83734 -46 3.125
      vertex 3.84952 -46 3.11797
      vertex 3.85011 -46 3.11892
    endloop
  endfacet
  facet normal 0 -1 0
    outer loop
      vertex 3.65768 -46 2.75907
      vertex 3.83734 -46 3.125
      vertex 3.64455 -46 2.7643
    endloop
  endfacet
  facet normal 0 -1 -0
    outer loop
      vertex 3.83734 -46 3.125
      vertex 3.65768 -46 2.75907
      vertex 3.84952 -46 3.11797
    endloop
  endfacet
  facet normal 0 -1 0
    outer loop
      vertex 3.64455 -46 2.7643
      vertex 3.65716 -46 2.75809
      vertex 3.65768 -46 2.75907
    endloop
  endfacet
  facet normal 0 -1 0
    outer loop
      vertex 3.64455 -46 2.7643
      vertex 3.6567 -46 2.75707
      vertex 3.65716 -46 2.75809
    endloop
  endfacet
  facet normal 0 -1 0
    outer loop
      vertex 3.47575 -46 2.39177
      vertex 3.6567 -46 2.75707
      vertex 3.64455 -46 2.7643
    endloop
  endfacet
  facet normal 0 -1 0
    outer loop
      vertex 3.47575 -46 2.39177
      vertex 3.48874 -46 2.38639
      vertex 3.6567 -46 2.75707
    endloop
  endfacet
  facet normal 0 -1 0
    outer loop
      vertex 3.34539 -46 2.00552
      vertex 3.47575 -46 2.39177
      vertex 3.33169 -46 2.009
    endloop
  endfacet
  facet normal 0 -1 -0
    outer loop
      vertex 3.47575 -46 2.39177
      vertex 3.34539 -46 2.00552
      vertex 3.48874 -46 2.38639
    endloop
  endfacet
  facet normal 0 -1 0
    outer loop
      vertex 3.33169 -46 2.009
      vertex 3.345 -46 2.00448
      vertex 3.34539 -46 2.00552
    endloop
  endfacet
  facet normal 0 -1 0
    outer loop
      vertex 3.33169 -46 2.009
      vertex 3.34468 -46 2.00341
      vertex 3.345 -46 2.00448
    endloop
  endfacet
  facet normal 0 -1 0
    outer loop
      vertex 3.21296 -46 1.61762
      vertex 3.34468 -46 2.00341
      vertex 3.33169 -46 2.009
    endloop
  endfacet
  facet normal 0 -1 0
    outer loop
      vertex 3.21296 -46 1.61762
      vertex 3.22655 -46 1.61398
      vertex 3.34468 -46 2.00341
    endloop
  endfacet
  facet normal 0 -1 0
    outer loop
      vertex 3.21296 -46 1.61762
      vertex 3.22629 -46 1.61289
      vertex 3.22655 -46 1.61398
    endloop
  endfacet
  facet normal 0 -1 0
    outer loop
      vertex 3.12009 -46 1.21931
      vertex 3.22629 -46 1.61289
      vertex 3.21296 -46 1.61762
    endloop
  endfacet
  facet normal 0 -1 0
    outer loop
      vertex 3.12009 -46 1.21931
      vertex 3.13388 -46 1.21657
      vertex 3.22629 -46 1.61289
    endloop
  endfacet
  facet normal 0 -1 0
    outer loop
      vertex 3.06759 -46 0.815053
      vertex 3.12009 -46 1.21931
      vertex 3.05347 -46 0.815788
    endloop
  endfacet
  facet normal 0 -1 -0
    outer loop
      vertex 3.12009 -46 1.21931
      vertex 3.06759 -46 0.815053
      vertex 3.13388 -46 1.21657
    endloop
  endfacet
  facet normal 0 -1 0
    outer loop
      vertex 3.05347 -46 0.815788
      vertex 3.06741 -46 0.813953
      vertex 3.06759 -46 0.815053
    endloop
  endfacet
  facet normal 0 -1 0
    outer loop
      vertex 3.05347 -46 0.815788
      vertex 3.0673 -46 0.812844
      vertex 3.06741 -46 0.813953
    endloop
  endfacet
  facet normal 0 -1 0
    outer loop
      vertex 3.01338 -46 0.408769
      vertex 3.0673 -46 0.812844
      vertex 3.05347 -46 0.815788
    endloop
  endfacet
  facet normal 0 -1 0
    outer loop
      vertex 3.01338 -46 0.408769
      vertex 3.02741 -46 0.407849
      vertex 3.0673 -46 0.812844
    endloop
  endfacet
  facet normal 0 -1 0
    outer loop
      vertex 3.01338 -46 0.408769
      vertex 3.02738 -46 0.406735
      vertex 3.02741 -46 0.407849
    endloop
  endfacet
  facet normal 0 -1 0
    outer loop
      vertex 3 -46 0
      vertex 3.02738 -46 0.406735
      vertex 3.01338 -46 0.408769
    endloop
  endfacet
  facet normal 0 -1 0
    outer loop
      vertex 3.02738 -46 0.406735
      vertex 3 -46 0
      vertex 3.01406 -46 0
    endloop
  endfacet
  facet normal 0 -1 0
    outer loop
      vertex 9.25 -46 6.25
      vertex 9.65673 -46 6.22262
      vertex 9.65877 -46 6.23662
    endloop
  endfacet
  facet normal 0 -1 0
    outer loop
      vertex 9.65785 -46 6.22259
      vertex 9.65877 -46 6.23662
      vertex 9.65673 -46 6.22262
    endloop
  endfacet
  facet normal 0 -1 0
    outer loop
      vertex 10.0628 -46 6.1827
      vertex 9.65877 -46 6.23662
      vertex 9.65785 -46 6.22259
    endloop
  endfacet
  facet normal 0 -1 0
    outer loop
      vertex 9.65877 -46 6.23662
      vertex 10.0628 -46 6.1827
      vertex 10.0658 -46 6.19653
    endloop
  endfacet
  facet normal 0 -1 0
    outer loop
      vertex 10.064 -46 6.18259
      vertex 10.0658 -46 6.19653
      vertex 10.0628 -46 6.1827
    endloop
  endfacet
  facet normal 0 -1 0
    outer loop
      vertex 10.0651 -46 6.18241
      vertex 10.0658 -46 6.19653
      vertex 10.064 -46 6.18259
    endloop
  endfacet
  facet normal 0 -1 0
    outer loop
      vertex 10.0651 -46 6.18241
      vertex 10.4693 -46 6.12991
      vertex 10.0658 -46 6.19653
    endloop
  endfacet
  facet normal 0 -1 0
    outer loop
      vertex 10.4666 -46 6.11612
      vertex 10.4693 -46 6.12991
      vertex 10.0651 -46 6.18241
    endloop
  endfacet
  facet normal 0 -1 0
    outer loop
      vertex 10.8629 -46 6.02371
      vertex 10.4693 -46 6.12991
      vertex 10.4666 -46 6.11612
    endloop
  endfacet
  facet normal 0 -1 0
    outer loop
      vertex 10.4693 -46 6.12991
      vertex 10.8629 -46 6.02371
      vertex 10.8676 -46 6.03704
    endloop
  endfacet
  facet normal 0 -1 0
    outer loop
      vertex 10.864 -46 6.02345
      vertex 10.8676 -46 6.03704
      vertex 10.8629 -46 6.02371
    endloop
  endfacet
  facet normal 0 -1 0
    outer loop
      vertex 11.2534 -46 5.90532
      vertex 10.8676 -46 6.03704
      vertex 10.864 -46 6.02345
    endloop
  endfacet
  facet normal 0 -1 0
    outer loop
      vertex 10.8676 -46 6.03704
      vertex 11.2534 -46 5.90532
      vertex 11.259 -46 5.91831
    endloop
  endfacet
  facet normal 0 -1 0
    outer loop
      vertex 11.2545 -46 5.905
      vertex 11.259 -46 5.91831
      vertex 11.2534 -46 5.90532
    endloop
  endfacet
  facet normal 0 -1 0
    outer loop
      vertex 11.2555 -46 5.90461
      vertex 11.259 -46 5.91831
      vertex 11.2545 -46 5.905
    endloop
  endfacet
  facet normal 0 -1 0
    outer loop
      vertex 11.2555 -46 5.90461
      vertex 11.6418 -46 5.77425
      vertex 11.259 -46 5.91831
    endloop
  endfacet
  facet normal 0 -1 0
    outer loop
      vertex 11.6364 -46 5.76126
      vertex 11.6418 -46 5.77425
      vertex 11.2555 -46 5.90461
    endloop
  endfacet
  facet normal 0 -1 0
    outer loop
      vertex 12.0071 -46 5.5933
      vertex 11.6418 -46 5.77425
      vertex 11.6364 -46 5.76126
    endloop
  endfacet
  facet normal 0 -1 0
    outer loop
      vertex 11.6418 -46 5.77425
      vertex 12.0071 -46 5.5933
      vertex 12.0143 -46 5.60545
    endloop
  endfacet
  facet normal 0 -1 0
    outer loop
      vertex 12.0081 -46 5.59284
      vertex 12.0143 -46 5.60545
      vertex 12.0071 -46 5.5933
    endloop
  endfacet
  facet normal 0 -1 0
    outer loop
      vertex 12.0091 -46 5.59232
      vertex 12.0143 -46 5.60545
      vertex 12.0081 -46 5.59284
    endloop
  endfacet
  facet normal 0 -1 0
    outer loop
      vertex 12.0091 -46 5.59232
      vertex 12.375 -46 5.41266
      vertex 12.0143 -46 5.60545
    endloop
  endfacet
  facet normal 0 -1 0
    outer loop
      vertex 12.368 -46 5.40048
      vertex 12.375 -46 5.41266
      vertex 12.0091 -46 5.59232
    endloop
  endfacet
  facet normal 0 -1 0
    outer loop
      vertex 12.3689 -46 5.39989
      vertex 12.375 -46 5.41266
      vertex 12.368 -46 5.40048
    endloop
  endfacet
  facet normal 0 -1 0
    outer loop
      vertex 12.3689 -46 5.39989
      vertex 12.7223 -46 5.19668
      vertex 12.375 -46 5.41266
    endloop
  endfacet
  facet normal 0 -1 0
    outer loop
      vertex 12.7145 -46 5.18499
      vertex 12.7223 -46 5.19668
      vertex 12.3689 -46 5.39989
    endloop
  endfacet
  facet normal 0 -1 0
    outer loop
      vertex 12.7154 -46 5.18434
      vertex 12.7223 -46 5.19668
      vertex 12.7145 -46 5.18499
    endloop
  endfacet
  facet normal 0 -1 0
    outer loop
      vertex 12.7154 -46 5.18434
      vertex 13.0548 -46 4.95846
      vertex 12.7223 -46 5.19668
    endloop
  endfacet
  facet normal 0 -1 0
    outer loop
      vertex 13.0462 -46 4.9473
      vertex 13.0548 -46 4.95846
      vertex 12.7154 -46 5.18434
    endloop
  endfacet
  facet normal 0 -1 0
    outer loop
      vertex 13.3608 -46 4.68913
      vertex 13.0548 -46 4.95846
      vertex 13.0462 -46 4.9473
    endloop
  endfacet
  facet normal 0 -1 0
    outer loop
      vertex 13.0548 -46 4.95846
      vertex 13.3608 -46 4.68913
      vertex 13.3709 -46 4.699
    endloop
  endfacet
  facet normal 0 -1 0
    outer loop
      vertex 13.3616 -46 4.68843
      vertex 13.3709 -46 4.699
      vertex 13.3608 -46 4.68913
    endloop
  endfacet
  facet normal 0 -1 0
    outer loop
      vertex 13.6587 -46 4.41024
      vertex 13.3709 -46 4.699
      vertex 13.3616 -46 4.68843
    endloop
  endfacet
  facet normal 0 -1 0
    outer loop
      vertex 13.3709 -46 4.699
      vertex 13.6587 -46 4.41024
      vertex 13.6694 -46 4.41942
    endloop
  endfacet
  facet normal 0 -1 0
    outer loop
      vertex 13.6595 -46 4.40947
      vertex 13.6694 -46 4.41942
      vertex 13.6587 -46 4.41024
    endloop
  endfacet
  facet normal 0 -1 0
    outer loop
      vertex 13.6602 -46 4.40866
      vertex 13.6694 -46 4.41942
      vertex 13.6595 -46 4.40947
    endloop
  endfacet
  facet normal 0 -1 0
    outer loop
      vertex 13.6602 -46 4.40866
      vertex 13.949 -46 4.12091
      vertex 13.6694 -46 4.41942
    endloop
  endfacet
  facet normal 0 -1 0
    outer loop
      vertex 13.9384 -46 4.11164
      vertex 13.949 -46 4.12091
      vertex 13.6602 -46 4.40866
    endloop
  endfacet
  facet normal 0 -1 0
    outer loop
      vertex 13.9391 -46 4.11078
      vertex 13.949 -46 4.12091
      vertex 13.9384 -46 4.11164
    endloop
  endfacet
  facet normal 0 -1 0
    outer loop
      vertex 13.9391 -46 4.11078
      vertex 14.2085 -46 3.80476
      vertex 13.949 -46 4.12091
    endloop
  endfacet
  facet normal 0 -1 0
    outer loop
      vertex 14.1973 -46 3.7962
      vertex 14.2085 -46 3.80476
      vertex 13.9391 -46 4.11078
    endloop
  endfacet
  facet normal 0 -1 0
    outer loop
      vertex 14.4343 -46 3.46541
      vertex 14.2085 -46 3.80476
      vertex 14.1973 -46 3.7962
    endloop
  endfacet
  facet normal 0 -1 0
    outer loop
      vertex 14.2085 -46 3.80476
      vertex 14.4343 -46 3.46541
      vertex 14.4467 -46 3.47231
    endloop
  endfacet
  facet normal 0 -1 0
    outer loop
      vertex 14.435 -46 3.4645
      vertex 14.4467 -46 3.47231
      vertex 14.4343 -46 3.46541
    endloop
  endfacet
  facet normal 0 -1 0
    outer loop
      vertex 14.6499 -46 3.11892
      vertex 14.4467 -46 3.47231
      vertex 14.435 -46 3.4645
    endloop
  endfacet
  facet normal 0 -1 0
    outer loop
      vertex 14.4467 -46 3.47231
      vertex 14.6499 -46 3.11892
      vertex 14.6627 -46 3.125
    endloop
  endfacet
  facet normal 0 -1 0
    outer loop
      vertex 14.6505 -46 3.11797
      vertex 14.6627 -46 3.125
      vertex 14.6499 -46 3.11892
    endloop
  endfacet
  facet normal 0 -1 0
    outer loop
      vertex 14.8423 -46 2.75907
      vertex 14.6627 -46 3.125
      vertex 14.6505 -46 3.11797
    endloop
  endfacet
  facet normal 0 -1 0
    outer loop
      vertex 14.6627 -46 3.125
      vertex 14.8423 -46 2.75907
      vertex 14.8555 -46 2.7643
    endloop
  endfacet
  facet normal 0 -1 0
    outer loop
      vertex 14.8428 -46 2.75809
      vertex 14.8555 -46 2.7643
      vertex 14.8423 -46 2.75907
    endloop
  endfacet
  facet normal 0 -1 0
    outer loop
      vertex 14.8433 -46 2.75707
      vertex 14.8555 -46 2.7643
      vertex 14.8428 -46 2.75809
    endloop
  endfacet
  facet normal 0 -1 0
    outer loop
      vertex 14.8433 -46 2.75707
      vertex 15.0242 -46 2.39177
      vertex 14.8555 -46 2.7643
    endloop
  endfacet
  facet normal 0 -1 0
    outer loop
      vertex 15.0113 -46 2.38639
      vertex 15.0242 -46 2.39177
      vertex 14.8433 -46 2.75707
    endloop
  endfacet
  facet normal 0 -1 0
    outer loop
      vertex 15.1546 -46 2.00552
      vertex 15.0242 -46 2.39177
      vertex 15.0113 -46 2.38639
    endloop
  endfacet
  facet normal 0 -1 0
    outer loop
      vertex 15.0242 -46 2.39177
      vertex 15.1546 -46 2.00552
      vertex 15.1683 -46 2.009
    endloop
  endfacet
  facet normal 0 -1 0
    outer loop
      vertex 15.155 -46 2.00448
      vertex 15.1683 -46 2.009
      vertex 15.1546 -46 2.00552
    endloop
  endfacet
  facet normal 0 -1 0
    outer loop
      vertex 15.1553 -46 2.00341
      vertex 15.1683 -46 2.009
      vertex 15.155 -46 2.00448
    endloop
  endfacet
  facet normal 0 -1 0
    outer loop
      vertex 15.1553 -46 2.00341
      vertex 15.287 -46 1.61762
      vertex 15.1683 -46 2.009
    endloop
  endfacet
  facet normal 0 -1 0
    outer loop
      vertex 15.2735 -46 1.61398
      vertex 15.287 -46 1.61762
      vertex 15.1553 -46 2.00341
    endloop
  endfacet
  facet normal 0 -1 0
    outer loop
      vertex 15.2737 -46 1.61289
      vertex 15.287 -46 1.61762
      vertex 15.2735 -46 1.61398
    endloop
  endfacet
  facet normal 0 -1 0
    outer loop
      vertex 15.2737 -46 1.61289
      vertex 15.3799 -46 1.21931
      vertex 15.287 -46 1.61762
    endloop
  endfacet
  facet normal 0 -1 0
    outer loop
      vertex 15.3661 -46 1.21657
      vertex 15.3799 -46 1.21931
      vertex 15.2737 -46 1.61289
    endloop
  endfacet
  facet normal 0 -1 0
    outer loop
      vertex 15.4324 -46 0.815053
      vertex 15.3799 -46 1.21931
      vertex 15.3661 -46 1.21657
    endloop
  endfacet
  facet normal 0 -1 0
    outer loop
      vertex 15.3799 -46 1.21931
      vertex 15.4324 -46 0.815053
      vertex 15.4465 -46 0.815788
    endloop
  endfacet
  facet normal 0 -1 0
    outer loop
      vertex 15.4326 -46 0.813953
      vertex 15.4465 -46 0.815788
      vertex 15.4324 -46 0.815053
    endloop
  endfacet
  facet normal 0 -1 0
    outer loop
      vertex 15.4327 -46 0.812844
      vertex 15.4465 -46 0.815788
      vertex 15.4326 -46 0.813953
    endloop
  endfacet
  facet normal 0 -1 0
    outer loop
      vertex 15.4327 -46 0.812844
      vertex 15.4866 -46 0.408769
      vertex 15.4465 -46 0.815788
    endloop
  endfacet
  facet normal 0 -1 0
    outer loop
      vertex 15.4726 -46 0.407849
      vertex 15.4866 -46 0.408769
      vertex 15.4327 -46 0.812844
    endloop
  endfacet
  facet normal 0 -1 0
    outer loop
      vertex 15.4726 -46 0.406735
      vertex 15.4866 -46 0.408769
      vertex 15.4726 -46 0.407849
    endloop
  endfacet
  facet normal 0 -1 0
    outer loop
      vertex 15.5 -46 0
      vertex 15.4726 -46 0.406735
      vertex 15.4859 -46 0
    endloop
  endfacet
  facet normal 0 -1 0
    outer loop
      vertex 15.4726 -46 0.406735
      vertex 15.5 -46 0
      vertex 15.4866 -46 0.408769
    endloop
  endfacet
  facet normal -0.910885 0 0.41266
    outer loop
      vertex 4.85436 -27.0143 2.04401
      vertex 4.76919 -18 1.85601
      vertex 4.76919 -27.0143 1.85601
    endloop
  endfacet
  facet normal -0.91087 8.54509e-07 0.412694
    outer loop
      vertex 4.76919 -18 1.85601
      vertex 4.85436 -27.0143 2.04401
      vertex 4.90017 -18 2.1451
    endloop
  endfacet
  facet normal -0.910841 0 0.412757
    outer loop
      vertex 4.90017 -18 2.1451
      vertex 4.85436 -27.0143 2.04401
      vertex 4.90017 -27.0143 2.1451
    endloop
  endfacet
  facet normal 0.973878 0 0.22707
    outer loop
      vertex 13.9599 -27.0143 1.14719
      vertex 13.9347 -18 1.25527
      vertex 13.9347 -27.0143 1.25527
    endloop
  endfacet
  facet normal 0.973861 -9.62325e-07 0.227146
    outer loop
      vertex 13.9347 -18 1.25527
      vertex 13.9599 -27.0143 1.14719
      vertex 13.9979 -18 0.984308
    endloop
  endfacet
  facet normal 0.973849 0 0.227197
    outer loop
      vertex 13.9979 -18 0.984308
      vertex 13.9599 -27.0143 1.14719
      vertex 13.9979 -27.0143 0.984308
    endloop
  endfacet
  facet normal 0.956979 0 0.290157
    outer loop
      vertex 13.8748 -27.0143 1.45278
      vertex 13.8426 -18 1.55898
      vertex 13.8426 -27.0143 1.55898
    endloop
  endfacet
  facet normal 0.956966 -5.44594e-07 0.2902
    outer loop
      vertex 13.8426 -18 1.55898
      vertex 13.8748 -27.0143 1.45278
      vertex 13.9347 -18 1.25527
    endloop
  endfacet
  facet normal 0.956959 -0 0.290223
    outer loop
      vertex 13.9347 -27.0143 1.25527
      vertex 13.9347 -18 1.25527
      vertex 13.8748 -27.0143 1.45278
    endloop
  endfacet
  facet normal 0.527881 0 0.849319
    outer loop
      vertex 11.9113 -18 4.0533
      vertex 11.7692 -27.0143 4.14162
      vertex 11.9113 -27.0143 4.0533
    endloop
  endfacet
  facet normal 0.528014 -2.9168e-06 0.849236
    outer loop
      vertex 11.675 -18 4.20022
      vertex 11.7692 -27.0143 4.14162
      vertex 11.9113 -18 4.0533
    endloop
  endfacet
  facet normal 0.528215 0 0.849111
    outer loop
      vertex 11.7692 -27.0143 4.14162
      vertex 11.675 -18 4.20022
      vertex 11.675 -27.0143 4.20022
    endloop
  endfacet
  facet normal -0.290267 0 0.956946
    outer loop
      vertex 7.99473 -18 4.68474
      vertex 7.79722 -27.0143 4.62483
      vertex 7.99473 -27.0143 4.68474
    endloop
  endfacet
  facet normal -0.290286 4.64955e-07 0.95694
    outer loop
      vertex 7.69102 -18 4.59261
      vertex 7.79722 -27.0143 4.62483
      vertex 7.99473 -18 4.68474
    endloop
  endfacet
  facet normal -0.290322 0 0.956929
    outer loop
      vertex 7.79722 -27.0143 4.62483
      vertex 7.69102 -18 4.59261
      vertex 7.69102 -27.0143 4.59261
    endloop
  endfacet
  facet normal 0.910875 0 0.412682
    outer loop
      vertex 13.6456 -27.0143 2.04401
      vertex 13.5998 -18 2.1451
      vertex 13.5998 -27.0143 2.1451
    endloop
  endfacet
  facet normal 0.910846 -8.62631e-07 0.412746
    outer loop
      vertex 13.5998 -18 2.1451
      vertex 13.6456 -27.0143 2.04401
      vertex 13.7308 -18 1.85601
    endloop
  endfacet
  facet normal 0.91083 -0 0.412781
    outer loop
      vertex 13.7308 -27.0143 1.85601
      vertex 13.7308 -18 1.85601
      vertex 13.6456 -27.0143 2.04401
    endloop
  endfacet
  facet normal 0.849239 0 0.528009
    outer loop
      vertex 13.3916 -27.0143 2.51925
      vertex 13.3033 -18 2.66127
      vertex 13.3033 -27.0143 2.66127
    endloop
  endfacet
  facet normal 0.849238 -3.86777e-08 0.52801
    outer loop
      vertex 13.3033 -18 2.66127
      vertex 13.3916 -27.0143 2.51925
      vertex 13.4502 -18 2.425
    endloop
  endfacet
  facet normal 0.849236 -0 0.528013
    outer loop
      vertex 13.4502 -27.0143 2.425
      vertex 13.4502 -18 2.425
      vertex 13.3916 -27.0143 2.51925
    endloop
  endfacet
  facet normal 0.412723 0 0.910856
    outer loop
      vertex 11.3951 -18 4.34983
      vertex 11.294 -27.0143 4.39564
      vertex 11.3951 -27.0143 4.34983
    endloop
  endfacet
  facet normal 0.412682 5.56794e-07 0.910875
    outer loop
      vertex 11.106 -18 4.48081
      vertex 11.294 -27.0143 4.39564
      vertex 11.3951 -18 4.34983
    endloop
  endfacet
  facet normal 0.41266 0 0.910885
    outer loop
      vertex 11.294 -27.0143 4.39564
      vertex 11.106 -18 4.48081
      vertex 11.106 -27.0143 4.48081
    endloop
  endfacet
  facet normal 0.22703 0 0.973888
    outer loop
      vertex 10.5053 -18 4.68474
      vertex 10.3972 -27.0143 4.70994
      vertex 10.5053 -27.0143 4.68474
    endloop
  endfacet
  facet normal 0.227048 -2.22454e-07 0.973884
    outer loop
      vertex 10.2343 -18 4.74792
      vertex 10.3972 -27.0143 4.70994
      vertex 10.5053 -18 4.68474
    endloop
  endfacet
  facet normal 0.22706 0 0.973881
    outer loop
      vertex 10.3972 -27.0143 4.70994
      vertex 10.2343 -18 4.74792
      vertex 10.2343 -27.0143 4.74792
    endloop
  endfacet
  facet normal -0.973875 0 0.227083
    outer loop
      vertex 4.54006 -27.0143 1.14719
      vertex 4.50208 -18 0.984308
      vertex 4.50208 -27.0143 0.984308
    endloop
  endfacet
  facet normal -0.973877 -1.00476e-07 0.227078
    outer loop
      vertex 4.50208 -18 0.984308
      vertex 4.54006 -27.0143 1.14719
      vertex 4.56526 -18 1.25527
    endloop
  endfacet
  facet normal -0.973878 0 0.22707
    outer loop
      vertex 4.56526 -18 1.25527
      vertex 4.54006 -27.0143 1.14719
      vertex 4.56526 -27.0143 1.25527
    endloop
  endfacet
  facet normal -0.881951 0 0.471341
    outer loop
      vertex 4.95248 -27.0143 2.24298
      vertex 4.90017 -18 2.1451
      vertex 4.90017 -27.0143 2.1451
    endloop
  endfacet
  facet normal -0.881921 7.89187e-07 0.471398
    outer loop
      vertex 4.90017 -18 2.1451
      vertex 4.95248 -27.0143 2.24298
      vertex 5.04978 -18 2.425
    endloop
  endfacet
  facet normal -0.881905 0 0.471428
    outer loop
      vertex 5.04978 -18 2.425
      vertex 4.95248 -27.0143 2.24298
      vertex 5.04978 -27.0143 2.425
    endloop
  endfacet
  facet normal -0.227086 0 0.973875
    outer loop
      vertex 8.26569 -18 4.74792
      vertex 8.10281 -27.0143 4.70994
      vertex 8.26569 -27.0143 4.74792
    endloop
  endfacet
  facet normal -0.22708 -1.20573e-07 0.973876
    outer loop
      vertex 7.99473 -18 4.68474
      vertex 8.10281 -27.0143 4.70994
      vertex 8.26569 -18 4.74792
    endloop
  endfacet
  facet normal -0.22707 0 0.973878
    outer loop
      vertex 8.10281 -27.0143 4.70994
      vertex 7.99473 -18 4.68474
      vertex 7.99473 -27.0143 4.68474
    endloop
  endfacet
  facet normal -0.41266 0 0.910885
    outer loop
      vertex 7.39399 -18 4.48081
      vertex 7.20599 -27.0143 4.39564
      vertex 7.39399 -27.0143 4.48081
    endloop
  endfacet
  facet normal -0.412694 8.54509e-07 0.91087
    outer loop
      vertex 7.1049 -18 4.34983
      vertex 7.20599 -27.0143 4.39564
      vertex 7.39399 -18 4.48081
    endloop
  endfacet
  facet normal -0.412757 0 0.910841
    outer loop
      vertex 7.20599 -27.0143 4.39564
      vertex 7.1049 -18 4.34983
      vertex 7.1049 -27.0143 4.34983
    endloop
  endfacet
  facet normal 0.935906 0 0.352249
    outer loop
      vertex 13.8035 -27.0143 1.66285
      vertex 13.7308 -18 1.85601
      vertex 13.7308 -27.0143 1.85601
    endloop
  endfacet
  facet normal 0.9359 -4.21895e-07 0.352266
    outer loop
      vertex 13.7308 -18 1.85601
      vertex 13.8035 -27.0143 1.66285
      vertex 13.8426 -18 1.55898
    endloop
  endfacet
  facet normal 0.935888 0 0.352298
    outer loop
      vertex 13.8426 -18 1.55898
      vertex 13.8035 -27.0143 1.66285
      vertex 13.8426 -27.0143 1.55898
    endloop
  endfacet
  facet normal 0.881905 0 0.471428
    outer loop
      vertex 13.5475 -27.0143 2.24298
      vertex 13.4502 -18 2.425
      vertex 13.4502 -27.0143 2.425
    endloop
  endfacet
  facet normal 0.881934 1.42544e-06 0.471373
    outer loop
      vertex 13.4502 -18 2.425
      vertex 13.5475 -27.0143 2.24298
      vertex 13.5998 -18 2.1451
    endloop
  endfacet
  facet normal 0.881988 0 0.471271
    outer loop
      vertex 13.5998 -18 2.1451
      vertex 13.5475 -27.0143 2.24298
      vertex 13.5998 -27.0143 2.1451
    endloop
  endfacet
  facet normal 0.471468 0 0.881883
    outer loop
      vertex 11.675 -18 4.20022
      vertex 11.493 -27.0143 4.29752
      vertex 11.675 -27.0143 4.20022
    endloop
  endfacet
  facet normal 0.471398 1.83508e-06 0.881921
    outer loop
      vertex 11.3951 -18 4.34983
      vertex 11.493 -27.0143 4.29752
      vertex 11.675 -18 4.20022
    endloop
  endfacet
  facet normal 0.471266 0 0.881991
    outer loop
      vertex 11.493 -27.0143 4.29752
      vertex 11.3951 -18 4.34983
      vertex 11.3951 -27.0143 4.34983
    endloop
  endfacet
  facet normal 0.290322 0 0.956929
    outer loop
      vertex 10.809 -18 4.59261
      vertex 10.7028 -27.0143 4.62483
      vertex 10.809 -27.0143 4.59261
    endloop
  endfacet
  facet normal 0.290295 3.52344e-07 0.956937
    outer loop
      vertex 10.5053 -18 4.68474
      vertex 10.7028 -27.0143 4.62483
      vertex 10.809 -18 4.59261
    endloop
  endfacet
  facet normal 0.29028 0 0.956942
    outer loop
      vertex 10.7028 -27.0143 4.62483
      vertex 10.5053 -18 4.68474
      vertex 10.5053 -27.0143 4.68474
    endloop
  endfacet
  facet normal -0.935918 0 0.352219
    outer loop
      vertex 4.69648 -27.0143 1.66285
      vertex 4.65739 -18 1.55898
      vertex 4.65739 -27.0143 1.55898
    endloop
  endfacet
  facet normal -0.9359 6.16344e-07 0.352266
    outer loop
      vertex 4.65739 -18 1.55898
      vertex 4.69648 -27.0143 1.66285
      vertex 4.76919 -18 1.85601
    endloop
  endfacet
  facet normal -0.93589 0 0.352291
    outer loop
      vertex 4.76919 -18 1.85601
      vertex 4.69648 -27.0143 1.66285
      vertex 4.76919 -27.0143 1.85601
    endloop
  endfacet
  facet normal -0.956946 0 0.290267
    outer loop
      vertex 4.62517 -27.0143 1.45278
      vertex 4.56526 -18 1.25527
      vertex 4.56526 -27.0143 1.25527
    endloop
  endfacet
  facet normal -0.95694 4.64955e-07 0.290286
    outer loop
      vertex 4.56526 -18 1.25527
      vertex 4.62517 -27.0143 1.45278
      vertex 4.65739 -18 1.55898
    endloop
  endfacet
  facet normal -0.956929 0 0.290322
    outer loop
      vertex 4.65739 -27.0143 1.55898
      vertex 4.65739 -18 1.55898
      vertex 4.62517 -27.0143 1.45278
    endloop
  endfacet
  facet normal -0.849236 0 0.528013
    outer loop
      vertex 5.10838 -27.0143 2.51925
      vertex 5.04978 -18 2.425
      vertex 5.04978 -27.0143 2.425
    endloop
  endfacet
  facet normal -0.849206 7.12918e-07 0.528062
    outer loop
      vertex 5.04978 -18 2.425
      vertex 5.10838 -27.0143 2.51925
      vertex 5.1967 -18 2.66127
    endloop
  endfacet
  facet normal -0.849185 0 0.528095
    outer loop
      vertex 5.1967 -18 2.66127
      vertex 5.10838 -27.0143 2.51925
      vertex 5.1967 -27.0143 2.66127
    endloop
  endfacet
  facet normal -0.352219 0 0.935918
    outer loop
      vertex 7.69102 -18 4.59261
      vertex 7.58715 -27.0143 4.55352
      vertex 7.69102 -27.0143 4.59261
    endloop
  endfacet
  facet normal -0.352266 6.16344e-07 0.9359
    outer loop
      vertex 7.39399 -18 4.48081
      vertex 7.58715 -27.0143 4.55352
      vertex 7.69102 -18 4.59261
    endloop
  endfacet
  facet normal -0.352291 0 0.93589
    outer loop
      vertex 7.58715 -27.0143 4.55352
      vertex 7.39399 -18 4.48081
      vertex 7.39399 -27.0143 4.48081
    endloop
  endfacet
  facet normal -0.471341 0 0.881951
    outer loop
      vertex 7.1049 -18 4.34983
      vertex 7.00702 -27.0143 4.29752
      vertex 7.1049 -27.0143 4.34983
    endloop
  endfacet
  facet normal -0.471398 7.89187e-07 0.881921
    outer loop
      vertex 6.825 -18 4.20022
      vertex 7.00702 -27.0143 4.29752
      vertex 7.1049 -18 4.34983
    endloop
  endfacet
  facet normal -0.471428 0 0.881905
    outer loop
      vertex 7.00702 -27.0143 4.29752
      vertex 6.825 -18 4.20022
      vertex 6.825 -27.0143 4.20022
    endloop
  endfacet
  facet normal -0.528013 0 0.849236
    outer loop
      vertex 6.825 -18 4.20022
      vertex 6.73075 -27.0143 4.14162
      vertex 6.825 -27.0143 4.20022
    endloop
  endfacet
  facet normal -0.528062 7.12918e-07 0.849206
    outer loop
      vertex 6.58873 -18 4.0533
      vertex 6.73075 -27.0143 4.14162
      vertex 6.825 -18 4.20022
    endloop
  endfacet
  facet normal -0.528095 0 0.849185
    outer loop
      vertex 6.73075 -27.0143 4.14162
      vertex 6.58873 -18 4.0533
      vertex 6.58873 -27.0143 4.0533
    endloop
  endfacet
  facet normal 0 1 0
    outer loop
      vertex 8.26875 -18 4.57562
      vertex 7.99473 -18 4.68474
      vertex 8.26569 -18 4.74792
    endloop
  endfacet
  facet normal 0 1 0
    outer loop
      vertex 7.99473 -18 4.68474
      vertex 8.26875 -18 4.57562
      vertex 7.69102 -18 4.59261
    endloop
  endfacet
  facet normal 0 1 0
    outer loop
      vertex 8.36388 -18 3.30708
      vertex 7.69102 -18 4.59261
      vertex 8.26875 -18 4.57562
    endloop
  endfacet
  facet normal 0 1 0
    outer loop
      vertex 7.69102 -18 4.59261
      vertex 7.93979 -18 3.16313
      vertex 7.39399 -18 4.48081
    endloop
  endfacet
  facet normal 0 1 0
    outer loop
      vertex 7.39399 -18 4.48081
      vertex 7.93979 -18 3.16313
      vertex 7.1049 -18 4.34983
    endloop
  endfacet
  facet normal 0 1 -0
    outer loop
      vertex 7.53813 -18 2.96504
      vertex 7.1049 -18 4.34983
      vertex 7.93979 -18 3.16313
    endloop
  endfacet
  facet normal 0 1 0
    outer loop
      vertex 6.825 -18 4.20022
      vertex 6.7084 -18 3.92929
      vertex 6.58873 -18 4.0533
    endloop
  endfacet
  facet normal 0 1 -0
    outer loop
      vertex 8.36388 -18 3.30708
      vertex 8.26875 -18 4.57562
      vertex 8.53355 -18 3.34084
    endloop
  endfacet
  facet normal 0 1 0
    outer loop
      vertex 7.69102 -18 4.59261
      vertex 8.36388 -18 3.30708
      vertex 7.93979 -18 3.16313
    endloop
  endfacet
  facet normal 0 1 0
    outer loop
      vertex 7.1049 -18 4.34983
      vertex 6.7084 -18 3.92929
      vertex 6.825 -18 4.20022
    endloop
  endfacet
  facet normal 0 1 0
    outer loop
      vertex 7.1049 -18 4.34983
      vertex 7.53813 -18 2.96504
      vertex 6.7084 -18 3.92929
    endloop
  endfacet
  facet normal 0 1 0
    outer loop
      vertex 6.7084 -18 3.92929
      vertex 7.53813 -18 2.96504
      vertex 7.39429 -18 2.86893
    endloop
  endfacet
  facet normal 0 1 0
    outer loop
      vertex 13.4502 -18 2.425
      vertex 13.1793 -18 2.5416
      vertex 13.3033 -18 2.66127
    endloop
  endfacet
  facet normal 0 1 0
    outer loop
      vertex 13.5998 -18 2.1451
      vertex 13.1793 -18 2.5416
      vertex 13.4502 -18 2.425
    endloop
  endfacet
  facet normal 0 1 0
    outer loop
      vertex 12.4131 -18 1.31021
      vertex 13.5998 -18 2.1451
      vertex 13.7308 -18 1.85601
    endloop
  endfacet
  facet normal -0 1 0
    outer loop
      vertex 12.215 -18 1.71187
      vertex 13.5998 -18 2.1451
      vertex 12.4131 -18 1.31021
    endloop
  endfacet
  facet normal 0 1 0
    outer loop
      vertex 13.1793 -18 2.5416
      vertex 12.215 -18 1.71187
      vertex 12.1189 -18 1.85571
    endloop
  endfacet
  facet normal 0 1 0
    outer loop
      vertex 12.4131 -18 1.31021
      vertex 13.7308 -18 1.85601
      vertex 13.8426 -18 1.55898
    endloop
  endfacet
  facet normal 0 1 0
    outer loop
      vertex 13.5998 -18 2.1451
      vertex 12.215 -18 1.71187
      vertex 13.1793 -18 2.5416
    endloop
  endfacet
  facet normal 0 1 0
    outer loop
      vertex 13.8256 -18 0.981247
      vertex 13.8426 -18 1.55898
      vertex 13.9347 -18 1.25527
    endloop
  endfacet
  facet normal 0 1 0
    outer loop
      vertex 13.8256 -18 0.981247
      vertex 13.9347 -18 1.25527
      vertex 13.9979 -18 0.984308
    endloop
  endfacet
  facet normal 0 1 0
    outer loop
      vertex 12.5571 -18 0.886124
      vertex 13.8426 -18 1.55898
      vertex 13.8256 -18 0.981247
    endloop
  endfacet
  facet normal 0 1 0
    outer loop
      vertex 13.8426 -18 1.55898
      vertex 12.5571 -18 0.886124
      vertex 12.4131 -18 1.31021
    endloop
  endfacet
  facet normal -0 1 0
    outer loop
      vertex 12.5571 -18 0.886124
      vertex 13.8256 -18 0.981247
      vertex 12.5908 -18 0.716446
    endloop
  endfacet
  facet normal 0 1 0
    outer loop
      vertex 10.2312 -18 4.57562
      vertex 10.5053 -18 4.68474
      vertex 10.809 -18 4.59261
    endloop
  endfacet
  facet normal 0 1 0
    outer loop
      vertex 10.5053 -18 4.68474
      vertex 10.2312 -18 4.57562
      vertex 10.2343 -18 4.74792
    endloop
  endfacet
  facet normal 0 1 0
    outer loop
      vertex 10.5602 -18 3.16313
      vertex 10.809 -18 4.59261
      vertex 11.106 -18 4.48081
    endloop
  endfacet
  facet normal 0 1 0
    outer loop
      vertex 10.5602 -18 3.16313
      vertex 11.106 -18 4.48081
      vertex 11.3951 -18 4.34983
    endloop
  endfacet
  facet normal 0 1 0
    outer loop
      vertex 11.7916 -18 3.92929
      vertex 11.3951 -18 4.34983
      vertex 11.675 -18 4.20022
    endloop
  endfacet
  facet normal 0 1 -0
    outer loop
      vertex 11.7916 -18 3.92929
      vertex 11.675 -18 4.20022
      vertex 11.9113 -18 4.0533
    endloop
  endfacet
  facet normal 0 1 0
    outer loop
      vertex 10.9619 -18 2.96504
      vertex 11.3951 -18 4.34983
      vertex 11.7916 -18 3.92929
    endloop
  endfacet
  facet normal -0 1 0
    outer loop
      vertex 10.1361 -18 3.30708
      vertex 10.809 -18 4.59261
      vertex 10.5602 -18 3.16313
    endloop
  endfacet
  facet normal 0 1 0
    outer loop
      vertex 10.2312 -18 4.57562
      vertex 10.1361 -18 3.30708
      vertex 9.96645 -18 3.34084
    endloop
  endfacet
  facet normal 0 1 0
    outer loop
      vertex 10.809 -18 4.59261
      vertex 10.1361 -18 3.30708
      vertex 10.2312 -18 4.57562
    endloop
  endfacet
  facet normal 0 1 0
    outer loop
      vertex 11.3951 -18 4.34983
      vertex 10.9619 -18 2.96504
      vertex 10.5602 -18 3.16313
    endloop
  endfacet
  facet normal -0 1 0
    outer loop
      vertex 10.9619 -18 2.96504
      vertex 11.7916 -18 3.92929
      vertex 11.1057 -18 2.86893
    endloop
  endfacet
  facet normal 0 1 0
    outer loop
      vertex 5.32071 -18 2.5416
      vertex 5.04978 -18 2.425
      vertex 5.1967 -18 2.66127
    endloop
  endfacet
  facet normal 0 1 0
    outer loop
      vertex 5.32071 -18 2.5416
      vertex 4.90017 -18 2.1451
      vertex 5.04978 -18 2.425
    endloop
  endfacet
  facet normal 0 1 0
    outer loop
      vertex 6.28496 -18 1.71187
      vertex 4.90017 -18 2.1451
      vertex 5.32071 -18 2.5416
    endloop
  endfacet
  facet normal 0 1 -0
    outer loop
      vertex 6.28496 -18 1.71187
      vertex 5.32071 -18 2.5416
      vertex 6.38107 -18 1.85571
    endloop
  endfacet
  facet normal 0 1 0
    outer loop
      vertex 4.90017 -18 2.1451
      vertex 6.28496 -18 1.71187
      vertex 6.08687 -18 1.31021
    endloop
  endfacet
  facet normal 0 1 0
    outer loop
      vertex 4.90017 -18 2.1451
      vertex 6.08687 -18 1.31021
      vertex 4.76919 -18 1.85601
    endloop
  endfacet
  facet normal 0 1 0
    outer loop
      vertex 4.76919 -18 1.85601
      vertex 6.08687 -18 1.31021
      vertex 4.65739 -18 1.55898
    endloop
  endfacet
  facet normal 0 1 -0
    outer loop
      vertex 5.94292 -18 0.886124
      vertex 4.65739 -18 1.55898
      vertex 6.08687 -18 1.31021
    endloop
  endfacet
  facet normal 0 1 0
    outer loop
      vertex 4.65739 -18 1.55898
      vertex 4.67438 -18 0.981247
      vertex 4.56526 -18 1.25527
    endloop
  endfacet
  facet normal 0 1 0
    outer loop
      vertex 4.56526 -18 1.25527
      vertex 4.67438 -18 0.981247
      vertex 4.50208 -18 0.984308
    endloop
  endfacet
  facet normal 0 1 0
    outer loop
      vertex 4.65739 -18 1.55898
      vertex 5.94292 -18 0.886124
      vertex 4.67438 -18 0.981247
    endloop
  endfacet
  facet normal 0 1 0
    outer loop
      vertex 4.67438 -18 0.981247
      vertex 5.94292 -18 0.886124
      vertex 5.90916 -18 0.716446
    endloop
  endfacet
  facet normal 0.352227 0 0.935914
    outer loop
      vertex 11.106 -18 4.48081
      vertex 10.9128 -27.0143 4.55352
      vertex 11.106 -27.0143 4.48081
    endloop
  endfacet
  facet normal 0.352297 -1.7094e-06 0.935888
    outer loop
      vertex 10.809 -18 4.59261
      vertex 10.9128 -27.0143 4.55352
      vertex 11.106 -18 4.48081
    endloop
  endfacet
  facet normal 0.352427 0 0.935839
    outer loop
      vertex 10.9128 -27.0143 4.55352
      vertex 10.809 -18 4.59261
      vertex 10.809 -27.0143 4.59261
    endloop
  endfacet
  facet normal -0.352219 0 0.935918
    outer loop
      vertex 7.58715 -46.9857 4.55352
      vertex 7.69102 -58 4.59261
      vertex 7.69102 -46.9857 4.59261
    endloop
  endfacet
  facet normal -0.352291 -7.7567e-07 0.93589
    outer loop
      vertex 7.39399 -46.9857 4.48081
      vertex 7.69102 -58 4.59261
      vertex 7.58715 -46.9857 4.55352
    endloop
  endfacet
  facet normal -0.352266 0 0.9359
    outer loop
      vertex 7.69102 -58 4.59261
      vertex 7.39399 -46.9857 4.48081
      vertex 7.39399 -58 4.48081
    endloop
  endfacet
  facet normal 0.910875 -0 0.412682
    outer loop
      vertex 13.5998 -58 2.1451
      vertex 13.6456 -46.9857 2.04401
      vertex 13.5998 -46.9857 2.1451
    endloop
  endfacet
  facet normal 0.91083 1.0856e-06 0.412781
    outer loop
      vertex 13.6456 -46.9857 2.04401
      vertex 13.5998 -58 2.1451
      vertex 13.7308 -46.9857 1.85601
    endloop
  endfacet
  facet normal 0.910846 -0 0.412746
    outer loop
      vertex 13.7308 -58 1.85601
      vertex 13.7308 -46.9857 1.85601
      vertex 13.5998 -58 2.1451
    endloop
  endfacet
  facet normal 0.412723 0 0.910856
    outer loop
      vertex 11.294 -46.9857 4.39564
      vertex 11.3951 -58 4.34983
      vertex 11.3951 -46.9857 4.34983
    endloop
  endfacet
  facet normal 0.41266 -7.00752e-07 0.910885
    outer loop
      vertex 11.106 -46.9857 4.48081
      vertex 11.3951 -58 4.34983
      vertex 11.294 -46.9857 4.39564
    endloop
  endfacet
  facet normal 0.412682 0 0.910875
    outer loop
      vertex 11.3951 -58 4.34983
      vertex 11.106 -46.9857 4.48081
      vertex 11.106 -58 4.48081
    endloop
  endfacet
  facet normal -0.910885 0 0.41266
    outer loop
      vertex 4.76919 -46.9857 1.85601
      vertex 4.76919 -58 1.85601
      vertex 4.85436 -46.9857 2.04401
    endloop
  endfacet
  facet normal -0.91087 -6.99346e-07 0.412694
    outer loop
      vertex 4.90017 -58 2.1451
      vertex 4.85436 -46.9857 2.04401
      vertex 4.76919 -58 1.85601
    endloop
  endfacet
  facet normal -0.910841 0 0.412757
    outer loop
      vertex 4.85436 -46.9857 2.04401
      vertex 4.90017 -58 2.1451
      vertex 4.90017 -46.9857 2.1451
    endloop
  endfacet
  facet normal 0.973878 -0 0.22707
    outer loop
      vertex 13.9347 -58 1.25527
      vertex 13.9599 -46.9857 1.14719
      vertex 13.9347 -46.9857 1.25527
    endloop
  endfacet
  facet normal 0.973849 1.31017e-06 0.227197
    outer loop
      vertex 13.9599 -46.9857 1.14719
      vertex 13.9347 -58 1.25527
      vertex 13.9979 -46.9857 0.984308
    endloop
  endfacet
  facet normal 0.973861 0 0.227146
    outer loop
      vertex 13.9979 -46.9857 0.984308
      vertex 13.9347 -58 1.25527
      vertex 13.9979 -58 0.984308
    endloop
  endfacet
  facet normal 0.849239 -0 0.528009
    outer loop
      vertex 13.3033 -58 2.66127
      vertex 13.3916 -46.9857 2.51925
      vertex 13.3033 -46.9857 2.66127
    endloop
  endfacet
  facet normal 0.849238 3.16545e-08 0.52801
    outer loop
      vertex 13.4502 -58 2.425
      vertex 13.3916 -46.9857 2.51925
      vertex 13.3033 -58 2.66127
    endloop
  endfacet
  facet normal 0.849236 0 0.528013
    outer loop
      vertex 13.3916 -46.9857 2.51925
      vertex 13.4502 -58 2.425
      vertex 13.4502 -46.9857 2.425
    endloop
  endfacet
  facet normal 0.22703 0 0.973888
    outer loop
      vertex 10.3972 -46.9857 4.70994
      vertex 10.5053 -58 4.68474
      vertex 10.5053 -46.9857 4.68474
    endloop
  endfacet
  facet normal 0.22706 3.02874e-07 0.973881
    outer loop
      vertex 10.2343 -46.9857 4.74792
      vertex 10.5053 -58 4.68474
      vertex 10.3972 -46.9857 4.70994
    endloop
  endfacet
  facet normal 0.227048 0 0.973884
    outer loop
      vertex 10.5053 -58 4.68474
      vertex 10.2343 -46.9857 4.74792
      vertex 10.2343 -58 4.74792
    endloop
  endfacet
  facet normal -0.973875 0 0.227083
    outer loop
      vertex 4.50208 -58 0.984308
      vertex 4.54006 -46.9857 1.14719
      vertex 4.50208 -46.9857 0.984308
    endloop
  endfacet
  facet normal -0.973877 8.22317e-08 0.227078
    outer loop
      vertex 4.56526 -58 1.25527
      vertex 4.54006 -46.9857 1.14719
      vertex 4.50208 -58 0.984308
    endloop
  endfacet
  facet normal -0.973878 0 0.22707
    outer loop
      vertex 4.54006 -46.9857 1.14719
      vertex 4.56526 -58 1.25527
      vertex 4.56526 -46.9857 1.25527
    endloop
  endfacet
  facet normal -0.528013 0 0.849236
    outer loop
      vertex 6.73075 -46.9857 4.14162
      vertex 6.825 -58 4.20022
      vertex 6.825 -46.9857 4.20022
    endloop
  endfacet
  facet normal -0.528095 -9.70652e-07 0.849185
    outer loop
      vertex 6.58873 -46.9857 4.0533
      vertex 6.825 -58 4.20022
      vertex 6.73075 -46.9857 4.14162
    endloop
  endfacet
  facet normal -0.528062 0 0.849206
    outer loop
      vertex 6.825 -58 4.20022
      vertex 6.58873 -46.9857 4.0533
      vertex 6.58873 -58 4.0533
    endloop
  endfacet
  facet normal -0.41266 0 0.910885
    outer loop
      vertex 7.20599 -46.9857 4.39564
      vertex 7.39399 -58 4.48081
      vertex 7.39399 -46.9857 4.48081
    endloop
  endfacet
  facet normal -0.412757 0 0.910841
    outer loop
      vertex 7.1049 -58 4.34983
      vertex 7.20599 -46.9857 4.39564
      vertex 7.1049 -46.9857 4.34983
    endloop
  endfacet
  facet normal -0.412694 -6.99346e-07 0.91087
    outer loop
      vertex 7.20599 -46.9857 4.39564
      vertex 7.1049 -58 4.34983
      vertex 7.39399 -58 4.48081
    endloop
  endfacet
  facet normal -0.227086 0 0.973875
    outer loop
      vertex 8.10281 -46.9857 4.70994
      vertex 8.26569 -58 4.74792
      vertex 8.26569 -46.9857 4.74792
    endloop
  endfacet
  facet normal -0.22707 0 0.973878
    outer loop
      vertex 7.99473 -58 4.68474
      vertex 8.10281 -46.9857 4.70994
      vertex 7.99473 -46.9857 4.68474
    endloop
  endfacet
  facet normal -0.22708 9.86787e-08 0.973876
    outer loop
      vertex 8.10281 -46.9857 4.70994
      vertex 7.99473 -58 4.68474
      vertex 8.26569 -58 4.74792
    endloop
  endfacet
  facet normal 0.935906 -0 0.352249
    outer loop
      vertex 13.7308 -58 1.85601
      vertex 13.8035 -46.9857 1.66285
      vertex 13.7308 -46.9857 1.85601
    endloop
  endfacet
  facet normal 0.9359 3.45286e-07 0.352266
    outer loop
      vertex 13.8426 -58 1.55898
      vertex 13.8035 -46.9857 1.66285
      vertex 13.7308 -58 1.85601
    endloop
  endfacet
  facet normal 0.935888 0 0.352298
    outer loop
      vertex 13.8035 -46.9857 1.66285
      vertex 13.8426 -58 1.55898
      vertex 13.8426 -46.9857 1.55898
    endloop
  endfacet
  facet normal 0.956979 -0 0.290157
    outer loop
      vertex 13.8426 -58 1.55898
      vertex 13.8748 -46.9857 1.45278
      vertex 13.8426 -46.9857 1.55898
    endloop
  endfacet
  facet normal 0.956959 6.85354e-07 0.290223
    outer loop
      vertex 13.8748 -46.9857 1.45278
      vertex 13.8426 -58 1.55898
      vertex 13.9347 -46.9857 1.25527
    endloop
  endfacet
  facet normal 0.956966 -0 0.2902
    outer loop
      vertex 13.9347 -58 1.25527
      vertex 13.9347 -46.9857 1.25527
      vertex 13.8426 -58 1.55898
    endloop
  endfacet
  facet normal 0.881905 -0 0.471428
    outer loop
      vertex 13.4502 -58 2.425
      vertex 13.5475 -46.9857 2.24298
      vertex 13.4502 -46.9857 2.425
    endloop
  endfacet
  facet normal 0.881934 -1.1666e-06 0.471373
    outer loop
      vertex 13.5998 -58 2.1451
      vertex 13.5475 -46.9857 2.24298
      vertex 13.4502 -58 2.425
    endloop
  endfacet
  facet normal 0.881988 0 0.471271
    outer loop
      vertex 13.5475 -46.9857 2.24298
      vertex 13.5998 -58 2.1451
      vertex 13.5998 -46.9857 2.1451
    endloop
  endfacet
  facet normal 0.290322 0 0.956929
    outer loop
      vertex 10.7028 -46.9857 4.62483
      vertex 10.809 -58 4.59261
      vertex 10.809 -46.9857 4.59261
    endloop
  endfacet
  facet normal 0.29028 -4.43427e-07 0.956942
    outer loop
      vertex 10.5053 -46.9857 4.68474
      vertex 10.809 -58 4.59261
      vertex 10.7028 -46.9857 4.62483
    endloop
  endfacet
  facet normal 0.290295 0 0.956937
    outer loop
      vertex 10.809 -58 4.59261
      vertex 10.5053 -46.9857 4.68474
      vertex 10.5053 -58 4.68474
    endloop
  endfacet
  facet normal 0.352227 0 0.935914
    outer loop
      vertex 10.9128 -46.9857 4.55352
      vertex 11.106 -58 4.48081
      vertex 11.106 -46.9857 4.48081
    endloop
  endfacet
  facet normal 0.352427 -0 0.935839
    outer loop
      vertex 10.809 -58 4.59261
      vertex 10.9128 -46.9857 4.55352
      vertex 10.809 -46.9857 4.59261
    endloop
  endfacet
  facet normal 0.352297 1.39901e-06 0.935888
    outer loop
      vertex 10.9128 -46.9857 4.55352
      vertex 10.809 -58 4.59261
      vertex 11.106 -58 4.48081
    endloop
  endfacet
  facet normal 0.527881 0 0.849319
    outer loop
      vertex 11.7692 -46.9857 4.14162
      vertex 11.9113 -58 4.0533
      vertex 11.9113 -46.9857 4.0533
    endloop
  endfacet
  facet normal 0.528215 -0 0.849111
    outer loop
      vertex 11.675 -58 4.20022
      vertex 11.7692 -46.9857 4.14162
      vertex 11.675 -46.9857 4.20022
    endloop
  endfacet
  facet normal 0.528014 2.38716e-06 0.849236
    outer loop
      vertex 11.7692 -46.9857 4.14162
      vertex 11.675 -58 4.20022
      vertex 11.9113 -58 4.0533
    endloop
  endfacet
  facet normal 0.471468 0 0.881883
    outer loop
      vertex 11.493 -46.9857 4.29752
      vertex 11.675 -58 4.20022
      vertex 11.675 -46.9857 4.20022
    endloop
  endfacet
  facet normal 0.471266 -0 0.881991
    outer loop
      vertex 11.3951 -58 4.34983
      vertex 11.493 -46.9857 4.29752
      vertex 11.3951 -46.9857 4.34983
    endloop
  endfacet
  facet normal 0.471398 -1.50186e-06 0.881921
    outer loop
      vertex 11.493 -46.9857 4.29752
      vertex 11.3951 -58 4.34983
      vertex 11.675 -58 4.20022
    endloop
  endfacet
  facet normal -0.881951 0 0.471341
    outer loop
      vertex 4.90017 -58 2.1451
      vertex 4.95248 -46.9857 2.24298
      vertex 4.90017 -46.9857 2.1451
    endloop
  endfacet
  facet normal -0.881905 -9.93187e-07 0.471428
    outer loop
      vertex 4.95248 -46.9857 2.24298
      vertex 4.90017 -58 2.1451
      vertex 5.04978 -46.9857 2.425
    endloop
  endfacet
  facet normal -0.881921 0 0.471398
    outer loop
      vertex 5.04978 -46.9857 2.425
      vertex 4.90017 -58 2.1451
      vertex 5.04978 -58 2.425
    endloop
  endfacet
  facet normal -0.849236 0 0.528013
    outer loop
      vertex 5.04978 -58 2.425
      vertex 5.10838 -46.9857 2.51925
      vertex 5.04978 -46.9857 2.425
    endloop
  endfacet
  facet normal -0.849185 -9.70652e-07 0.528095
    outer loop
      vertex 5.10838 -46.9857 2.51925
      vertex 5.04978 -58 2.425
      vertex 5.1967 -46.9857 2.66127
    endloop
  endfacet
  facet normal -0.849206 0 0.528062
    outer loop
      vertex 5.1967 -46.9857 2.66127
      vertex 5.04978 -58 2.425
      vertex 5.1967 -58 2.66127
    endloop
  endfacet
  facet normal -0.956946 0 0.290267
    outer loop
      vertex 4.56526 -46.9857 1.25527
      vertex 4.56526 -58 1.25527
      vertex 4.62517 -46.9857 1.45278
    endloop
  endfacet
  facet normal -0.95694 -3.80527e-07 0.290286
    outer loop
      vertex 4.65739 -58 1.55898
      vertex 4.62517 -46.9857 1.45278
      vertex 4.56526 -58 1.25527
    endloop
  endfacet
  facet normal -0.956929 0 0.290322
    outer loop
      vertex 4.62517 -46.9857 1.45278
      vertex 4.65739 -58 1.55898
      vertex 4.65739 -46.9857 1.55898
    endloop
  endfacet
  facet normal -0.935918 0 0.352219
    outer loop
      vertex 4.65739 -58 1.55898
      vertex 4.69648 -46.9857 1.66285
      vertex 4.65739 -46.9857 1.55898
    endloop
  endfacet
  facet normal -0.93589 -7.7567e-07 0.352291
    outer loop
      vertex 4.69648 -46.9857 1.66285
      vertex 4.65739 -58 1.55898
      vertex 4.76919 -46.9857 1.85601
    endloop
  endfacet
  facet normal -0.9359 0 0.352266
    outer loop
      vertex 4.76919 -46.9857 1.85601
      vertex 4.65739 -58 1.55898
      vertex 4.76919 -58 1.85601
    endloop
  endfacet
  facet normal 0 -1 0
    outer loop
      vertex 10.2312 -58 4.57562
      vertex 10.5053 -58 4.68474
      vertex 10.2343 -58 4.74792
    endloop
  endfacet
  facet normal 0 -1 -0
    outer loop
      vertex 10.5053 -58 4.68474
      vertex 10.2312 -58 4.57562
      vertex 10.809 -58 4.59261
    endloop
  endfacet
  facet normal 0 -1 0
    outer loop
      vertex 10.1361 -58 3.30708
      vertex 10.809 -58 4.59261
      vertex 10.2312 -58 4.57562
    endloop
  endfacet
  facet normal 0 -1 -0
    outer loop
      vertex 10.809 -58 4.59261
      vertex 10.5602 -58 3.16313
      vertex 11.106 -58 4.48081
    endloop
  endfacet
  facet normal 0 -1 -0
    outer loop
      vertex 11.106 -58 4.48081
      vertex 10.5602 -58 3.16313
      vertex 11.3951 -58 4.34983
    endloop
  endfacet
  facet normal 0 -1 0
    outer loop
      vertex 10.9619 -58 2.96504
      vertex 11.3951 -58 4.34983
      vertex 10.5602 -58 3.16313
    endloop
  endfacet
  facet normal 0 -1 0
    outer loop
      vertex 11.675 -58 4.20022
      vertex 11.7916 -58 3.92929
      vertex 11.9113 -58 4.0533
    endloop
  endfacet
  facet normal 0 -1 0
    outer loop
      vertex 10.1361 -58 3.30708
      vertex 10.2312 -58 4.57562
      vertex 9.96645 -58 3.34084
    endloop
  endfacet
  facet normal 0 -1 0
    outer loop
      vertex 10.809 -58 4.59261
      vertex 10.1361 -58 3.30708
      vertex 10.5602 -58 3.16313
    endloop
  endfacet
  facet normal 0 -1 0
    outer loop
      vertex 11.3951 -58 4.34983
      vertex 11.7916 -58 3.92929
      vertex 11.675 -58 4.20022
    endloop
  endfacet
  facet normal 0 -1 -0
    outer loop
      vertex 11.3951 -58 4.34983
      vertex 10.9619 -58 2.96504
      vertex 11.7916 -58 3.92929
    endloop
  endfacet
  facet normal 0 -1 0
    outer loop
      vertex 11.7916 -58 3.92929
      vertex 10.9619 -58 2.96504
      vertex 11.1057 -58 2.86893
    endloop
  endfacet
  facet normal 0 -1 0
    outer loop
      vertex 5.04978 -58 2.425
      vertex 5.32071 -58 2.5416
      vertex 5.1967 -58 2.66127
    endloop
  endfacet
  facet normal 0 -1 0
    outer loop
      vertex 4.90017 -58 2.1451
      vertex 5.32071 -58 2.5416
      vertex 5.04978 -58 2.425
    endloop
  endfacet
  facet normal 0 -1 0
    outer loop
      vertex 6.08687 -58 1.31021
      vertex 4.90017 -58 2.1451
      vertex 4.76919 -58 1.85601
    endloop
  endfacet
  facet normal -0 -1 0
    outer loop
      vertex 6.28496 -58 1.71187
      vertex 4.90017 -58 2.1451
      vertex 6.08687 -58 1.31021
    endloop
  endfacet
  facet normal 0 -1 0
    outer loop
      vertex 5.32071 -58 2.5416
      vertex 6.28496 -58 1.71187
      vertex 6.38107 -58 1.85571
    endloop
  endfacet
  facet normal 0 -1 0
    outer loop
      vertex 6.08687 -58 1.31021
      vertex 4.76919 -58 1.85601
      vertex 4.65739 -58 1.55898
    endloop
  endfacet
  facet normal 0 -1 0
    outer loop
      vertex 4.90017 -58 2.1451
      vertex 6.28496 -58 1.71187
      vertex 5.32071 -58 2.5416
    endloop
  endfacet
  facet normal 0 -1 0
    outer loop
      vertex 4.67438 -58 0.981247
      vertex 4.65739 -58 1.55898
      vertex 4.56526 -58 1.25527
    endloop
  endfacet
  facet normal 0 -1 0
    outer loop
      vertex 4.67438 -58 0.981247
      vertex 4.56526 -58 1.25527
      vertex 4.50208 -58 0.984308
    endloop
  endfacet
  facet normal 0 -1 0
    outer loop
      vertex 5.94292 -58 0.886124
      vertex 4.65739 -58 1.55898
      vertex 4.67438 -58 0.981247
    endloop
  endfacet
  facet normal 0 -1 0
    outer loop
      vertex 4.65739 -58 1.55898
      vertex 5.94292 -58 0.886124
      vertex 6.08687 -58 1.31021
    endloop
  endfacet
  facet normal -0 -1 0
    outer loop
      vertex 5.94292 -58 0.886124
      vertex 4.67438 -58 0.981247
      vertex 5.90916 -58 0.716446
    endloop
  endfacet
  facet normal 0 -1 0
    outer loop
      vertex 8.26875 -58 4.57562
      vertex 7.99473 -58 4.68474
      vertex 7.69102 -58 4.59261
    endloop
  endfacet
  facet normal 0 -1 0
    outer loop
      vertex 7.99473 -58 4.68474
      vertex 8.26875 -58 4.57562
      vertex 8.26569 -58 4.74792
    endloop
  endfacet
  facet normal 0 -1 0
    outer loop
      vertex 7.93979 -58 3.16313
      vertex 7.69102 -58 4.59261
      vertex 7.39399 -58 4.48081
    endloop
  endfacet
  facet normal 0 -1 0
    outer loop
      vertex 7.93979 -58 3.16313
      vertex 7.39399 -58 4.48081
      vertex 7.1049 -58 4.34983
    endloop
  endfacet
  facet normal 0 -1 0
    outer loop
      vertex 6.7084 -58 3.92929
      vertex 7.1049 -58 4.34983
      vertex 6.825 -58 4.20022
    endloop
  endfacet
  facet normal 0 -1 0
    outer loop
      vertex 6.7084 -58 3.92929
      vertex 6.825 -58 4.20022
      vertex 6.58873 -58 4.0533
    endloop
  endfacet
  facet normal 0 -1 0
    outer loop
      vertex 7.53813 -58 2.96504
      vertex 7.1049 -58 4.34983
      vertex 6.7084 -58 3.92929
    endloop
  endfacet
  facet normal -0 -1 0
    outer loop
      vertex 8.36388 -58 3.30708
      vertex 7.69102 -58 4.59261
      vertex 7.93979 -58 3.16313
    endloop
  endfacet
  facet normal 0 -1 0
    outer loop
      vertex 8.26875 -58 4.57562
      vertex 8.36388 -58 3.30708
      vertex 8.53355 -58 3.34084
    endloop
  endfacet
  facet normal 0 -1 0
    outer loop
      vertex 7.69102 -58 4.59261
      vertex 8.36388 -58 3.30708
      vertex 8.26875 -58 4.57562
    endloop
  endfacet
  facet normal 0 -1 0
    outer loop
      vertex 7.1049 -58 4.34983
      vertex 7.53813 -58 2.96504
      vertex 7.93979 -58 3.16313
    endloop
  endfacet
  facet normal -0 -1 0
    outer loop
      vertex 7.53813 -58 2.96504
      vertex 6.7084 -58 3.92929
      vertex 7.39429 -58 2.86893
    endloop
  endfacet
  facet normal 0 -1 0
    outer loop
      vertex 13.1793 -58 2.5416
      vertex 13.4502 -58 2.425
      vertex 13.3033 -58 2.66127
    endloop
  endfacet
  facet normal 0 -1 0
    outer loop
      vertex 13.1793 -58 2.5416
      vertex 13.5998 -58 2.1451
      vertex 13.4502 -58 2.425
    endloop
  endfacet
  facet normal 0 -1 0
    outer loop
      vertex 12.215 -58 1.71187
      vertex 13.5998 -58 2.1451
      vertex 13.1793 -58 2.5416
    endloop
  endfacet
  facet normal 0 -1 0
    outer loop
      vertex 12.215 -58 1.71187
      vertex 13.1793 -58 2.5416
      vertex 12.1189 -58 1.85571
    endloop
  endfacet
  facet normal 0 -1 0
    outer loop
      vertex 13.5998 -58 2.1451
      vertex 12.215 -58 1.71187
      vertex 12.4131 -58 1.31021
    endloop
  endfacet
  facet normal 0 -1 -0
    outer loop
      vertex 13.5998 -58 2.1451
      vertex 12.4131 -58 1.31021
      vertex 13.7308 -58 1.85601
    endloop
  endfacet
  facet normal 0 -1 -0
    outer loop
      vertex 13.7308 -58 1.85601
      vertex 12.4131 -58 1.31021
      vertex 13.8426 -58 1.55898
    endloop
  endfacet
  facet normal 0 -1 0
    outer loop
      vertex 12.5571 -58 0.886124
      vertex 13.8426 -58 1.55898
      vertex 12.4131 -58 1.31021
    endloop
  endfacet
  facet normal 0 -1 -0
    outer loop
      vertex 13.8426 -58 1.55898
      vertex 13.8256 -58 0.981247
      vertex 13.9347 -58 1.25527
    endloop
  endfacet
  facet normal 0 -1 -0
    outer loop
      vertex 13.9347 -58 1.25527
      vertex 13.8256 -58 0.981247
      vertex 13.9979 -58 0.984308
    endloop
  endfacet
  facet normal 0 -1 0
    outer loop
      vertex 13.8426 -58 1.55898
      vertex 12.5571 -58 0.886124
      vertex 13.8256 -58 0.981247
    endloop
  endfacet
  facet normal 0 -1 0
    outer loop
      vertex 13.8256 -58 0.981247
      vertex 12.5571 -58 0.886124
      vertex 12.5908 -58 0.716446
    endloop
  endfacet
  facet normal -0.471341 0 0.881951
    outer loop
      vertex 7.00702 -46.9857 4.29752
      vertex 7.1049 -58 4.34983
      vertex 7.1049 -46.9857 4.34983
    endloop
  endfacet
  facet normal -0.471428 -9.93187e-07 0.881905
    outer loop
      vertex 6.825 -46.9857 4.20022
      vertex 7.1049 -58 4.34983
      vertex 7.00702 -46.9857 4.29752
    endloop
  endfacet
  facet normal -0.471398 0 0.881921
    outer loop
      vertex 7.1049 -58 4.34983
      vertex 6.825 -46.9857 4.20022
      vertex 6.825 -58 4.20022
    endloop
  endfacet
  facet normal -0.290267 0 0.956946
    outer loop
      vertex 7.79722 -46.9857 4.62483
      vertex 7.99473 -58 4.68474
      vertex 7.99473 -46.9857 4.68474
    endloop
  endfacet
  facet normal -0.290322 0 0.956929
    outer loop
      vertex 7.69102 -58 4.59261
      vertex 7.79722 -46.9857 4.62483
      vertex 7.69102 -46.9857 4.59261
    endloop
  endfacet
  facet normal -0.290286 -3.80527e-07 0.95694
    outer loop
      vertex 7.79722 -46.9857 4.62483
      vertex 7.69102 -58 4.59261
      vertex 7.99473 -58 4.68474
    endloop
  endfacet
  facet normal 0 1 0
    outer loop
      vertex 14.2251 0 0.955139
      vertex 13.8256 0 0.981247
      vertex 14.0223 0 0.984741
    endloop
  endfacet
  facet normal 0 1 0
    outer loop
      vertex 14.4313 0 0.901581
      vertex 13.8256 0 0.981247
      vertex 14.2251 0 0.955139
    endloop
  endfacet
  facet normal 0 1 0
    outer loop
      vertex 15.4659 0 0
      vertex 14.4313 0 0.901581
      vertex 14.6393 0 0.826782
    endloop
  endfacet
  facet normal 0 1 0
    outer loop
      vertex 15.4659 0 0
      vertex 14.6393 0 0.826782
      vertex 14.8478 0 0.732193
    endloop
  endfacet
  facet normal 0 1 0
    outer loop
      vertex 14.4313 0 0.901581
      vertex 15.4659 0 0
      vertex 13.8256 0 0.981247
    endloop
  endfacet
  facet normal 0 1 0
    outer loop
      vertex 13.8256 0 0.981247
      vertex 15.4659 0 0
      vertex 12.5908 0 0.716446
    endloop
  endfacet
  facet normal 0 1 0
    outer loop
      vertex 15.4659 0 0
      vertex 14.8478 0 0.732193
      vertex 15.0558 0 0.618622
    endloop
  endfacet
  facet normal 0 1 0
    outer loop
      vertex 13.8454 0 3.9071
      vertex 13.1571 0 4.59535
      vertex 13.4072 0 4.63341
    endloop
  endfacet
  facet normal 0 1 0
    outer loop
      vertex 13.1571 0 4.59535
      vertex 13.8454 0 3.9071
      vertex 12.9179 0 4.54274
    endloop
  endfacet
  facet normal 0 1 -0
    outer loop
      vertex 13.7927 0 3.66788
      vertex 12.9179 0 4.54274
      vertex 13.8454 0 3.9071
    endloop
  endfacet
  facet normal 0 1 -0
    outer loop
      vertex 13.726 0 3.44051
      vertex 12.6905 0 4.47598
      vertex 13.7927 0 3.66788
    endloop
  endfacet
  facet normal 0 1 0
    outer loop
      vertex 12.6905 0 4.47598
      vertex 13.726 0 3.44051
      vertex 12.4762 0 4.3954
    endloop
  endfacet
  facet normal 0 1 -0
    outer loop
      vertex 13.8454 0 3.9071
      vertex 13.4072 0 4.63341
      vertex 13.8834 0 4.15717
    endloop
  endfacet
  facet normal 0 1 0
    outer loop
      vertex 12.9179 0 4.54274
      vertex 13.7927 0 3.66788
      vertex 12.6905 0 4.47598
    endloop
  endfacet
  facet normal 0 1 -0
    outer loop
      vertex 13.6454 0 3.22615
      vertex 12.4762 0 4.3954
      vertex 13.726 0 3.44051
    endloop
  endfacet
  facet normal 0 1 0
    outer loop
      vertex 12.4762 0 4.3954
      vertex 13.6454 0 3.22615
      vertex 12.2762 0 4.30124
    endloop
  endfacet
  facet normal 0 1 -0
    outer loop
      vertex 13.5512 0 3.02621
      vertex 12.2762 0 4.30124
      vertex 13.6454 0 3.22615
    endloop
  endfacet
  facet normal 0 1 0
    outer loop
      vertex 12.2762 0 4.30124
      vertex 13.5512 0 3.02621
      vertex 12.0926 0 4.19333
    endloop
  endfacet
  facet normal 0 1 -0
    outer loop
      vertex 13.4433 0 2.84256
      vertex 12.0926 0 4.19333
      vertex 13.5512 0 3.02621
    endloop
  endfacet
  facet normal 0 1 0
    outer loop
      vertex 12.0926 0 4.19333
      vertex 13.4433 0 2.84256
      vertex 11.9282 0 4.07083
    endloop
  endfacet
  facet normal 0 1 -0
    outer loop
      vertex 13.3208 0 2.67819
      vertex 11.9282 0 4.07083
      vertex 13.4433 0 2.84256
    endloop
  endfacet
  facet normal 0 1 0
    outer loop
      vertex 11.7916 0 3.92929
      vertex 13.1793 0 2.5416
      vertex 11.1057 0 2.86893
    endloop
  endfacet
  facet normal 0 1 0
    outer loop
      vertex 11.9282 0 4.07083
      vertex 13.3208 0 2.67819
      vertex 11.7916 0 3.92929
    endloop
  endfacet
  facet normal 0 1 0
    outer loop
      vertex 9.73666 0 6.01216
      vertex 8.91324 0 6.21588
      vertex 9.58676 0 6.21588
    endloop
  endfacet
  facet normal 0 1 0
    outer loop
      vertex 9.73666 0 6.01216
      vertex 8.76334 0 6.01216
      vertex 8.91324 0 6.21588
    endloop
  endfacet
  facet normal 0 1 0
    outer loop
      vertex 9.86862 0 5.8058
      vertex 8.76334 0 6.01216
      vertex 9.73666 0 6.01216
    endloop
  endfacet
  facet normal 0 1 0
    outer loop
      vertex 9.86862 0 5.8058
      vertex 8.63138 0 5.8058
      vertex 8.76334 0 6.01216
    endloop
  endfacet
  facet normal 0 1 0
    outer loop
      vertex 9.98219 0 5.59781
      vertex 8.63138 0 5.8058
      vertex 9.86862 0 5.8058
    endloop
  endfacet
  facet normal 0 1 0
    outer loop
      vertex 9.98219 0 5.59781
      vertex 8.51781 0 5.59781
      vertex 8.63138 0 5.8058
    endloop
  endfacet
  facet normal 0 1 0
    outer loop
      vertex 10.0768 0 5.38927
      vertex 8.51781 0 5.59781
      vertex 9.98219 0 5.59781
    endloop
  endfacet
  facet normal 0 1 0
    outer loop
      vertex 10.0768 0 5.38927
      vertex 8.42322 0 5.38927
      vertex 8.51781 0 5.59781
    endloop
  endfacet
  facet normal 0 1 0
    outer loop
      vertex 10.1516 0 5.1813
      vertex 8.42322 0 5.38927
      vertex 10.0768 0 5.38927
    endloop
  endfacet
  facet normal 0 1 0
    outer loop
      vertex 10.1516 0 5.1813
      vertex 8.34842 0 5.1813
      vertex 8.42322 0 5.38927
    endloop
  endfacet
  facet normal 0 1 0
    outer loop
      vertex 10.2051 0 4.97514
      vertex 8.34842 0 5.1813
      vertex 10.1516 0 5.1813
    endloop
  endfacet
  facet normal 0 1 0
    outer loop
      vertex 10.2051 0 4.97514
      vertex 8.29486 0 4.97514
      vertex 8.34842 0 5.1813
    endloop
  endfacet
  facet normal 0 1 0
    outer loop
      vertex 10.2347 0 4.77229
      vertex 8.29486 0 4.97514
      vertex 10.2051 0 4.97514
    endloop
  endfacet
  facet normal 0 1 0
    outer loop
      vertex 10.2347 0 4.77229
      vertex 8.26526 0 4.77229
      vertex 8.29486 0 4.97514
    endloop
  endfacet
  facet normal 0 1 -0
    outer loop
      vertex 10.2312 0 4.57562
      vertex 8.26526 0 4.77229
      vertex 10.2347 0 4.77229
    endloop
  endfacet
  facet normal 0 1 0
    outer loop
      vertex 10.2312 0 4.57562
      vertex 8.26875 0 4.57562
      vertex 8.26526 0 4.77229
    endloop
  endfacet
  facet normal 0 1 -0
    outer loop
      vertex 9.96645 0 3.34084
      vertex 8.26875 0 4.57562
      vertex 10.2312 0 4.57562
    endloop
  endfacet
  facet normal 0 1 0
    outer loop
      vertex 9.96645 0 3.34084
      vertex 8.53355 0 3.34084
      vertex 8.26875 0 4.57562
    endloop
  endfacet
  facet normal 0 1 0
    outer loop
      vertex 10.5602 0 3.16313
      vertex 9.96645 0 3.34084
      vertex 10.1361 0 3.30708
    endloop
  endfacet
  facet normal 0 1 0
    outer loop
      vertex 11.1057 0 2.86893
      vertex 9.96645 0 3.34084
      vertex 10.5602 0 3.16313
    endloop
  endfacet
  facet normal 0 1 0
    outer loop
      vertex 9.96645 0 3.34084
      vertex 11.1057 0 2.86893
      vertex 8.53355 0 3.34084
    endloop
  endfacet
  facet normal 0 1 0
    outer loop
      vertex 8.53355 0 3.34084
      vertex 7.93979 0 3.16313
      vertex 8.36388 0 3.30708
    endloop
  endfacet
  facet normal 0 1 0
    outer loop
      vertex 11.1057 0 2.86893
      vertex 10.5602 0 3.16313
      vertex 10.9619 0 2.96504
    endloop
  endfacet
  facet normal 0 1 0
    outer loop
      vertex 7.39429 0 2.86893
      vertex 8.53355 0 3.34084
      vertex 11.1057 0 2.86893
    endloop
  endfacet
  facet normal 0 1 0
    outer loop
      vertex 8.53355 0 3.34084
      vertex 7.39429 0 2.86893
      vertex 7.93979 0 3.16313
    endloop
  endfacet
  facet normal 0 1 0
    outer loop
      vertex 7.93979 0 3.16313
      vertex 7.39429 0 2.86893
      vertex 7.53813 0 2.96504
    endloop
  endfacet
  facet normal 0 1 0
    outer loop
      vertex 4.65465 0 3.9071
      vertex 5.3429 0 4.59535
      vertex 5.58212 0 4.54274
    endloop
  endfacet
  facet normal 0 1 0
    outer loop
      vertex 4.70726 0 3.66788
      vertex 5.58212 0 4.54274
      vertex 5.80949 0 4.47598
    endloop
  endfacet
  facet normal 0 1 0
    outer loop
      vertex 4.77402 0 3.44051
      vertex 5.80949 0 4.47598
      vertex 6.02385 0 4.3954
    endloop
  endfacet
  facet normal 0 1 0
    outer loop
      vertex 4.8546 0 3.22615
      vertex 6.02385 0 4.3954
      vertex 6.22379 0 4.30124
    endloop
  endfacet
  facet normal 0 1 0
    outer loop
      vertex 4.94876 0 3.02621
      vertex 6.22379 0 4.30124
      vertex 6.40744 0 4.19333
    endloop
  endfacet
  facet normal 0 1 0
    outer loop
      vertex 5.58212 0 4.54274
      vertex 4.70726 0 3.66788
      vertex 4.65465 0 3.9071
    endloop
  endfacet
  facet normal 0 1 0
    outer loop
      vertex 5.05667 0 2.84256
      vertex 6.40744 0 4.19333
      vertex 6.57181 0 4.07083
    endloop
  endfacet
  facet normal 0 1 0
    outer loop
      vertex 5.17917 0 2.67819
      vertex 6.57181 0 4.07083
      vertex 6.7084 0 3.92929
    endloop
  endfacet
  facet normal 0 1 0
    outer loop
      vertex 5.09283 0 4.63341
      vertex 4.65465 0 3.9071
      vertex 4.61659 0 4.15717
    endloop
  endfacet
  facet normal 0 1 0
    outer loop
      vertex 5.3429 0 4.59535
      vertex 4.65465 0 3.9071
      vertex 5.09283 0 4.63341
    endloop
  endfacet
  facet normal 0 1 0
    outer loop
      vertex 5.80949 0 4.47598
      vertex 4.77402 0 3.44051
      vertex 4.70726 0 3.66788
    endloop
  endfacet
  facet normal 0 1 0
    outer loop
      vertex 6.02385 0 4.3954
      vertex 4.8546 0 3.22615
      vertex 4.77402 0 3.44051
    endloop
  endfacet
  facet normal 0 1 0
    outer loop
      vertex 6.22379 0 4.30124
      vertex 4.94876 0 3.02621
      vertex 4.8546 0 3.22615
    endloop
  endfacet
  facet normal 0 1 0
    outer loop
      vertex 5.32071 0 2.5416
      vertex 6.7084 0 3.92929
      vertex 7.39429 0 2.86893
    endloop
  endfacet
  facet normal 0 1 0
    outer loop
      vertex 6.40744 0 4.19333
      vertex 5.05667 0 2.84256
      vertex 4.94876 0 3.02621
    endloop
  endfacet
  facet normal 0 1 0
    outer loop
      vertex 11.1057 0 2.86893
      vertex 12.1189 0 1.85571
      vertex 7.39429 0 2.86893
    endloop
  endfacet
  facet normal 0 1 0
    outer loop
      vertex 11.7916 0 3.92929
      vertex 13.3208 0 2.67819
      vertex 13.1793 0 2.5416
    endloop
  endfacet
  facet normal 0 1 0
    outer loop
      vertex 6.38107 0 1.85571
      vertex 7.39429 0 2.86893
      vertex 12.1189 0 1.85571
    endloop
  endfacet
  facet normal 0 1 0
    outer loop
      vertex 11.1057 0 2.86893
      vertex 13.1793 0 2.5416
      vertex 12.1189 0 1.85571
    endloop
  endfacet
  facet normal -0 1 0
    outer loop
      vertex 5.32071 0 2.5416
      vertex 7.39429 0 2.86893
      vertex 6.38107 0 1.85571
    endloop
  endfacet
  facet normal -0 1 0
    outer loop
      vertex 5.17917 0 2.67819
      vertex 6.7084 0 3.92929
      vertex 5.32071 0 2.5416
    endloop
  endfacet
  facet normal 0 1 0
    outer loop
      vertex 6.57181 0 4.07083
      vertex 5.17917 0 2.67819
      vertex 5.05667 0 2.84256
    endloop
  endfacet
  facet normal 0 1 0
    outer loop
      vertex 12.4131 0 1.31021
      vertex 12.1189 0 1.85571
      vertex 12.215 0 1.71187
    endloop
  endfacet
  facet normal 0 1 0
    outer loop
      vertex 12.1189 0 1.85571
      vertex 12.5908 0 0.716446
      vertex 6.38107 0 1.85571
    endloop
  endfacet
  facet normal 0 1 0
    outer loop
      vertex 12.1189 0 1.85571
      vertex 12.4131 0 1.31021
      vertex 12.5908 0 0.716446
    endloop
  endfacet
  facet normal 0 1 0
    outer loop
      vertex 5.90916 0 0.716446
      vertex 6.38107 0 1.85571
      vertex 12.5908 0 0.716446
    endloop
  endfacet
  facet normal 0 1 0
    outer loop
      vertex 12.5908 0 0.716446
      vertex 12.4131 0 1.31021
      vertex 12.5571 0 0.886124
    endloop
  endfacet
  facet normal -0 1 0
    outer loop
      vertex 6.08687 0 1.31021
      vertex 6.38107 0 1.85571
      vertex 5.90916 0 0.716446
    endloop
  endfacet
  facet normal 0 1 0
    outer loop
      vertex 6.38107 0 1.85571
      vertex 6.08687 0 1.31021
      vertex 6.28496 0 1.71187
    endloop
  endfacet
  facet normal 0 1 0
    outer loop
      vertex 6.08687 0 1.31021
      vertex 5.90916 0 0.716446
      vertex 5.94292 0 0.886124
    endloop
  endfacet
  facet normal 0 1 0
    outer loop
      vertex 4.67438 0 0.981247
      vertex 4.27486 0 0.955139
      vertex 4.47771 0 0.984741
    endloop
  endfacet
  facet normal 0 1 0
    outer loop
      vertex 4.67438 0 0.981247
      vertex 4.0687 0 0.901581
      vertex 4.27486 0 0.955139
    endloop
  endfacet
  facet normal 0 1 0
    outer loop
      vertex 3.03412 0 0
      vertex 4.0687 0 0.901581
      vertex 4.67438 0 0.981247
    endloop
  endfacet
  facet normal 0 1 0
    outer loop
      vertex 4.0687 0 0.901581
      vertex 3.03412 0 0
      vertex 3.86073 0 0.826782
    endloop
  endfacet
  facet normal 0 1 0
    outer loop
      vertex 3.03412 0 0
      vertex 4.67438 0 0.981247
      vertex 5.90916 0 0.716446
    endloop
  endfacet
  facet normal 0 1 0
    outer loop
      vertex 12.5908 0 0.716446
      vertex 15.4659 0 0
      vertex 5.90916 0 0.716446
    endloop
  endfacet
  facet normal 0 1 0
    outer loop
      vertex 3.03412 0 0
      vertex 5.90916 0 0.716446
      vertex 15.4659 0 0
    endloop
  endfacet
  facet normal 0 1 0
    outer loop
      vertex 15.4659 0 0
      vertex 15.0558 0 0.618622
      vertex 15.2622 0 0.486664
    endloop
  endfacet
  facet normal 0 1 0
    outer loop
      vertex 3.86073 0 0.826782
      vertex 3.03412 0 0
      vertex 3.65219 0 0.732193
    endloop
  endfacet
  facet normal 0 1 -0
    outer loop
      vertex 15.4659 0 0
      vertex 15.2622 0 0.486664
      vertex 15.4659 0 0.336761
    endloop
  endfacet
  facet normal 0 1 0
    outer loop
      vertex 3.65219 0 0.732193
      vertex 3.03412 0 0
      vertex 3.4442 0 0.618622
    endloop
  endfacet
  facet normal 0 1 0
    outer loop
      vertex 3.4442 0 0.618622
      vertex 3.03412 0 0
      vertex 3.23784 0 0.486664
    endloop
  endfacet
  facet normal 0 1 0
    outer loop
      vertex 3.23784 0 0.486664
      vertex 3.03412 0 0
      vertex 3.03412 0 0.336761
    endloop
  endfacet
  facet normal 0 -1 0
    outer loop
      vertex 4.27486 -83 0.955139
      vertex 4.67438 -83 0.981247
      vertex 4.47771 -83 0.984741
    endloop
  endfacet
  facet normal 0 -1 0
    outer loop
      vertex 4.0687 -83 0.901581
      vertex 4.67438 -83 0.981247
      vertex 4.27486 -83 0.955139
    endloop
  endfacet
  facet normal 0 -1 0
    outer loop
      vertex 3.03412 -83 0
      vertex 4.0687 -83 0.901581
      vertex 3.86073 -83 0.826782
    endloop
  endfacet
  facet normal 0 -1 0
    outer loop
      vertex 3.03412 -83 0
      vertex 3.86073 -83 0.826782
      vertex 3.65219 -83 0.732193
    endloop
  endfacet
  facet normal 0 -1 -0
    outer loop
      vertex 4.0687 -83 0.901581
      vertex 3.03412 -83 0
      vertex 4.67438 -83 0.981247
    endloop
  endfacet
  facet normal 0 -1 -0
    outer loop
      vertex 4.67438 -83 0.981247
      vertex 3.03412 -83 0
      vertex 5.90916 -83 0.716446
    endloop
  endfacet
  facet normal 0 -1 0
    outer loop
      vertex 3.03412 -83 0
      vertex 3.65219 -83 0.732193
      vertex 3.4442 -83 0.618622
    endloop
  endfacet
  facet normal 0 -1 0
    outer loop
      vertex 4.65465 -83 3.9071
      vertex 5.3429 -83 4.59535
      vertex 5.09283 -83 4.63341
    endloop
  endfacet
  facet normal 0 -1 -0
    outer loop
      vertex 5.3429 -83 4.59535
      vertex 4.65465 -83 3.9071
      vertex 5.58212 -83 4.54274
    endloop
  endfacet
  facet normal 0 -1 0
    outer loop
      vertex 4.70726 -83 3.66788
      vertex 5.58212 -83 4.54274
      vertex 4.65465 -83 3.9071
    endloop
  endfacet
  facet normal 0 -1 0
    outer loop
      vertex 4.77402 -83 3.44051
      vertex 5.80949 -83 4.47598
      vertex 4.70726 -83 3.66788
    endloop
  endfacet
  facet normal 0 -1 -0
    outer loop
      vertex 5.80949 -83 4.47598
      vertex 4.77402 -83 3.44051
      vertex 6.02385 -83 4.3954
    endloop
  endfacet
  facet normal 0 -1 0
    outer loop
      vertex 4.65465 -83 3.9071
      vertex 5.09283 -83 4.63341
      vertex 4.61659 -83 4.15717
    endloop
  endfacet
  facet normal 0 -1 -0
    outer loop
      vertex 5.58212 -83 4.54274
      vertex 4.70726 -83 3.66788
      vertex 5.80949 -83 4.47598
    endloop
  endfacet
  facet normal 0 -1 0
    outer loop
      vertex 4.8546 -83 3.22615
      vertex 6.02385 -83 4.3954
      vertex 4.77402 -83 3.44051
    endloop
  endfacet
  facet normal 0 -1 -0
    outer loop
      vertex 6.02385 -83 4.3954
      vertex 4.8546 -83 3.22615
      vertex 6.22379 -83 4.30124
    endloop
  endfacet
  facet normal 0 -1 0
    outer loop
      vertex 4.94876 -83 3.02621
      vertex 6.22379 -83 4.30124
      vertex 4.8546 -83 3.22615
    endloop
  endfacet
  facet normal 0 -1 -0
    outer loop
      vertex 6.22379 -83 4.30124
      vertex 4.94876 -83 3.02621
      vertex 6.40744 -83 4.19333
    endloop
  endfacet
  facet normal 0 -1 0
    outer loop
      vertex 5.05667 -83 2.84256
      vertex 6.40744 -83 4.19333
      vertex 4.94876 -83 3.02621
    endloop
  endfacet
  facet normal 0 -1 -0
    outer loop
      vertex 6.40744 -83 4.19333
      vertex 5.05667 -83 2.84256
      vertex 6.57181 -83 4.07083
    endloop
  endfacet
  facet normal 0 -1 0
    outer loop
      vertex 5.17917 -83 2.67819
      vertex 6.57181 -83 4.07083
      vertex 5.05667 -83 2.84256
    endloop
  endfacet
  facet normal 0 -1 -0
    outer loop
      vertex 6.7084 -83 3.92929
      vertex 5.32071 -83 2.5416
      vertex 7.39429 -83 2.86893
    endloop
  endfacet
  facet normal 0 -1 -0
    outer loop
      vertex 6.57181 -83 4.07083
      vertex 5.17917 -83 2.67819
      vertex 6.7084 -83 3.92929
    endloop
  endfacet
  facet normal 0 -1 0
    outer loop
      vertex 8.76334 -83 6.01216
      vertex 9.58676 -83 6.21588
      vertex 8.91324 -83 6.21588
    endloop
  endfacet
  facet normal 0 -1 0
    outer loop
      vertex 8.76334 -83 6.01216
      vertex 9.73666 -83 6.01216
      vertex 9.58676 -83 6.21588
    endloop
  endfacet
  facet normal 0 -1 0
    outer loop
      vertex 8.63138 -83 5.8058
      vertex 9.73666 -83 6.01216
      vertex 8.76334 -83 6.01216
    endloop
  endfacet
  facet normal 0 -1 0
    outer loop
      vertex 8.63138 -83 5.8058
      vertex 9.86862 -83 5.8058
      vertex 9.73666 -83 6.01216
    endloop
  endfacet
  facet normal 0 -1 0
    outer loop
      vertex 8.51781 -83 5.59781
      vertex 9.86862 -83 5.8058
      vertex 8.63138 -83 5.8058
    endloop
  endfacet
  facet normal 0 -1 0
    outer loop
      vertex 8.51781 -83 5.59781
      vertex 9.98219 -83 5.59781
      vertex 9.86862 -83 5.8058
    endloop
  endfacet
  facet normal 0 -1 0
    outer loop
      vertex 8.42322 -83 5.38927
      vertex 9.98219 -83 5.59781
      vertex 8.51781 -83 5.59781
    endloop
  endfacet
  facet normal 0 -1 0
    outer loop
      vertex 8.42322 -83 5.38927
      vertex 10.0768 -83 5.38927
      vertex 9.98219 -83 5.59781
    endloop
  endfacet
  facet normal 0 -1 0
    outer loop
      vertex 8.34842 -83 5.1813
      vertex 10.0768 -83 5.38927
      vertex 8.42322 -83 5.38927
    endloop
  endfacet
  facet normal 0 -1 0
    outer loop
      vertex 8.34842 -83 5.1813
      vertex 10.1516 -83 5.1813
      vertex 10.0768 -83 5.38927
    endloop
  endfacet
  facet normal 0 -1 0
    outer loop
      vertex 8.29486 -83 4.97514
      vertex 10.1516 -83 5.1813
      vertex 8.34842 -83 5.1813
    endloop
  endfacet
  facet normal 0 -1 0
    outer loop
      vertex 8.29486 -83 4.97514
      vertex 10.2051 -83 4.97514
      vertex 10.1516 -83 5.1813
    endloop
  endfacet
  facet normal 0 -1 0
    outer loop
      vertex 8.26526 -83 4.77229
      vertex 10.2051 -83 4.97514
      vertex 8.29486 -83 4.97514
    endloop
  endfacet
  facet normal 0 -1 0
    outer loop
      vertex 8.26526 -83 4.77229
      vertex 10.2347 -83 4.77229
      vertex 10.2051 -83 4.97514
    endloop
  endfacet
  facet normal 0 -1 0
    outer loop
      vertex 8.26875 -83 4.57562
      vertex 10.2347 -83 4.77229
      vertex 8.26526 -83 4.77229
    endloop
  endfacet
  facet normal 0 -1 0
    outer loop
      vertex 8.26875 -83 4.57562
      vertex 10.2312 -83 4.57562
      vertex 10.2347 -83 4.77229
    endloop
  endfacet
  facet normal 0 -1 0
    outer loop
      vertex 8.53355 -83 3.34084
      vertex 10.2312 -83 4.57562
      vertex 8.26875 -83 4.57562
    endloop
  endfacet
  facet normal 0 -1 0
    outer loop
      vertex 8.53355 -83 3.34084
      vertex 9.96645 -83 3.34084
      vertex 10.2312 -83 4.57562
    endloop
  endfacet
  facet normal 0 -1 0
    outer loop
      vertex 7.93979 -83 3.16313
      vertex 8.53355 -83 3.34084
      vertex 8.36388 -83 3.30708
    endloop
  endfacet
  facet normal 0 -1 0
    outer loop
      vertex 7.39429 -83 2.86893
      vertex 8.53355 -83 3.34084
      vertex 7.93979 -83 3.16313
    endloop
  endfacet
  facet normal 0 -1 -0
    outer loop
      vertex 8.53355 -83 3.34084
      vertex 7.39429 -83 2.86893
      vertex 9.96645 -83 3.34084
    endloop
  endfacet
  facet normal 0 -1 0
    outer loop
      vertex 9.96645 -83 3.34084
      vertex 10.5602 -83 3.16313
      vertex 10.1361 -83 3.30708
    endloop
  endfacet
  facet normal 0 -1 0
    outer loop
      vertex 7.39429 -83 2.86893
      vertex 7.93979 -83 3.16313
      vertex 7.53813 -83 2.96504
    endloop
  endfacet
  facet normal 0 -1 0
    outer loop
      vertex 11.1057 -83 2.86893
      vertex 9.96645 -83 3.34084
      vertex 7.39429 -83 2.86893
    endloop
  endfacet
  facet normal 0 -1 0
    outer loop
      vertex 9.96645 -83 3.34084
      vertex 11.1057 -83 2.86893
      vertex 10.5602 -83 3.16313
    endloop
  endfacet
  facet normal 0 -1 0
    outer loop
      vertex 10.5602 -83 3.16313
      vertex 11.1057 -83 2.86893
      vertex 10.9619 -83 2.96504
    endloop
  endfacet
  facet normal 0 -1 0
    outer loop
      vertex 13.8454 -83 3.9071
      vertex 13.1571 -83 4.59535
      vertex 12.9179 -83 4.54274
    endloop
  endfacet
  facet normal 0 -1 0
    outer loop
      vertex 13.7927 -83 3.66788
      vertex 12.9179 -83 4.54274
      vertex 12.6905 -83 4.47598
    endloop
  endfacet
  facet normal 0 -1 0
    outer loop
      vertex 13.726 -83 3.44051
      vertex 12.6905 -83 4.47598
      vertex 12.4762 -83 4.3954
    endloop
  endfacet
  facet normal 0 -1 0
    outer loop
      vertex 13.6454 -83 3.22615
      vertex 12.4762 -83 4.3954
      vertex 12.2762 -83 4.30124
    endloop
  endfacet
  facet normal 0 -1 0
    outer loop
      vertex 13.5512 -83 3.02621
      vertex 12.2762 -83 4.30124
      vertex 12.0926 -83 4.19333
    endloop
  endfacet
  facet normal 0 -1 0
    outer loop
      vertex 12.9179 -83 4.54274
      vertex 13.7927 -83 3.66788
      vertex 13.8454 -83 3.9071
    endloop
  endfacet
  facet normal 0 -1 0
    outer loop
      vertex 13.4433 -83 2.84256
      vertex 12.0926 -83 4.19333
      vertex 11.9282 -83 4.07083
    endloop
  endfacet
  facet normal 0 -1 0
    outer loop
      vertex 13.3208 -83 2.67819
      vertex 11.9282 -83 4.07083
      vertex 11.7916 -83 3.92929
    endloop
  endfacet
  facet normal 0 -1 0
    outer loop
      vertex 13.4072 -83 4.63341
      vertex 13.8454 -83 3.9071
      vertex 13.8834 -83 4.15717
    endloop
  endfacet
  facet normal 0 -1 0
    outer loop
      vertex 13.1571 -83 4.59535
      vertex 13.8454 -83 3.9071
      vertex 13.4072 -83 4.63341
    endloop
  endfacet
  facet normal 0 -1 0
    outer loop
      vertex 12.6905 -83 4.47598
      vertex 13.726 -83 3.44051
      vertex 13.7927 -83 3.66788
    endloop
  endfacet
  facet normal 0 -1 0
    outer loop
      vertex 12.4762 -83 4.3954
      vertex 13.6454 -83 3.22615
      vertex 13.726 -83 3.44051
    endloop
  endfacet
  facet normal 0 -1 0
    outer loop
      vertex 12.2762 -83 4.30124
      vertex 13.5512 -83 3.02621
      vertex 13.6454 -83 3.22615
    endloop
  endfacet
  facet normal 0 -1 0
    outer loop
      vertex 13.1793 -83 2.5416
      vertex 11.7916 -83 3.92929
      vertex 11.1057 -83 2.86893
    endloop
  endfacet
  facet normal 0 -1 0
    outer loop
      vertex 12.0926 -83 4.19333
      vertex 13.4433 -83 2.84256
      vertex 13.5512 -83 3.02621
    endloop
  endfacet
  facet normal 0 -1 -0
    outer loop
      vertex 7.39429 -83 2.86893
      vertex 6.38107 -83 1.85571
      vertex 11.1057 -83 2.86893
    endloop
  endfacet
  facet normal 0 -1 0
    outer loop
      vertex 6.7084 -83 3.92929
      vertex 5.17917 -83 2.67819
      vertex 5.32071 -83 2.5416
    endloop
  endfacet
  facet normal 0 -1 0
    outer loop
      vertex 12.1189 -83 1.85571
      vertex 11.1057 -83 2.86893
      vertex 6.38107 -83 1.85571
    endloop
  endfacet
  facet normal 0 -1 0
    outer loop
      vertex 7.39429 -83 2.86893
      vertex 5.32071 -83 2.5416
      vertex 6.38107 -83 1.85571
    endloop
  endfacet
  facet normal -0 -1 0
    outer loop
      vertex 13.1793 -83 2.5416
      vertex 11.1057 -83 2.86893
      vertex 12.1189 -83 1.85571
    endloop
  endfacet
  facet normal -0 -1 0
    outer loop
      vertex 13.3208 -83 2.67819
      vertex 11.7916 -83 3.92929
      vertex 13.1793 -83 2.5416
    endloop
  endfacet
  facet normal 0 -1 0
    outer loop
      vertex 11.9282 -83 4.07083
      vertex 13.3208 -83 2.67819
      vertex 13.4433 -83 2.84256
    endloop
  endfacet
  facet normal 0 -1 0
    outer loop
      vertex 6.08687 -83 1.31021
      vertex 6.38107 -83 1.85571
      vertex 6.28496 -83 1.71187
    endloop
  endfacet
  facet normal 0 -1 -0
    outer loop
      vertex 6.38107 -83 1.85571
      vertex 5.90916 -83 0.716446
      vertex 12.1189 -83 1.85571
    endloop
  endfacet
  facet normal 0 -1 0
    outer loop
      vertex 6.38107 -83 1.85571
      vertex 6.08687 -83 1.31021
      vertex 5.90916 -83 0.716446
    endloop
  endfacet
  facet normal 0 -1 0
    outer loop
      vertex 12.5908 -83 0.716446
      vertex 12.1189 -83 1.85571
      vertex 5.90916 -83 0.716446
    endloop
  endfacet
  facet normal 0 -1 0
    outer loop
      vertex 5.90916 -83 0.716446
      vertex 6.08687 -83 1.31021
      vertex 5.94292 -83 0.886124
    endloop
  endfacet
  facet normal -0 -1 -0
    outer loop
      vertex 12.4131 -83 1.31021
      vertex 12.1189 -83 1.85571
      vertex 12.5908 -83 0.716446
    endloop
  endfacet
  facet normal 0 -1 0
    outer loop
      vertex 12.1189 -83 1.85571
      vertex 12.4131 -83 1.31021
      vertex 12.215 -83 1.71187
    endloop
  endfacet
  facet normal 0 -1 0
    outer loop
      vertex 12.4131 -83 1.31021
      vertex 12.5908 -83 0.716446
      vertex 12.5571 -83 0.886124
    endloop
  endfacet
  facet normal 0 -1 0
    outer loop
      vertex 13.8256 -83 0.981247
      vertex 14.2251 -83 0.955139
      vertex 14.0223 -83 0.984741
    endloop
  endfacet
  facet normal 0 -1 0
    outer loop
      vertex 13.8256 -83 0.981247
      vertex 14.4313 -83 0.901581
      vertex 14.2251 -83 0.955139
    endloop
  endfacet
  facet normal 0 -1 0
    outer loop
      vertex 15.4659 -83 0
      vertex 14.4313 -83 0.901581
      vertex 13.8256 -83 0.981247
    endloop
  endfacet
  facet normal 0 -1 0
    outer loop
      vertex 14.4313 -83 0.901581
      vertex 15.4659 -83 0
      vertex 14.6393 -83 0.826782
    endloop
  endfacet
  facet normal 0 -1 0
    outer loop
      vertex 15.4659 -83 0
      vertex 13.8256 -83 0.981247
      vertex 12.5908 -83 0.716446
    endloop
  endfacet
  facet normal 0 -1 -0
    outer loop
      vertex 5.90916 -83 0.716446
      vertex 3.03412 -83 0
      vertex 12.5908 -83 0.716446
    endloop
  endfacet
  facet normal 0 -1 0
    outer loop
      vertex 15.4659 -83 0
      vertex 12.5908 -83 0.716446
      vertex 3.03412 -83 0
    endloop
  endfacet
  facet normal 0 -1 0
    outer loop
      vertex 3.03412 -83 0
      vertex 3.4442 -83 0.618622
      vertex 3.23784 -83 0.486664
    endloop
  endfacet
  facet normal 0 -1 0
    outer loop
      vertex 14.6393 -83 0.826782
      vertex 15.4659 -83 0
      vertex 14.8478 -83 0.732193
    endloop
  endfacet
  facet normal 0 -1 0
    outer loop
      vertex 3.03412 -83 0
      vertex 3.23784 -83 0.486664
      vertex 3.03412 -83 0.336761
    endloop
  endfacet
  facet normal 0 -1 0
    outer loop
      vertex 14.8478 -83 0.732193
      vertex 15.4659 -83 0
      vertex 15.0558 -83 0.618622
    endloop
  endfacet
  facet normal 0 -1 0
    outer loop
      vertex 15.0558 -83 0.618622
      vertex 15.4659 -83 0
      vertex 15.2622 -83 0.486664
    endloop
  endfacet
  facet normal 0 -1 0
    outer loop
      vertex 15.2622 -83 0.486664
      vertex 15.4659 -83 0
      vertex 15.4659 -83 0.336761
    endloop
  endfacet
  facet normal 1 0 0
    outer loop
      vertex 15.4659 0 0.336761
      vertex 15.4659 -27.9857 0
      vertex 15.4659 0 0
    endloop
  endfacet
  facet normal 1 0 -0
    outer loop
      vertex 15.4659 -27.9857 0
      vertex 15.4659 0 0.336761
      vertex 15.4659 -27.9936 0.336761
    endloop
  endfacet
  facet normal 1 -0 0
    outer loop
      vertex 15.4659 -83 0.336761
      vertex 15.4659 -46.0143 0
      vertex 15.4659 -46.0064 0.336761
    endloop
  endfacet
  facet normal 1 0 0
    outer loop
      vertex 15.4659 -46.0143 0
      vertex 15.4659 -83 0.336761
      vertex 15.4659 -83 0
    endloop
  endfacet
  facet normal 0.592674 0 0.805442
    outer loop
      vertex 15.4659 0 0.336761
      vertex 15.3876 -27.9392 0.394377
      vertex 15.4659 -27.9936 0.336761
    endloop
  endfacet
  facet normal 0.591049 7.0153e-06 0.806636
    outer loop
      vertex 15.4659 0 0.336761
      vertex 15.3777 -27.9324 0.401631
      vertex 15.3876 -27.9392 0.394377
    endloop
  endfacet
  facet normal 0.592708 -0 0.805418
    outer loop
      vertex 15.2622 -27.8565 0.486664
      vertex 15.4659 0 0.336761
      vertex 15.2622 0 0.486664
    endloop
  endfacet
  facet normal 0.592872 -1.84968e-06 0.805297
    outer loop
      vertex 15.4659 0 0.336761
      vertex 15.2622 -27.8565 0.486664
      vertex 15.3777 -27.9324 0.401631
    endloop
  endfacet
  facet normal 0.592674 0 0.805442
    outer loop
      vertex 15.3876 -46.0608 0.394377
      vertex 15.4659 -83 0.336761
      vertex 15.4659 -46.0064 0.336761
    endloop
  endfacet
  facet normal 0.591048 -5.30856e-06 0.806636
    outer loop
      vertex 15.3777 -46.0676 0.401631
      vertex 15.4659 -83 0.336761
      vertex 15.3876 -46.0608 0.394377
    endloop
  endfacet
  facet normal 0.592872 1.39964e-06 0.805297
    outer loop
      vertex 15.2622 -46.1435 0.486664
      vertex 15.4659 -83 0.336761
      vertex 15.3777 -46.0676 0.401631
    endloop
  endfacet
  facet normal 0.592708 0 0.805418
    outer loop
      vertex 15.4659 -83 0.336761
      vertex 15.2622 -46.1435 0.486664
      vertex 15.2622 -83 0.486664
    endloop
  endfacet
  facet normal 0.538654 -0 0.842527
    outer loop
      vertex 15.0558 -27.7196 0.618622
      vertex 15.2622 0 0.486664
      vertex 15.0558 0 0.618622
    endloop
  endfacet
  facet normal 0.538654 0 0.842527
    outer loop
      vertex 15.2622 0 0.486664
      vertex 15.0558 -27.7196 0.618622
      vertex 15.2622 -27.8565 0.486664
    endloop
  endfacet
  facet normal 0.538654 0 0.842527
    outer loop
      vertex 15.0558 -46.2804 0.618622
      vertex 15.2622 -83 0.486664
      vertex 15.2622 -46.1435 0.486664
    endloop
  endfacet
  facet normal 0.538654 0 0.842527
    outer loop
      vertex 15.2622 -83 0.486664
      vertex 15.0558 -46.2804 0.618622
      vertex 15.0558 -83 0.618622
    endloop
  endfacet
  facet normal 0.47922 0 0.877695
    outer loop
      vertex 15.0558 0 0.618622
      vertex 14.9056 -27.6189 0.700631
      vertex 15.0558 -27.7196 0.618622
    endloop
  endfacet
  facet normal 0.479231 -0 0.877689
    outer loop
      vertex 14.8478 -27.5802 0.732193
      vertex 15.0558 0 0.618622
      vertex 14.8478 0 0.732193
    endloop
  endfacet
  facet normal 0.479258 -2.69626e-07 0.877674
    outer loop
      vertex 15.0558 0 0.618622
      vertex 14.8478 -27.5802 0.732193
      vertex 14.9056 -27.6189 0.700631
    endloop
  endfacet
  facet normal 0.47922 0 0.877695
    outer loop
      vertex 14.9056 -46.3811 0.700631
      vertex 15.0558 -83 0.618622
      vertex 15.0558 -46.2804 0.618622
    endloop
  endfacet
  facet normal 0.479258 2.0354e-07 0.877674
    outer loop
      vertex 14.8478 -46.4198 0.732193
      vertex 15.0558 -83 0.618622
      vertex 14.9056 -46.3811 0.700631
    endloop
  endfacet
  facet normal 0.479231 0 0.877689
    outer loop
      vertex 15.0558 -83 0.618622
      vertex 14.8478 -46.4198 0.732193
      vertex 14.8478 -83 0.732193
    endloop
  endfacet
  facet normal 0.415401 0 0.909638
    outer loop
      vertex 14.8478 0 0.732193
      vertex 14.8397 -27.5747 0.735892
      vertex 14.8478 -27.5802 0.732193
    endloop
  endfacet
  facet normal 0.413044 8.3648e-07 0.910711
    outer loop
      vertex 14.8478 0 0.732193
      vertex 14.7442 -27.5126 0.779205
      vertex 14.8397 -27.5747 0.735892
    endloop
  endfacet
  facet normal 0.413138 -0 0.910669
    outer loop
      vertex 14.6393 -27.4445 0.826782
      vertex 14.8478 0 0.732193
      vertex 14.6393 0 0.826782
    endloop
  endfacet
  facet normal 0.413049 8.12645e-07 0.910709
    outer loop
      vertex 14.8478 0 0.732193
      vertex 14.6393 -27.4445 0.826782
      vertex 14.7442 -27.5126 0.779205
    endloop
  endfacet
  facet normal 0.415401 0 0.909638
    outer loop
      vertex 14.8397 -46.4253 0.735892
      vertex 14.8478 -83 0.732193
      vertex 14.8478 -46.4198 0.732193
    endloop
  endfacet
  facet normal 0.413044 -6.30675e-07 0.910711
    outer loop
      vertex 14.7442 -46.4874 0.779205
      vertex 14.8478 -83 0.732193
      vertex 14.8397 -46.4253 0.735892
    endloop
  endfacet
  facet normal 0.413049 -6.12704e-07 0.910709
    outer loop
      vertex 14.6393 -46.5555 0.826782
      vertex 14.8478 -83 0.732193
      vertex 14.7442 -46.4874 0.779205
    endloop
  endfacet
  facet normal 0.413138 0 0.910669
    outer loop
      vertex 14.8478 -83 0.732193
      vertex 14.6393 -46.5555 0.826782
      vertex 14.6393 -83 0.826782
    endloop
  endfacet
  facet normal 0.338395 -0 0.941004
    outer loop
      vertex 14.4313 -27.3072 0.901581
      vertex 14.6393 0 0.826782
      vertex 14.4313 0 0.901581
    endloop
  endfacet
  facet normal 0.338395 0 0.941004
    outer loop
      vertex 14.6393 0 0.826782
      vertex 14.4313 -27.3072 0.901581
      vertex 14.6393 -27.4445 0.826782
    endloop
  endfacet
  facet normal 0.338395 0 0.941004
    outer loop
      vertex 14.4313 -46.6928 0.901581
      vertex 14.6393 -83 0.826782
      vertex 14.6393 -46.5555 0.826782
    endloop
  endfacet
  facet normal 0.338395 0 0.941004
    outer loop
      vertex 14.6393 -83 0.826782
      vertex 14.4313 -46.6928 0.901581
      vertex 14.4313 -83 0.901581
    endloop
  endfacet
  facet normal 0.251396 -0 0.967884
    outer loop
      vertex 14.2251 -27.1687 0.955139
      vertex 14.4313 0 0.901581
      vertex 14.2251 0 0.955139
    endloop
  endfacet
  facet normal 0.251396 0 0.967884
    outer loop
      vertex 14.4313 0 0.901581
      vertex 14.2251 -27.1687 0.955139
      vertex 14.4313 -27.3072 0.901581
    endloop
  endfacet
  facet normal 0.251396 0 0.967884
    outer loop
      vertex 14.2251 -46.8313 0.955139
      vertex 14.4313 -83 0.901581
      vertex 14.4313 -46.6928 0.901581
    endloop
  endfacet
  facet normal 0.251396 0 0.967884
    outer loop
      vertex 14.4313 -83 0.901581
      vertex 14.2251 -46.8313 0.955139
      vertex 14.2251 -83 0.955139
    endloop
  endfacet
  facet normal 0.144513 0 0.989503
    outer loop
      vertex 14.2251 0 0.955139
      vertex 14.1252 -27.1002 0.969729
      vertex 14.2251 -27.1687 0.955139
    endloop
  endfacet
  facet normal 0.144436 -0 0.989514
    outer loop
      vertex 14.0223 -27.0313 0.984741
      vertex 14.2251 0 0.955139
      vertex 14.0223 0 0.984741
    endloop
  endfacet
  facet normal 0.144361 5.70673e-07 0.989525
    outer loop
      vertex 14.2251 0 0.955139
      vertex 14.0223 -27.0313 0.984741
      vertex 14.1252 -27.1002 0.969729
    endloop
  endfacet
  facet normal 0.144513 0 0.989503
    outer loop
      vertex 14.1252 -46.8998 0.969729
      vertex 14.2251 -83 0.955139
      vertex 14.2251 -46.8313 0.955139
    endloop
  endfacet
  facet normal 0.144361 -4.28664e-07 0.989525
    outer loop
      vertex 14.0223 -46.9687 0.984741
      vertex 14.2251 -83 0.955139
      vertex 14.1252 -46.8998 0.969729
    endloop
  endfacet
  facet normal 0.144436 0 0.989514
    outer loop
      vertex 14.2251 -83 0.955139
      vertex 14.0223 -46.9687 0.984741
      vertex 14.0223 -83 0.984741
    endloop
  endfacet
  facet normal -0.0177431 0 0.999843
    outer loop
      vertex 14.0223 0 0.984741
      vertex 13.9979 -18 0.984308
      vertex 14.0223 -27.0313 0.984741
    endloop
  endfacet
  facet normal -0.0177603 2.32975e-08 0.999842
    outer loop
      vertex 13.8256 0 0.981247
      vertex 13.9979 -18 0.984308
      vertex 14.0223 0 0.984741
    endloop
  endfacet
  facet normal -0.0177627 0 0.999842
    outer loop
      vertex 13.9979 -18 0.984308
      vertex 13.8256 0 0.981247
      vertex 13.8256 -18 0.981247
    endloop
  endfacet
  facet normal -0.0177431 0 0.999843
    outer loop
      vertex 14.0223 -27.0313 0.984741
      vertex 13.9979 -18 0.984308
      vertex 13.9979 -27.0143 0.984308
    endloop
  endfacet
  facet normal -0.0177431 0 0.999843
    outer loop
      vertex 13.9979 -58 0.984308
      vertex 14.0223 -46.9687 0.984741
      vertex 13.9979 -46.9857 0.984308
    endloop
  endfacet
  facet normal -0.0177431 0 0.999843
    outer loop
      vertex 14.0223 -46.9687 0.984741
      vertex 13.9979 -58 0.984308
      vertex 14.0223 -83 0.984741
    endloop
  endfacet
  facet normal -0.0177627 -1.91496e-08 0.999842
    outer loop
      vertex 13.8256 -58 0.981247
      vertex 14.0223 -83 0.984741
      vertex 13.9979 -58 0.984308
    endloop
  endfacet
  facet normal -0.0177603 0 0.999842
    outer loop
      vertex 14.0223 -83 0.984741
      vertex 13.8256 -58 0.981247
      vertex 13.8256 -83 0.981247
    endloop
  endfacet
  facet normal -0.209681 0 0.97777
    outer loop
      vertex 12.5908 0 0.716446
      vertex 13.8256 -18 0.981247
      vertex 13.8256 0 0.981247
    endloop
  endfacet
  facet normal -0.209681 0 0.97777
    outer loop
      vertex 13.8256 -18 0.981247
      vertex 12.5908 0 0.716446
      vertex 12.5908 -18 0.716446
    endloop
  endfacet
  facet normal -0.209681 0 0.97777
    outer loop
      vertex 12.5908 -58 0.716446
      vertex 13.8256 -83 0.981247
      vertex 13.8256 -58 0.981247
    endloop
  endfacet
  facet normal -0.209681 0 0.97777
    outer loop
      vertex 13.8256 -83 0.981247
      vertex 12.5908 -58 0.716446
      vertex 12.5908 -83 0.716446
    endloop
  endfacet
  facet normal 0.980842 -0 0.194806
    outer loop
      vertex 12.5571 -18 0.886124
      vertex 12.5908 0 0.716446
      vertex 12.5571 0 0.886124
    endloop
  endfacet
  facet normal 0.980842 0 0.194806
    outer loop
      vertex 12.5908 0 0.716446
      vertex 12.5571 -18 0.886124
      vertex 12.5908 -18 0.716446
    endloop
  endfacet
  facet normal 0.980842 -0 0.194806
    outer loop
      vertex 12.5571 -83 0.886124
      vertex 12.5908 -58 0.716446
      vertex 12.5571 -58 0.886124
    endloop
  endfacet
  facet normal 0.980842 0 0.194806
    outer loop
      vertex 12.5908 -58 0.716446
      vertex 12.5571 -83 0.886124
      vertex 12.5908 -83 0.716446
    endloop
  endfacet
  facet normal 0.946901 -0 0.321524
    outer loop
      vertex 12.4131 -18 1.31021
      vertex 12.5571 0 0.886124
      vertex 12.4131 0 1.31021
    endloop
  endfacet
  facet normal 0.946901 0 0.321524
    outer loop
      vertex 12.5571 0 0.886124
      vertex 12.4131 -18 1.31021
      vertex 12.5571 -18 0.886124
    endloop
  endfacet
  facet normal 0.946901 -0 0.321524
    outer loop
      vertex 12.4131 -83 1.31021
      vertex 12.5571 -58 0.886124
      vertex 12.4131 -58 1.31021
    endloop
  endfacet
  facet normal 0.946901 0 0.321524
    outer loop
      vertex 12.5571 -58 0.886124
      vertex 12.4131 -83 1.31021
      vertex 12.5571 -83 0.886124
    endloop
  endfacet
  facet normal 0.896852 -0 0.44233
    outer loop
      vertex 12.215 -18 1.71187
      vertex 12.4131 0 1.31021
      vertex 12.215 0 1.71187
    endloop
  endfacet
  facet normal 0.896852 0 0.44233
    outer loop
      vertex 12.4131 0 1.31021
      vertex 12.215 -18 1.71187
      vertex 12.4131 -18 1.31021
    endloop
  endfacet
  facet normal 0.896852 -0 0.44233
    outer loop
      vertex 12.215 -83 1.71187
      vertex 12.4131 -58 1.31021
      vertex 12.215 -58 1.71187
    endloop
  endfacet
  facet normal 0.896852 0 0.44233
    outer loop
      vertex 12.4131 -58 1.31021
      vertex 12.215 -83 1.71187
      vertex 12.4131 -83 1.31021
    endloop
  endfacet
  facet normal 0.831498 -0 0.555527
    outer loop
      vertex 12.1189 -18 1.85571
      vertex 12.215 0 1.71187
      vertex 12.1189 0 1.85571
    endloop
  endfacet
  facet normal 0.831498 0 0.555527
    outer loop
      vertex 12.215 0 1.71187
      vertex 12.1189 -18 1.85571
      vertex 12.215 -18 1.71187
    endloop
  endfacet
  facet normal 0.831498 -0 0.555527
    outer loop
      vertex 12.1189 -83 1.85571
      vertex 12.215 -58 1.71187
      vertex 12.1189 -58 1.85571
    endloop
  endfacet
  facet normal 0.831498 0 0.555527
    outer loop
      vertex 12.215 -58 1.71187
      vertex 12.1189 -83 1.85571
      vertex 12.215 -83 1.71187
    endloop
  endfacet
  facet normal 0.543111 0 -0.839661
    outer loop
      vertex 12.1189 -18 1.85571
      vertex 13.1793 0 2.5416
      vertex 13.1793 -18 2.5416
    endloop
  endfacet
  facet normal 0.543111 0 -0.839661
    outer loop
      vertex 13.1793 0 2.5416
      vertex 12.1189 -18 1.85571
      vertex 12.1189 0 1.85571
    endloop
  endfacet
  facet normal 0.543111 0 -0.839661
    outer loop
      vertex 12.1189 -83 1.85571
      vertex 13.1793 -58 2.5416
      vertex 13.1793 -83 2.5416
    endloop
  endfacet
  facet normal 0.543111 0 -0.839661
    outer loop
      vertex 13.1793 -58 2.5416
      vertex 12.1189 -83 1.85571
      vertex 12.1189 -58 1.85571
    endloop
  endfacet
  facet normal 0.695093 0 -0.71892
    outer loop
      vertex 13.3033 -18 2.66127
      vertex 13.3208 -27.0313 2.67819
      vertex 13.3033 -27.0143 2.66127
    endloop
  endfacet
  facet normal 0.695093 0 -0.71892
    outer loop
      vertex 13.3208 -27.0313 2.67819
      vertex 13.3033 -18 2.66127
      vertex 13.3208 0 2.67819
    endloop
  endfacet
  facet normal 0.694432 1.24279e-06 -0.719558
    outer loop
      vertex 13.1793 -18 2.5416
      vertex 13.3208 0 2.67819
      vertex 13.3033 -18 2.66127
    endloop
  endfacet
  facet normal 0.694514 0 -0.719479
    outer loop
      vertex 13.3208 0 2.67819
      vertex 13.1793 -18 2.5416
      vertex 13.1793 0 2.5416
    endloop
  endfacet
  facet normal 0.695093 0 -0.71892
    outer loop
      vertex 13.3208 -83 2.67819
      vertex 13.3033 -58 2.66127
      vertex 13.3208 -46.9687 2.67819
    endloop
  endfacet
  facet normal 0.694514 -7.84055e-07 -0.719479
    outer loop
      vertex 13.1793 -83 2.5416
      vertex 13.3033 -58 2.66127
      vertex 13.3208 -83 2.67819
    endloop
  endfacet
  facet normal 0.694432 0 -0.719558
    outer loop
      vertex 13.3033 -58 2.66127
      vertex 13.1793 -83 2.5416
      vertex 13.1793 -58 2.5416
    endloop
  endfacet
  facet normal 0.695093 0 -0.71892
    outer loop
      vertex 13.3208 -46.9687 2.67819
      vertex 13.3033 -58 2.66127
      vertex 13.3033 -46.9857 2.66127
    endloop
  endfacet
  facet normal 0.801817 0 -0.59757
    outer loop
      vertex 13.4433 0 2.84256
      vertex 13.3208 -27.0313 2.67819
      vertex 13.3208 0 2.67819
    endloop
  endfacet
  facet normal 0.801476 4.32262e-06 -0.598027
    outer loop
      vertex 13.4433 0 2.84256
      vertex 13.383 -27.1002 2.76155
      vertex 13.3208 -27.0313 2.67819
    endloop
  endfacet
  facet normal 0.802169 0 -0.597097
    outer loop
      vertex 13.383 -27.1002 2.76155
      vertex 13.4433 0 2.84256
      vertex 13.4433 -27.1686 2.84256
    endloop
  endfacet
  facet normal 0.802169 0 -0.597097
    outer loop
      vertex 13.4433 -83 2.84256
      vertex 13.383 -46.8998 2.76155
      vertex 13.4433 -46.8314 2.84256
    endloop
  endfacet
  facet normal 0.801476 -3.24695e-06 -0.598027
    outer loop
      vertex 13.4433 -83 2.84256
      vertex 13.3208 -46.9687 2.67819
      vertex 13.383 -46.8998 2.76155
    endloop
  endfacet
  facet normal 0.801817 0 -0.59757
    outer loop
      vertex 13.3208 -46.9687 2.67819
      vertex 13.4433 -83 2.84256
      vertex 13.3208 -83 2.67819
    endloop
  endfacet
  facet normal 0.8622 0 -0.506569
    outer loop
      vertex 13.5512 0 3.02621
      vertex 13.4433 -27.1686 2.84256
      vertex 13.4433 0 2.84256
    endloop
  endfacet
  facet normal 0.862066 2.07378e-06 -0.506797
    outer loop
      vertex 13.5512 0 3.02621
      vertex 13.5031 -27.2454 2.94428
      vertex 13.4433 -27.1686 2.84256
    endloop
  endfacet
  facet normal 0.862367 0 -0.506284
    outer loop
      vertex 13.5031 -27.2454 2.94428
      vertex 13.5512 0 3.02621
      vertex 13.5512 -27.3072 3.02621
    endloop
  endfacet
  facet normal 0.653746 -0.736898 0.172038
    outer loop
      vertex 13.5512 -46.6928 3.02621
      vertex 13.4433 -46.8314 2.84256
      vertex 13.5031 -46.7546 2.94428
    endloop
  endfacet
  facet normal 0.8622 0 -0.506569
    outer loop
      vertex 13.5512 -83 3.02621
      vertex 13.4433 -46.8314 2.84256
      vertex 13.5512 -46.6928 3.02621
    endloop
  endfacet
  facet normal 0.8622 0 -0.506569
    outer loop
      vertex 13.4433 -46.8314 2.84256
      vertex 13.5512 -83 3.02621
      vertex 13.4433 -83 2.84256
    endloop
  endfacet
  facet normal 0.904626 0 -0.426207
    outer loop
      vertex 13.6454 0 3.22615
      vertex 13.5512 -27.3072 3.02621
      vertex 13.5512 0 3.02621
    endloop
  endfacet
  facet normal 0.904626 0 -0.426207
    outer loop
      vertex 13.5512 -27.3072 3.02621
      vertex 13.6454 0 3.22615
      vertex 13.6454 -27.4445 3.22615
    endloop
  endfacet
  facet normal 0.904626 0 -0.426207
    outer loop
      vertex 13.6454 -83 3.22615
      vertex 13.5512 -46.6928 3.02621
      vertex 13.6454 -46.5555 3.22615
    endloop
  endfacet
  facet normal 0.904626 0 -0.426207
    outer loop
      vertex 13.5512 -46.6928 3.02621
      vertex 13.6454 -83 3.22615
      vertex 13.5512 -83 3.02621
    endloop
  endfacet
  facet normal 0.93602 0 -0.351946
    outer loop
      vertex 13.726 0 3.44051
      vertex 13.6454 -27.4445 3.22615
      vertex 13.6454 0 3.22615
    endloop
  endfacet
  facet normal 0.936088 -1.60138e-06 -0.351767
    outer loop
      vertex 13.726 0 3.44051
      vertex 13.7228 -27.5747 3.43212
      vertex 13.6454 -27.4445 3.22615
    endloop
  endfacet
  facet normal 0.934347 0 -0.356366
    outer loop
      vertex 13.7228 -27.5747 3.43212
      vertex 13.726 0 3.44051
      vertex 13.726 -27.5802 3.44051
    endloop
  endfacet
  facet normal 0.934347 0 -0.356366
    outer loop
      vertex 13.726 -83 3.44051
      vertex 13.7228 -46.4253 3.43212
      vertex 13.726 -46.4198 3.44051
    endloop
  endfacet
  facet normal 0.936088 1.20738e-06 -0.351767
    outer loop
      vertex 13.726 -83 3.44051
      vertex 13.6454 -46.5555 3.22615
      vertex 13.7228 -46.4253 3.43212
    endloop
  endfacet
  facet normal 0.93602 0 -0.351946
    outer loop
      vertex 13.6454 -46.5555 3.22615
      vertex 13.726 -83 3.44051
      vertex 13.6454 -83 3.22615
    endloop
  endfacet
  facet normal 0.959564 0 -0.281492
    outer loop
      vertex 13.7927 0 3.66788
      vertex 13.726 -27.5802 3.44051
      vertex 13.726 0 3.44051
    endloop
  endfacet
  facet normal 0.959564 0 -0.281492
    outer loop
      vertex 13.726 -27.5802 3.44051
      vertex 13.7927 0 3.66788
      vertex 13.7927 -27.7195 3.66788
    endloop
  endfacet
  facet normal 0.959564 0 -0.281492
    outer loop
      vertex 13.7927 -83 3.66788
      vertex 13.726 -46.4198 3.44051
      vertex 13.7927 -46.2805 3.66788
    endloop
  endfacet
  facet normal 0.959564 0 -0.281492
    outer loop
      vertex 13.726 -46.4198 3.44051
      vertex 13.7927 -83 3.66788
      vertex 13.726 -83 3.44051
    endloop
  endfacet
  facet normal 0.976583 0 -0.215141
    outer loop
      vertex 13.8454 0 3.9071
      vertex 13.7927 -27.7195 3.66788
      vertex 13.7927 0 3.66788
    endloop
  endfacet
  facet normal 0.976583 0 -0.215141
    outer loop
      vertex 13.7927 -27.7195 3.66788
      vertex 13.8454 0 3.9071
      vertex 13.8454 -27.8565 3.9071
    endloop
  endfacet
  facet normal 0.976583 0 -0.215141
    outer loop
      vertex 13.8454 -83 3.9071
      vertex 13.7927 -46.2805 3.66788
      vertex 13.8454 -46.1435 3.9071
    endloop
  endfacet
  facet normal 0.976583 0 -0.215141
    outer loop
      vertex 13.7927 -46.2805 3.66788
      vertex 13.8454 -83 3.9071
      vertex 13.7927 -83 3.66788
    endloop
  endfacet
  facet normal 0.988651 0 -0.150233
    outer loop
      vertex 13.8834 0 4.15717
      vertex 13.8454 -27.8565 3.9071
      vertex 13.8454 0 3.9071
    endloop
  endfacet
  facet normal 0.988691 -2.43433e-06 -0.149968
    outer loop
      vertex 13.8834 0 4.15717
      vertex 13.8647 -27.9246 4.03434
      vertex 13.8454 -27.8565 3.9071
    endloop
  endfacet
  facet normal 0.988851 -7.20837e-06 -0.148907
    outer loop
      vertex 13.8834 0 4.15717
      vertex 13.8669 -27.9324 4.04895
      vertex 13.8647 -27.9246 4.03434
    endloop
  endfacet
  facet normal 0.988576 0 -0.150725
    outer loop
      vertex 13.8669 -27.9324 4.04895
      vertex 13.8834 0 4.15717
      vertex 13.8834 -27.9936 4.15717
    endloop
  endfacet
  facet normal 0.988576 0 -0.150725
    outer loop
      vertex 13.8834 -83 4.15717
      vertex 13.8669 -46.0676 4.04895
      vertex 13.8834 -46.0064 4.15717
    endloop
  endfacet
  facet normal 0.988851 5.45452e-06 -0.148906
    outer loop
      vertex 13.8834 -83 4.15717
      vertex 13.8647 -46.0754 4.03434
      vertex 13.8669 -46.0676 4.04895
    endloop
  endfacet
  facet normal 0.988691 1.84204e-06 -0.149967
    outer loop
      vertex 13.8834 -83 4.15717
      vertex 13.8454 -46.1435 3.9071
      vertex 13.8647 -46.0754 4.03434
    endloop
  endfacet
  facet normal 0.988651 0 -0.150233
    outer loop
      vertex 13.8454 -46.1435 3.9071
      vertex 13.8834 -83 4.15717
      vertex 13.8454 -83 3.9071
    endloop
  endfacet
  facet normal 0.707136 3.3134e-17 0.707077
    outer loop
      vertex 13.4072 0 4.63341
      vertex 13.6453 -27.9857 4.39529
      vertex 13.8834 0 4.15717
    endloop
  endfacet
  facet normal 0.707107 -5.05108e-07 0.707107
    outer loop
      vertex 13.4072 0 4.63341
      vertex 13.6434 -27.9858 4.39719
      vertex 13.6453 -27.9857 4.39529
    endloop
  endfacet
  facet normal 0.707137 0 0.707077
    outer loop
      vertex 13.6434 -27.9858 4.39719
      vertex 13.4072 0 4.63341
      vertex 13.4072 -27.9936 4.63341
    endloop
  endfacet
  facet normal 0.708959 -3.10621e-05 0.705249
    outer loop
      vertex 13.6472 -27.9858 4.39338
      vertex 13.8834 0 4.15717
      vertex 13.6453 -27.9857 4.39529
    endloop
  endfacet
  facet normal 0.707122 0 0.707092
    outer loop
      vertex 13.8834 0 4.15717
      vertex 13.6472 -27.9858 4.39338
      vertex 13.8834 -27.9936 4.15717
    endloop
  endfacet
  facet normal 0.707184 0.00305305 0.707023
    outer loop
      vertex 13.4072 -46.0064 4.63341
      vertex 13.6453 -46.0143 4.39529
      vertex 13.6434 -46.0142 4.39719
    endloop
  endfacet
  facet normal 0.707136 0 0.707077
    outer loop
      vertex 13.6453 -46.0143 4.39529
      vertex 13.4072 -46.0064 4.63341
      vertex 13.4072 -83 4.63341
    endloop
  endfacet
  facet normal 0.691735 0.1858 0.697841
    outer loop
      vertex 13.6453 -46.0143 4.39529
      vertex 13.8834 -46.0064 4.15717
      vertex 13.6472 -46.0142 4.39338
    endloop
  endfacet
  facet normal 0.707136 -2.56284e-17 0.707077
    outer loop
      vertex 13.8834 -83 4.15717
      vertex 13.6453 -46.0143 4.39529
      vertex 13.4072 -83 4.63341
    endloop
  endfacet
  facet normal 0.707136 0 0.707077
    outer loop
      vertex 13.6453 -46.0143 4.39529
      vertex 13.8834 -83 4.15717
      vertex 13.8834 -46.0064 4.15717
    endloop
  endfacet
  facet normal -0.150349 0 0.988633
    outer loop
      vertex 13.4072 0 4.63341
      vertex 13.2989 -27.9324 4.61694
      vertex 13.4072 -27.9936 4.63341
    endloop
  endfacet
  facet normal -0.150987 2.53267e-06 0.988536
    outer loop
      vertex 13.4072 0 4.63341
      vertex 13.2843 -27.9246 4.61471
      vertex 13.2989 -27.9324 4.61694
    endloop
  endfacet
  facet normal -0.150447 0 0.988618
    outer loop
      vertex 13.1571 -27.8565 4.59535
      vertex 13.4072 0 4.63341
      vertex 13.1571 0 4.59535
    endloop
  endfacet
  facet normal -0.150468 1.95481e-07 0.988615
    outer loop
      vertex 13.4072 0 4.63341
      vertex 13.1571 -27.8565 4.59535
      vertex 13.2843 -27.9246 4.61471
    endloop
  endfacet
  facet normal -0.150349 0 0.988633
    outer loop
      vertex 13.2989 -46.0676 4.61694
      vertex 13.4072 -83 4.63341
      vertex 13.4072 -46.0064 4.63341
    endloop
  endfacet
  facet normal -0.150988 -1.91646e-06 0.988536
    outer loop
      vertex 13.2843 -46.0754 4.61471
      vertex 13.4072 -83 4.63341
      vertex 13.2989 -46.0676 4.61694
    endloop
  endfacet
  facet normal -0.150468 -1.47919e-07 0.988615
    outer loop
      vertex 13.1571 -46.1435 4.59535
      vertex 13.4072 -83 4.63341
      vertex 13.2843 -46.0754 4.61471
    endloop
  endfacet
  facet normal -0.150447 0 0.988618
    outer loop
      vertex 13.4072 -83 4.63341
      vertex 13.1571 -46.1435 4.59535
      vertex 13.1571 -83 4.59535
    endloop
  endfacet
  facet normal -0.214807 0 0.976656
    outer loop
      vertex 12.9179 -27.7195 4.54274
      vertex 13.1571 0 4.59535
      vertex 12.9179 0 4.54274
    endloop
  endfacet
  facet normal -0.214807 0 0.976656
    outer loop
      vertex 13.1571 0 4.59535
      vertex 12.9179 -27.7195 4.54274
      vertex 13.1571 -27.8565 4.59535
    endloop
  endfacet
  facet normal -0.214807 0 0.976656
    outer loop
      vertex 12.9179 -46.2805 4.54274
      vertex 13.1571 -83 4.59535
      vertex 13.1571 -46.1435 4.59535
    endloop
  endfacet
  facet normal -0.214807 0 0.976656
    outer loop
      vertex 13.1571 -83 4.59535
      vertex 12.9179 -46.2805 4.54274
      vertex 12.9179 -83 4.54274
    endloop
  endfacet
  facet normal -0.281691 0 0.959505
    outer loop
      vertex 12.6905 -27.5802 4.47598
      vertex 12.9179 0 4.54274
      vertex 12.6905 0 4.47598
    endloop
  endfacet
  facet normal -0.281691 0 0.959505
    outer loop
      vertex 12.9179 0 4.54274
      vertex 12.6905 -27.5802 4.47598
      vertex 12.9179 -27.7195 4.54274
    endloop
  endfacet
  facet normal -0.281691 0 0.959505
    outer loop
      vertex 12.6905 -46.4198 4.47598
      vertex 12.9179 -83 4.54274
      vertex 12.9179 -46.2805 4.54274
    endloop
  endfacet
  facet normal -0.281691 0 0.959505
    outer loop
      vertex 12.9179 -83 4.54274
      vertex 12.6905 -46.4198 4.47598
      vertex 12.6905 -83 4.47598
    endloop
  endfacet
  facet normal -0.351123 0 0.936329
    outer loop
      vertex 12.6905 0 4.47598
      vertex 12.6821 -27.5747 4.47283
      vertex 12.6905 -27.5802 4.47598
    endloop
  endfacet
  facet normal -0.351956 0 0.936016
    outer loop
      vertex 12.4762 -27.4445 4.3954
      vertex 12.6905 0 4.47598
      vertex 12.4762 0 4.3954
    endloop
  endfacet
  facet normal -0.35199 3.01138e-07 0.936004
    outer loop
      vertex 12.6905 0 4.47598
      vertex 12.4762 -27.4445 4.3954
      vertex 12.6821 -27.5747 4.47283
    endloop
  endfacet
  facet normal -0.351123 0 0.936329
    outer loop
      vertex 12.6821 -46.4253 4.47283
      vertex 12.6905 -83 4.47598
      vertex 12.6905 -46.4198 4.47598
    endloop
  endfacet
  facet normal -0.35199 -2.27047e-07 0.936004
    outer loop
      vertex 12.4762 -46.5555 4.3954
      vertex 12.6905 -83 4.47598
      vertex 12.6821 -46.4253 4.47283
    endloop
  endfacet
  facet normal -0.351956 0 0.936016
    outer loop
      vertex 12.6905 -83 4.47598
      vertex 12.4762 -46.5555 4.3954
      vertex 12.4762 -83 4.3954
    endloop
  endfacet
  facet normal -0.425954 0 0.904745
    outer loop
      vertex 12.2762 -27.3072 4.30124
      vertex 12.4762 0 4.3954
      vertex 12.2762 0 4.30124
    endloop
  endfacet
  facet normal -0.425954 0 0.904745
    outer loop
      vertex 12.4762 0 4.3954
      vertex 12.2762 -27.3072 4.30124
      vertex 12.4762 -27.4445 4.3954
    endloop
  endfacet
  facet normal -0.425954 0 0.904745
    outer loop
      vertex 12.2762 -46.6928 4.30124
      vertex 12.4762 -83 4.3954
      vertex 12.4762 -46.5555 4.3954
    endloop
  endfacet
  facet normal -0.425954 0 0.904745
    outer loop
      vertex 12.4762 -83 4.3954
      vertex 12.2762 -46.6928 4.30124
      vertex 12.2762 -83 4.30124
    endloop
  endfacet
  facet normal -0.506813 0 0.862056
    outer loop
      vertex 12.2762 0 4.30124
      vertex 12.1943 -27.2454 4.25309
      vertex 12.2762 -27.3072 4.30124
    endloop
  endfacet
  facet normal -0.506706 0 0.862119
    outer loop
      vertex 12.0926 -27.1686 4.19333
      vertex 12.2762 0 4.30124
      vertex 12.0926 0 4.19333
    endloop
  endfacet
  facet normal -0.50662 -7.79543e-07 0.862169
    outer loop
      vertex 12.2762 0 4.30124
      vertex 12.0926 -27.1686 4.19333
      vertex 12.1943 -27.2454 4.25309
    endloop
  endfacet
  facet normal -0.506813 0 0.862056
    outer loop
      vertex 12.1943 -46.7546 4.25309
      vertex 12.2762 -83 4.30124
      vertex 12.2762 -46.6928 4.30124
    endloop
  endfacet
  facet normal -0.50662 5.86307e-07 0.862169
    outer loop
      vertex 12.0926 -46.8314 4.19333
      vertex 12.2762 -83 4.30124
      vertex 12.1943 -46.7546 4.25309
    endloop
  endfacet
  facet normal -0.506706 0 0.862119
    outer loop
      vertex 12.2762 -83 4.30124
      vertex 12.0926 -46.8314 4.19333
      vertex 12.0926 -83 4.19333
    endloop
  endfacet
  facet normal -0.59759 0 0.801802
    outer loop
      vertex 12.0926 0 4.19333
      vertex 12.0116 -27.1002 4.13296
      vertex 12.0926 -27.1686 4.19333
    endloop
  endfacet
  facet normal -0.5975 0 0.801869
    outer loop
      vertex 11.9282 -27.0313 4.07083
      vertex 12.0926 0 4.19333
      vertex 11.9282 0 4.07083
    endloop
  endfacet
  facet normal -0.597413 -8.23971e-07 0.801934
    outer loop
      vertex 12.0926 0 4.19333
      vertex 11.9282 -27.0313 4.07083
      vertex 12.0116 -27.1002 4.13296
    endloop
  endfacet
  facet normal -0.59759 0 0.801802
    outer loop
      vertex 12.0116 -46.8998 4.13296
      vertex 12.0926 -83 4.19333
      vertex 12.0926 -46.8314 4.19333
    endloop
  endfacet
  facet normal -0.597413 6.1893e-07 0.801934
    outer loop
      vertex 11.9282 -46.9687 4.07083
      vertex 12.0926 -83 4.19333
      vertex 12.0116 -46.8998 4.13296
    endloop
  endfacet
  facet normal -0.5975 0 0.801869
    outer loop
      vertex 12.0926 -83 4.19333
      vertex 11.9282 -46.9687 4.07083
      vertex 11.9282 -83 4.07083
    endloop
  endfacet
  facet normal -0.719552 0 0.694438
    outer loop
      vertex 11.7916 -18 3.92929
      vertex 11.9282 0 4.07083
      vertex 11.7916 0 3.92929
    endloop
  endfacet
  facet normal -0.719499 -8.29034e-07 0.694493
    outer loop
      vertex 11.9113 -18 4.0533
      vertex 11.9282 0 4.07083
      vertex 11.7916 -18 3.92929
    endloop
  endfacet
  facet normal -0.719925 0 0.694052
    outer loop
      vertex 11.9282 -27.0313 4.07083
      vertex 11.9113 -18 4.0533
      vertex 11.9113 -27.0143 4.0533
    endloop
  endfacet
  facet normal -0.719925 0 0.694052
    outer loop
      vertex 11.9113 -18 4.0533
      vertex 11.9282 -27.0313 4.07083
      vertex 11.9282 0 4.07083
    endloop
  endfacet
  facet normal -0.719499 0 0.694493
    outer loop
      vertex 11.7916 -58 3.92929
      vertex 11.7916 -83 3.92929
      vertex 11.9113 -58 4.0533
    endloop
  endfacet
  facet normal -0.719925 0 0.694052
    outer loop
      vertex 11.9113 -58 4.0533
      vertex 11.9282 -46.9687 4.07083
      vertex 11.9113 -46.9857 4.0533
    endloop
  endfacet
  facet normal -0.719925 0 0.694052
    outer loop
      vertex 11.9113 -58 4.0533
      vertex 11.9282 -83 4.07083
      vertex 11.9282 -46.9687 4.07083
    endloop
  endfacet
  facet normal -0.719552 5.23015e-07 0.694438
    outer loop
      vertex 11.9282 -83 4.07083
      vertex 11.9113 -58 4.0533
      vertex 11.7916 -83 3.92929
    endloop
  endfacet
  facet normal -0.839648 0 0.543131
    outer loop
      vertex 11.1057 -18 2.86893
      vertex 11.7916 0 3.92929
      vertex 11.1057 0 2.86893
    endloop
  endfacet
  facet normal -0.839648 0 0.543131
    outer loop
      vertex 11.7916 0 3.92929
      vertex 11.1057 -18 2.86893
      vertex 11.7916 -18 3.92929
    endloop
  endfacet
  facet normal -0.839648 0 0.543131
    outer loop
      vertex 11.1057 -83 2.86893
      vertex 11.7916 -58 3.92929
      vertex 11.1057 -58 2.86893
    endloop
  endfacet
  facet normal -0.839648 0 0.543131
    outer loop
      vertex 11.7916 -58 3.92929
      vertex 11.1057 -83 2.86893
      vertex 11.7916 -83 3.92929
    endloop
  endfacet
  facet normal 0.555674 0 0.8314
    outer loop
      vertex 10.9619 0 2.96504
      vertex 11.1057 -18 2.86893
      vertex 11.1057 0 2.86893
    endloop
  endfacet
  facet normal 0.555674 0 0.8314
    outer loop
      vertex 11.1057 -18 2.86893
      vertex 10.9619 0 2.96504
      vertex 10.9619 -18 2.96504
    endloop
  endfacet
  facet normal 0.555674 0 0.8314
    outer loop
      vertex 10.9619 -58 2.96504
      vertex 11.1057 -83 2.86893
      vertex 11.1057 -58 2.86893
    endloop
  endfacet
  facet normal 0.555674 0 0.8314
    outer loop
      vertex 11.1057 -83 2.86893
      vertex 10.9619 -58 2.96504
      vertex 10.9619 -83 2.96504
    endloop
  endfacet
  facet normal 0.442277 0 0.896879
    outer loop
      vertex 10.5602 0 3.16313
      vertex 10.9619 -18 2.96504
      vertex 10.9619 0 2.96504
    endloop
  endfacet
  facet normal 0.442277 0 0.896879
    outer loop
      vertex 10.9619 -18 2.96504
      vertex 10.5602 0 3.16313
      vertex 10.5602 -18 3.16313
    endloop
  endfacet
  facet normal 0.442277 0 0.896879
    outer loop
      vertex 10.5602 -58 3.16313
      vertex 10.9619 -83 2.96504
      vertex 10.9619 -58 2.96504
    endloop
  endfacet
  facet normal 0.442277 0 0.896879
    outer loop
      vertex 10.9619 -83 2.96504
      vertex 10.5602 -58 3.16313
      vertex 10.5602 -83 3.16313
    endloop
  endfacet
  facet normal 0.321414 0 0.946939
    outer loop
      vertex 10.1361 0 3.30708
      vertex 10.5602 -18 3.16313
      vertex 10.5602 0 3.16313
    endloop
  endfacet
  facet normal 0.321414 0 0.946939
    outer loop
      vertex 10.5602 -18 3.16313
      vertex 10.1361 0 3.30708
      vertex 10.1361 -18 3.30708
    endloop
  endfacet
  facet normal 0.321414 0 0.946939
    outer loop
      vertex 10.1361 -58 3.30708
      vertex 10.5602 -83 3.16313
      vertex 10.5602 -58 3.16313
    endloop
  endfacet
  facet normal 0.321414 0 0.946939
    outer loop
      vertex 10.5602 -83 3.16313
      vertex 10.1361 -58 3.30708
      vertex 10.1361 -83 3.30708
    endloop
  endfacet
  facet normal 0.195171 0 0.980769
    outer loop
      vertex 9.96645 0 3.34084
      vertex 10.1361 -18 3.30708
      vertex 10.1361 0 3.30708
    endloop
  endfacet
  facet normal 0.195171 0 0.980769
    outer loop
      vertex 10.1361 -18 3.30708
      vertex 9.96645 0 3.34084
      vertex 9.96645 -18 3.34084
    endloop
  endfacet
  facet normal 0.195171 0 0.980769
    outer loop
      vertex 9.96645 -58 3.34084
      vertex 10.1361 -83 3.30708
      vertex 10.1361 -58 3.30708
    endloop
  endfacet
  facet normal 0.195171 0 0.980769
    outer loop
      vertex 10.1361 -83 3.30708
      vertex 9.96645 -58 3.34084
      vertex 9.96645 -83 3.34084
    endloop
  endfacet
  facet normal 0.977777 0 -0.209646
    outer loop
      vertex 10.2312 -18 4.57562
      vertex 9.96645 0 3.34084
      vertex 10.2312 0 4.57562
    endloop
  endfacet
  facet normal 0.977777 0 -0.209646
    outer loop
      vertex 9.96645 0 3.34084
      vertex 10.2312 -18 4.57562
      vertex 9.96645 -18 3.34084
    endloop
  endfacet
  facet normal 0.977777 0 -0.209646
    outer loop
      vertex 10.2312 -83 4.57562
      vertex 9.96645 -58 3.34084
      vertex 10.2312 -58 4.57562
    endloop
  endfacet
  facet normal 0.977777 0 -0.209646
    outer loop
      vertex 9.96645 -58 3.34084
      vertex 10.2312 -83 4.57562
      vertex 9.96645 -83 3.34084
    endloop
  endfacet
  facet normal 0.999842 1.87171e-06 -0.0177935
    outer loop
      vertex 10.2347 0 4.77229
      vertex 10.2343 -18 4.74792
      vertex 10.2312 0 4.57562
    endloop
  endfacet
  facet normal 0.999865 0 -0.0164114
    outer loop
      vertex 10.2347 -27.0313 4.77229
      vertex 10.2343 -18 4.74792
      vertex 10.2347 0 4.77229
    endloop
  endfacet
  facet normal 0.999865 0 -0.0164114
    outer loop
      vertex 10.2343 -18 4.74792
      vertex 10.2347 -27.0313 4.77229
      vertex 10.2343 -27.0143 4.74792
    endloop
  endfacet
  facet normal 0.999838 0 -0.017989
    outer loop
      vertex 10.2312 0 4.57562
      vertex 10.2343 -18 4.74792
      vertex 10.2312 -18 4.57562
    endloop
  endfacet
  facet normal 0.999865 0 -0.0164114
    outer loop
      vertex 10.2347 -46.9687 4.77229
      vertex 10.2343 -58 4.74792
      vertex 10.2343 -46.9857 4.74792
    endloop
  endfacet
  facet normal 0.999865 0 -0.0164114
    outer loop
      vertex 10.2347 -83 4.77229
      vertex 10.2343 -58 4.74792
      vertex 10.2347 -46.9687 4.77229
    endloop
  endfacet
  facet normal 0.999838 -1.53823e-06 -0.017989
    outer loop
      vertex 10.2347 -83 4.77229
      vertex 10.2312 -58 4.57562
      vertex 10.2343 -58 4.74792
    endloop
  endfacet
  facet normal 0.999842 0 -0.0177935
    outer loop
      vertex 10.2312 -58 4.57562
      vertex 10.2347 -83 4.77229
      vertex 10.2312 -83 4.57562
    endloop
  endfacet
  facet normal 0.989521 0 0.144391
    outer loop
      vertex 10.2051 0 4.97514
      vertex 10.2347 -27.0313 4.77229
      vertex 10.2347 0 4.77229
    endloop
  endfacet
  facet normal 0.989535 7.79679e-07 0.14429
    outer loop
      vertex 10.2051 0 4.97514
      vertex 10.2197 -27.1002 4.87516
      vertex 10.2347 -27.0313 4.77229
    endloop
  endfacet
  facet normal 0.989505 0 0.144497
    outer loop
      vertex 10.2197 -27.1002 4.87516
      vertex 10.2051 0 4.97514
      vertex 10.2051 -27.1687 4.97514
    endloop
  endfacet
  facet normal 0.989505 -0 0.144497
    outer loop
      vertex 10.2051 -83 4.97514
      vertex 10.2197 -46.8998 4.87516
      vertex 10.2051 -46.8313 4.97514
    endloop
  endfacet
  facet normal 0.989536 -5.8566e-07 0.14429
    outer loop
      vertex 10.2051 -83 4.97514
      vertex 10.2347 -46.9687 4.77229
      vertex 10.2197 -46.8998 4.87516
    endloop
  endfacet
  facet normal 0.989521 0 0.144391
    outer loop
      vertex 10.2347 -46.9687 4.77229
      vertex 10.2051 -83 4.97514
      vertex 10.2347 -83 4.77229
    endloop
  endfacet
  facet normal 0.967939 0 0.251187
    outer loop
      vertex 10.1516 0 5.1813
      vertex 10.2051 -27.1687 4.97514
      vertex 10.2051 0 4.97514
    endloop
  endfacet
  facet normal 0.967939 0 0.251187
    outer loop
      vertex 10.2051 -27.1687 4.97514
      vertex 10.1516 0 5.1813
      vertex 10.1516 -27.3072 5.1813
    endloop
  endfacet
  facet normal 0.967939 -0 0.251187
    outer loop
      vertex 10.1516 -83 5.1813
      vertex 10.2051 -46.8313 4.97514
      vertex 10.1516 -46.6928 5.1813
    endloop
  endfacet
  facet normal 0.967939 0 0.251187
    outer loop
      vertex 10.2051 -46.8313 4.97514
      vertex 10.1516 -83 5.1813
      vertex 10.2051 -83 4.97514
    endloop
  endfacet
  facet normal 0.940987 0 0.338442
    outer loop
      vertex 10.0768 0 5.38927
      vertex 10.1516 -27.3072 5.1813
      vertex 10.1516 0 5.1813
    endloop
  endfacet
  facet normal 0.940987 0 0.338442
    outer loop
      vertex 10.1516 -27.3072 5.1813
      vertex 10.0768 0 5.38927
      vertex 10.0768 -27.4445 5.38927
    endloop
  endfacet
  facet normal 0.940987 -0 0.338442
    outer loop
      vertex 10.0768 -83 5.38927
      vertex 10.1516 -46.6928 5.1813
      vertex 10.0768 -46.5555 5.38927
    endloop
  endfacet
  facet normal 0.940987 0 0.338442
    outer loop
      vertex 10.1516 -46.6928 5.1813
      vertex 10.0768 -83 5.38927
      vertex 10.1516 -83 5.1813
    endloop
  endfacet
  facet normal 0.910664 0 0.413148
    outer loop
      vertex 9.98219 0 5.59781
      vertex 10.0768 -27.4445 5.38927
      vertex 10.0768 0 5.38927
    endloop
  endfacet
  facet normal 0.910619 -9.00623e-07 0.413246
    outer loop
      vertex 9.98219 0 5.59781
      vertex 10.0292 -27.5126 5.49416
      vertex 10.0768 -27.4445 5.38927
    endloop
  endfacet
  facet normal 0.910706 -3.34043e-08 0.413055
    outer loop
      vertex 9.98219 0 5.59781
      vertex 9.98589 -27.5747 5.58965
      vertex 10.0292 -27.5126 5.49416
    endloop
  endfacet
  facet normal 0.910748 0 0.412962
    outer loop
      vertex 9.98589 -27.5747 5.58965
      vertex 9.98219 0 5.59781
      vertex 9.98219 -27.5802 5.59781
    endloop
  endfacet
  facet normal 0.910748 -0 0.412962
    outer loop
      vertex 9.98219 -83 5.59781
      vertex 9.98589 -46.4253 5.58965
      vertex 9.98219 -46.4198 5.59781
    endloop
  endfacet
  facet normal 0.910706 2.51857e-08 0.413055
    outer loop
      vertex 9.98219 -83 5.59781
      vertex 10.0292 -46.4874 5.49416
      vertex 9.98589 -46.4253 5.58965
    endloop
  endfacet
  facet normal 0.910619 6.79037e-07 0.413247
    outer loop
      vertex 9.98219 -83 5.59781
      vertex 10.0768 -46.5555 5.38927
      vertex 10.0292 -46.4874 5.49416
    endloop
  endfacet
  facet normal 0.910664 0 0.413148
    outer loop
      vertex 10.0768 -46.5555 5.38927
      vertex 9.98219 -83 5.59781
      vertex 10.0768 -83 5.38927
    endloop
  endfacet
  facet normal 0.877681 0 0.479245
    outer loop
      vertex 9.86862 0 5.8058
      vertex 9.98219 -27.5802 5.59781
      vertex 9.98219 0 5.59781
    endloop
  endfacet
  facet normal 0.877687 9.94816e-08 0.479235
    outer loop
      vertex 9.86862 0 5.8058
      vertex 9.95063 -27.6189 5.65561
      vertex 9.98219 -27.5802 5.59781
    endloop
  endfacet
  facet normal 0.877679 0 0.479249
    outer loop
      vertex 9.95063 -27.6189 5.65561
      vertex 9.86862 0 5.8058
      vertex 9.86862 -27.7196 5.8058
    endloop
  endfacet
  facet normal 0.877679 -0 0.479249
    outer loop
      vertex 9.86862 -83 5.8058
      vertex 9.95063 -46.3811 5.65561
      vertex 9.86862 -46.2804 5.8058
    endloop
  endfacet
  facet normal 0.877687 -7.50985e-08 0.479235
    outer loop
      vertex 9.86862 -83 5.8058
      vertex 9.98219 -46.4198 5.59781
      vertex 9.95063 -46.3811 5.65561
    endloop
  endfacet
  facet normal 0.877681 0 0.479245
    outer loop
      vertex 9.98219 -46.4198 5.59781
      vertex 9.86862 -83 5.8058
      vertex 9.98219 -83 5.59781
    endloop
  endfacet
  facet normal 0.842476 0 0.538734
    outer loop
      vertex 9.73666 0 6.01216
      vertex 9.86862 -27.7196 5.8058
      vertex 9.86862 0 5.8058
    endloop
  endfacet
  facet normal 0.842476 0 0.538734
    outer loop
      vertex 9.86862 -27.7196 5.8058
      vertex 9.73666 0 6.01216
      vertex 9.73666 -27.8565 6.01216
    endloop
  endfacet
  facet normal 0.842476 -0 0.538734
    outer loop
      vertex 9.73666 -83 6.01216
      vertex 9.86862 -46.2804 5.8058
      vertex 9.73666 -46.1435 6.01216
    endloop
  endfacet
  facet normal 0.842476 0 0.538734
    outer loop
      vertex 9.86862 -46.2804 5.8058
      vertex 9.73666 -83 6.01216
      vertex 9.86862 -83 5.8058
    endloop
  endfacet
  facet normal 0.805451 0 0.592662
    outer loop
      vertex 9.58676 0 6.21588
      vertex 9.73666 -27.8565 6.01216
      vertex 9.73666 0 6.01216
    endloop
  endfacet
  facet normal 0.805453 3.29696e-08 0.592659
    outer loop
      vertex 9.58676 0 6.21588
      vertex 9.65163 -27.9324 6.12772
      vertex 9.73666 -27.8565 6.01216
    endloop
  endfacet
  facet normal 0.805651 1.33743e-06 0.592391
    outer loop
      vertex 9.58676 0 6.21588
      vertex 9.64438 -27.9392 6.13758
      vertex 9.65163 -27.9324 6.12772
    endloop
  endfacet
  facet normal 0.805423 0 0.592701
    outer loop
      vertex 9.64438 -27.9392 6.13758
      vertex 9.58676 0 6.21588
      vertex 9.58676 -27.9936 6.21588
    endloop
  endfacet
  facet normal -0.832539 -0.0967215 -0.545457
    outer loop
      vertex 9.58676 -46.0064 6.21588
      vertex 9.65163 -46.0676 6.12772
      vertex 9.64438 -46.0608 6.13758
    endloop
  endfacet
  facet normal 0.805448 -0 0.592666
    outer loop
      vertex 9.58676 -83 6.21588
      vertex 9.65163 -46.0676 6.12772
      vertex 9.58676 -46.0064 6.21588
    endloop
  endfacet
  facet normal 0.805453 -2.49478e-08 0.592659
    outer loop
      vertex 9.58676 -83 6.21588
      vertex 9.73666 -46.1435 6.01216
      vertex 9.65163 -46.0676 6.12772
    endloop
  endfacet
  facet normal 0.805451 0 0.592662
    outer loop
      vertex 9.73666 -46.1435 6.01216
      vertex 9.58676 -83 6.21588
      vertex 9.73666 -83 6.01216
    endloop
  endfacet
  facet normal 0 0 1
    outer loop
      vertex 9.58676 0 6.21588
      vertex 9.25 -27.9857 6.21588
      vertex 9.58676 -27.9936 6.21588
    endloop
  endfacet
  facet normal -0 0 1
    outer loop
      vertex 8.91324 0 6.21588
      vertex 9.25 -27.9857 6.21588
      vertex 9.58676 0 6.21588
    endloop
  endfacet
  facet normal 0 0 1
    outer loop
      vertex 9.25 -27.9857 6.21588
      vertex 8.91324 0 6.21588
      vertex 8.91324 -27.9936 6.21588
    endloop
  endfacet
  facet normal -0 0 1
    outer loop
      vertex 9.25 -46.0143 6.21588
      vertex 9.58676 -83 6.21588
      vertex 9.58676 -46.0064 6.21588
    endloop
  endfacet
  facet normal 0 0 1
    outer loop
      vertex 8.91324 -83 6.21588
      vertex 9.25 -46.0143 6.21588
      vertex 8.91324 -46.0064 6.21588
    endloop
  endfacet
  facet normal 0 0 1
    outer loop
      vertex 9.25 -46.0143 6.21588
      vertex 8.91324 -83 6.21588
      vertex 9.58676 -83 6.21588
    endloop
  endfacet
  facet normal -0.805451 0 0.592662
    outer loop
      vertex 8.76334 -27.8565 6.01216
      vertex 8.91324 0 6.21588
      vertex 8.76334 0 6.01216
    endloop
  endfacet
  facet normal -0.805453 3.29696e-08 0.592659
    outer loop
      vertex 8.84837 -27.9324 6.12772
      vertex 8.91324 0 6.21588
      vertex 8.76334 -27.8565 6.01216
    endloop
  endfacet
  facet normal -0.805651 1.33743e-06 0.592391
    outer loop
      vertex 8.85562 -27.9392 6.13758
      vertex 8.91324 0 6.21588
      vertex 8.84837 -27.9324 6.12772
    endloop
  endfacet
  facet normal -0.805423 0 0.592701
    outer loop
      vertex 8.91324 0 6.21588
      vertex 8.85562 -27.9392 6.13758
      vertex 8.91324 -27.9936 6.21588
    endloop
  endfacet
  facet normal 0.832539 -0.0967215 -0.545457
    outer loop
      vertex 8.84837 -46.0676 6.12772
      vertex 8.91324 -46.0064 6.21588
      vertex 8.85562 -46.0608 6.13758
    endloop
  endfacet
  facet normal -0.805451 0 0.592662
    outer loop
      vertex 8.91324 -83 6.21588
      vertex 8.76334 -46.1435 6.01216
      vertex 8.76334 -83 6.01216
    endloop
  endfacet
  facet normal -0.805453 -2.49478e-08 0.592659
    outer loop
      vertex 8.76334 -46.1435 6.01216
      vertex 8.91324 -83 6.21588
      vertex 8.84837 -46.0676 6.12772
    endloop
  endfacet
  facet normal -0.805448 0 0.592666
    outer loop
      vertex 8.84837 -46.0676 6.12772
      vertex 8.91324 -83 6.21588
      vertex 8.91324 -46.0064 6.21588
    endloop
  endfacet
  facet normal -0.842476 0 0.538734
    outer loop
      vertex 8.63138 -27.7196 5.8058
      vertex 8.76334 0 6.01216
      vertex 8.63138 0 5.8058
    endloop
  endfacet
  facet normal -0.842476 0 0.538734
    outer loop
      vertex 8.76334 0 6.01216
      vertex 8.63138 -27.7196 5.8058
      vertex 8.76334 -27.8565 6.01216
    endloop
  endfacet
  facet normal -0.842476 0 0.538734
    outer loop
      vertex 8.76334 -83 6.01216
      vertex 8.63138 -46.2804 5.8058
      vertex 8.63138 -83 5.8058
    endloop
  endfacet
  facet normal -0.842476 0 0.538734
    outer loop
      vertex 8.63138 -46.2804 5.8058
      vertex 8.76334 -83 6.01216
      vertex 8.76334 -46.1435 6.01216
    endloop
  endfacet
  facet normal -0.877681 0 0.479245
    outer loop
      vertex 8.51781 -27.5802 5.59781
      vertex 8.63138 0 5.8058
      vertex 8.51781 0 5.59781
    endloop
  endfacet
  facet normal -0.877687 9.94816e-08 0.479235
    outer loop
      vertex 8.54937 -27.6189 5.65561
      vertex 8.63138 0 5.8058
      vertex 8.51781 -27.5802 5.59781
    endloop
  endfacet
  facet normal -0.877679 0 0.479249
    outer loop
      vertex 8.63138 0 5.8058
      vertex 8.54937 -27.6189 5.65561
      vertex 8.63138 -27.7196 5.8058
    endloop
  endfacet
  facet normal -0.877681 0 0.479245
    outer loop
      vertex 8.63138 -83 5.8058
      vertex 8.51781 -46.4198 5.59781
      vertex 8.51781 -83 5.59781
    endloop
  endfacet
  facet normal -0.877687 -7.50985e-08 0.479235
    outer loop
      vertex 8.51781 -46.4198 5.59781
      vertex 8.63138 -83 5.8058
      vertex 8.54937 -46.3811 5.65561
    endloop
  endfacet
  facet normal -0.877679 0 0.479249
    outer loop
      vertex 8.54937 -46.3811 5.65561
      vertex 8.63138 -83 5.8058
      vertex 8.63138 -46.2804 5.8058
    endloop
  endfacet
  facet normal -0.910697 0 0.413076
    outer loop
      vertex 8.42322 -27.4445 5.38927
      vertex 8.51781 0 5.59781
      vertex 8.42322 0 5.38927
    endloop
  endfacet
  facet normal -0.910717 4.08411e-07 0.413031
    outer loop
      vertex 8.47079 -27.5126 5.49416
      vertex 8.51781 0 5.59781
      vertex 8.42322 -27.4445 5.38927
    endloop
  endfacet
  facet normal -0.91067 -6.16193e-08 0.413135
    outer loop
      vertex 8.51411 -27.5747 5.58965
      vertex 8.51781 0 5.59781
      vertex 8.47079 -27.5126 5.49416
    endloop
  endfacet
  facet normal -0.910748 0 0.412962
    outer loop
      vertex 8.51781 0 5.59781
      vertex 8.51411 -27.5747 5.58965
      vertex 8.51781 -27.5802 5.59781
    endloop
  endfacet
  facet normal -0.910697 0 0.413076
    outer loop
      vertex 8.51781 -83 5.59781
      vertex 8.42322 -46.5555 5.38927
      vertex 8.42322 -83 5.38927
    endloop
  endfacet
  facet normal -0.910717 -3.07927e-07 0.413031
    outer loop
      vertex 8.42322 -46.5555 5.38927
      vertex 8.51781 -83 5.59781
      vertex 8.47079 -46.4874 5.49416
    endloop
  endfacet
  facet normal -0.91067 4.64587e-08 0.413135
    outer loop
      vertex 8.47079 -46.4874 5.49416
      vertex 8.51781 -83 5.59781
      vertex 8.51411 -46.4253 5.58965
    endloop
  endfacet
  facet normal -0.910748 0 0.412962
    outer loop
      vertex 8.51411 -46.4253 5.58965
      vertex 8.51781 -83 5.59781
      vertex 8.51781 -46.4198 5.59781
    endloop
  endfacet
  facet normal -0.940987 0 0.338442
    outer loop
      vertex 8.34842 -27.3072 5.1813
      vertex 8.42322 0 5.38927
      vertex 8.34842 0 5.1813
    endloop
  endfacet
  facet normal -0.940987 0 0.338442
    outer loop
      vertex 8.42322 0 5.38927
      vertex 8.34842 -27.3072 5.1813
      vertex 8.42322 -27.4445 5.38927
    endloop
  endfacet
  facet normal -0.940987 0 0.338442
    outer loop
      vertex 8.42322 -83 5.38927
      vertex 8.34842 -46.6928 5.1813
      vertex 8.34842 -83 5.1813
    endloop
  endfacet
  facet normal -0.940987 0 0.338442
    outer loop
      vertex 8.34842 -46.6928 5.1813
      vertex 8.42322 -83 5.38927
      vertex 8.42322 -46.5555 5.38927
    endloop
  endfacet
  facet normal -0.96787 0 0.251451
    outer loop
      vertex 8.29486 -27.1687 4.97514
      vertex 8.34842 0 5.1813
      vertex 8.29486 0 4.97514
    endloop
  endfacet
  facet normal -0.96787 0 0.251451
    outer loop
      vertex 8.34842 0 5.1813
      vertex 8.29486 -27.1687 4.97514
      vertex 8.34842 -27.3072 5.1813
    endloop
  endfacet
  facet normal -0.96787 0 0.251451
    outer loop
      vertex 8.34842 -83 5.1813
      vertex 8.29486 -46.8313 4.97514
      vertex 8.29486 -83 4.97514
    endloop
  endfacet
  facet normal -0.96787 0 0.251451
    outer loop
      vertex 8.29486 -46.8313 4.97514
      vertex 8.34842 -83 5.1813
      vertex 8.34842 -46.6928 5.1813
    endloop
  endfacet
  facet normal -0.989521 0 0.144391
    outer loop
      vertex 8.26526 -27.0313 4.77229
      vertex 8.29486 0 4.97514
      vertex 8.26526 0 4.77229
    endloop
  endfacet
  facet normal -0.989522 6.14316e-08 0.144383
    outer loop
      vertex 8.28027 -27.1002 4.87516
      vertex 8.29486 0 4.97514
      vertex 8.26526 -27.0313 4.77229
    endloop
  endfacet
  facet normal -0.989519 0 0.1444
    outer loop
      vertex 8.29486 0 4.97514
      vertex 8.28027 -27.1002 4.87516
      vertex 8.29486 -27.1687 4.97514
    endloop
  endfacet
  facet normal -0.989521 0 0.144391
    outer loop
      vertex 8.29486 -83 4.97514
      vertex 8.26526 -46.9687 4.77229
      vertex 8.26526 -83 4.77229
    endloop
  endfacet
  facet normal -0.989522 -4.61447e-08 0.144383
    outer loop
      vertex 8.26526 -46.9687 4.77229
      vertex 8.29486 -83 4.97514
      vertex 8.28027 -46.8998 4.87516
    endloop
  endfacet
  facet normal -0.989519 0 0.1444
    outer loop
      vertex 8.28027 -46.8998 4.87516
      vertex 8.29486 -83 4.97514
      vertex 8.29486 -46.8313 4.97514
    endloop
  endfacet
  facet normal -0.999843 0 -0.0177427
    outer loop
      vertex 8.26875 -18 4.57562
      vertex 8.26526 0 4.77229
      vertex 8.26875 0 4.57562
    endloop
  endfacet
  facet normal -0.999842 1.55776e-07 -0.0177569
    outer loop
      vertex 8.26569 -18 4.74792
      vertex 8.26526 0 4.77229
      vertex 8.26875 -18 4.57562
    endloop
  endfacet
  facet normal -0.999844 0 -0.0176419
    outer loop
      vertex 8.26526 -27.0313 4.77229
      vertex 8.26569 -18 4.74792
      vertex 8.26569 -27.0143 4.74792
    endloop
  endfacet
  facet normal -0.999844 0 -0.0176419
    outer loop
      vertex 8.26569 -18 4.74792
      vertex 8.26526 -27.0313 4.77229
      vertex 8.26526 0 4.77229
    endloop
  endfacet
  facet normal -0.999842 -0 -0.0177569
    outer loop
      vertex 8.26875 -58 4.57562
      vertex 8.26875 -83 4.57562
      vertex 8.26569 -58 4.74792
    endloop
  endfacet
  facet normal -0.999844 0 -0.0176419
    outer loop
      vertex 8.26569 -58 4.74792
      vertex 8.26526 -46.9687 4.77229
      vertex 8.26569 -46.9857 4.74792
    endloop
  endfacet
  facet normal -0.999844 0 -0.0176419
    outer loop
      vertex 8.26569 -58 4.74792
      vertex 8.26526 -83 4.77229
      vertex 8.26526 -46.9687 4.77229
    endloop
  endfacet
  facet normal -0.999843 -9.82608e-08 -0.0177427
    outer loop
      vertex 8.26526 -83 4.77229
      vertex 8.26569 -58 4.74792
      vertex 8.26875 -83 4.57562
    endloop
  endfacet
  facet normal -0.977769 0 -0.209684
    outer loop
      vertex 8.53355 -18 3.34084
      vertex 8.26875 0 4.57562
      vertex 8.53355 0 3.34084
    endloop
  endfacet
  facet normal -0.977769 -0 -0.209684
    outer loop
      vertex 8.26875 0 4.57562
      vertex 8.53355 -18 3.34084
      vertex 8.26875 -18 4.57562
    endloop
  endfacet
  facet normal -0.977769 0 -0.209684
    outer loop
      vertex 8.53355 -83 3.34084
      vertex 8.26875 -58 4.57562
      vertex 8.53355 -58 3.34084
    endloop
  endfacet
  facet normal -0.977769 -0 -0.209684
    outer loop
      vertex 8.26875 -58 4.57562
      vertex 8.53355 -83 3.34084
      vertex 8.26875 -83 4.57562
    endloop
  endfacet
  facet normal -0.195149 0 0.980774
    outer loop
      vertex 8.36388 0 3.30708
      vertex 8.53355 -18 3.34084
      vertex 8.53355 0 3.34084
    endloop
  endfacet
  facet normal -0.195149 0 0.980774
    outer loop
      vertex 8.53355 -18 3.34084
      vertex 8.36388 0 3.30708
      vertex 8.36388 -18 3.30708
    endloop
  endfacet
  facet normal -0.195149 0 0.980774
    outer loop
      vertex 8.36388 -58 3.30708
      vertex 8.53355 -83 3.34084
      vertex 8.53355 -58 3.34084
    endloop
  endfacet
  facet normal -0.195149 0 0.980774
    outer loop
      vertex 8.53355 -83 3.34084
      vertex 8.36388 -58 3.30708
      vertex 8.36388 -83 3.30708
    endloop
  endfacet
  facet normal -0.321421 0 0.946936
    outer loop
      vertex 7.93979 0 3.16313
      vertex 8.36388 -18 3.30708
      vertex 8.36388 0 3.30708
    endloop
  endfacet
  facet normal -0.321421 0 0.946936
    outer loop
      vertex 8.36388 -18 3.30708
      vertex 7.93979 0 3.16313
      vertex 7.93979 -18 3.16313
    endloop
  endfacet
  facet normal -0.321421 0 0.946936
    outer loop
      vertex 7.93979 -58 3.16313
      vertex 8.36388 -83 3.30708
      vertex 8.36388 -58 3.30708
    endloop
  endfacet
  facet normal -0.321421 0 0.946936
    outer loop
      vertex 8.36388 -83 3.30708
      vertex 7.93979 -58 3.16313
      vertex 7.93979 -83 3.16313
    endloop
  endfacet
  facet normal -0.442312 0 0.896861
    outer loop
      vertex 7.53813 0 2.96504
      vertex 7.93979 -18 3.16313
      vertex 7.93979 0 3.16313
    endloop
  endfacet
  facet normal -0.442312 0 0.896861
    outer loop
      vertex 7.93979 -18 3.16313
      vertex 7.53813 0 2.96504
      vertex 7.53813 -18 2.96504
    endloop
  endfacet
  facet normal -0.442312 0 0.896861
    outer loop
      vertex 7.53813 -58 2.96504
      vertex 7.93979 -83 3.16313
      vertex 7.93979 -58 3.16313
    endloop
  endfacet
  facet normal -0.442312 0 0.896861
    outer loop
      vertex 7.93979 -83 3.16313
      vertex 7.53813 -58 2.96504
      vertex 7.53813 -83 2.96504
    endloop
  endfacet
  facet normal -0.555567 0 0.831472
    outer loop
      vertex 7.39429 0 2.86893
      vertex 7.53813 -18 2.96504
      vertex 7.53813 0 2.96504
    endloop
  endfacet
  facet normal -0.555567 0 0.831472
    outer loop
      vertex 7.53813 -18 2.96504
      vertex 7.39429 0 2.86893
      vertex 7.39429 -18 2.86893
    endloop
  endfacet
  facet normal -0.555567 0 0.831472
    outer loop
      vertex 7.39429 -58 2.86893
      vertex 7.53813 -83 2.96504
      vertex 7.53813 -58 2.96504
    endloop
  endfacet
  facet normal -0.555567 0 0.831472
    outer loop
      vertex 7.53813 -83 2.96504
      vertex 7.39429 -58 2.86893
      vertex 7.39429 -83 2.86893
    endloop
  endfacet
  facet normal 0.839652 -0 0.543126
    outer loop
      vertex 6.7084 -18 3.92929
      vertex 7.39429 0 2.86893
      vertex 6.7084 0 3.92929
    endloop
  endfacet
  facet normal 0.839652 0 0.543126
    outer loop
      vertex 7.39429 0 2.86893
      vertex 6.7084 -18 3.92929
      vertex 7.39429 -18 2.86893
    endloop
  endfacet
  facet normal 0.839652 -0 0.543126
    outer loop
      vertex 6.7084 -83 3.92929
      vertex 7.39429 -58 2.86893
      vertex 6.7084 -58 3.92929
    endloop
  endfacet
  facet normal 0.839652 0 0.543126
    outer loop
      vertex 7.39429 -58 2.86893
      vertex 6.7084 -83 3.92929
      vertex 7.39429 -83 2.86893
    endloop
  endfacet
  facet normal 0.719578 1.22607e-07 0.694412
    outer loop
      vertex 6.57181 0 4.07083
      vertex 6.58873 -18 4.0533
      vertex 6.7084 0 3.92929
    endloop
  endfacet
  facet normal 0.719515 -0 0.694477
    outer loop
      vertex 6.57181 -27.0313 4.07083
      vertex 6.58873 -18 4.0533
      vertex 6.57181 0 4.07083
    endloop
  endfacet
  facet normal 0.719515 0 0.694477
    outer loop
      vertex 6.58873 -18 4.0533
      vertex 6.57181 -27.0313 4.07083
      vertex 6.58873 -27.0143 4.0533
    endloop
  endfacet
  facet normal 0.719586 0 0.694403
    outer loop
      vertex 6.7084 0 3.92929
      vertex 6.58873 -18 4.0533
      vertex 6.7084 -18 3.92929
    endloop
  endfacet
  facet normal 0.719515 0 0.694477
    outer loop
      vertex 6.57181 -46.9687 4.07083
      vertex 6.58873 -58 4.0533
      vertex 6.58873 -46.9857 4.0533
    endloop
  endfacet
  facet normal 0.719515 -0 0.694477
    outer loop
      vertex 6.57181 -83 4.07083
      vertex 6.58873 -58 4.0533
      vertex 6.57181 -46.9687 4.07083
    endloop
  endfacet
  facet normal 0.719586 -1.00757e-07 0.694403
    outer loop
      vertex 6.57181 -83 4.07083
      vertex 6.7084 -58 3.92929
      vertex 6.58873 -58 4.0533
    endloop
  endfacet
  facet normal 0.719578 0 0.694412
    outer loop
      vertex 6.7084 -58 3.92929
      vertex 6.57181 -83 4.07083
      vertex 6.7084 -83 3.92929
    endloop
  endfacet
  facet normal 0.59757 0 0.801817
    outer loop
      vertex 6.40744 0 4.19333
      vertex 6.57181 -27.0313 4.07083
      vertex 6.57181 0 4.07083
    endloop
  endfacet
  facet normal 0.597596 2.50702e-07 0.801797
    outer loop
      vertex 6.57181 -27.0313 4.07083
      vertex 6.40744 0 4.19333
      vertex 6.48845 -27.1002 4.13296
    endloop
  endfacet
  facet normal 0.597542 0 0.801837
    outer loop
      vertex 6.48845 -27.1002 4.13296
      vertex 6.40744 0 4.19333
      vertex 6.40744 -27.1686 4.19333
    endloop
  endfacet
  facet normal 0.597596 -1.88316e-07 0.801797
    outer loop
      vertex 6.40744 -83 4.19333
      vertex 6.57181 -46.9687 4.07083
      vertex 6.48845 -46.8998 4.13296
    endloop
  endfacet
  facet normal 0.597542 -0 0.801837
    outer loop
      vertex 6.40744 -83 4.19333
      vertex 6.48845 -46.8998 4.13296
      vertex 6.40744 -46.8314 4.19333
    endloop
  endfacet
  facet normal 0.59757 0 0.801817
    outer loop
      vertex 6.57181 -46.9687 4.07083
      vertex 6.40744 -83 4.19333
      vertex 6.57181 -83 4.07083
    endloop
  endfacet
  facet normal 0.506604 0 0.862179
    outer loop
      vertex 6.22379 0 4.30124
      vertex 6.40744 -27.1686 4.19333
      vertex 6.40744 0 4.19333
    endloop
  endfacet
  facet normal 0.506546 -5.21854e-07 0.862213
    outer loop
      vertex 6.40744 -27.1686 4.19333
      vertex 6.22379 0 4.30124
      vertex 6.30572 -27.2454 4.25309
    endloop
  endfacet
  facet normal 0.506675 0 0.862137
    outer loop
      vertex 6.30572 -27.2454 4.25309
      vertex 6.22379 0 4.30124
      vertex 6.22379 -27.3072 4.30124
    endloop
  endfacet
  facet normal 0.506546 3.92495e-07 0.862213
    outer loop
      vertex 6.22379 -83 4.30124
      vertex 6.40744 -46.8314 4.19333
      vertex 6.30572 -46.7546 4.25309
    endloop
  endfacet
  facet normal 0.506675 -0 0.862137
    outer loop
      vertex 6.22379 -83 4.30124
      vertex 6.30572 -46.7546 4.25309
      vertex 6.22379 -46.6928 4.30124
    endloop
  endfacet
  facet normal 0.506604 0 0.862179
    outer loop
      vertex 6.40744 -46.8314 4.19333
      vertex 6.22379 -83 4.30124
      vertex 6.40744 -83 4.19333
    endloop
  endfacet
  facet normal 0.426059 0 0.904696
    outer loop
      vertex 6.02385 0 4.3954
      vertex 6.22379 -27.3072 4.30124
      vertex 6.22379 0 4.30124
    endloop
  endfacet
  facet normal 0.426059 0 0.904696
    outer loop
      vertex 6.22379 -27.3072 4.30124
      vertex 6.02385 0 4.3954
      vertex 6.02385 -27.4445 4.3954
    endloop
  endfacet
  facet normal 0.426059 -0 0.904696
    outer loop
      vertex 6.02385 -83 4.3954
      vertex 6.22379 -46.6928 4.30124
      vertex 6.02385 -46.5555 4.3954
    endloop
  endfacet
  facet normal 0.426059 0 0.904696
    outer loop
      vertex 6.22379 -46.6928 4.30124
      vertex 6.02385 -83 4.3954
      vertex 6.22379 -83 4.30124
    endloop
  endfacet
  facet normal 0.35187 0 0.936049
    outer loop
      vertex 5.80949 0 4.47598
      vertex 6.02385 -27.4445 4.3954
      vertex 6.02385 0 4.3954
    endloop
  endfacet
  facet normal 0.351885 1.37128e-07 0.936043
    outer loop
      vertex 6.02385 -27.4445 4.3954
      vertex 5.80949 0 4.47598
      vertex 5.81788 -27.5747 4.47283
    endloop
  endfacet
  facet normal 0.35149 0 0.936192
    outer loop
      vertex 5.81788 -27.5747 4.47283
      vertex 5.80949 0 4.47598
      vertex 5.80949 -27.5802 4.47598
    endloop
  endfacet
  facet normal 0.351885 -1.03389e-07 0.936043
    outer loop
      vertex 5.80949 -83 4.47598
      vertex 6.02385 -46.5555 4.3954
      vertex 5.81788 -46.4253 4.47283
    endloop
  endfacet
  facet normal 0.35149 -0 0.936192
    outer loop
      vertex 5.80949 -83 4.47598
      vertex 5.81788 -46.4253 4.47283
      vertex 5.80949 -46.4198 4.47598
    endloop
  endfacet
  facet normal 0.35187 0 0.936049
    outer loop
      vertex 6.02385 -46.5555 4.3954
      vertex 5.80949 -83 4.47598
      vertex 6.02385 -83 4.3954
    endloop
  endfacet
  facet normal 0.281725 0 0.959495
    outer loop
      vertex 5.58212 0 4.54274
      vertex 5.80949 -27.5802 4.47598
      vertex 5.80949 0 4.47598
    endloop
  endfacet
  facet normal 0.281725 0 0.959495
    outer loop
      vertex 5.80949 -27.5802 4.47598
      vertex 5.58212 0 4.54274
      vertex 5.58212 -27.7195 4.54274
    endloop
  endfacet
  facet normal 0.281725 -0 0.959495
    outer loop
      vertex 5.58212 -83 4.54274
      vertex 5.80949 -46.4198 4.47598
      vertex 5.58212 -46.2805 4.54274
    endloop
  endfacet
  facet normal 0.281725 0 0.959495
    outer loop
      vertex 5.80949 -46.4198 4.47598
      vertex 5.58212 -83 4.54274
      vertex 5.80949 -83 4.47598
    endloop
  endfacet
  facet normal 0.21479 0 0.97666
    outer loop
      vertex 5.3429 0 4.59535
      vertex 5.58212 -27.7195 4.54274
      vertex 5.58212 0 4.54274
    endloop
  endfacet
  facet normal 0.21479 0 0.97666
    outer loop
      vertex 5.58212 -27.7195 4.54274
      vertex 5.3429 0 4.59535
      vertex 5.3429 -27.8565 4.59535
    endloop
  endfacet
  facet normal 0.21479 -0 0.97666
    outer loop
      vertex 5.3429 -83 4.59535
      vertex 5.58212 -46.2805 4.54274
      vertex 5.3429 -46.1435 4.59535
    endloop
  endfacet
  facet normal 0.21479 0 0.97666
    outer loop
      vertex 5.58212 -46.2805 4.54274
      vertex 5.3429 -83 4.59535
      vertex 5.58212 -83 4.54274
    endloop
  endfacet
  facet normal 0.150465 0 0.988615
    outer loop
      vertex 5.09283 0 4.63341
      vertex 5.3429 -27.8565 4.59535
      vertex 5.3429 0 4.59535
    endloop
  endfacet
  facet normal 0.150422 -3.88399e-07 0.988622
    outer loop
      vertex 5.3429 -27.8565 4.59535
      vertex 5.09283 0 4.63341
      vertex 5.21566 -27.9246 4.61471
    endloop
  endfacet
  facet normal 0.150887 1.70159e-06 0.988551
    outer loop
      vertex 5.21566 -27.9246 4.61471
      vertex 5.09283 0 4.63341
      vertex 5.20105 -27.9324 4.61694
    endloop
  endfacet
  facet normal 0.150458 0 0.988616
    outer loop
      vertex 5.20105 -27.9324 4.61694
      vertex 5.09283 0 4.63341
      vertex 5.09283 -27.9936 4.63341
    endloop
  endfacet
  facet normal 0.150422 2.93899e-07 0.988622
    outer loop
      vertex 5.09283 -83 4.63341
      vertex 5.3429 -46.1435 4.59535
      vertex 5.21566 -46.0754 4.61471
    endloop
  endfacet
  facet normal 0.150887 -1.28758e-06 0.988551
    outer loop
      vertex 5.09283 -83 4.63341
      vertex 5.21566 -46.0754 4.61471
      vertex 5.20105 -46.0676 4.61694
    endloop
  endfacet
  facet normal 0.150458 -0 0.988616
    outer loop
      vertex 5.09283 -83 4.63341
      vertex 5.20105 -46.0676 4.61694
      vertex 5.09283 -46.0064 4.63341
    endloop
  endfacet
  facet normal 0.150465 0 0.988615
    outer loop
      vertex 5.3429 -46.1435 4.59535
      vertex 5.09283 -83 4.63341
      vertex 5.3429 -83 4.59535
    endloop
  endfacet
  facet normal -0.707107 2.28247e-17 0.707107
    outer loop
      vertex 4.61659 0 4.15717
      vertex 4.85471 -27.9857 4.39529
      vertex 5.09283 0 4.63341
    endloop
  endfacet
  facet normal -0.708959 -3.15685e-05 0.705249
    outer loop
      vertex 4.61659 0 4.15717
      vertex 4.85281 -27.9858 4.39338
      vertex 4.85471 -27.9857 4.39529
    endloop
  endfacet
  facet normal -0.707092 0 0.707122
    outer loop
      vertex 4.85281 -27.9858 4.39338
      vertex 4.61659 0 4.15717
      vertex 4.61659 -27.9936 4.15717
    endloop
  endfacet
  facet normal -0.705249 -3.15685e-05 0.708959
    outer loop
      vertex 4.85662 -27.9858 4.39719
      vertex 5.09283 0 4.63341
      vertex 4.85471 -27.9857 4.39529
    endloop
  endfacet
  facet normal -0.707122 0 0.707092
    outer loop
      vertex 5.09283 0 4.63341
      vertex 4.85662 -27.9858 4.39719
      vertex 5.09283 -27.9936 4.63341
    endloop
  endfacet
  facet normal -0.691266 0.188701 0.697526
    outer loop
      vertex 4.61659 -46.0064 4.15717
      vertex 4.85471 -46.0143 4.39529
      vertex 4.85281 -46.0142 4.39338
    endloop
  endfacet
  facet normal -0.707107 0 0.707107
    outer loop
      vertex 4.85471 -46.0143 4.39529
      vertex 4.61659 -46.0064 4.15717
      vertex 4.61659 -83 4.15717
    endloop
  endfacet
  facet normal -0.697526 0.188701 0.691266
    outer loop
      vertex 4.85471 -46.0143 4.39529
      vertex 5.09283 -46.0064 4.63341
      vertex 4.85662 -46.0142 4.39719
    endloop
  endfacet
  facet normal -0.707107 -1.72706e-17 0.707107
    outer loop
      vertex 5.09283 -83 4.63341
      vertex 4.85471 -46.0143 4.39529
      vertex 4.61659 -83 4.15717
    endloop
  endfacet
  facet normal -0.707107 0 0.707107
    outer loop
      vertex 4.85471 -46.0143 4.39529
      vertex 5.09283 -83 4.63341
      vertex 5.09283 -46.0064 4.63341
    endloop
  endfacet
  facet normal -0.988615 0 -0.150465
    outer loop
      vertex 4.65465 -27.8565 3.9071
      vertex 4.61659 0 4.15717
      vertex 4.65465 0 3.9071
    endloop
  endfacet
  facet normal -0.988622 -3.88399e-07 -0.150422
    outer loop
      vertex 4.63529 -27.9246 4.03434
      vertex 4.61659 0 4.15717
      vertex 4.65465 -27.8565 3.9071
    endloop
  endfacet
  facet normal -0.988551 1.70159e-06 -0.150887
    outer loop
      vertex 4.63306 -27.9324 4.04895
      vertex 4.61659 0 4.15717
      vertex 4.63529 -27.9246 4.03434
    endloop
  endfacet
  facet normal -0.988616 -0 -0.150458
    outer loop
      vertex 4.61659 0 4.15717
      vertex 4.63306 -27.9324 4.04895
      vertex 4.61659 -27.9936 4.15717
    endloop
  endfacet
  facet normal -0.988615 0 -0.150465
    outer loop
      vertex 4.61659 -83 4.15717
      vertex 4.65465 -46.1435 3.9071
      vertex 4.65465 -83 3.9071
    endloop
  endfacet
  facet normal -0.988622 2.93899e-07 -0.150422
    outer loop
      vertex 4.65465 -46.1435 3.9071
      vertex 4.61659 -83 4.15717
      vertex 4.63529 -46.0754 4.03434
    endloop
  endfacet
  facet normal -0.988551 -1.28758e-06 -0.150887
    outer loop
      vertex 4.63529 -46.0754 4.03434
      vertex 4.61659 -83 4.15717
      vertex 4.63306 -46.0676 4.04895
    endloop
  endfacet
  facet normal -0.988616 0 -0.150458
    outer loop
      vertex 4.63306 -46.0676 4.04895
      vertex 4.61659 -83 4.15717
      vertex 4.61659 -46.0064 4.15717
    endloop
  endfacet
  facet normal -0.97666 0 -0.21479
    outer loop
      vertex 4.70726 -27.7195 3.66788
      vertex 4.65465 0 3.9071
      vertex 4.70726 0 3.66788
    endloop
  endfacet
  facet normal -0.97666 -0 -0.21479
    outer loop
      vertex 4.65465 0 3.9071
      vertex 4.70726 -27.7195 3.66788
      vertex 4.65465 -27.8565 3.9071
    endloop
  endfacet
  facet normal -0.97666 0 -0.21479
    outer loop
      vertex 4.65465 -83 3.9071
      vertex 4.70726 -46.2805 3.66788
      vertex 4.70726 -83 3.66788
    endloop
  endfacet
  facet normal -0.97666 0 -0.21479
    outer loop
      vertex 4.70726 -46.2805 3.66788
      vertex 4.65465 -83 3.9071
      vertex 4.65465 -46.1435 3.9071
    endloop
  endfacet
  facet normal -0.959495 0 -0.281725
    outer loop
      vertex 4.77402 -27.5802 3.44051
      vertex 4.70726 0 3.66788
      vertex 4.77402 0 3.44051
    endloop
  endfacet
  facet normal -0.959495 -0 -0.281725
    outer loop
      vertex 4.70726 0 3.66788
      vertex 4.77402 -27.5802 3.44051
      vertex 4.70726 -27.7195 3.66788
    endloop
  endfacet
  facet normal -0.959495 0 -0.281725
    outer loop
      vertex 4.70726 -83 3.66788
      vertex 4.77402 -46.4198 3.44051
      vertex 4.77402 -83 3.44051
    endloop
  endfacet
  facet normal -0.959495 0 -0.281725
    outer loop
      vertex 4.77402 -46.4198 3.44051
      vertex 4.70726 -83 3.66788
      vertex 4.70726 -46.2805 3.66788
    endloop
  endfacet
  facet normal -0.936049 0 -0.35187
    outer loop
      vertex 4.8546 -27.4445 3.22615
      vertex 4.77402 0 3.44051
      vertex 4.8546 0 3.22615
    endloop
  endfacet
  facet normal -0.936043 1.37128e-07 -0.351885
    outer loop
      vertex 4.77717 -27.5747 3.43212
      vertex 4.77402 0 3.44051
      vertex 4.8546 -27.4445 3.22615
    endloop
  endfacet
  facet normal -0.936192 -0 -0.35149
    outer loop
      vertex 4.77402 0 3.44051
      vertex 4.77717 -27.5747 3.43212
      vertex 4.77402 -27.5802 3.44051
    endloop
  endfacet
  facet normal -0.936049 0 -0.35187
    outer loop
      vertex 4.77402 -83 3.44051
      vertex 4.8546 -46.5555 3.22615
      vertex 4.8546 -83 3.22615
    endloop
  endfacet
  facet normal -0.936043 -1.03389e-07 -0.351885
    outer loop
      vertex 4.8546 -46.5555 3.22615
      vertex 4.77402 -83 3.44051
      vertex 4.77717 -46.4253 3.43212
    endloop
  endfacet
  facet normal -0.936192 0 -0.35149
    outer loop
      vertex 4.77717 -46.4253 3.43212
      vertex 4.77402 -83 3.44051
      vertex 4.77402 -46.4198 3.44051
    endloop
  endfacet
  facet normal -0.904696 0 -0.426059
    outer loop
      vertex 4.94876 -27.3072 3.02621
      vertex 4.8546 0 3.22615
      vertex 4.94876 0 3.02621
    endloop
  endfacet
  facet normal -0.904696 -0 -0.426059
    outer loop
      vertex 4.8546 0 3.22615
      vertex 4.94876 -27.3072 3.02621
      vertex 4.8546 -27.4445 3.22615
    endloop
  endfacet
  facet normal -0.904696 0 -0.426059
    outer loop
      vertex 4.8546 -83 3.22615
      vertex 4.94876 -46.6928 3.02621
      vertex 4.94876 -83 3.02621
    endloop
  endfacet
  facet normal -0.904696 0 -0.426059
    outer loop
      vertex 4.94876 -46.6928 3.02621
      vertex 4.8546 -83 3.22615
      vertex 4.8546 -46.5555 3.22615
    endloop
  endfacet
  facet normal -0.862179 0 -0.506604
    outer loop
      vertex 5.05667 -27.1686 2.84256
      vertex 4.94876 0 3.02621
      vertex 5.05667 0 2.84256
    endloop
  endfacet
  facet normal -0.862213 -5.21854e-07 -0.506546
    outer loop
      vertex 4.99691 -27.2454 2.94428
      vertex 4.94876 0 3.02621
      vertex 5.05667 -27.1686 2.84256
    endloop
  endfacet
  facet normal -0.862137 -0 -0.506675
    outer loop
      vertex 4.94876 0 3.02621
      vertex 4.99691 -27.2454 2.94428
      vertex 4.94876 -27.3072 3.02621
    endloop
  endfacet
  facet normal -0.761823 0.216056 -0.610692
    outer loop
      vertex 5.05667 -46.8314 2.84256
      vertex 4.94876 -46.6928 3.02621
      vertex 4.99691 -46.7546 2.94428
    endloop
  endfacet
  facet normal -0.862179 0 -0.506604
    outer loop
      vertex 4.94876 -83 3.02621
      vertex 5.05667 -46.8314 2.84256
      vertex 5.05667 -83 2.84256
    endloop
  endfacet
  facet normal -0.862179 0 -0.506604
    outer loop
      vertex 5.05667 -46.8314 2.84256
      vertex 4.94876 -83 3.02621
      vertex 4.94876 -46.6928 3.02621
    endloop
  endfacet
  facet normal -0.801817 0 -0.59757
    outer loop
      vertex 5.17917 -27.0313 2.67819
      vertex 5.05667 0 2.84256
      vertex 5.17917 0 2.67819
    endloop
  endfacet
  facet normal -0.801797 2.50702e-07 -0.597596
    outer loop
      vertex 5.11704 -27.1002 2.76155
      vertex 5.05667 0 2.84256
      vertex 5.17917 -27.0313 2.67819
    endloop
  endfacet
  facet normal -0.801837 -0 -0.597542
    outer loop
      vertex 5.05667 0 2.84256
      vertex 5.11704 -27.1002 2.76155
      vertex 5.05667 -27.1686 2.84256
    endloop
  endfacet
  facet normal -0.801817 0 -0.59757
    outer loop
      vertex 5.05667 -83 2.84256
      vertex 5.17917 -46.9687 2.67819
      vertex 5.17917 -83 2.67819
    endloop
  endfacet
  facet normal -0.801797 -1.88316e-07 -0.597596
    outer loop
      vertex 5.17917 -46.9687 2.67819
      vertex 5.05667 -83 2.84256
      vertex 5.11704 -46.8998 2.76155
    endloop
  endfacet
  facet normal -0.801837 0 -0.597542
    outer loop
      vertex 5.11704 -46.8998 2.76155
      vertex 5.05667 -83 2.84256
      vertex 5.05667 -46.8314 2.84256
    endloop
  endfacet
  facet normal -0.694477 0 -0.719515
    outer loop
      vertex 5.1967 -27.0143 2.66127
      vertex 5.17917 -27.0313 2.67819
      vertex 5.1967 -18 2.66127
    endloop
  endfacet
  facet normal -0.694403 0 -0.719586
    outer loop
      vertex 5.1967 -18 2.66127
      vertex 5.32071 0 2.5416
      vertex 5.32071 -18 2.5416
    endloop
  endfacet
  facet normal -0.694412 1.22607e-07 -0.719578
    outer loop
      vertex 5.1967 -18 2.66127
      vertex 5.17917 0 2.67819
      vertex 5.32071 0 2.5416
    endloop
  endfacet
  facet normal -0.694477 -0 -0.719515
    outer loop
      vertex 5.17917 0 2.67819
      vertex 5.1967 -18 2.66127
      vertex 5.17917 -27.0313 2.67819
    endloop
  endfacet
  facet normal -0.694403 0 -0.719586
    outer loop
      vertex 5.32071 -83 2.5416
      vertex 5.1967 -58 2.66127
      vertex 5.32071 -58 2.5416
    endloop
  endfacet
  facet normal -0.694412 -8.82771e-08 -0.719578
    outer loop
      vertex 5.17917 -83 2.67819
      vertex 5.1967 -58 2.66127
      vertex 5.32071 -83 2.5416
    endloop
  endfacet
  facet normal -0.694477 -0 -0.719515
    outer loop
      vertex 5.17917 -46.9687 2.67819
      vertex 5.1967 -58 2.66127
      vertex 5.17917 -83 2.67819
    endloop
  endfacet
  facet normal -0.694477 0 -0.719515
    outer loop
      vertex 5.1967 -58 2.66127
      vertex 5.17917 -46.9687 2.67819
      vertex 5.1967 -46.9857 2.66127
    endloop
  endfacet
  facet normal -0.543126 0 -0.839652
    outer loop
      vertex 5.32071 -18 2.5416
      vertex 6.38107 0 1.85571
      vertex 6.38107 -18 1.85571
    endloop
  endfacet
  facet normal -0.543126 0 -0.839652
    outer loop
      vertex 6.38107 0 1.85571
      vertex 5.32071 -18 2.5416
      vertex 5.32071 0 2.5416
    endloop
  endfacet
  facet normal -0.543126 0 -0.839652
    outer loop
      vertex 5.32071 -83 2.5416
      vertex 6.38107 -58 1.85571
      vertex 6.38107 -83 1.85571
    endloop
  endfacet
  facet normal -0.543126 0 -0.839652
    outer loop
      vertex 6.38107 -58 1.85571
      vertex 5.32071 -83 2.5416
      vertex 5.32071 -58 2.5416
    endloop
  endfacet
  facet normal -0.831472 0 0.555567
    outer loop
      vertex 6.28496 -18 1.71187
      vertex 6.38107 0 1.85571
      vertex 6.28496 0 1.71187
    endloop
  endfacet
  facet normal -0.831472 0 0.555567
    outer loop
      vertex 6.38107 0 1.85571
      vertex 6.28496 -18 1.71187
      vertex 6.38107 -18 1.85571
    endloop
  endfacet
  facet normal -0.831472 0 0.555567
    outer loop
      vertex 6.28496 -83 1.71187
      vertex 6.38107 -58 1.85571
      vertex 6.28496 -58 1.71187
    endloop
  endfacet
  facet normal -0.831472 0 0.555567
    outer loop
      vertex 6.38107 -58 1.85571
      vertex 6.28496 -83 1.71187
      vertex 6.38107 -83 1.85571
    endloop
  endfacet
  facet normal -0.896861 0 0.442312
    outer loop
      vertex 6.08687 -18 1.31021
      vertex 6.28496 0 1.71187
      vertex 6.08687 0 1.31021
    endloop
  endfacet
  facet normal -0.896861 0 0.442312
    outer loop
      vertex 6.28496 0 1.71187
      vertex 6.08687 -18 1.31021
      vertex 6.28496 -18 1.71187
    endloop
  endfacet
  facet normal -0.896861 0 0.442312
    outer loop
      vertex 6.08687 -83 1.31021
      vertex 6.28496 -58 1.71187
      vertex 6.08687 -58 1.31021
    endloop
  endfacet
  facet normal -0.896861 0 0.442312
    outer loop
      vertex 6.28496 -58 1.71187
      vertex 6.08687 -83 1.31021
      vertex 6.28496 -83 1.71187
    endloop
  endfacet
  facet normal -0.946935 0 0.321424
    outer loop
      vertex 5.94292 -18 0.886124
      vertex 6.08687 0 1.31021
      vertex 5.94292 0 0.886124
    endloop
  endfacet
  facet normal -0.946935 0 0.321424
    outer loop
      vertex 6.08687 0 1.31021
      vertex 5.94292 -18 0.886124
      vertex 6.08687 -18 1.31021
    endloop
  endfacet
  facet normal -0.946935 0 0.321424
    outer loop
      vertex 5.94292 -83 0.886124
      vertex 6.08687 -58 1.31021
      vertex 5.94292 -58 0.886124
    endloop
  endfacet
  facet normal -0.946935 0 0.321424
    outer loop
      vertex 6.08687 -58 1.31021
      vertex 5.94292 -83 0.886124
      vertex 6.08687 -83 1.31021
    endloop
  endfacet
  facet normal -0.980775 0 0.19514
    outer loop
      vertex 5.90916 -18 0.716446
      vertex 5.94292 0 0.886124
      vertex 5.90916 0 0.716446
    endloop
  endfacet
  facet normal -0.980775 0 0.19514
    outer loop
      vertex 5.94292 0 0.886124
      vertex 5.90916 -18 0.716446
      vertex 5.94292 -18 0.886124
    endloop
  endfacet
  facet normal -0.980775 0 0.19514
    outer loop
      vertex 5.90916 -83 0.716446
      vertex 5.94292 -58 0.886124
      vertex 5.90916 -58 0.716446
    endloop
  endfacet
  facet normal -0.980775 0 0.19514
    outer loop
      vertex 5.94292 -58 0.886124
      vertex 5.90916 -83 0.716446
      vertex 5.94292 -83 0.886124
    endloop
  endfacet
  facet normal 0.209685 0 0.977769
    outer loop
      vertex 4.67438 0 0.981247
      vertex 5.90916 -18 0.716446
      vertex 5.90916 0 0.716446
    endloop
  endfacet
  facet normal 0.209685 0 0.977769
    outer loop
      vertex 5.90916 -18 0.716446
      vertex 4.67438 0 0.981247
      vertex 4.67438 -18 0.981247
    endloop
  endfacet
  facet normal 0.209685 0 0.977769
    outer loop
      vertex 4.67438 -58 0.981247
      vertex 5.90916 -83 0.716446
      vertex 5.90916 -58 0.716446
    endloop
  endfacet
  facet normal 0.209685 0 0.977769
    outer loop
      vertex 5.90916 -83 0.716446
      vertex 4.67438 -58 0.981247
      vertex 4.67438 -83 0.981247
    endloop
  endfacet
  facet normal 0.0177627 0 0.999842
    outer loop
      vertex 4.67438 0 0.981247
      vertex 4.50208 -18 0.984308
      vertex 4.67438 -18 0.981247
    endloop
  endfacet
  facet normal 0.017763 -2.63513e-09 0.999842
    outer loop
      vertex 4.47771 0 0.984741
      vertex 4.50208 -18 0.984308
      vertex 4.67438 0 0.981247
    endloop
  endfacet
  facet normal 0.0177649 -0 0.999842
    outer loop
      vertex 4.47771 -27.0313 0.984741
      vertex 4.50208 -18 0.984308
      vertex 4.47771 0 0.984741
    endloop
  endfacet
  facet normal 0.0177649 0 0.999842
    outer loop
      vertex 4.50208 -18 0.984308
      vertex 4.47771 -27.0313 0.984741
      vertex 4.50208 -27.0143 0.984308
    endloop
  endfacet
  facet normal 0.0177649 0 0.999842
    outer loop
      vertex 4.50208 -46.9857 0.984308
      vertex 4.47771 -46.9687 0.984741
      vertex 4.50208 -58 0.984308
    endloop
  endfacet
  facet normal 0.0177627 0 0.999842
    outer loop
      vertex 4.50208 -58 0.984308
      vertex 4.67438 -83 0.981247
      vertex 4.67438 -58 0.981247
    endloop
  endfacet
  facet normal 0.017763 1.8973e-09 0.999842
    outer loop
      vertex 4.50208 -58 0.984308
      vertex 4.47771 -83 0.984741
      vertex 4.67438 -83 0.981247
    endloop
  endfacet
  facet normal 0.0177649 -0 0.999842
    outer loop
      vertex 4.47771 -83 0.984741
      vertex 4.50208 -58 0.984308
      vertex 4.47771 -46.9687 0.984741
    endloop
  endfacet
  facet normal -0.144401 0 0.989519
    outer loop
      vertex 4.27486 0 0.955139
      vertex 4.47771 -27.0313 0.984741
      vertex 4.47771 0 0.984741
    endloop
  endfacet
  facet normal -0.144402 -9.36874e-09 0.989519
    outer loop
      vertex 4.47771 -27.0313 0.984741
      vertex 4.27486 0 0.955139
      vertex 4.37484 -27.1002 0.969729
    endloop
  endfacet
  facet normal -0.1444 0 0.989519
    outer loop
      vertex 4.37484 -27.1002 0.969729
      vertex 4.27486 0 0.955139
      vertex 4.27486 -27.1687 0.955139
    endloop
  endfacet
  facet normal -0.144402 7.03738e-09 0.989519
    outer loop
      vertex 4.27486 -83 0.955139
      vertex 4.47771 -46.9687 0.984741
      vertex 4.37484 -46.8998 0.969729
    endloop
  endfacet
  facet normal -0.1444 0 0.989519
    outer loop
      vertex 4.27486 -83 0.955139
      vertex 4.37484 -46.8998 0.969729
      vertex 4.27486 -46.8313 0.955139
    endloop
  endfacet
  facet normal -0.144401 0 0.989519
    outer loop
      vertex 4.47771 -46.9687 0.984741
      vertex 4.27486 -83 0.955139
      vertex 4.47771 -83 0.984741
    endloop
  endfacet
  facet normal -0.251442 0 0.967872
    outer loop
      vertex 4.0687 0 0.901581
      vertex 4.27486 -27.1687 0.955139
      vertex 4.27486 0 0.955139
    endloop
  endfacet
  facet normal -0.251442 0 0.967872
    outer loop
      vertex 4.27486 -27.1687 0.955139
      vertex 4.0687 0 0.901581
      vertex 4.0687 -27.3072 0.901581
    endloop
  endfacet
  facet normal -0.251442 0 0.967872
    outer loop
      vertex 4.0687 -83 0.901581
      vertex 4.27486 -46.8313 0.955139
      vertex 4.0687 -46.6928 0.901581
    endloop
  endfacet
  facet normal -0.251442 0 0.967872
    outer loop
      vertex 4.27486 -46.8313 0.955139
      vertex 4.0687 -83 0.901581
      vertex 4.27486 -83 0.955139
    endloop
  endfacet
  facet normal -0.338438 0 0.940989
    outer loop
      vertex 3.86073 0 0.826782
      vertex 4.0687 -27.3072 0.901581
      vertex 4.0687 0 0.901581
    endloop
  endfacet
  facet normal -0.338438 0 0.940989
    outer loop
      vertex 4.0687 -27.3072 0.901581
      vertex 3.86073 0 0.826782
      vertex 3.86073 -27.4445 0.826782
    endloop
  endfacet
  facet normal -0.338438 0 0.940989
    outer loop
      vertex 3.86073 -83 0.826782
      vertex 4.0687 -46.6928 0.901581
      vertex 3.86073 -46.5555 0.826782
    endloop
  endfacet
  facet normal -0.338438 0 0.940989
    outer loop
      vertex 4.0687 -46.6928 0.901581
      vertex 3.86073 -83 0.826782
      vertex 4.0687 -83 0.901581
    endloop
  endfacet
  facet normal -0.413072 0 0.910698
    outer loop
      vertex 3.65219 0 0.732193
      vertex 3.86073 -27.4445 0.826782
      vertex 3.86073 0 0.826782
    endloop
  endfacet
  facet normal -0.413081 -8.41702e-08 0.910694
    outer loop
      vertex 3.86073 -27.4445 0.826782
      vertex 3.65219 0 0.732193
      vertex 3.75584 -27.5126 0.779205
    endloop
  endfacet
  facet normal -0.413079 -7.48892e-08 0.910695
    outer loop
      vertex 3.75584 -27.5126 0.779205
      vertex 3.65219 0 0.732193
      vertex 3.66035 -27.5747 0.735892
    endloop
  endfacet
  facet normal -0.412869 0 0.91079
    outer loop
      vertex 3.66035 -27.5747 0.735892
      vertex 3.65219 0 0.732193
      vertex 3.65219 -27.5802 0.732193
    endloop
  endfacet
  facet normal -0.413081 6.34613e-08 0.910694
    outer loop
      vertex 3.65219 -83 0.732193
      vertex 3.86073 -46.5555 0.826782
      vertex 3.75584 -46.4874 0.779205
    endloop
  endfacet
  facet normal -0.413079 5.64637e-08 0.910695
    outer loop
      vertex 3.65219 -83 0.732193
      vertex 3.75584 -46.4874 0.779205
      vertex 3.66035 -46.4253 0.735892
    endloop
  endfacet
  facet normal -0.412869 0 0.91079
    outer loop
      vertex 3.65219 -83 0.732193
      vertex 3.66035 -46.4253 0.735892
      vertex 3.65219 -46.4198 0.732193
    endloop
  endfacet
  facet normal -0.413072 0 0.910698
    outer loop
      vertex 3.86073 -46.5555 0.826782
      vertex 3.65219 -83 0.732193
      vertex 3.86073 -83 0.826782
    endloop
  endfacet
  facet normal -0.479249 0 0.877679
    outer loop
      vertex 3.4442 0 0.618622
      vertex 3.65219 -27.5802 0.732193
      vertex 3.65219 0 0.732193
    endloop
  endfacet
  facet normal -0.479258 -9.67302e-08 0.877674
    outer loop
      vertex 3.65219 -27.5802 0.732193
      vertex 3.4442 0 0.618622
      vertex 3.59439 -27.6189 0.700631
    endloop
  endfacet
  facet normal -0.479245 0 0.877681
    outer loop
      vertex 3.59439 -27.6189 0.700631
      vertex 3.4442 0 0.618622
      vertex 3.4442 -27.7196 0.618622
    endloop
  endfacet
  facet normal -0.479258 7.30215e-08 0.877674
    outer loop
      vertex 3.4442 -83 0.618622
      vertex 3.65219 -46.4198 0.732193
      vertex 3.59439 -46.3811 0.700631
    endloop
  endfacet
  facet normal -0.479245 0 0.877681
    outer loop
      vertex 3.4442 -83 0.618622
      vertex 3.59439 -46.3811 0.700631
      vertex 3.4442 -46.2804 0.618622
    endloop
  endfacet
  facet normal -0.479249 0 0.877679
    outer loop
      vertex 3.65219 -46.4198 0.732193
      vertex 3.4442 -83 0.618622
      vertex 3.65219 -83 0.732193
    endloop
  endfacet
  facet normal -0.538728 0 0.84248
    outer loop
      vertex 3.23784 0 0.486664
      vertex 3.4442 -27.7196 0.618622
      vertex 3.4442 0 0.618622
    endloop
  endfacet
  facet normal -0.538728 0 0.84248
    outer loop
      vertex 3.4442 -27.7196 0.618622
      vertex 3.23784 0 0.486664
      vertex 3.23784 -27.8565 0.486664
    endloop
  endfacet
  facet normal -0.538728 0 0.84248
    outer loop
      vertex 3.23784 -83 0.486664
      vertex 3.4442 -46.2804 0.618622
      vertex 3.23784 -46.1435 0.486664
    endloop
  endfacet
  facet normal -0.538728 0 0.84248
    outer loop
      vertex 3.4442 -46.2804 0.618622
      vertex 3.23784 -83 0.486664
      vertex 3.4442 -83 0.618622
    endloop
  endfacet
  facet normal -0.59267 0 0.805446
    outer loop
      vertex 3.03412 0 0.336761
      vertex 3.23784 -27.8565 0.486664
      vertex 3.23784 0 0.486664
    endloop
  endfacet
  facet normal -0.592673 -3.28895e-08 0.805443
    outer loop
      vertex 3.23784 -27.8565 0.486664
      vertex 3.03412 0 0.336761
      vertex 3.12228 -27.9324 0.401631
    endloop
  endfacet
  facet normal -0.592603 3.08058e-07 0.805495
    outer loop
      vertex 3.12228 -27.9324 0.401631
      vertex 3.03412 0 0.336761
      vertex 3.11242 -27.9392 0.394377
    endloop
  endfacet
  facet normal -0.592674 0 0.805442
    outer loop
      vertex 3.11242 -27.9392 0.394377
      vertex 3.03412 0 0.336761
      vertex 3.03412 -27.9936 0.336761
    endloop
  endfacet
  facet normal -0.592673 2.48872e-08 0.805443
    outer loop
      vertex 3.03412 -83 0.336761
      vertex 3.23784 -46.1435 0.486664
      vertex 3.12228 -46.0676 0.401631
    endloop
  endfacet
  facet normal -0.592603 -2.33111e-07 0.805495
    outer loop
      vertex 3.03412 -83 0.336761
      vertex 3.12228 -46.0676 0.401631
      vertex 3.11242 -46.0608 0.394377
    endloop
  endfacet
  facet normal -0.592674 0 0.805442
    outer loop
      vertex 3.03412 -83 0.336761
      vertex 3.11242 -46.0608 0.394377
      vertex 3.03412 -46.0064 0.336761
    endloop
  endfacet
  facet normal -0.59267 0 0.805446
    outer loop
      vertex 3.23784 -46.1435 0.486664
      vertex 3.03412 -83 0.336761
      vertex 3.23784 -83 0.486664
    endloop
  endfacet
  facet normal -1 0 0
    outer loop
      vertex 3.03412 -27.9857 0
      vertex 3.03412 0 0.336761
      vertex 3.03412 0 0
    endloop
  endfacet
  facet normal -1 -0 0
    outer loop
      vertex 3.03412 0 0.336761
      vertex 3.03412 -27.9857 0
      vertex 3.03412 -27.9936 0.336761
    endloop
  endfacet
  facet normal -1 0 0
    outer loop
      vertex 3.03412 -83 0.336761
      vertex 3.03412 -46.0143 0
      vertex 3.03412 -83 0
    endloop
  endfacet
  facet normal -1 0 0
    outer loop
      vertex 3.03412 -46.0143 0
      vertex 3.03412 -83 0.336761
      vertex 3.03412 -46.0064 0.336761
    endloop
  endfacet
  facet normal -0.991432 0.130623 0
    outer loop
      vertex 10.2159 -4.25882 0
      vertex 10.25 -4 2.5
      vertex 10.25 -4 0
    endloop
  endfacet
  facet normal -0.991432 0.130623 0
    outer loop
      vertex 10.25 -4 2.5
      vertex 10.2159 -4.25882 0
      vertex 10.2159 -4.25882 2.5
    endloop
  endfacet
  facet normal 0.991447 -0.13051 0
    outer loop
      vertex 8.25 -4 2.5
      vertex 8.28407 -3.74118 0
      vertex 8.28407 -3.74118 2.5
    endloop
  endfacet
  facet normal 0.991447 -0.13051 0
    outer loop
      vertex 8.28407 -3.74118 0
      vertex 8.25 -4 2.5
      vertex 8.25 -4 0
    endloop
  endfacet
  facet normal 0.13051 0.991447 -0
    outer loop
      vertex 9.25 -5 0
      vertex 8.99118 -4.96593 2.5
      vertex 9.25 -5 2.5
    endloop
  endfacet
  facet normal 0.13051 0.991447 0
    outer loop
      vertex 8.99118 -4.96593 2.5
      vertex 9.25 -5 0
      vertex 8.99118 -4.96593 0
    endloop
  endfacet
  facet normal -0.382716 0.923866 0
    outer loop
      vertex 9.75 -4.86602 0
      vertex 9.50882 -4.96593 2.5
      vertex 9.75 -4.86602 2.5
    endloop
  endfacet
  facet normal -0.382716 0.923866 0
    outer loop
      vertex 9.50882 -4.96593 2.5
      vertex 9.75 -4.86602 0
      vertex 9.50882 -4.96593 0
    endloop
  endfacet
  facet normal 0.991447 0.13051 0
    outer loop
      vertex 8.28407 -4.25882 2.5
      vertex 8.25 -4 0
      vertex 8.25 -4 2.5
    endloop
  endfacet
  facet normal 0.991447 0.13051 0
    outer loop
      vertex 8.25 -4 0
      vertex 8.28407 -4.25882 2.5
      vertex 8.28407 -4.25882 0
    endloop
  endfacet
  facet normal -0.991432 -0.130623 0
    outer loop
      vertex 10.25 -4 0
      vertex 10.2159 -3.74118 2.5
      vertex 10.2159 -3.74118 0
    endloop
  endfacet
  facet normal -0.991432 -0.130623 0
    outer loop
      vertex 10.2159 -3.74118 2.5
      vertex 10.25 -4 0
      vertex 10.25 -4 2.5
    endloop
  endfacet
  facet normal 0.382683 -0.92388 0
    outer loop
      vertex 8.75 -3.13397 0
      vertex 8.99118 -3.03407 2.5
      vertex 8.75 -3.13397 2.5
    endloop
  endfacet
  facet normal 0.382683 -0.92388 0
    outer loop
      vertex 8.99118 -3.03407 2.5
      vertex 8.75 -3.13397 0
      vertex 8.99118 -3.03407 0
    endloop
  endfacet
  facet normal -0.92388 0.382683 0
    outer loop
      vertex 10.116 -4.5 0
      vertex 10.2159 -4.25882 2.5
      vertex 10.2159 -4.25882 0
    endloop
  endfacet
  facet normal -0.92388 0.382683 0
    outer loop
      vertex 10.2159 -4.25882 2.5
      vertex 10.116 -4.5 0
      vertex 10.116 -4.5 2.5
    endloop
  endfacet
  facet normal -0.608735 0.793374 0
    outer loop
      vertex 9.95711 -4.70711 0
      vertex 9.75 -4.86602 2.5
      vertex 9.95711 -4.70711 2.5
    endloop
  endfacet
  facet normal -0.608735 0.793374 0
    outer loop
      vertex 9.75 -4.86602 2.5
      vertex 9.95711 -4.70711 0
      vertex 9.75 -4.86602 0
    endloop
  endfacet
  facet normal -0.13051 0.991447 0
    outer loop
      vertex 9.50882 -4.96593 0
      vertex 9.25 -5 2.5
      vertex 9.50882 -4.96593 2.5
    endloop
  endfacet
  facet normal -0.13051 0.991447 0
    outer loop
      vertex 9.25 -5 2.5
      vertex 9.50882 -4.96593 0
      vertex 9.25 -5 0
    endloop
  endfacet
  facet normal 0.923866 0.382716 0
    outer loop
      vertex 8.38398 -4.5 2.5
      vertex 8.28407 -4.25882 0
      vertex 8.28407 -4.25882 2.5
    endloop
  endfacet
  facet normal 0.923866 0.382716 0
    outer loop
      vertex 8.28407 -4.25882 0
      vertex 8.38398 -4.5 2.5
      vertex 8.38398 -4.5 0
    endloop
  endfacet
  facet normal 0 0 -1
    outer loop
      vertex 10.2159 -4.25882 2.5
      vertex 10.2159 -3.74118 2.5
      vertex 10.25 -4 2.5
    endloop
  endfacet
  facet normal 0 0 -1
    outer loop
      vertex 10.116 -4.5 2.5
      vertex 10.2159 -3.74118 2.5
      vertex 10.2159 -4.25882 2.5
    endloop
  endfacet
  facet normal 0 0 -1
    outer loop
      vertex 10.116 -4.5 2.5
      vertex 10.116 -3.5 2.5
      vertex 10.2159 -3.74118 2.5
    endloop
  endfacet
  facet normal 0 0 -1
    outer loop
      vertex 9.95711 -4.70711 2.5
      vertex 10.116 -3.5 2.5
      vertex 10.116 -4.5 2.5
    endloop
  endfacet
  facet normal 0 0 -1
    outer loop
      vertex 9.95711 -4.70711 2.5
      vertex 9.95711 -3.29289 2.5
      vertex 10.116 -3.5 2.5
    endloop
  endfacet
  facet normal 0 0 -1
    outer loop
      vertex 9.75 -4.86602 2.5
      vertex 9.95711 -3.29289 2.5
      vertex 9.95711 -4.70711 2.5
    endloop
  endfacet
  facet normal 0 0 -1
    outer loop
      vertex 9.75 -4.86602 2.5
      vertex 9.75 -3.13397 2.5
      vertex 9.95711 -3.29289 2.5
    endloop
  endfacet
  facet normal 0 0 -1
    outer loop
      vertex 9.50882 -4.96593 2.5
      vertex 9.75 -3.13397 2.5
      vertex 9.75 -4.86602 2.5
    endloop
  endfacet
  facet normal 0 0 -1
    outer loop
      vertex 9.50882 -4.96593 2.5
      vertex 9.50882 -3.03407 2.5
      vertex 9.75 -3.13397 2.5
    endloop
  endfacet
  facet normal 0 0 -1
    outer loop
      vertex 9.25 -5 2.5
      vertex 9.50882 -3.03407 2.5
      vertex 9.50882 -4.96593 2.5
    endloop
  endfacet
  facet normal 0 0 -1
    outer loop
      vertex 9.25 -5 2.5
      vertex 9.25 -3 2.5
      vertex 9.50882 -3.03407 2.5
    endloop
  endfacet
  facet normal 0 0 -1
    outer loop
      vertex 8.99118 -4.96593 2.5
      vertex 9.25 -3 2.5
      vertex 9.25 -5 2.5
    endloop
  endfacet
  facet normal 0 0 -1
    outer loop
      vertex 8.99118 -4.96593 2.5
      vertex 8.99118 -3.03407 2.5
      vertex 9.25 -3 2.5
    endloop
  endfacet
  facet normal 0 0 -1
    outer loop
      vertex 8.75 -4.86602 2.5
      vertex 8.99118 -3.03407 2.5
      vertex 8.99118 -4.96593 2.5
    endloop
  endfacet
  facet normal 0 0 -1
    outer loop
      vertex 8.75 -4.86602 2.5
      vertex 8.75 -3.13397 2.5
      vertex 8.99118 -3.03407 2.5
    endloop
  endfacet
  facet normal 0 0 -1
    outer loop
      vertex 8.54289 -4.70711 2.5
      vertex 8.75 -3.13397 2.5
      vertex 8.75 -4.86602 2.5
    endloop
  endfacet
  facet normal 0 0 -1
    outer loop
      vertex 8.54289 -4.70711 2.5
      vertex 8.54289 -3.29289 2.5
      vertex 8.75 -3.13397 2.5
    endloop
  endfacet
  facet normal 0 0 -1
    outer loop
      vertex 8.38398 -4.5 2.5
      vertex 8.54289 -3.29289 2.5
      vertex 8.54289 -4.70711 2.5
    endloop
  endfacet
  facet normal 0 0 -1
    outer loop
      vertex 8.38398 -4.5 2.5
      vertex 8.38398 -3.5 2.5
      vertex 8.54289 -3.29289 2.5
    endloop
  endfacet
  facet normal 0 0 -1
    outer loop
      vertex 8.28407 -4.25882 2.5
      vertex 8.38398 -3.5 2.5
      vertex 8.38398 -4.5 2.5
    endloop
  endfacet
  facet normal 0 0 -1
    outer loop
      vertex 8.28407 -4.25882 2.5
      vertex 8.28407 -3.74118 2.5
      vertex 8.38398 -3.5 2.5
    endloop
  endfacet
  facet normal 0 -0 -1
    outer loop
      vertex 8.28407 -3.74118 2.5
      vertex 8.28407 -4.25882 2.5
      vertex 8.25 -4 2.5
    endloop
  endfacet
  facet normal 0.382716 0.923866 -0
    outer loop
      vertex 8.99118 -4.96593 0
      vertex 8.75 -4.86602 2.5
      vertex 8.99118 -4.96593 2.5
    endloop
  endfacet
  facet normal 0.382716 0.923866 0
    outer loop
      vertex 8.75 -4.86602 2.5
      vertex 8.99118 -4.96593 0
      vertex 8.75 -4.86602 0
    endloop
  endfacet
  facet normal -0.13051 -0.991447 0
    outer loop
      vertex 9.25 -3 0
      vertex 9.50882 -3.03407 2.5
      vertex 9.25 -3 2.5
    endloop
  endfacet
  facet normal -0.13051 -0.991447 -0
    outer loop
      vertex 9.50882 -3.03407 2.5
      vertex 9.25 -3 0
      vertex 9.50882 -3.03407 0
    endloop
  endfacet
  facet normal 0.608759 -0.793355 0
    outer loop
      vertex 8.54289 -3.29289 0
      vertex 8.75 -3.13397 2.5
      vertex 8.54289 -3.29289 2.5
    endloop
  endfacet
  facet normal 0.608759 -0.793355 0
    outer loop
      vertex 8.75 -3.13397 2.5
      vertex 8.54289 -3.29289 0
      vertex 8.75 -3.13397 0
    endloop
  endfacet
  facet normal -0.793411 0.608686 0
    outer loop
      vertex 9.95711 -4.70711 0
      vertex 10.116 -4.5 2.5
      vertex 10.116 -4.5 0
    endloop
  endfacet
  facet normal -0.793411 0.608686 0
    outer loop
      vertex 10.116 -4.5 2.5
      vertex 9.95711 -4.70711 0
      vertex 9.95711 -4.70711 2.5
    endloop
  endfacet
  facet normal 0.608735 0.793374 -0
    outer loop
      vertex 8.75 -4.86602 0
      vertex 8.54289 -4.70711 2.5
      vertex 8.75 -4.86602 2.5
    endloop
  endfacet
  facet normal 0.608735 0.793374 0
    outer loop
      vertex 8.54289 -4.70711 2.5
      vertex 8.75 -4.86602 0
      vertex 8.54289 -4.70711 0
    endloop
  endfacet
  facet normal 0.793374 0.608735 0
    outer loop
      vertex 8.54289 -4.70711 2.5
      vertex 8.38398 -4.5 0
      vertex 8.38398 -4.5 2.5
    endloop
  endfacet
  facet normal 0.793374 0.608735 0
    outer loop
      vertex 8.38398 -4.5 0
      vertex 8.54289 -4.70711 2.5
      vertex 8.54289 -4.70711 0
    endloop
  endfacet
  facet normal -0.793411 -0.608686 0
    outer loop
      vertex 10.116 -3.5 0
      vertex 9.95711 -3.29289 2.5
      vertex 9.95711 -3.29289 0
    endloop
  endfacet
  facet normal -0.793411 -0.608686 0
    outer loop
      vertex 9.95711 -3.29289 2.5
      vertex 10.116 -3.5 0
      vertex 10.116 -3.5 2.5
    endloop
  endfacet
  facet normal -0.92388 -0.382683 0
    outer loop
      vertex 10.2159 -3.74118 0
      vertex 10.116 -3.5 2.5
      vertex 10.116 -3.5 0
    endloop
  endfacet
  facet normal -0.92388 -0.382683 0
    outer loop
      vertex 10.116 -3.5 2.5
      vertex 10.2159 -3.74118 0
      vertex 10.2159 -3.74118 2.5
    endloop
  endfacet
  facet normal -0.382683 -0.92388 0
    outer loop
      vertex 9.50882 -3.03407 0
      vertex 9.75 -3.13397 2.5
      vertex 9.50882 -3.03407 2.5
    endloop
  endfacet
  facet normal -0.382683 -0.92388 -0
    outer loop
      vertex 9.75 -3.13397 2.5
      vertex 9.50882 -3.03407 0
      vertex 9.75 -3.13397 0
    endloop
  endfacet
  facet normal -0.608759 -0.793355 0
    outer loop
      vertex 9.75 -3.13397 0
      vertex 9.95711 -3.29289 2.5
      vertex 9.75 -3.13397 2.5
    endloop
  endfacet
  facet normal -0.608759 -0.793355 -0
    outer loop
      vertex 9.95711 -3.29289 2.5
      vertex 9.75 -3.13397 0
      vertex 9.95711 -3.29289 0
    endloop
  endfacet
  facet normal 0.13051 -0.991447 0
    outer loop
      vertex 8.99118 -3.03407 0
      vertex 9.25 -3 2.5
      vertex 8.99118 -3.03407 2.5
    endloop
  endfacet
  facet normal 0.13051 -0.991447 0
    outer loop
      vertex 9.25 -3 2.5
      vertex 8.99118 -3.03407 0
      vertex 9.25 -3 0
    endloop
  endfacet
  facet normal 0.923866 -0.382716 0
    outer loop
      vertex 8.28407 -3.74118 2.5
      vertex 8.38398 -3.5 0
      vertex 8.38398 -3.5 2.5
    endloop
  endfacet
  facet normal 0.923866 -0.382716 0
    outer loop
      vertex 8.38398 -3.5 0
      vertex 8.28407 -3.74118 2.5
      vertex 8.28407 -3.74118 0
    endloop
  endfacet
  facet normal 0.793374 -0.608735 0
    outer loop
      vertex 8.38398 -3.5 2.5
      vertex 8.54289 -3.29289 0
      vertex 8.54289 -3.29289 2.5
    endloop
  endfacet
  facet normal 0.793374 -0.608735 0
    outer loop
      vertex 8.54289 -3.29289 0
      vertex 8.38398 -3.5 2.5
      vertex 8.38398 -3.5 0
    endloop
  endfacet
  facet normal -0.991431 0.130633 0
    outer loop
      vertex 10.2159 -19.2588 0
      vertex 10.25 -19 2.5
      vertex 10.25 -19 0
    endloop
  endfacet
  facet normal -0.991431 0.130633 0
    outer loop
      vertex 10.25 -19 2.5
      vertex 10.2159 -19.2588 0
      vertex 10.2159 -19.2588 2.5
    endloop
  endfacet
  facet normal 0.991446 -0.13052 0
    outer loop
      vertex 8.25 -19 2.5
      vertex 8.28407 -18.7412 0
      vertex 8.28407 -18.7412 2.5
    endloop
  endfacet
  facet normal 0.991446 -0.13052 0
    outer loop
      vertex 8.28407 -18.7412 0
      vertex 8.25 -19 2.5
      vertex 8.25 -19 0
    endloop
  endfacet
  facet normal 0.130623 0.991432 -0
    outer loop
      vertex 9.25 -20 0
      vertex 8.99118 -19.9659 2.5
      vertex 9.25 -20 2.5
    endloop
  endfacet
  facet normal 0.130623 0.991432 0
    outer loop
      vertex 8.99118 -19.9659 2.5
      vertex 9.25 -20 0
      vertex 8.99118 -19.9659 0
    endloop
  endfacet
  facet normal -0.382683 0.92388 0
    outer loop
      vertex 9.75 -19.866 0
      vertex 9.50882 -19.9659 2.5
      vertex 9.75 -19.866 2.5
    endloop
  endfacet
  facet normal -0.382683 0.92388 0
    outer loop
      vertex 9.50882 -19.9659 2.5
      vertex 9.75 -19.866 0
      vertex 9.50882 -19.9659 0
    endloop
  endfacet
  facet normal 0.991446 0.13052 0
    outer loop
      vertex 8.28407 -19.2588 2.5
      vertex 8.25 -19 0
      vertex 8.25 -19 2.5
    endloop
  endfacet
  facet normal 0.991446 0.13052 0
    outer loop
      vertex 8.25 -19 0
      vertex 8.28407 -19.2588 2.5
      vertex 8.28407 -19.2588 0
    endloop
  endfacet
  facet normal -0.991431 -0.130633 0
    outer loop
      vertex 10.25 -19 0
      vertex 10.2159 -18.7412 2.5
      vertex 10.2159 -18.7412 0
    endloop
  endfacet
  facet normal -0.991431 -0.130633 0
    outer loop
      vertex 10.2159 -18.7412 2.5
      vertex 10.25 -19 0
      vertex 10.25 -19 2.5
    endloop
  endfacet
  facet normal 0.382683 -0.92388 0
    outer loop
      vertex 8.75 -18.134 0
      vertex 8.99118 -18.0341 2.5
      vertex 8.75 -18.134 2.5
    endloop
  endfacet
  facet normal 0.382683 -0.92388 0
    outer loop
      vertex 8.99118 -18.0341 2.5
      vertex 8.75 -18.134 0
      vertex 8.99118 -18.0341 0
    endloop
  endfacet
  facet normal -0.923891 0.382656 0
    outer loop
      vertex 10.116 -19.5 0
      vertex 10.2159 -19.2588 2.5
      vertex 10.2159 -19.2588 0
    endloop
  endfacet
  facet normal -0.923891 0.382656 0
    outer loop
      vertex 10.2159 -19.2588 2.5
      vertex 10.116 -19.5 0
      vertex 10.116 -19.5 2.5
    endloop
  endfacet
  facet normal -0.608711 0.793392 0
    outer loop
      vertex 9.95711 -19.7071 0
      vertex 9.75 -19.866 2.5
      vertex 9.95711 -19.7071 2.5
    endloop
  endfacet
  facet normal -0.608711 0.793392 0
    outer loop
      vertex 9.75 -19.866 2.5
      vertex 9.95711 -19.7071 0
      vertex 9.75 -19.866 0
    endloop
  endfacet
  facet normal -0.130623 0.991432 0
    outer loop
      vertex 9.50882 -19.9659 0
      vertex 9.25 -20 2.5
      vertex 9.50882 -19.9659 2.5
    endloop
  endfacet
  facet normal -0.130623 0.991432 0
    outer loop
      vertex 9.25 -20 2.5
      vertex 9.50882 -19.9659 0
      vertex 9.25 -20 0
    endloop
  endfacet
  facet normal 0.923877 0.382689 0
    outer loop
      vertex 8.38398 -19.5 2.5
      vertex 8.28407 -19.2588 0
      vertex 8.28407 -19.2588 2.5
    endloop
  endfacet
  facet normal 0.923877 0.382689 0
    outer loop
      vertex 8.28407 -19.2588 0
      vertex 8.38398 -19.5 2.5
      vertex 8.38398 -19.5 0
    endloop
  endfacet
  facet normal 0 0 -1
    outer loop
      vertex 10.2159 -19.2588 2.5
      vertex 10.2159 -18.7412 2.5
      vertex 10.25 -19 2.5
    endloop
  endfacet
  facet normal 0 0 -1
    outer loop
      vertex 10.116 -19.5 2.5
      vertex 10.2159 -18.7412 2.5
      vertex 10.2159 -19.2588 2.5
    endloop
  endfacet
  facet normal 0 0 -1
    outer loop
      vertex 10.116 -19.5 2.5
      vertex 10.116 -18.5 2.5
      vertex 10.2159 -18.7412 2.5
    endloop
  endfacet
  facet normal 0 0 -1
    outer loop
      vertex 9.95711 -19.7071 2.5
      vertex 10.116 -18.5 2.5
      vertex 10.116 -19.5 2.5
    endloop
  endfacet
  facet normal 0 0 -1
    outer loop
      vertex 9.95711 -19.7071 2.5
      vertex 9.95711 -18.2929 2.5
      vertex 10.116 -18.5 2.5
    endloop
  endfacet
  facet normal 0 0 -1
    outer loop
      vertex 9.75 -19.866 2.5
      vertex 9.95711 -18.2929 2.5
      vertex 9.95711 -19.7071 2.5
    endloop
  endfacet
  facet normal 0 0 -1
    outer loop
      vertex 9.75 -19.866 2.5
      vertex 9.75 -18.134 2.5
      vertex 9.95711 -18.2929 2.5
    endloop
  endfacet
  facet normal 0 0 -1
    outer loop
      vertex 9.50882 -19.9659 2.5
      vertex 9.75 -18.134 2.5
      vertex 9.75 -19.866 2.5
    endloop
  endfacet
  facet normal 0 0 -1
    outer loop
      vertex 9.50882 -19.9659 2.5
      vertex 9.50882 -18.0341 2.5
      vertex 9.75 -18.134 2.5
    endloop
  endfacet
  facet normal 0 0 -1
    outer loop
      vertex 9.25 -20 2.5
      vertex 9.50882 -18.0341 2.5
      vertex 9.50882 -19.9659 2.5
    endloop
  endfacet
  facet normal 0 0 -1
    outer loop
      vertex 9.25 -20 2.5
      vertex 9.25 -18 2.5
      vertex 9.50882 -18.0341 2.5
    endloop
  endfacet
  facet normal 0 0 -1
    outer loop
      vertex 8.99118 -19.9659 2.5
      vertex 9.25 -18 2.5
      vertex 9.25 -20 2.5
    endloop
  endfacet
  facet normal 0 0 -1
    outer loop
      vertex 8.99118 -19.9659 2.5
      vertex 8.99118 -18.0341 2.5
      vertex 9.25 -18 2.5
    endloop
  endfacet
  facet normal 0 0 -1
    outer loop
      vertex 8.75 -19.866 2.5
      vertex 8.99118 -18.0341 2.5
      vertex 8.99118 -19.9659 2.5
    endloop
  endfacet
  facet normal 0 0 -1
    outer loop
      vertex 8.75 -19.866 2.5
      vertex 8.75 -18.134 2.5
      vertex 8.99118 -18.0341 2.5
    endloop
  endfacet
  facet normal 0 0 -1
    outer loop
      vertex 8.54289 -19.7071 2.5
      vertex 8.75 -18.134 2.5
      vertex 8.75 -19.866 2.5
    endloop
  endfacet
  facet normal 0 0 -1
    outer loop
      vertex 8.54289 -19.7071 2.5
      vertex 8.54289 -18.2929 2.5
      vertex 8.75 -18.134 2.5
    endloop
  endfacet
  facet normal 0 0 -1
    outer loop
      vertex 8.38398 -19.5 2.5
      vertex 8.54289 -18.2929 2.5
      vertex 8.54289 -19.7071 2.5
    endloop
  endfacet
  facet normal 0 0 -1
    outer loop
      vertex 8.38398 -19.5 2.5
      vertex 8.38398 -18.5 2.5
      vertex 8.54289 -18.2929 2.5
    endloop
  endfacet
  facet normal 0 0 -1
    outer loop
      vertex 8.28407 -19.2588 2.5
      vertex 8.38398 -18.5 2.5
      vertex 8.38398 -19.5 2.5
    endloop
  endfacet
  facet normal 0 0 -1
    outer loop
      vertex 8.28407 -19.2588 2.5
      vertex 8.28407 -18.7412 2.5
      vertex 8.38398 -18.5 2.5
    endloop
  endfacet
  facet normal 0 -0 -1
    outer loop
      vertex 8.28407 -18.7412 2.5
      vertex 8.28407 -19.2588 2.5
      vertex 8.25 -19 2.5
    endloop
  endfacet
  facet normal 0.382683 0.92388 -0
    outer loop
      vertex 8.99118 -19.9659 0
      vertex 8.75 -19.866 2.5
      vertex 8.99118 -19.9659 2.5
    endloop
  endfacet
  facet normal 0.382683 0.92388 0
    outer loop
      vertex 8.75 -19.866 2.5
      vertex 8.99118 -19.9659 0
      vertex 8.75 -19.866 0
    endloop
  endfacet
  facet normal -0.130623 -0.991432 0
    outer loop
      vertex 9.25 -18 0
      vertex 9.50882 -18.0341 2.5
      vertex 9.25 -18 2.5
    endloop
  endfacet
  facet normal -0.130623 -0.991432 -0
    outer loop
      vertex 9.50882 -18.0341 2.5
      vertex 9.25 -18 0
      vertex 9.50882 -18.0341 0
    endloop
  endfacet
  facet normal 0.608711 -0.793392 0
    outer loop
      vertex 8.54289 -18.2929 0
      vertex 8.75 -18.134 2.5
      vertex 8.54289 -18.2929 2.5
    endloop
  endfacet
  facet normal 0.608711 -0.793392 0
    outer loop
      vertex 8.75 -18.134 2.5
      vertex 8.54289 -18.2929 0
      vertex 8.75 -18.134 0
    endloop
  endfacet
  facet normal -0.793397 0.608705 0
    outer loop
      vertex 9.95711 -19.7071 0
      vertex 10.116 -19.5 2.5
      vertex 10.116 -19.5 0
    endloop
  endfacet
  facet normal -0.793397 0.608705 0
    outer loop
      vertex 10.116 -19.5 2.5
      vertex 9.95711 -19.7071 0
      vertex 9.95711 -19.7071 2.5
    endloop
  endfacet
  facet normal 0.608711 0.793392 -0
    outer loop
      vertex 8.75 -19.866 0
      vertex 8.54289 -19.7071 2.5
      vertex 8.75 -19.866 2.5
    endloop
  endfacet
  facet normal 0.608711 0.793392 0
    outer loop
      vertex 8.54289 -19.7071 2.5
      vertex 8.75 -19.866 0
      vertex 8.54289 -19.7071 0
    endloop
  endfacet
  facet normal 0.79336 0.608753 0
    outer loop
      vertex 8.54289 -19.7071 2.5
      vertex 8.38398 -19.5 0
      vertex 8.38398 -19.5 2.5
    endloop
  endfacet
  facet normal 0.79336 0.608753 0
    outer loop
      vertex 8.38398 -19.5 0
      vertex 8.54289 -19.7071 2.5
      vertex 8.54289 -19.7071 0
    endloop
  endfacet
  facet normal -0.793397 -0.608705 0
    outer loop
      vertex 10.116 -18.5 0
      vertex 9.95711 -18.2929 2.5
      vertex 9.95711 -18.2929 0
    endloop
  endfacet
  facet normal -0.793397 -0.608705 0
    outer loop
      vertex 9.95711 -18.2929 2.5
      vertex 10.116 -18.5 0
      vertex 10.116 -18.5 2.5
    endloop
  endfacet
  facet normal -0.923891 -0.382656 0
    outer loop
      vertex 10.2159 -18.7412 0
      vertex 10.116 -18.5 2.5
      vertex 10.116 -18.5 0
    endloop
  endfacet
  facet normal -0.923891 -0.382656 0
    outer loop
      vertex 10.116 -18.5 2.5
      vertex 10.2159 -18.7412 0
      vertex 10.2159 -18.7412 2.5
    endloop
  endfacet
  facet normal -0.382683 -0.92388 0
    outer loop
      vertex 9.50882 -18.0341 0
      vertex 9.75 -18.134 2.5
      vertex 9.50882 -18.0341 2.5
    endloop
  endfacet
  facet normal -0.382683 -0.92388 -0
    outer loop
      vertex 9.75 -18.134 2.5
      vertex 9.50882 -18.0341 0
      vertex 9.75 -18.134 0
    endloop
  endfacet
  facet normal -0.608711 -0.793392 0
    outer loop
      vertex 9.75 -18.134 0
      vertex 9.95711 -18.2929 2.5
      vertex 9.75 -18.134 2.5
    endloop
  endfacet
  facet normal -0.608711 -0.793392 -0
    outer loop
      vertex 9.95711 -18.2929 2.5
      vertex 9.75 -18.134 0
      vertex 9.95711 -18.2929 0
    endloop
  endfacet
  facet normal 0.130623 -0.991432 0
    outer loop
      vertex 8.99118 -18.0341 0
      vertex 9.25 -18 2.5
      vertex 8.99118 -18.0341 2.5
    endloop
  endfacet
  facet normal 0.130623 -0.991432 0
    outer loop
      vertex 9.25 -18 2.5
      vertex 8.99118 -18.0341 0
      vertex 9.25 -18 0
    endloop
  endfacet
  facet normal 0.923877 -0.382689 0
    outer loop
      vertex 8.28407 -18.7412 2.5
      vertex 8.38398 -18.5 0
      vertex 8.38398 -18.5 2.5
    endloop
  endfacet
  facet normal 0.923877 -0.382689 0
    outer loop
      vertex 8.38398 -18.5 0
      vertex 8.28407 -18.7412 2.5
      vertex 8.28407 -18.7412 0
    endloop
  endfacet
  facet normal 0.79336 -0.608753 0
    outer loop
      vertex 8.38398 -18.5 2.5
      vertex 8.54289 -18.2929 0
      vertex 8.54289 -18.2929 2.5
    endloop
  endfacet
  facet normal 0.79336 -0.608753 0
    outer loop
      vertex 8.54289 -18.2929 0
      vertex 8.38398 -18.5 2.5
      vertex 8.38398 -18.5 0
    endloop
  endfacet
  facet normal -0.991431 0.130633 0
    outer loop
      vertex 10.2159 -34.2588 0
      vertex 10.25 -34 2.5
      vertex 10.25 -34 0
    endloop
  endfacet
  facet normal -0.991431 0.130633 0
    outer loop
      vertex 10.25 -34 2.5
      vertex 10.2159 -34.2588 0
      vertex 10.2159 -34.2588 2.5
    endloop
  endfacet
  facet normal 0.991446 -0.13052 0
    outer loop
      vertex 8.25 -34 2.5
      vertex 8.28407 -33.7412 0
      vertex 8.28407 -33.7412 2.5
    endloop
  endfacet
  facet normal 0.991446 -0.13052 0
    outer loop
      vertex 8.28407 -33.7412 0
      vertex 8.25 -34 2.5
      vertex 8.25 -34 0
    endloop
  endfacet
  facet normal 0.130623 -0.991432 0
    outer loop
      vertex 8.99118 -33.0341 0
      vertex 9.25 -33 2.5
      vertex 8.99118 -33.0341 2.5
    endloop
  endfacet
  facet normal 0.130623 -0.991432 0
    outer loop
      vertex 9.25 -33 2.5
      vertex 8.99118 -33.0341 0
      vertex 9.25 -33 0
    endloop
  endfacet
  facet normal 0.130623 0.991432 -0
    outer loop
      vertex 9.25 -35 0
      vertex 8.99118 -34.9659 2.5
      vertex 9.25 -35 2.5
    endloop
  endfacet
  facet normal 0.130623 0.991432 0
    outer loop
      vertex 8.99118 -34.9659 2.5
      vertex 9.25 -35 0
      vertex 8.99118 -34.9659 0
    endloop
  endfacet
  facet normal -0.382683 0.92388 0
    outer loop
      vertex 9.75 -34.866 0
      vertex 9.50882 -34.9659 2.5
      vertex 9.75 -34.866 2.5
    endloop
  endfacet
  facet normal -0.382683 0.92388 0
    outer loop
      vertex 9.50882 -34.9659 2.5
      vertex 9.75 -34.866 0
      vertex 9.50882 -34.9659 0
    endloop
  endfacet
  facet normal 0 0 -1
    outer loop
      vertex 10.2159 -34.2588 2.5
      vertex 10.2159 -33.7412 2.5
      vertex 10.25 -34 2.5
    endloop
  endfacet
  facet normal 0 0 -1
    outer loop
      vertex 10.116 -34.5 2.5
      vertex 10.2159 -33.7412 2.5
      vertex 10.2159 -34.2588 2.5
    endloop
  endfacet
  facet normal 0 0 -1
    outer loop
      vertex 10.116 -34.5 2.5
      vertex 10.116 -33.5 2.5
      vertex 10.2159 -33.7412 2.5
    endloop
  endfacet
  facet normal 0 0 -1
    outer loop
      vertex 9.95711 -34.7071 2.5
      vertex 10.116 -33.5 2.5
      vertex 10.116 -34.5 2.5
    endloop
  endfacet
  facet normal 0 0 -1
    outer loop
      vertex 9.95711 -34.7071 2.5
      vertex 9.95711 -33.2929 2.5
      vertex 10.116 -33.5 2.5
    endloop
  endfacet
  facet normal 0 0 -1
    outer loop
      vertex 9.75 -34.866 2.5
      vertex 9.95711 -33.2929 2.5
      vertex 9.95711 -34.7071 2.5
    endloop
  endfacet
  facet normal 0 0 -1
    outer loop
      vertex 9.75 -34.866 2.5
      vertex 9.75 -33.134 2.5
      vertex 9.95711 -33.2929 2.5
    endloop
  endfacet
  facet normal 0 0 -1
    outer loop
      vertex 9.50882 -34.9659 2.5
      vertex 9.75 -33.134 2.5
      vertex 9.75 -34.866 2.5
    endloop
  endfacet
  facet normal 0 0 -1
    outer loop
      vertex 9.50882 -34.9659 2.5
      vertex 9.50882 -33.0341 2.5
      vertex 9.75 -33.134 2.5
    endloop
  endfacet
  facet normal 0 0 -1
    outer loop
      vertex 9.25 -35 2.5
      vertex 9.50882 -33.0341 2.5
      vertex 9.50882 -34.9659 2.5
    endloop
  endfacet
  facet normal 0 0 -1
    outer loop
      vertex 9.25 -35 2.5
      vertex 9.25 -33 2.5
      vertex 9.50882 -33.0341 2.5
    endloop
  endfacet
  facet normal 0 0 -1
    outer loop
      vertex 8.99118 -34.9659 2.5
      vertex 9.25 -33 2.5
      vertex 9.25 -35 2.5
    endloop
  endfacet
  facet normal 0 0 -1
    outer loop
      vertex 8.99118 -34.9659 2.5
      vertex 8.99118 -33.0341 2.5
      vertex 9.25 -33 2.5
    endloop
  endfacet
  facet normal 0 0 -1
    outer loop
      vertex 8.75 -34.866 2.5
      vertex 8.99118 -33.0341 2.5
      vertex 8.99118 -34.9659 2.5
    endloop
  endfacet
  facet normal 0 0 -1
    outer loop
      vertex 8.75 -34.866 2.5
      vertex 8.75 -33.134 2.5
      vertex 8.99118 -33.0341 2.5
    endloop
  endfacet
  facet normal 0 0 -1
    outer loop
      vertex 8.54289 -34.7071 2.5
      vertex 8.75 -33.134 2.5
      vertex 8.75 -34.866 2.5
    endloop
  endfacet
  facet normal 0 0 -1
    outer loop
      vertex 8.54289 -34.7071 2.5
      vertex 8.54289 -33.2929 2.5
      vertex 8.75 -33.134 2.5
    endloop
  endfacet
  facet normal 0 0 -1
    outer loop
      vertex 8.38398 -34.5 2.5
      vertex 8.54289 -33.2929 2.5
      vertex 8.54289 -34.7071 2.5
    endloop
  endfacet
  facet normal 0 0 -1
    outer loop
      vertex 8.38398 -34.5 2.5
      vertex 8.38398 -33.5 2.5
      vertex 8.54289 -33.2929 2.5
    endloop
  endfacet
  facet normal 0 0 -1
    outer loop
      vertex 8.28407 -34.2588 2.5
      vertex 8.38398 -33.5 2.5
      vertex 8.38398 -34.5 2.5
    endloop
  endfacet
  facet normal 0 0 -1
    outer loop
      vertex 8.28407 -34.2588 2.5
      vertex 8.28407 -33.7412 2.5
      vertex 8.38398 -33.5 2.5
    endloop
  endfacet
  facet normal 0 -0 -1
    outer loop
      vertex 8.28407 -33.7412 2.5
      vertex 8.28407 -34.2588 2.5
      vertex 8.25 -34 2.5
    endloop
  endfacet
  facet normal 0.991446 0.13052 0
    outer loop
      vertex 8.28407 -34.2588 2.5
      vertex 8.25 -34 0
      vertex 8.25 -34 2.5
    endloop
  endfacet
  facet normal 0.991446 0.13052 0
    outer loop
      vertex 8.25 -34 0
      vertex 8.28407 -34.2588 2.5
      vertex 8.28407 -34.2588 0
    endloop
  endfacet
  facet normal -0.991431 -0.130633 0
    outer loop
      vertex 10.25 -34 0
      vertex 10.2159 -33.7412 2.5
      vertex 10.2159 -33.7412 0
    endloop
  endfacet
  facet normal -0.991431 -0.130633 0
    outer loop
      vertex 10.2159 -33.7412 2.5
      vertex 10.25 -34 0
      vertex 10.25 -34 2.5
    endloop
  endfacet
  facet normal 0.382683 -0.92388 0
    outer loop
      vertex 8.75 -33.134 0
      vertex 8.99118 -33.0341 2.5
      vertex 8.75 -33.134 2.5
    endloop
  endfacet
  facet normal 0.382683 -0.92388 0
    outer loop
      vertex 8.99118 -33.0341 2.5
      vertex 8.75 -33.134 0
      vertex 8.99118 -33.0341 0
    endloop
  endfacet
  facet normal -0.923891 0.382656 0
    outer loop
      vertex 10.116 -34.5 0
      vertex 10.2159 -34.2588 2.5
      vertex 10.2159 -34.2588 0
    endloop
  endfacet
  facet normal -0.923891 0.382656 0
    outer loop
      vertex 10.2159 -34.2588 2.5
      vertex 10.116 -34.5 0
      vertex 10.116 -34.5 2.5
    endloop
  endfacet
  facet normal -0.608711 0.793392 0
    outer loop
      vertex 9.95711 -34.7071 0
      vertex 9.75 -34.866 2.5
      vertex 9.95711 -34.7071 2.5
    endloop
  endfacet
  facet normal -0.608711 0.793392 0
    outer loop
      vertex 9.75 -34.866 2.5
      vertex 9.95711 -34.7071 0
      vertex 9.75 -34.866 0
    endloop
  endfacet
  facet normal -0.130623 0.991432 0
    outer loop
      vertex 9.50882 -34.9659 0
      vertex 9.25 -35 2.5
      vertex 9.50882 -34.9659 2.5
    endloop
  endfacet
  facet normal -0.130623 0.991432 0
    outer loop
      vertex 9.25 -35 2.5
      vertex 9.50882 -34.9659 0
      vertex 9.25 -35 0
    endloop
  endfacet
  facet normal 0.923877 0.382689 0
    outer loop
      vertex 8.38398 -34.5 2.5
      vertex 8.28407 -34.2588 0
      vertex 8.28407 -34.2588 2.5
    endloop
  endfacet
  facet normal 0.923877 0.382689 0
    outer loop
      vertex 8.28407 -34.2588 0
      vertex 8.38398 -34.5 2.5
      vertex 8.38398 -34.5 0
    endloop
  endfacet
  facet normal 0.382683 0.92388 -0
    outer loop
      vertex 8.99118 -34.9659 0
      vertex 8.75 -34.866 2.5
      vertex 8.99118 -34.9659 2.5
    endloop
  endfacet
  facet normal 0.382683 0.92388 0
    outer loop
      vertex 8.75 -34.866 2.5
      vertex 8.99118 -34.9659 0
      vertex 8.75 -34.866 0
    endloop
  endfacet
  facet normal 0.79336 0.608753 0
    outer loop
      vertex 8.54289 -34.7071 2.5
      vertex 8.38398 -34.5 0
      vertex 8.38398 -34.5 2.5
    endloop
  endfacet
  facet normal 0.79336 0.608753 0
    outer loop
      vertex 8.38398 -34.5 0
      vertex 8.54289 -34.7071 2.5
      vertex 8.54289 -34.7071 0
    endloop
  endfacet
  facet normal -0.130623 -0.991432 0
    outer loop
      vertex 9.25 -33 0
      vertex 9.50882 -33.0341 2.5
      vertex 9.25 -33 2.5
    endloop
  endfacet
  facet normal -0.130623 -0.991432 -0
    outer loop
      vertex 9.50882 -33.0341 2.5
      vertex 9.25 -33 0
      vertex 9.50882 -33.0341 0
    endloop
  endfacet
  facet normal 0.608711 -0.793392 0
    outer loop
      vertex 8.54289 -33.2929 0
      vertex 8.75 -33.134 2.5
      vertex 8.54289 -33.2929 2.5
    endloop
  endfacet
  facet normal 0.608711 -0.793392 0
    outer loop
      vertex 8.75 -33.134 2.5
      vertex 8.54289 -33.2929 0
      vertex 8.75 -33.134 0
    endloop
  endfacet
  facet normal -0.793397 0.608705 0
    outer loop
      vertex 9.95711 -34.7071 0
      vertex 10.116 -34.5 2.5
      vertex 10.116 -34.5 0
    endloop
  endfacet
  facet normal -0.793397 0.608705 0
    outer loop
      vertex 10.116 -34.5 2.5
      vertex 9.95711 -34.7071 0
      vertex 9.95711 -34.7071 2.5
    endloop
  endfacet
  facet normal 0.608711 0.793392 -0
    outer loop
      vertex 8.75 -34.866 0
      vertex 8.54289 -34.7071 2.5
      vertex 8.75 -34.866 2.5
    endloop
  endfacet
  facet normal 0.608711 0.793392 0
    outer loop
      vertex 8.54289 -34.7071 2.5
      vertex 8.75 -34.866 0
      vertex 8.54289 -34.7071 0
    endloop
  endfacet
  facet normal -0.793397 -0.608705 0
    outer loop
      vertex 10.116 -33.5 0
      vertex 9.95711 -33.2929 2.5
      vertex 9.95711 -33.2929 0
    endloop
  endfacet
  facet normal -0.793397 -0.608705 0
    outer loop
      vertex 9.95711 -33.2929 2.5
      vertex 10.116 -33.5 0
      vertex 10.116 -33.5 2.5
    endloop
  endfacet
  facet normal -0.382683 -0.92388 0
    outer loop
      vertex 9.50882 -33.0341 0
      vertex 9.75 -33.134 2.5
      vertex 9.50882 -33.0341 2.5
    endloop
  endfacet
  facet normal -0.382683 -0.92388 -0
    outer loop
      vertex 9.75 -33.134 2.5
      vertex 9.50882 -33.0341 0
      vertex 9.75 -33.134 0
    endloop
  endfacet
  facet normal -0.608711 -0.793392 0
    outer loop
      vertex 9.75 -33.134 0
      vertex 9.95711 -33.2929 2.5
      vertex 9.75 -33.134 2.5
    endloop
  endfacet
  facet normal -0.608711 -0.793392 -0
    outer loop
      vertex 9.95711 -33.2929 2.5
      vertex 9.75 -33.134 0
      vertex 9.95711 -33.2929 0
    endloop
  endfacet
  facet normal 0.923877 -0.382689 0
    outer loop
      vertex 8.28407 -33.7412 2.5
      vertex 8.38398 -33.5 0
      vertex 8.38398 -33.5 2.5
    endloop
  endfacet
  facet normal 0.923877 -0.382689 0
    outer loop
      vertex 8.38398 -33.5 0
      vertex 8.28407 -33.7412 2.5
      vertex 8.28407 -33.7412 0
    endloop
  endfacet
  facet normal 0.79336 -0.608753 0
    outer loop
      vertex 8.38398 -33.5 2.5
      vertex 8.54289 -33.2929 0
      vertex 8.54289 -33.2929 2.5
    endloop
  endfacet
  facet normal 0.79336 -0.608753 0
    outer loop
      vertex 8.54289 -33.2929 0
      vertex 8.38398 -33.5 2.5
      vertex 8.38398 -33.5 0
    endloop
  endfacet
  facet normal -0.923891 -0.382656 0
    outer loop
      vertex 10.2159 -33.7412 0
      vertex 10.116 -33.5 2.5
      vertex 10.116 -33.5 0
    endloop
  endfacet
  facet normal -0.923891 -0.382656 0
    outer loop
      vertex 10.116 -33.5 2.5
      vertex 10.2159 -33.7412 0
      vertex 10.2159 -33.7412 2.5
    endloop
  endfacet
  facet normal -0.991431 0.130633 0
    outer loop
      vertex 10.2159 -49.2588 0
      vertex 10.25 -49 2.5
      vertex 10.25 -49 0
    endloop
  endfacet
  facet normal -0.991431 0.130633 0
    outer loop
      vertex 10.25 -49 2.5
      vertex 10.2159 -49.2588 0
      vertex 10.2159 -49.2588 2.5
    endloop
  endfacet
  facet normal 0.991446 -0.13052 0
    outer loop
      vertex 8.25 -49 2.5
      vertex 8.28407 -48.7412 0
      vertex 8.28407 -48.7412 2.5
    endloop
  endfacet
  facet normal 0.991446 -0.13052 0
    outer loop
      vertex 8.28407 -48.7412 0
      vertex 8.25 -49 2.5
      vertex 8.25 -49 0
    endloop
  endfacet
  facet normal 0.130623 0.991432 -0
    outer loop
      vertex 9.25 -50 0
      vertex 8.99118 -49.9659 2.5
      vertex 9.25 -50 2.5
    endloop
  endfacet
  facet normal 0.130623 0.991432 0
    outer loop
      vertex 8.99118 -49.9659 2.5
      vertex 9.25 -50 0
      vertex 8.99118 -49.9659 0
    endloop
  endfacet
  facet normal -0.382683 0.92388 0
    outer loop
      vertex 9.75 -49.866 0
      vertex 9.50882 -49.9659 2.5
      vertex 9.75 -49.866 2.5
    endloop
  endfacet
  facet normal -0.382683 0.92388 0
    outer loop
      vertex 9.50882 -49.9659 2.5
      vertex 9.75 -49.866 0
      vertex 9.50882 -49.9659 0
    endloop
  endfacet
  facet normal 0.991446 0.13052 0
    outer loop
      vertex 8.28407 -49.2588 2.5
      vertex 8.25 -49 0
      vertex 8.25 -49 2.5
    endloop
  endfacet
  facet normal 0.991446 0.13052 0
    outer loop
      vertex 8.25 -49 0
      vertex 8.28407 -49.2588 2.5
      vertex 8.28407 -49.2588 0
    endloop
  endfacet
  facet normal -0.991431 -0.130633 0
    outer loop
      vertex 10.25 -49 0
      vertex 10.2159 -48.7412 2.5
      vertex 10.2159 -48.7412 0
    endloop
  endfacet
  facet normal -0.991431 -0.130633 0
    outer loop
      vertex 10.2159 -48.7412 2.5
      vertex 10.25 -49 0
      vertex 10.25 -49 2.5
    endloop
  endfacet
  facet normal -0.923891 0.382656 0
    outer loop
      vertex 10.116 -49.5 0
      vertex 10.2159 -49.2588 2.5
      vertex 10.2159 -49.2588 0
    endloop
  endfacet
  facet normal -0.923891 0.382656 0
    outer loop
      vertex 10.2159 -49.2588 2.5
      vertex 10.116 -49.5 0
      vertex 10.116 -49.5 2.5
    endloop
  endfacet
  facet normal -0.608711 0.793392 0
    outer loop
      vertex 9.95711 -49.7071 0
      vertex 9.75 -49.866 2.5
      vertex 9.95711 -49.7071 2.5
    endloop
  endfacet
  facet normal -0.608711 0.793392 0
    outer loop
      vertex 9.75 -49.866 2.5
      vertex 9.95711 -49.7071 0
      vertex 9.75 -49.866 0
    endloop
  endfacet
  facet normal -0.130623 0.991432 0
    outer loop
      vertex 9.50882 -49.9659 0
      vertex 9.25 -50 2.5
      vertex 9.50882 -49.9659 2.5
    endloop
  endfacet
  facet normal -0.130623 0.991432 0
    outer loop
      vertex 9.25 -50 2.5
      vertex 9.50882 -49.9659 0
      vertex 9.25 -50 0
    endloop
  endfacet
  facet normal 0.923877 0.382689 0
    outer loop
      vertex 8.38398 -49.5 2.5
      vertex 8.28407 -49.2588 0
      vertex 8.28407 -49.2588 2.5
    endloop
  endfacet
  facet normal 0.923877 0.382689 0
    outer loop
      vertex 8.28407 -49.2588 0
      vertex 8.38398 -49.5 2.5
      vertex 8.38398 -49.5 0
    endloop
  endfacet
  facet normal 0 0 -1
    outer loop
      vertex 10.2159 -49.2588 2.5
      vertex 10.2159 -48.7412 2.5
      vertex 10.25 -49 2.5
    endloop
  endfacet
  facet normal 0 0 -1
    outer loop
      vertex 10.116 -49.5 2.5
      vertex 10.2159 -48.7412 2.5
      vertex 10.2159 -49.2588 2.5
    endloop
  endfacet
  facet normal 0 0 -1
    outer loop
      vertex 10.116 -49.5 2.5
      vertex 10.116 -48.5 2.5
      vertex 10.2159 -48.7412 2.5
    endloop
  endfacet
  facet normal 0 0 -1
    outer loop
      vertex 9.95711 -49.7071 2.5
      vertex 10.116 -48.5 2.5
      vertex 10.116 -49.5 2.5
    endloop
  endfacet
  facet normal 0 0 -1
    outer loop
      vertex 9.95711 -49.7071 2.5
      vertex 9.95711 -48.2929 2.5
      vertex 10.116 -48.5 2.5
    endloop
  endfacet
  facet normal 0 0 -1
    outer loop
      vertex 9.75 -49.866 2.5
      vertex 9.95711 -48.2929 2.5
      vertex 9.95711 -49.7071 2.5
    endloop
  endfacet
  facet normal 0 0 -1
    outer loop
      vertex 9.75 -49.866 2.5
      vertex 9.75 -48.134 2.5
      vertex 9.95711 -48.2929 2.5
    endloop
  endfacet
  facet normal 0 0 -1
    outer loop
      vertex 9.50882 -49.9659 2.5
      vertex 9.75 -48.134 2.5
      vertex 9.75 -49.866 2.5
    endloop
  endfacet
  facet normal 0 0 -1
    outer loop
      vertex 9.50882 -49.9659 2.5
      vertex 9.50882 -48.0341 2.5
      vertex 9.75 -48.134 2.5
    endloop
  endfacet
  facet normal 0 0 -1
    outer loop
      vertex 9.25 -50 2.5
      vertex 9.50882 -48.0341 2.5
      vertex 9.50882 -49.9659 2.5
    endloop
  endfacet
  facet normal 0 0 -1
    outer loop
      vertex 9.25 -50 2.5
      vertex 9.25 -48 2.5
      vertex 9.50882 -48.0341 2.5
    endloop
  endfacet
  facet normal 0 0 -1
    outer loop
      vertex 8.99118 -49.9659 2.5
      vertex 9.25 -48 2.5
      vertex 9.25 -50 2.5
    endloop
  endfacet
  facet normal 0 0 -1
    outer loop
      vertex 8.99118 -49.9659 2.5
      vertex 8.99118 -48.0341 2.5
      vertex 9.25 -48 2.5
    endloop
  endfacet
  facet normal 0 0 -1
    outer loop
      vertex 8.75 -49.866 2.5
      vertex 8.99118 -48.0341 2.5
      vertex 8.99118 -49.9659 2.5
    endloop
  endfacet
  facet normal 0 0 -1
    outer loop
      vertex 8.75 -49.866 2.5
      vertex 8.75 -48.134 2.5
      vertex 8.99118 -48.0341 2.5
    endloop
  endfacet
  facet normal 0 0 -1
    outer loop
      vertex 8.54289 -49.7071 2.5
      vertex 8.75 -48.134 2.5
      vertex 8.75 -49.866 2.5
    endloop
  endfacet
  facet normal 0 0 -1
    outer loop
      vertex 8.54289 -49.7071 2.5
      vertex 8.54289 -48.2929 2.5
      vertex 8.75 -48.134 2.5
    endloop
  endfacet
  facet normal 0 0 -1
    outer loop
      vertex 8.38398 -49.5 2.5
      vertex 8.54289 -48.2929 2.5
      vertex 8.54289 -49.7071 2.5
    endloop
  endfacet
  facet normal 0 0 -1
    outer loop
      vertex 8.38398 -49.5 2.5
      vertex 8.38398 -48.5 2.5
      vertex 8.54289 -48.2929 2.5
    endloop
  endfacet
  facet normal 0 0 -1
    outer loop
      vertex 8.28407 -49.2588 2.5
      vertex 8.38398 -48.5 2.5
      vertex 8.38398 -49.5 2.5
    endloop
  endfacet
  facet normal 0 0 -1
    outer loop
      vertex 8.28407 -49.2588 2.5
      vertex 8.28407 -48.7412 2.5
      vertex 8.38398 -48.5 2.5
    endloop
  endfacet
  facet normal 0 -0 -1
    outer loop
      vertex 8.28407 -48.7412 2.5
      vertex 8.28407 -49.2588 2.5
      vertex 8.25 -49 2.5
    endloop
  endfacet
  facet normal 0.382683 0.92388 -0
    outer loop
      vertex 8.99118 -49.9659 0
      vertex 8.75 -49.866 2.5
      vertex 8.99118 -49.9659 2.5
    endloop
  endfacet
  facet normal 0.382683 0.92388 0
    outer loop
      vertex 8.75 -49.866 2.5
      vertex 8.99118 -49.9659 0
      vertex 8.75 -49.866 0
    endloop
  endfacet
  facet normal -0.130623 -0.991432 0
    outer loop
      vertex 9.25 -48 0
      vertex 9.50882 -48.0341 2.5
      vertex 9.25 -48 2.5
    endloop
  endfacet
  facet normal -0.130623 -0.991432 -0
    outer loop
      vertex 9.50882 -48.0341 2.5
      vertex 9.25 -48 0
      vertex 9.50882 -48.0341 0
    endloop
  endfacet
  facet normal 0.382683 -0.92388 0
    outer loop
      vertex 8.75 -48.134 0
      vertex 8.99118 -48.0341 2.5
      vertex 8.75 -48.134 2.5
    endloop
  endfacet
  facet normal 0.382683 -0.92388 0
    outer loop
      vertex 8.99118 -48.0341 2.5
      vertex 8.75 -48.134 0
      vertex 8.99118 -48.0341 0
    endloop
  endfacet
  facet normal 0.608711 -0.793392 0
    outer loop
      vertex 8.54289 -48.2929 0
      vertex 8.75 -48.134 2.5
      vertex 8.54289 -48.2929 2.5
    endloop
  endfacet
  facet normal 0.608711 -0.793392 0
    outer loop
      vertex 8.75 -48.134 2.5
      vertex 8.54289 -48.2929 0
      vertex 8.75 -48.134 0
    endloop
  endfacet
  facet normal -0.793397 0.608705 0
    outer loop
      vertex 9.95711 -49.7071 0
      vertex 10.116 -49.5 2.5
      vertex 10.116 -49.5 0
    endloop
  endfacet
  facet normal -0.793397 0.608705 0
    outer loop
      vertex 10.116 -49.5 2.5
      vertex 9.95711 -49.7071 0
      vertex 9.95711 -49.7071 2.5
    endloop
  endfacet
  facet normal 0.608711 0.793392 -0
    outer loop
      vertex 8.75 -49.866 0
      vertex 8.54289 -49.7071 2.5
      vertex 8.75 -49.866 2.5
    endloop
  endfacet
  facet normal 0.608711 0.793392 0
    outer loop
      vertex 8.54289 -49.7071 2.5
      vertex 8.75 -49.866 0
      vertex 8.54289 -49.7071 0
    endloop
  endfacet
  facet normal 0.79336 0.608753 0
    outer loop
      vertex 8.54289 -49.7071 2.5
      vertex 8.38398 -49.5 0
      vertex 8.38398 -49.5 2.5
    endloop
  endfacet
  facet normal 0.79336 0.608753 0
    outer loop
      vertex 8.38398 -49.5 0
      vertex 8.54289 -49.7071 2.5
      vertex 8.54289 -49.7071 0
    endloop
  endfacet
  facet normal -0.793397 -0.608705 0
    outer loop
      vertex 10.116 -48.5 0
      vertex 9.95711 -48.2929 2.5
      vertex 9.95711 -48.2929 0
    endloop
  endfacet
  facet normal -0.793397 -0.608705 0
    outer loop
      vertex 9.95711 -48.2929 2.5
      vertex 10.116 -48.5 0
      vertex 10.116 -48.5 2.5
    endloop
  endfacet
  facet normal -0.923891 -0.382656 0
    outer loop
      vertex 10.2159 -48.7412 0
      vertex 10.116 -48.5 2.5
      vertex 10.116 -48.5 0
    endloop
  endfacet
  facet normal -0.923891 -0.382656 0
    outer loop
      vertex 10.116 -48.5 2.5
      vertex 10.2159 -48.7412 0
      vertex 10.2159 -48.7412 2.5
    endloop
  endfacet
  facet normal -0.382683 -0.92388 0
    outer loop
      vertex 9.50882 -48.0341 0
      vertex 9.75 -48.134 2.5
      vertex 9.50882 -48.0341 2.5
    endloop
  endfacet
  facet normal -0.382683 -0.92388 -0
    outer loop
      vertex 9.75 -48.134 2.5
      vertex 9.50882 -48.0341 0
      vertex 9.75 -48.134 0
    endloop
  endfacet
  facet normal -0.608711 -0.793392 0
    outer loop
      vertex 9.75 -48.134 0
      vertex 9.95711 -48.2929 2.5
      vertex 9.75 -48.134 2.5
    endloop
  endfacet
  facet normal -0.608711 -0.793392 -0
    outer loop
      vertex 9.95711 -48.2929 2.5
      vertex 9.75 -48.134 0
      vertex 9.95711 -48.2929 0
    endloop
  endfacet
  facet normal 0.130623 -0.991432 0
    outer loop
      vertex 8.99118 -48.0341 0
      vertex 9.25 -48 2.5
      vertex 8.99118 -48.0341 2.5
    endloop
  endfacet
  facet normal 0.130623 -0.991432 0
    outer loop
      vertex 9.25 -48 2.5
      vertex 8.99118 -48.0341 0
      vertex 9.25 -48 0
    endloop
  endfacet
  facet normal 0.923877 -0.382689 0
    outer loop
      vertex 8.28407 -48.7412 2.5
      vertex 8.38398 -48.5 0
      vertex 8.38398 -48.5 2.5
    endloop
  endfacet
  facet normal 0.923877 -0.382689 0
    outer loop
      vertex 8.38398 -48.5 0
      vertex 8.28407 -48.7412 2.5
      vertex 8.28407 -48.7412 0
    endloop
  endfacet
  facet normal 0.79336 -0.608753 0
    outer loop
      vertex 8.38398 -48.5 2.5
      vertex 8.54289 -48.2929 0
      vertex 8.54289 -48.2929 2.5
    endloop
  endfacet
  facet normal 0.79336 -0.608753 0
    outer loop
      vertex 8.54289 -48.2929 0
      vertex 8.38398 -48.5 2.5
      vertex 8.38398 -48.5 0
    endloop
  endfacet
  facet normal -0.991431 0.130633 0
    outer loop
      vertex 10.2159 -64.2588 0
      vertex 10.25 -64 2.5
      vertex 10.25 -64 0
    endloop
  endfacet
  facet normal -0.991431 0.130633 0
    outer loop
      vertex 10.25 -64 2.5
      vertex 10.2159 -64.2588 0
      vertex 10.2159 -64.2588 2.5
    endloop
  endfacet
  facet normal 0.991446 -0.13052 0
    outer loop
      vertex 8.25 -64 2.5
      vertex 8.28407 -63.7412 0
      vertex 8.28407 -63.7412 2.5
    endloop
  endfacet
  facet normal 0.991446 -0.13052 0
    outer loop
      vertex 8.28407 -63.7412 0
      vertex 8.25 -64 2.5
      vertex 8.25 -64 0
    endloop
  endfacet
  facet normal 0.130623 0.991432 -0
    outer loop
      vertex 9.25 -65 0
      vertex 8.99118 -64.9659 2.5
      vertex 9.25 -65 2.5
    endloop
  endfacet
  facet normal 0.130623 0.991432 0
    outer loop
      vertex 8.99118 -64.9659 2.5
      vertex 9.25 -65 0
      vertex 8.99118 -64.9659 0
    endloop
  endfacet
  facet normal -0.382683 0.92388 0
    outer loop
      vertex 9.75 -64.866 0
      vertex 9.50882 -64.9659 2.5
      vertex 9.75 -64.866 2.5
    endloop
  endfacet
  facet normal -0.382683 0.92388 0
    outer loop
      vertex 9.50882 -64.9659 2.5
      vertex 9.75 -64.866 0
      vertex 9.50882 -64.9659 0
    endloop
  endfacet
  facet normal 0.991446 0.13052 0
    outer loop
      vertex 8.28407 -64.2588 2.5
      vertex 8.25 -64 0
      vertex 8.25 -64 2.5
    endloop
  endfacet
  facet normal 0.991446 0.13052 0
    outer loop
      vertex 8.25 -64 0
      vertex 8.28407 -64.2588 2.5
      vertex 8.28407 -64.2588 0
    endloop
  endfacet
  facet normal -0.991431 -0.130633 0
    outer loop
      vertex 10.25 -64 0
      vertex 10.2159 -63.7412 2.5
      vertex 10.2159 -63.7412 0
    endloop
  endfacet
  facet normal -0.991431 -0.130633 0
    outer loop
      vertex 10.2159 -63.7412 2.5
      vertex 10.25 -64 0
      vertex 10.25 -64 2.5
    endloop
  endfacet
  facet normal 0.382683 -0.92388 0
    outer loop
      vertex 8.75 -63.134 0
      vertex 8.99118 -63.0341 2.5
      vertex 8.75 -63.134 2.5
    endloop
  endfacet
  facet normal 0.382683 -0.92388 0
    outer loop
      vertex 8.99118 -63.0341 2.5
      vertex 8.75 -63.134 0
      vertex 8.99118 -63.0341 0
    endloop
  endfacet
  facet normal -0.923891 0.382656 0
    outer loop
      vertex 10.116 -64.5 0
      vertex 10.2159 -64.2588 2.5
      vertex 10.2159 -64.2588 0
    endloop
  endfacet
  facet normal -0.923891 0.382656 0
    outer loop
      vertex 10.2159 -64.2588 2.5
      vertex 10.116 -64.5 0
      vertex 10.116 -64.5 2.5
    endloop
  endfacet
  facet normal -0.608711 0.793392 0
    outer loop
      vertex 9.95711 -64.7071 0
      vertex 9.75 -64.866 2.5
      vertex 9.95711 -64.7071 2.5
    endloop
  endfacet
  facet normal -0.608711 0.793392 0
    outer loop
      vertex 9.75 -64.866 2.5
      vertex 9.95711 -64.7071 0
      vertex 9.75 -64.866 0
    endloop
  endfacet
  facet normal -0.130623 0.991432 0
    outer loop
      vertex 9.50882 -64.9659 0
      vertex 9.25 -65 2.5
      vertex 9.50882 -64.9659 2.5
    endloop
  endfacet
  facet normal -0.130623 0.991432 0
    outer loop
      vertex 9.25 -65 2.5
      vertex 9.50882 -64.9659 0
      vertex 9.25 -65 0
    endloop
  endfacet
  facet normal 0.923877 0.382689 0
    outer loop
      vertex 8.38398 -64.5 2.5
      vertex 8.28407 -64.2588 0
      vertex 8.28407 -64.2588 2.5
    endloop
  endfacet
  facet normal 0.923877 0.382689 0
    outer loop
      vertex 8.28407 -64.2588 0
      vertex 8.38398 -64.5 2.5
      vertex 8.38398 -64.5 0
    endloop
  endfacet
  facet normal 0 0 -1
    outer loop
      vertex 10.2159 -64.2588 2.5
      vertex 10.2159 -63.7412 2.5
      vertex 10.25 -64 2.5
    endloop
  endfacet
  facet normal 0 0 -1
    outer loop
      vertex 10.116 -64.5 2.5
      vertex 10.2159 -63.7412 2.5
      vertex 10.2159 -64.2588 2.5
    endloop
  endfacet
  facet normal 0 0 -1
    outer loop
      vertex 10.116 -64.5 2.5
      vertex 10.116 -63.5 2.5
      vertex 10.2159 -63.7412 2.5
    endloop
  endfacet
  facet normal 0 0 -1
    outer loop
      vertex 9.95711 -64.7071 2.5
      vertex 10.116 -63.5 2.5
      vertex 10.116 -64.5 2.5
    endloop
  endfacet
  facet normal 0 0 -1
    outer loop
      vertex 9.95711 -64.7071 2.5
      vertex 9.95711 -63.2929 2.5
      vertex 10.116 -63.5 2.5
    endloop
  endfacet
  facet normal 0 0 -1
    outer loop
      vertex 9.75 -64.866 2.5
      vertex 9.95711 -63.2929 2.5
      vertex 9.95711 -64.7071 2.5
    endloop
  endfacet
  facet normal 0 0 -1
    outer loop
      vertex 9.75 -64.866 2.5
      vertex 9.75 -63.134 2.5
      vertex 9.95711 -63.2929 2.5
    endloop
  endfacet
  facet normal 0 0 -1
    outer loop
      vertex 9.50882 -64.9659 2.5
      vertex 9.75 -63.134 2.5
      vertex 9.75 -64.866 2.5
    endloop
  endfacet
  facet normal 0 0 -1
    outer loop
      vertex 9.50882 -64.9659 2.5
      vertex 9.50882 -63.0341 2.5
      vertex 9.75 -63.134 2.5
    endloop
  endfacet
  facet normal 0 0 -1
    outer loop
      vertex 9.25 -65 2.5
      vertex 9.50882 -63.0341 2.5
      vertex 9.50882 -64.9659 2.5
    endloop
  endfacet
  facet normal 0 0 -1
    outer loop
      vertex 9.25 -65 2.5
      vertex 9.25 -63 2.5
      vertex 9.50882 -63.0341 2.5
    endloop
  endfacet
  facet normal 0 0 -1
    outer loop
      vertex 8.99118 -64.9659 2.5
      vertex 9.25 -63 2.5
      vertex 9.25 -65 2.5
    endloop
  endfacet
  facet normal 0 0 -1
    outer loop
      vertex 8.99118 -64.9659 2.5
      vertex 8.99118 -63.0341 2.5
      vertex 9.25 -63 2.5
    endloop
  endfacet
  facet normal 0 0 -1
    outer loop
      vertex 8.75 -64.866 2.5
      vertex 8.99118 -63.0341 2.5
      vertex 8.99118 -64.9659 2.5
    endloop
  endfacet
  facet normal 0 0 -1
    outer loop
      vertex 8.75 -64.866 2.5
      vertex 8.75 -63.134 2.5
      vertex 8.99118 -63.0341 2.5
    endloop
  endfacet
  facet normal 0 0 -1
    outer loop
      vertex 8.54289 -64.7071 2.5
      vertex 8.75 -63.134 2.5
      vertex 8.75 -64.866 2.5
    endloop
  endfacet
  facet normal 0 0 -1
    outer loop
      vertex 8.54289 -64.7071 2.5
      vertex 8.54289 -63.2929 2.5
      vertex 8.75 -63.134 2.5
    endloop
  endfacet
  facet normal 0 0 -1
    outer loop
      vertex 8.38398 -64.5 2.5
      vertex 8.54289 -63.2929 2.5
      vertex 8.54289 -64.7071 2.5
    endloop
  endfacet
  facet normal 0 0 -1
    outer loop
      vertex 8.38398 -64.5 2.5
      vertex 8.38398 -63.5 2.5
      vertex 8.54289 -63.2929 2.5
    endloop
  endfacet
  facet normal 0 0 -1
    outer loop
      vertex 8.28407 -64.2588 2.5
      vertex 8.38398 -63.5 2.5
      vertex 8.38398 -64.5 2.5
    endloop
  endfacet
  facet normal 0 0 -1
    outer loop
      vertex 8.28407 -64.2588 2.5
      vertex 8.28407 -63.7412 2.5
      vertex 8.38398 -63.5 2.5
    endloop
  endfacet
  facet normal 0 -0 -1
    outer loop
      vertex 8.28407 -63.7412 2.5
      vertex 8.28407 -64.2588 2.5
      vertex 8.25 -64 2.5
    endloop
  endfacet
  facet normal 0.382683 0.92388 -0
    outer loop
      vertex 8.99118 -64.9659 0
      vertex 8.75 -64.866 2.5
      vertex 8.99118 -64.9659 2.5
    endloop
  endfacet
  facet normal 0.382683 0.92388 0
    outer loop
      vertex 8.75 -64.866 2.5
      vertex 8.99118 -64.9659 0
      vertex 8.75 -64.866 0
    endloop
  endfacet
  facet normal -0.130623 -0.991432 0
    outer loop
      vertex 9.25 -63 0
      vertex 9.50882 -63.0341 2.5
      vertex 9.25 -63 2.5
    endloop
  endfacet
  facet normal -0.130623 -0.991432 -0
    outer loop
      vertex 9.50882 -63.0341 2.5
      vertex 9.25 -63 0
      vertex 9.50882 -63.0341 0
    endloop
  endfacet
  facet normal 0.608711 -0.793392 0
    outer loop
      vertex 8.54289 -63.2929 0
      vertex 8.75 -63.134 2.5
      vertex 8.54289 -63.2929 2.5
    endloop
  endfacet
  facet normal 0.608711 -0.793392 0
    outer loop
      vertex 8.75 -63.134 2.5
      vertex 8.54289 -63.2929 0
      vertex 8.75 -63.134 0
    endloop
  endfacet
  facet normal -0.793397 0.608705 0
    outer loop
      vertex 9.95711 -64.7071 0
      vertex 10.116 -64.5 2.5
      vertex 10.116 -64.5 0
    endloop
  endfacet
  facet normal -0.793397 0.608705 0
    outer loop
      vertex 10.116 -64.5 2.5
      vertex 9.95711 -64.7071 0
      vertex 9.95711 -64.7071 2.5
    endloop
  endfacet
  facet normal 0.608711 0.793392 -0
    outer loop
      vertex 8.75 -64.866 0
      vertex 8.54289 -64.7071 2.5
      vertex 8.75 -64.866 2.5
    endloop
  endfacet
  facet normal 0.608711 0.793392 0
    outer loop
      vertex 8.54289 -64.7071 2.5
      vertex 8.75 -64.866 0
      vertex 8.54289 -64.7071 0
    endloop
  endfacet
  facet normal 0.79336 0.608753 0
    outer loop
      vertex 8.54289 -64.7071 2.5
      vertex 8.38398 -64.5 0
      vertex 8.38398 -64.5 2.5
    endloop
  endfacet
  facet normal 0.79336 0.608753 0
    outer loop
      vertex 8.38398 -64.5 0
      vertex 8.54289 -64.7071 2.5
      vertex 8.54289 -64.7071 0
    endloop
  endfacet
  facet normal -0.793397 -0.608705 0
    outer loop
      vertex 10.116 -63.5 0
      vertex 9.95711 -63.2929 2.5
      vertex 9.95711 -63.2929 0
    endloop
  endfacet
  facet normal -0.793397 -0.608705 0
    outer loop
      vertex 9.95711 -63.2929 2.5
      vertex 10.116 -63.5 0
      vertex 10.116 -63.5 2.5
    endloop
  endfacet
  facet normal -0.923891 -0.382656 0
    outer loop
      vertex 10.2159 -63.7412 0
      vertex 10.116 -63.5 2.5
      vertex 10.116 -63.5 0
    endloop
  endfacet
  facet normal -0.923891 -0.382656 0
    outer loop
      vertex 10.116 -63.5 2.5
      vertex 10.2159 -63.7412 0
      vertex 10.2159 -63.7412 2.5
    endloop
  endfacet
  facet normal -0.382683 -0.92388 0
    outer loop
      vertex 9.50882 -63.0341 0
      vertex 9.75 -63.134 2.5
      vertex 9.50882 -63.0341 2.5
    endloop
  endfacet
  facet normal -0.382683 -0.92388 -0
    outer loop
      vertex 9.75 -63.134 2.5
      vertex 9.50882 -63.0341 0
      vertex 9.75 -63.134 0
    endloop
  endfacet
  facet normal -0.608711 -0.793392 0
    outer loop
      vertex 9.75 -63.134 0
      vertex 9.95711 -63.2929 2.5
      vertex 9.75 -63.134 2.5
    endloop
  endfacet
  facet normal -0.608711 -0.793392 -0
    outer loop
      vertex 9.95711 -63.2929 2.5
      vertex 9.75 -63.134 0
      vertex 9.95711 -63.2929 0
    endloop
  endfacet
  facet normal 0.130623 -0.991432 0
    outer loop
      vertex 8.99118 -63.0341 0
      vertex 9.25 -63 2.5
      vertex 8.99118 -63.0341 2.5
    endloop
  endfacet
  facet normal 0.130623 -0.991432 0
    outer loop
      vertex 9.25 -63 2.5
      vertex 8.99118 -63.0341 0
      vertex 9.25 -63 0
    endloop
  endfacet
  facet normal 0.923877 -0.382689 0
    outer loop
      vertex 8.28407 -63.7412 2.5
      vertex 8.38398 -63.5 0
      vertex 8.38398 -63.5 2.5
    endloop
  endfacet
  facet normal 0.923877 -0.382689 0
    outer loop
      vertex 8.38398 -63.5 0
      vertex 8.28407 -63.7412 2.5
      vertex 8.28407 -63.7412 0
    endloop
  endfacet
  facet normal 0.79336 -0.608753 0
    outer loop
      vertex 8.38398 -63.5 2.5
      vertex 8.54289 -63.2929 0
      vertex 8.54289 -63.2929 2.5
    endloop
  endfacet
  facet normal 0.79336 -0.608753 0
    outer loop
      vertex 8.54289 -63.2929 0
      vertex 8.38398 -63.5 2.5
      vertex 8.38398 -63.5 0
    endloop
  endfacet
  facet normal -0.991431 0.130633 0
    outer loop
      vertex 10.2159 -79.2588 0
      vertex 10.25 -79 2.5
      vertex 10.25 -79 0
    endloop
  endfacet
  facet normal -0.991431 0.130633 0
    outer loop
      vertex 10.25 -79 2.5
      vertex 10.2159 -79.2588 0
      vertex 10.2159 -79.2588 2.5
    endloop
  endfacet
  facet normal 0.991446 -0.13052 0
    outer loop
      vertex 8.25 -79 2.5
      vertex 8.28407 -78.7412 0
      vertex 8.28407 -78.7412 2.5
    endloop
  endfacet
  facet normal 0.991446 -0.13052 0
    outer loop
      vertex 8.28407 -78.7412 0
      vertex 8.25 -79 2.5
      vertex 8.25 -79 0
    endloop
  endfacet
  facet normal 0.130623 0.991432 -0
    outer loop
      vertex 9.25 -80 0
      vertex 8.99118 -79.9659 2.5
      vertex 9.25 -80 2.5
    endloop
  endfacet
  facet normal 0.130623 0.991432 0
    outer loop
      vertex 8.99118 -79.9659 2.5
      vertex 9.25 -80 0
      vertex 8.99118 -79.9659 0
    endloop
  endfacet
  facet normal -0.382683 0.92388 0
    outer loop
      vertex 9.75 -79.866 0
      vertex 9.50882 -79.9659 2.5
      vertex 9.75 -79.866 2.5
    endloop
  endfacet
  facet normal -0.382683 0.92388 0
    outer loop
      vertex 9.50882 -79.9659 2.5
      vertex 9.75 -79.866 0
      vertex 9.50882 -79.9659 0
    endloop
  endfacet
  facet normal 0.991446 0.13052 0
    outer loop
      vertex 8.28407 -79.2588 2.5
      vertex 8.25 -79 0
      vertex 8.25 -79 2.5
    endloop
  endfacet
  facet normal 0.991446 0.13052 0
    outer loop
      vertex 8.25 -79 0
      vertex 8.28407 -79.2588 2.5
      vertex 8.28407 -79.2588 0
    endloop
  endfacet
  facet normal -0.991431 -0.130633 0
    outer loop
      vertex 10.25 -79 0
      vertex 10.2159 -78.7412 2.5
      vertex 10.2159 -78.7412 0
    endloop
  endfacet
  facet normal -0.991431 -0.130633 0
    outer loop
      vertex 10.2159 -78.7412 2.5
      vertex 10.25 -79 0
      vertex 10.25 -79 2.5
    endloop
  endfacet
  facet normal 0.382683 -0.92388 0
    outer loop
      vertex 8.75 -78.134 0
      vertex 8.99118 -78.0341 2.5
      vertex 8.75 -78.134 2.5
    endloop
  endfacet
  facet normal 0.382683 -0.92388 0
    outer loop
      vertex 8.99118 -78.0341 2.5
      vertex 8.75 -78.134 0
      vertex 8.99118 -78.0341 0
    endloop
  endfacet
  facet normal -0.923891 0.382656 0
    outer loop
      vertex 10.116 -79.5 0
      vertex 10.2159 -79.2588 2.5
      vertex 10.2159 -79.2588 0
    endloop
  endfacet
  facet normal -0.923891 0.382656 0
    outer loop
      vertex 10.2159 -79.2588 2.5
      vertex 10.116 -79.5 0
      vertex 10.116 -79.5 2.5
    endloop
  endfacet
  facet normal -0.608711 0.793392 0
    outer loop
      vertex 9.95711 -79.7071 0
      vertex 9.75 -79.866 2.5
      vertex 9.95711 -79.7071 2.5
    endloop
  endfacet
  facet normal -0.608711 0.793392 0
    outer loop
      vertex 9.75 -79.866 2.5
      vertex 9.95711 -79.7071 0
      vertex 9.75 -79.866 0
    endloop
  endfacet
  facet normal -0.130623 0.991432 0
    outer loop
      vertex 9.50882 -79.9659 0
      vertex 9.25 -80 2.5
      vertex 9.50882 -79.9659 2.5
    endloop
  endfacet
  facet normal -0.130623 0.991432 0
    outer loop
      vertex 9.25 -80 2.5
      vertex 9.50882 -79.9659 0
      vertex 9.25 -80 0
    endloop
  endfacet
  facet normal 0.923877 0.382689 0
    outer loop
      vertex 8.38398 -79.5 2.5
      vertex 8.28407 -79.2588 0
      vertex 8.28407 -79.2588 2.5
    endloop
  endfacet
  facet normal 0.923877 0.382689 0
    outer loop
      vertex 8.28407 -79.2588 0
      vertex 8.38398 -79.5 2.5
      vertex 8.38398 -79.5 0
    endloop
  endfacet
  facet normal 0 0 -1
    outer loop
      vertex 10.2159 -79.2588 2.5
      vertex 10.2159 -78.7412 2.5
      vertex 10.25 -79 2.5
    endloop
  endfacet
  facet normal 0 0 -1
    outer loop
      vertex 10.116 -79.5 2.5
      vertex 10.2159 -78.7412 2.5
      vertex 10.2159 -79.2588 2.5
    endloop
  endfacet
  facet normal 0 0 -1
    outer loop
      vertex 10.116 -79.5 2.5
      vertex 10.116 -78.5 2.5
      vertex 10.2159 -78.7412 2.5
    endloop
  endfacet
  facet normal 0 0 -1
    outer loop
      vertex 9.95711 -79.7071 2.5
      vertex 10.116 -78.5 2.5
      vertex 10.116 -79.5 2.5
    endloop
  endfacet
  facet normal 0 0 -1
    outer loop
      vertex 9.95711 -79.7071 2.5
      vertex 9.95711 -78.2929 2.5
      vertex 10.116 -78.5 2.5
    endloop
  endfacet
  facet normal 0 0 -1
    outer loop
      vertex 9.75 -79.866 2.5
      vertex 9.95711 -78.2929 2.5
      vertex 9.95711 -79.7071 2.5
    endloop
  endfacet
  facet normal 0 0 -1
    outer loop
      vertex 9.75 -79.866 2.5
      vertex 9.75 -78.134 2.5
      vertex 9.95711 -78.2929 2.5
    endloop
  endfacet
  facet normal 0 0 -1
    outer loop
      vertex 9.50882 -79.9659 2.5
      vertex 9.75 -78.134 2.5
      vertex 9.75 -79.866 2.5
    endloop
  endfacet
  facet normal 0 0 -1
    outer loop
      vertex 9.50882 -79.9659 2.5
      vertex 9.50882 -78.0341 2.5
      vertex 9.75 -78.134 2.5
    endloop
  endfacet
  facet normal 0 0 -1
    outer loop
      vertex 9.25 -80 2.5
      vertex 9.50882 -78.0341 2.5
      vertex 9.50882 -79.9659 2.5
    endloop
  endfacet
  facet normal 0 0 -1
    outer loop
      vertex 9.25 -80 2.5
      vertex 9.25 -78 2.5
      vertex 9.50882 -78.0341 2.5
    endloop
  endfacet
  facet normal 0 0 -1
    outer loop
      vertex 8.99118 -79.9659 2.5
      vertex 9.25 -78 2.5
      vertex 9.25 -80 2.5
    endloop
  endfacet
  facet normal 0 0 -1
    outer loop
      vertex 8.99118 -79.9659 2.5
      vertex 8.99118 -78.0341 2.5
      vertex 9.25 -78 2.5
    endloop
  endfacet
  facet normal 0 0 -1
    outer loop
      vertex 8.75 -79.866 2.5
      vertex 8.99118 -78.0341 2.5
      vertex 8.99118 -79.9659 2.5
    endloop
  endfacet
  facet normal 0 0 -1
    outer loop
      vertex 8.75 -79.866 2.5
      vertex 8.75 -78.134 2.5
      vertex 8.99118 -78.0341 2.5
    endloop
  endfacet
  facet normal 0 0 -1
    outer loop
      vertex 8.54289 -79.7071 2.5
      vertex 8.75 -78.134 2.5
      vertex 8.75 -79.866 2.5
    endloop
  endfacet
  facet normal 0 0 -1
    outer loop
      vertex 8.54289 -79.7071 2.5
      vertex 8.54289 -78.2929 2.5
      vertex 8.75 -78.134 2.5
    endloop
  endfacet
  facet normal 0 0 -1
    outer loop
      vertex 8.38398 -79.5 2.5
      vertex 8.54289 -78.2929 2.5
      vertex 8.54289 -79.7071 2.5
    endloop
  endfacet
  facet normal 0 0 -1
    outer loop
      vertex 8.38398 -79.5 2.5
      vertex 8.38398 -78.5 2.5
      vertex 8.54289 -78.2929 2.5
    endloop
  endfacet
  facet normal 0 0 -1
    outer loop
      vertex 8.28407 -79.2588 2.5
      vertex 8.38398 -78.5 2.5
      vertex 8.38398 -79.5 2.5
    endloop
  endfacet
  facet normal 0 0 -1
    outer loop
      vertex 8.28407 -79.2588 2.5
      vertex 8.28407 -78.7412 2.5
      vertex 8.38398 -78.5 2.5
    endloop
  endfacet
  facet normal 0 -0 -1
    outer loop
      vertex 8.28407 -78.7412 2.5
      vertex 8.28407 -79.2588 2.5
      vertex 8.25 -79 2.5
    endloop
  endfacet
  facet normal 0.382683 0.92388 -0
    outer loop
      vertex 8.99118 -79.9659 0
      vertex 8.75 -79.866 2.5
      vertex 8.99118 -79.9659 2.5
    endloop
  endfacet
  facet normal 0.382683 0.92388 0
    outer loop
      vertex 8.75 -79.866 2.5
      vertex 8.99118 -79.9659 0
      vertex 8.75 -79.866 0
    endloop
  endfacet
  facet normal -0.130623 -0.991432 0
    outer loop
      vertex 9.25 -78 0
      vertex 9.50882 -78.0341 2.5
      vertex 9.25 -78 2.5
    endloop
  endfacet
  facet normal -0.130623 -0.991432 -0
    outer loop
      vertex 9.50882 -78.0341 2.5
      vertex 9.25 -78 0
      vertex 9.50882 -78.0341 0
    endloop
  endfacet
  facet normal 0.608711 -0.793392 0
    outer loop
      vertex 8.54289 -78.2929 0
      vertex 8.75 -78.134 2.5
      vertex 8.54289 -78.2929 2.5
    endloop
  endfacet
  facet normal 0.608711 -0.793392 0
    outer loop
      vertex 8.75 -78.134 2.5
      vertex 8.54289 -78.2929 0
      vertex 8.75 -78.134 0
    endloop
  endfacet
  facet normal -0.793397 0.608705 0
    outer loop
      vertex 9.95711 -79.7071 0
      vertex 10.116 -79.5 2.5
      vertex 10.116 -79.5 0
    endloop
  endfacet
  facet normal -0.793397 0.608705 0
    outer loop
      vertex 10.116 -79.5 2.5
      vertex 9.95711 -79.7071 0
      vertex 9.95711 -79.7071 2.5
    endloop
  endfacet
  facet normal 0.608711 0.793392 -0
    outer loop
      vertex 8.75 -79.866 0
      vertex 8.54289 -79.7071 2.5
      vertex 8.75 -79.866 2.5
    endloop
  endfacet
  facet normal 0.608711 0.793392 0
    outer loop
      vertex 8.54289 -79.7071 2.5
      vertex 8.75 -79.866 0
      vertex 8.54289 -79.7071 0
    endloop
  endfacet
  facet normal 0.79336 0.608753 0
    outer loop
      vertex 8.54289 -79.7071 2.5
      vertex 8.38398 -79.5 0
      vertex 8.38398 -79.5 2.5
    endloop
  endfacet
  facet normal 0.79336 0.608753 0
    outer loop
      vertex 8.38398 -79.5 0
      vertex 8.54289 -79.7071 2.5
      vertex 8.54289 -79.7071 0
    endloop
  endfacet
  facet normal -0.793397 -0.608705 0
    outer loop
      vertex 10.116 -78.5 0
      vertex 9.95711 -78.2929 2.5
      vertex 9.95711 -78.2929 0
    endloop
  endfacet
  facet normal -0.793397 -0.608705 0
    outer loop
      vertex 9.95711 -78.2929 2.5
      vertex 10.116 -78.5 0
      vertex 10.116 -78.5 2.5
    endloop
  endfacet
  facet normal -0.923891 -0.382656 0
    outer loop
      vertex 10.2159 -78.7412 0
      vertex 10.116 -78.5 2.5
      vertex 10.116 -78.5 0
    endloop
  endfacet
  facet normal -0.923891 -0.382656 0
    outer loop
      vertex 10.116 -78.5 2.5
      vertex 10.2159 -78.7412 0
      vertex 10.2159 -78.7412 2.5
    endloop
  endfacet
  facet normal -0.382683 -0.92388 0
    outer loop
      vertex 9.50882 -78.0341 0
      vertex 9.75 -78.134 2.5
      vertex 9.50882 -78.0341 2.5
    endloop
  endfacet
  facet normal -0.382683 -0.92388 -0
    outer loop
      vertex 9.75 -78.134 2.5
      vertex 9.50882 -78.0341 0
      vertex 9.75 -78.134 0
    endloop
  endfacet
  facet normal -0.608711 -0.793392 0
    outer loop
      vertex 9.75 -78.134 0
      vertex 9.95711 -78.2929 2.5
      vertex 9.75 -78.134 2.5
    endloop
  endfacet
  facet normal -0.608711 -0.793392 -0
    outer loop
      vertex 9.95711 -78.2929 2.5
      vertex 9.75 -78.134 0
      vertex 9.95711 -78.2929 0
    endloop
  endfacet
  facet normal 0.130623 -0.991432 0
    outer loop
      vertex 8.99118 -78.0341 0
      vertex 9.25 -78 2.5
      vertex 8.99118 -78.0341 2.5
    endloop
  endfacet
  facet normal 0.130623 -0.991432 0
    outer loop
      vertex 9.25 -78 2.5
      vertex 8.99118 -78.0341 0
      vertex 9.25 -78 0
    endloop
  endfacet
  facet normal 0.923877 -0.382689 0
    outer loop
      vertex 8.28407 -78.7412 2.5
      vertex 8.38398 -78.5 0
      vertex 8.38398 -78.5 2.5
    endloop
  endfacet
  facet normal 0.923877 -0.382689 0
    outer loop
      vertex 8.38398 -78.5 0
      vertex 8.28407 -78.7412 2.5
      vertex 8.28407 -78.7412 0
    endloop
  endfacet
  facet normal 0.79336 -0.608753 0
    outer loop
      vertex 8.38398 -78.5 2.5
      vertex 8.54289 -78.2929 0
      vertex 8.54289 -78.2929 2.5
    endloop
  endfacet
  facet normal 0.79336 -0.608753 0
    outer loop
      vertex 8.54289 -78.2929 0
      vertex 8.38398 -78.5 2.5
      vertex 8.38398 -78.5 0
    endloop
  endfacet
  facet normal -0 0 -1
    outer loop
      vertex 8.38398 -34.5 0
      vertex 3 -46 0
      vertex 8.28407 -34.2588 0
    endloop
  endfacet
  facet normal 0 0 -1
    outer loop
      vertex 8.28407 -34.2588 0
      vertex 3.01406 -28 0
      vertex 3.03412 -27.9857 0
    endloop
  endfacet
  facet normal 0 0 -1
    outer loop
      vertex 3 -28 0
      vertex 8.28407 -34.2588 0
      vertex 3 -46 0
    endloop
  endfacet
  facet normal 0 0 -1
    outer loop
      vertex 8.28407 -34.2588 0
      vertex 3 -28 0
      vertex 3.01406 -28 0
    endloop
  endfacet
  facet normal 0 0 -1
    outer loop
      vertex 10.116 -18.5 0
      vertex 15.4659 0 0
      vertex 10.2159 -18.7412 0
    endloop
  endfacet
  facet normal 0 0 -1
    outer loop
      vertex 15.4659 0 0
      vertex 10.2159 -4.25882 0
      vertex 10.25 -4 0
    endloop
  endfacet
  facet normal 0 0 -1
    outer loop
      vertex 10.116 -4.5 0
      vertex 15.4659 0 0
      vertex 10.116 -18.5 0
    endloop
  endfacet
  facet normal 0 0 -1
    outer loop
      vertex 15.4659 0 0
      vertex 10.116 -4.5 0
      vertex 10.2159 -4.25882 0
    endloop
  endfacet
  facet normal 0 0 -1
    outer loop
      vertex 9.95711 -18.2929 0
      vertex 10.116 -4.5 0
      vertex 10.116 -18.5 0
    endloop
  endfacet
  facet normal 0 0 -1
    outer loop
      vertex 9.95711 -18.2929 0
      vertex 9.95711 -4.70711 0
      vertex 10.116 -4.5 0
    endloop
  endfacet
  facet normal 0 0 -1
    outer loop
      vertex 9.75 -18.134 0
      vertex 9.95711 -4.70711 0
      vertex 9.95711 -18.2929 0
    endloop
  endfacet
  facet normal 0 0 -1
    outer loop
      vertex 9.75 -18.134 0
      vertex 9.75 -4.86602 0
      vertex 9.95711 -4.70711 0
    endloop
  endfacet
  facet normal 0 0 -1
    outer loop
      vertex 9.50882 -18.0341 0
      vertex 9.75 -4.86602 0
      vertex 9.75 -18.134 0
    endloop
  endfacet
  facet normal 0 0 -1
    outer loop
      vertex 9.50882 -18.0341 0
      vertex 9.50882 -4.96593 0
      vertex 9.75 -4.86602 0
    endloop
  endfacet
  facet normal 0 0 -1
    outer loop
      vertex 9.25 -18 0
      vertex 9.50882 -4.96593 0
      vertex 9.50882 -18.0341 0
    endloop
  endfacet
  facet normal 0 0 -1
    outer loop
      vertex 9.25 -18 0
      vertex 9.25 -5 0
      vertex 9.50882 -4.96593 0
    endloop
  endfacet
  facet normal 0 0 -1
    outer loop
      vertex 8.99118 -18.0341 0
      vertex 9.25 -5 0
      vertex 9.25 -18 0
    endloop
  endfacet
  facet normal 0 0 -1
    outer loop
      vertex 8.99118 -18.0341 0
      vertex 8.99118 -4.96593 0
      vertex 9.25 -5 0
    endloop
  endfacet
  facet normal 0 0 -1
    outer loop
      vertex 8.75 -18.134 0
      vertex 8.99118 -4.96593 0
      vertex 8.99118 -18.0341 0
    endloop
  endfacet
  facet normal 0 0 -1
    outer loop
      vertex 8.75 -18.134 0
      vertex 8.75 -4.86602 0
      vertex 8.99118 -4.96593 0
    endloop
  endfacet
  facet normal 0 0 -1
    outer loop
      vertex 8.54289 -18.2929 0
      vertex 8.75 -4.86602 0
      vertex 8.75 -18.134 0
    endloop
  endfacet
  facet normal 0 0 -1
    outer loop
      vertex 8.54289 -18.2929 0
      vertex 8.54289 -4.70711 0
      vertex 8.75 -4.86602 0
    endloop
  endfacet
  facet normal 0 0 -1
    outer loop
      vertex 8.38398 -18.5 0
      vertex 8.54289 -4.70711 0
      vertex 8.54289 -18.2929 0
    endloop
  endfacet
  facet normal 0 0 -1
    outer loop
      vertex 8.38398 -18.5 0
      vertex 8.38398 -4.5 0
      vertex 8.54289 -4.70711 0
    endloop
  endfacet
  facet normal 0 0 -1
    outer loop
      vertex 3.03412 0 0
      vertex 8.38398 -18.5 0
      vertex 8.28407 -18.7412 0
    endloop
  endfacet
  facet normal 0 0 -1
    outer loop
      vertex 8.38398 -18.5 0
      vertex 3.03412 0 0
      vertex 8.38398 -4.5 0
    endloop
  endfacet
  facet normal 0 0 -1
    outer loop
      vertex 3.03412 -27.9857 0
      vertex 8.28407 -18.7412 0
      vertex 8.25 -19 0
    endloop
  endfacet
  facet normal 0 0 -1
    outer loop
      vertex 8.38398 -4.5 0
      vertex 3.03412 0 0
      vertex 8.28407 -4.25882 0
    endloop
  endfacet
  facet normal 0 0 -1
    outer loop
      vertex 10.116 -33.5 0
      vertex 15.4659 -27.9857 0
      vertex 10.2159 -33.7412 0
    endloop
  endfacet
  facet normal 0 0 -1
    outer loop
      vertex 15.4659 -27.9857 0
      vertex 10.2159 -19.2588 0
      vertex 10.25 -19 0
    endloop
  endfacet
  facet normal 0 0 -1
    outer loop
      vertex 9.95711 -33.2929 0
      vertex 15.4659 -27.9857 0
      vertex 10.116 -33.5 0
    endloop
  endfacet
  facet normal 0 0 -1
    outer loop
      vertex 15.4659 -27.9857 0
      vertex 10.116 -19.5 0
      vertex 10.2159 -19.2588 0
    endloop
  endfacet
  facet normal 0 0 -1
    outer loop
      vertex 9.75 -33.134 0
      vertex 15.4659 -27.9857 0
      vertex 9.95711 -33.2929 0
    endloop
  endfacet
  facet normal 0 0 -1
    outer loop
      vertex 15.4659 -27.9857 0
      vertex 9.95711 -19.7071 0
      vertex 10.116 -19.5 0
    endloop
  endfacet
  facet normal 0 0 -1
    outer loop
      vertex 9.50882 -33.0341 0
      vertex 15.4659 -27.9857 0
      vertex 9.75 -33.134 0
    endloop
  endfacet
  facet normal 0 0 -1
    outer loop
      vertex 15.4659 -27.9857 0
      vertex 9.75 -19.866 0
      vertex 9.95711 -19.7071 0
    endloop
  endfacet
  facet normal 0 0 -1
    outer loop
      vertex 9.25 -33 0
      vertex 15.4659 -27.9857 0
      vertex 9.50882 -33.0341 0
    endloop
  endfacet
  facet normal 0 0 -1
    outer loop
      vertex 15.4659 -27.9857 0
      vertex 9.50882 -19.9659 0
      vertex 9.75 -19.866 0
    endloop
  endfacet
  facet normal 0 0 -1
    outer loop
      vertex 3.03412 -27.9857 0
      vertex 15.4659 -27.9857 0
      vertex 9.25 -33 0
    endloop
  endfacet
  facet normal 0 0 -1
    outer loop
      vertex 15.4659 -27.9857 0
      vertex 9.25 -20 0
      vertex 9.50882 -19.9659 0
    endloop
  endfacet
  facet normal 0 0 -1
    outer loop
      vertex 3.03412 -27.9857 0
      vertex 9.25 -33 0
      vertex 8.99118 -33.0341 0
    endloop
  endfacet
  facet normal 0 0 -1
    outer loop
      vertex 15.4659 -27.9857 0
      vertex 3.03412 -27.9857 0
      vertex 9.25 -20 0
    endloop
  endfacet
  facet normal 0 0 -1
    outer loop
      vertex 3.03412 -27.9857 0
      vertex 8.99118 -33.0341 0
      vertex 8.75 -33.134 0
    endloop
  endfacet
  facet normal -0 0 -1
    outer loop
      vertex 9.25 -20 0
      vertex 3.03412 -27.9857 0
      vertex 8.99118 -19.9659 0
    endloop
  endfacet
  facet normal 0 0 -1
    outer loop
      vertex 3.03412 -27.9857 0
      vertex 8.75 -33.134 0
      vertex 8.54289 -33.2929 0
    endloop
  endfacet
  facet normal -0 0 -1
    outer loop
      vertex 8.99118 -19.9659 0
      vertex 3.03412 -27.9857 0
      vertex 8.75 -19.866 0
    endloop
  endfacet
  facet normal 0 0 -1
    outer loop
      vertex 3.03412 -27.9857 0
      vertex 8.54289 -33.2929 0
      vertex 8.38398 -33.5 0
    endloop
  endfacet
  facet normal -0 0 -1
    outer loop
      vertex 8.75 -19.866 0
      vertex 3.03412 -27.9857 0
      vertex 8.54289 -19.7071 0
    endloop
  endfacet
  facet normal 0 0 -1
    outer loop
      vertex 3.03412 -27.9857 0
      vertex 8.38398 -33.5 0
      vertex 8.28407 -33.7412 0
    endloop
  endfacet
  facet normal -0 0 -1
    outer loop
      vertex 8.54289 -19.7071 0
      vertex 3.03412 -27.9857 0
      vertex 8.38398 -19.5 0
    endloop
  endfacet
  facet normal 0 0 -1
    outer loop
      vertex 3.03412 -27.9857 0
      vertex 8.28407 -33.7412 0
      vertex 8.25 -34 0
    endloop
  endfacet
  facet normal -0 0 -1
    outer loop
      vertex 8.38398 -19.5 0
      vertex 3.03412 -27.9857 0
      vertex 8.28407 -19.2588 0
    endloop
  endfacet
  facet normal 0 0 -1
    outer loop
      vertex 10.116 -48.5 0
      vertex 15.4659 -46.0143 0
      vertex 10.2159 -48.7412 0
    endloop
  endfacet
  facet normal 0 0 -1
    outer loop
      vertex 15.4659 -46.0143 0
      vertex 10.2159 -34.2588 0
      vertex 10.25 -34 0
    endloop
  endfacet
  facet normal 0 0 -1
    outer loop
      vertex 9.95711 -48.2929 0
      vertex 15.4659 -46.0143 0
      vertex 10.116 -48.5 0
    endloop
  endfacet
  facet normal 0 0 -1
    outer loop
      vertex 15.4659 -46.0143 0
      vertex 10.116 -34.5 0
      vertex 10.2159 -34.2588 0
    endloop
  endfacet
  facet normal 0 0 -1
    outer loop
      vertex 9.75 -48.134 0
      vertex 15.4659 -46.0143 0
      vertex 9.95711 -48.2929 0
    endloop
  endfacet
  facet normal 0 0 -1
    outer loop
      vertex 15.4659 -46.0143 0
      vertex 9.95711 -34.7071 0
      vertex 10.116 -34.5 0
    endloop
  endfacet
  facet normal 0 0 -1
    outer loop
      vertex 9.50882 -48.0341 0
      vertex 15.4659 -46.0143 0
      vertex 9.75 -48.134 0
    endloop
  endfacet
  facet normal 0 0 -1
    outer loop
      vertex 15.4659 -46.0143 0
      vertex 9.75 -34.866 0
      vertex 9.95711 -34.7071 0
    endloop
  endfacet
  facet normal 0 0 -1
    outer loop
      vertex 9.50882 -34.9659 0
      vertex 15.4659 -46.0143 0
      vertex 9.50882 -48.0341 0
    endloop
  endfacet
  facet normal 0 0 -1
    outer loop
      vertex 15.4659 -46.0143 0
      vertex 9.50882 -34.9659 0
      vertex 9.75 -34.866 0
    endloop
  endfacet
  facet normal 0 0 -1
    outer loop
      vertex 9.25 -48 0
      vertex 9.50882 -34.9659 0
      vertex 9.50882 -48.0341 0
    endloop
  endfacet
  facet normal 0 0 -1
    outer loop
      vertex 9.25 -48 0
      vertex 9.25 -35 0
      vertex 9.50882 -34.9659 0
    endloop
  endfacet
  facet normal 0 0 -1
    outer loop
      vertex 8.99118 -48.0341 0
      vertex 9.25 -35 0
      vertex 9.25 -48 0
    endloop
  endfacet
  facet normal 0 0 -1
    outer loop
      vertex 8.99118 -48.0341 0
      vertex 8.99118 -34.9659 0
      vertex 9.25 -35 0
    endloop
  endfacet
  facet normal 0 0 -1
    outer loop
      vertex 3.03412 -46.0143 0
      vertex 8.99118 -48.0341 0
      vertex 8.75 -48.134 0
    endloop
  endfacet
  facet normal 0 0 -1
    outer loop
      vertex 8.99118 -48.0341 0
      vertex 3.03412 -46.0143 0
      vertex 8.99118 -34.9659 0
    endloop
  endfacet
  facet normal 0 0 -1
    outer loop
      vertex 3.03412 -46.0143 0
      vertex 8.75 -48.134 0
      vertex 8.54289 -48.2929 0
    endloop
  endfacet
  facet normal 0 0 -1
    outer loop
      vertex 3.01406 -46 0
      vertex 8.99118 -34.9659 0
      vertex 3.03412 -46.0143 0
    endloop
  endfacet
  facet normal 0 0 -1
    outer loop
      vertex 3.03412 -46.0143 0
      vertex 8.54289 -48.2929 0
      vertex 8.38398 -48.5 0
    endloop
  endfacet
  facet normal -0 0 -1
    outer loop
      vertex 8.99118 -34.9659 0
      vertex 3.01406 -46 0
      vertex 8.75 -34.866 0
    endloop
  endfacet
  facet normal 0 0 -1
    outer loop
      vertex 3.03412 -46.0143 0
      vertex 8.38398 -48.5 0
      vertex 8.28407 -48.7412 0
    endloop
  endfacet
  facet normal -0 0 -1
    outer loop
      vertex 8.75 -34.866 0
      vertex 3.01406 -46 0
      vertex 8.54289 -34.7071 0
    endloop
  endfacet
  facet normal 0 0 -1
    outer loop
      vertex 3.03412 -46.0143 0
      vertex 8.28407 -48.7412 0
      vertex 8.25 -49 0
    endloop
  endfacet
  facet normal 0 0 -1
    outer loop
      vertex 3 -46 0
      vertex 8.54289 -34.7071 0
      vertex 3.01406 -46 0
    endloop
  endfacet
  facet normal 0 0 -1
    outer loop
      vertex 10.116 -63.5 0
      vertex 15.4659 -46.0143 0
      vertex 10.2159 -63.7412 0
    endloop
  endfacet
  facet normal 0 0 -1
    outer loop
      vertex 15.4659 -46.0143 0
      vertex 10.2159 -49.2588 0
      vertex 10.25 -49 0
    endloop
  endfacet
  facet normal 0 0 -1
    outer loop
      vertex 9.95711 -63.2929 0
      vertex 15.4659 -46.0143 0
      vertex 10.116 -63.5 0
    endloop
  endfacet
  facet normal 0 0 -1
    outer loop
      vertex 15.4659 -46.0143 0
      vertex 10.116 -49.5 0
      vertex 10.2159 -49.2588 0
    endloop
  endfacet
  facet normal 0 0 -1
    outer loop
      vertex 9.95711 -49.7071 0
      vertex 15.4659 -46.0143 0
      vertex 9.95711 -63.2929 0
    endloop
  endfacet
  facet normal 0 0 -1
    outer loop
      vertex 15.4659 -46.0143 0
      vertex 9.95711 -49.7071 0
      vertex 10.116 -49.5 0
    endloop
  endfacet
  facet normal 0 0 -1
    outer loop
      vertex 9.75 -63.134 0
      vertex 9.95711 -49.7071 0
      vertex 9.95711 -63.2929 0
    endloop
  endfacet
  facet normal 0 0 -1
    outer loop
      vertex 9.75 -63.134 0
      vertex 9.75 -49.866 0
      vertex 9.95711 -49.7071 0
    endloop
  endfacet
  facet normal 0 0 -1
    outer loop
      vertex 9.50882 -63.0341 0
      vertex 9.75 -49.866 0
      vertex 9.75 -63.134 0
    endloop
  endfacet
  facet normal 0 0 -1
    outer loop
      vertex 9.50882 -63.0341 0
      vertex 9.50882 -49.9659 0
      vertex 9.75 -49.866 0
    endloop
  endfacet
  facet normal 0 0 -1
    outer loop
      vertex 9.25 -63 0
      vertex 9.50882 -49.9659 0
      vertex 9.50882 -63.0341 0
    endloop
  endfacet
  facet normal 0 0 -1
    outer loop
      vertex 9.25 -63 0
      vertex 9.25 -50 0
      vertex 9.50882 -49.9659 0
    endloop
  endfacet
  facet normal 0 0 -1
    outer loop
      vertex 8.99118 -63.0341 0
      vertex 9.25 -50 0
      vertex 9.25 -63 0
    endloop
  endfacet
  facet normal 0 0 -1
    outer loop
      vertex 8.99118 -63.0341 0
      vertex 8.99118 -49.9659 0
      vertex 9.25 -50 0
    endloop
  endfacet
  facet normal 0 0 -1
    outer loop
      vertex 8.75 -63.134 0
      vertex 8.99118 -49.9659 0
      vertex 8.99118 -63.0341 0
    endloop
  endfacet
  facet normal 0 0 -1
    outer loop
      vertex 8.75 -63.134 0
      vertex 8.75 -49.866 0
      vertex 8.99118 -49.9659 0
    endloop
  endfacet
  facet normal 0 0 -1
    outer loop
      vertex 8.54289 -63.2929 0
      vertex 8.75 -49.866 0
      vertex 8.75 -63.134 0
    endloop
  endfacet
  facet normal 0 0 -1
    outer loop
      vertex 8.54289 -63.2929 0
      vertex 8.54289 -49.7071 0
      vertex 8.75 -49.866 0
    endloop
  endfacet
  facet normal 0 0 -1
    outer loop
      vertex 3.03412 -46.0143 0
      vertex 8.54289 -63.2929 0
      vertex 8.38398 -63.5 0
    endloop
  endfacet
  facet normal 0 0 -1
    outer loop
      vertex 8.54289 -63.2929 0
      vertex 3.03412 -46.0143 0
      vertex 8.54289 -49.7071 0
    endloop
  endfacet
  facet normal 0 0 -1
    outer loop
      vertex 3.03412 -46.0143 0
      vertex 8.38398 -63.5 0
      vertex 8.28407 -63.7412 0
    endloop
  endfacet
  facet normal 0 0 -1
    outer loop
      vertex 8.54289 -49.7071 0
      vertex 3.03412 -46.0143 0
      vertex 8.38398 -49.5 0
    endloop
  endfacet
  facet normal 0 0 -1
    outer loop
      vertex 3.03412 -46.0143 0
      vertex 8.28407 -63.7412 0
      vertex 8.25 -64 0
    endloop
  endfacet
  facet normal 0 0 -1
    outer loop
      vertex 8.38398 -49.5 0
      vertex 3.03412 -46.0143 0
      vertex 8.28407 -49.2588 0
    endloop
  endfacet
  facet normal 0 0 -1
    outer loop
      vertex 10.116 -78.5 0
      vertex 15.4659 -83 0
      vertex 10.2159 -78.7412 0
    endloop
  endfacet
  facet normal 0 0 -1
    outer loop
      vertex 15.4659 -83 0
      vertex 10.2159 -64.2588 0
      vertex 10.25 -64 0
    endloop
  endfacet
  facet normal 0 0 -1
    outer loop
      vertex 10.116 -64.5 0
      vertex 15.4659 -83 0
      vertex 10.116 -78.5 0
    endloop
  endfacet
  facet normal 0 0 -1
    outer loop
      vertex 15.4659 -83 0
      vertex 10.116 -64.5 0
      vertex 10.2159 -64.2588 0
    endloop
  endfacet
  facet normal 0 0 -1
    outer loop
      vertex 9.95711 -78.2929 0
      vertex 10.116 -64.5 0
      vertex 10.116 -78.5 0
    endloop
  endfacet
  facet normal 0 0 -1
    outer loop
      vertex 9.95711 -78.2929 0
      vertex 9.95711 -64.7071 0
      vertex 10.116 -64.5 0
    endloop
  endfacet
  facet normal 0 0 -1
    outer loop
      vertex 9.75 -78.134 0
      vertex 9.95711 -64.7071 0
      vertex 9.95711 -78.2929 0
    endloop
  endfacet
  facet normal 0 0 -1
    outer loop
      vertex 9.75 -78.134 0
      vertex 9.75 -64.866 0
      vertex 9.95711 -64.7071 0
    endloop
  endfacet
  facet normal 0 0 -1
    outer loop
      vertex 9.50882 -78.0341 0
      vertex 9.75 -64.866 0
      vertex 9.75 -78.134 0
    endloop
  endfacet
  facet normal 0 0 -1
    outer loop
      vertex 9.50882 -78.0341 0
      vertex 9.50882 -64.9659 0
      vertex 9.75 -64.866 0
    endloop
  endfacet
  facet normal 0 0 -1
    outer loop
      vertex 9.25 -78 0
      vertex 9.50882 -64.9659 0
      vertex 9.50882 -78.0341 0
    endloop
  endfacet
  facet normal 0 0 -1
    outer loop
      vertex 9.25 -78 0
      vertex 9.25 -65 0
      vertex 9.50882 -64.9659 0
    endloop
  endfacet
  facet normal 0 0 -1
    outer loop
      vertex 8.99118 -78.0341 0
      vertex 9.25 -65 0
      vertex 9.25 -78 0
    endloop
  endfacet
  facet normal 0 0 -1
    outer loop
      vertex 8.99118 -78.0341 0
      vertex 8.99118 -64.9659 0
      vertex 9.25 -65 0
    endloop
  endfacet
  facet normal 0 0 -1
    outer loop
      vertex 8.75 -78.134 0
      vertex 8.99118 -64.9659 0
      vertex 8.99118 -78.0341 0
    endloop
  endfacet
  facet normal 0 0 -1
    outer loop
      vertex 8.75 -78.134 0
      vertex 8.75 -64.866 0
      vertex 8.99118 -64.9659 0
    endloop
  endfacet
  facet normal 0 0 -1
    outer loop
      vertex 8.54289 -78.2929 0
      vertex 8.75 -64.866 0
      vertex 8.75 -78.134 0
    endloop
  endfacet
  facet normal 0 0 -1
    outer loop
      vertex 8.54289 -78.2929 0
      vertex 8.54289 -64.7071 0
      vertex 8.75 -64.866 0
    endloop
  endfacet
  facet normal 0 0 -1
    outer loop
      vertex 8.38398 -78.5 0
      vertex 8.54289 -64.7071 0
      vertex 8.54289 -78.2929 0
    endloop
  endfacet
  facet normal 0 0 -1
    outer loop
      vertex 8.38398 -78.5 0
      vertex 8.38398 -64.5 0
      vertex 8.54289 -64.7071 0
    endloop
  endfacet
  facet normal 0 0 -1
    outer loop
      vertex 3.03412 -83 0
      vertex 8.38398 -78.5 0
      vertex 8.28407 -78.7412 0
    endloop
  endfacet
  facet normal -0 0 -1
    outer loop
      vertex 8.38398 -78.5 0
      vertex 3.03412 -83 0
      vertex 8.38398 -64.5 0
    endloop
  endfacet
  facet normal 0 0 -1
    outer loop
      vertex 3.03412 -83 0
      vertex 8.28407 -78.7412 0
      vertex 8.25 -79 0
    endloop
  endfacet
  facet normal -0 0 -1
    outer loop
      vertex 8.38398 -64.5 0
      vertex 3.03412 -83 0
      vertex 8.28407 -64.2588 0
    endloop
  endfacet
  facet normal 0 0 -1
    outer loop
      vertex 10.25 -64 0
      vertex 15.4659 -46.0143 0
      vertex 15.4659 -83 0
    endloop
  endfacet
  facet normal 0 0 -1
    outer loop
      vertex 10.2159 -48.7412 0
      vertex 15.4659 -46.0143 0
      vertex 10.25 -49 0
    endloop
  endfacet
  facet normal 0 0 -1
    outer loop
      vertex 10.2159 -78.7412 0
      vertex 15.4659 -83 0
      vertex 10.25 -79 0
    endloop
  endfacet
  facet normal 0 0 -1
    outer loop
      vertex 15.4659 -83 0
      vertex 10.2159 -79.2588 0
      vertex 10.25 -79 0
    endloop
  endfacet
  facet normal 0 0 -1
    outer loop
      vertex 15.4659 -83 0
      vertex 10.116 -79.5 0
      vertex 10.2159 -79.2588 0
    endloop
  endfacet
  facet normal 0 0 -1
    outer loop
      vertex 15.4659 -83 0
      vertex 9.95711 -79.7071 0
      vertex 10.116 -79.5 0
    endloop
  endfacet
  facet normal 0 0 -1
    outer loop
      vertex 15.4659 -83 0
      vertex 9.75 -79.866 0
      vertex 9.95711 -79.7071 0
    endloop
  endfacet
  facet normal 0 0 -1
    outer loop
      vertex 15.4659 -83 0
      vertex 9.50882 -79.9659 0
      vertex 9.75 -79.866 0
    endloop
  endfacet
  facet normal 0 0 -1
    outer loop
      vertex 15.4659 -83 0
      vertex 9.25 -80 0
      vertex 9.50882 -79.9659 0
    endloop
  endfacet
  facet normal 0 0 -1
    outer loop
      vertex 3.03412 -83 0
      vertex 9.25 -80 0
      vertex 15.4659 -83 0
    endloop
  endfacet
  facet normal -0 0 -1
    outer loop
      vertex 9.25 -80 0
      vertex 3.03412 -83 0
      vertex 8.99118 -79.9659 0
    endloop
  endfacet
  facet normal -0 0 -1
    outer loop
      vertex 8.28407 -64.2588 0
      vertex 3.03412 -83 0
      vertex 8.25 -64 0
    endloop
  endfacet
  facet normal 0 0 -1
    outer loop
      vertex 8.28407 -49.2588 0
      vertex 3.03412 -46.0143 0
      vertex 8.25 -49 0
    endloop
  endfacet
  facet normal -0 0 -1
    outer loop
      vertex 8.54289 -34.7071 0
      vertex 3 -46 0
      vertex 8.38398 -34.5 0
    endloop
  endfacet
  facet normal 0 0 -1
    outer loop
      vertex 8.28407 -34.2588 0
      vertex 3.03412 -27.9857 0
      vertex 8.25 -34 0
    endloop
  endfacet
  facet normal -0 0 -1
    outer loop
      vertex 8.25 -64 0
      vertex 3.03412 -83 0
      vertex 3.03412 -46.0143 0
    endloop
  endfacet
  facet normal -0 0 -1
    outer loop
      vertex 8.28407 -79.2588 0
      vertex 3.03412 -83 0
      vertex 8.25 -79 0
    endloop
  endfacet
  facet normal -0 0 -1
    outer loop
      vertex 8.38398 -79.5 0
      vertex 3.03412 -83 0
      vertex 8.28407 -79.2588 0
    endloop
  endfacet
  facet normal -0 0 -1
    outer loop
      vertex 8.54289 -79.7071 0
      vertex 3.03412 -83 0
      vertex 8.38398 -79.5 0
    endloop
  endfacet
  facet normal -0 0 -1
    outer loop
      vertex 8.75 -79.866 0
      vertex 3.03412 -83 0
      vertex 8.54289 -79.7071 0
    endloop
  endfacet
  facet normal -0 0 -1
    outer loop
      vertex 8.99118 -79.9659 0
      vertex 3.03412 -83 0
      vertex 8.75 -79.866 0
    endloop
  endfacet
  facet normal 0 0 -1
    outer loop
      vertex 15.5 -46 0
      vertex 15.4859 -28 0
      vertex 15.5 -28 0
    endloop
  endfacet
  facet normal 0 0 -1
    outer loop
      vertex 15.4859 -46 0
      vertex 15.4859 -28 0
      vertex 15.5 -46 0
    endloop
  endfacet
  facet normal 0 0 -1
    outer loop
      vertex 15.4659 -46.0143 0
      vertex 15.4859 -28 0
      vertex 15.4859 -46 0
    endloop
  endfacet
  facet normal -0 0 -1
    outer loop
      vertex 15.4859 -28 0
      vertex 15.4659 -46.0143 0
      vertex 15.4659 -27.9857 0
    endloop
  endfacet
  facet normal 0 0 -1
    outer loop
      vertex 10.2159 -63.7412 0
      vertex 15.4659 -46.0143 0
      vertex 10.25 -64 0
    endloop
  endfacet
  facet normal 0 0 -1
    outer loop
      vertex 15.4659 -46.0143 0
      vertex 10.25 -34 0
      vertex 15.4659 -27.9857 0
    endloop
  endfacet
  facet normal 0 0 -1
    outer loop
      vertex 10.2159 -33.7412 0
      vertex 15.4659 -27.9857 0
      vertex 10.25 -34 0
    endloop
  endfacet
  facet normal 0 0 -1
    outer loop
      vertex 10.2159 -18.7412 0
      vertex 15.4659 -27.9857 0
      vertex 10.25 -19 0
    endloop
  endfacet
  facet normal 0 0 -1
    outer loop
      vertex 15.4659 -27.9857 0
      vertex 10.2159 -18.7412 0
      vertex 15.4659 0 0
    endloop
  endfacet
  facet normal 0 0 -1
    outer loop
      vertex 10.2159 -3.74118 0
      vertex 15.4659 0 0
      vertex 10.25 -4 0
    endloop
  endfacet
  facet normal 0 0 -1
    outer loop
      vertex 10.116 -3.5 0
      vertex 15.4659 0 0
      vertex 10.2159 -3.74118 0
    endloop
  endfacet
  facet normal 0 0 -1
    outer loop
      vertex 9.95711 -3.29289 0
      vertex 15.4659 0 0
      vertex 10.116 -3.5 0
    endloop
  endfacet
  facet normal 0 0 -1
    outer loop
      vertex 9.75 -3.13397 0
      vertex 15.4659 0 0
      vertex 9.95711 -3.29289 0
    endloop
  endfacet
  facet normal 0 0 -1
    outer loop
      vertex 9.50882 -3.03407 0
      vertex 15.4659 0 0
      vertex 9.75 -3.13397 0
    endloop
  endfacet
  facet normal 0 0 -1
    outer loop
      vertex 9.25 -3 0
      vertex 15.4659 0 0
      vertex 9.50882 -3.03407 0
    endloop
  endfacet
  facet normal 0 0 -1
    outer loop
      vertex 3.03412 0 0
      vertex 9.25 -3 0
      vertex 8.99118 -3.03407 0
    endloop
  endfacet
  facet normal 0 0 -1
    outer loop
      vertex 3.03412 0 0
      vertex 8.99118 -3.03407 0
      vertex 8.75 -3.13397 0
    endloop
  endfacet
  facet normal -0 0 -1
    outer loop
      vertex 8.28407 -19.2588 0
      vertex 3.03412 -27.9857 0
      vertex 8.25 -19 0
    endloop
  endfacet
  facet normal -0 0 -1
    outer loop
      vertex 8.28407 -18.7412 0
      vertex 3.03412 -27.9857 0
      vertex 3.03412 0 0
    endloop
  endfacet
  facet normal 0 0 -1
    outer loop
      vertex 8.28407 -4.25882 0
      vertex 3.03412 0 0
      vertex 8.25 -4 0
    endloop
  endfacet
  facet normal 0 0 -1
    outer loop
      vertex 9.25 -3 0
      vertex 3.03412 0 0
      vertex 15.4659 0 0
    endloop
  endfacet
  facet normal 0 0 -1
    outer loop
      vertex 8.54289 -3.29289 0
      vertex 3.03412 0 0
      vertex 8.75 -3.13397 0
    endloop
  endfacet
  facet normal 0 0 -1
    outer loop
      vertex 8.38398 -3.5 0
      vertex 3.03412 0 0
      vertex 8.54289 -3.29289 0
    endloop
  endfacet
  facet normal 0 0 -1
    outer loop
      vertex 8.28407 -3.74118 0
      vertex 3.03412 0 0
      vertex 8.38398 -3.5 0
    endloop
  endfacet
  facet normal 0 0 -1
    outer loop
      vertex 8.25 -4 0
      vertex 3.03412 0 0
      vertex 8.28407 -3.74118 0
    endloop
  endfacet
endsolid OpenSCAD_Model
